ISO-10303-21;
HEADER;
FILE_DESCRIPTION(('FreeCAD Model'),'2;1');
FILE_NAME('Open CASCADE Shape Model','2025-07-23T12:59:46',(''),(''),
  'Open CASCADE STEP processor 7.8','FreeCAD','Unknown');
FILE_SCHEMA(('AUTOMOTIVE_DESIGN { 1 0 10303 214 1 1 1 1 }'));
ENDSEC;
DATA;
#1 = APPLICATION_PROTOCOL_DEFINITION('international standard',
  'automotive_design',2000,#2);
#2 = APPLICATION_CONTEXT(
  'core data for automotive mechanical design processes');
#3 = SHAPE_DEFINITION_REPRESENTATION(#4,#10);
#4 = PRODUCT_DEFINITION_SHAPE('','',#5);
#5 = PRODUCT_DEFINITION('design','',#6,#9);
#6 = PRODUCT_DEFINITION_FORMATION('','',#7);
#7 = PRODUCT('Body','Body','',(#8));
#8 = PRODUCT_CONTEXT('',#2,'mechanical');
#9 = PRODUCT_DEFINITION_CONTEXT('part definition',#2,'design');
#10 = ADVANCED_BREP_SHAPE_REPRESENTATION('',(#11,#15),#12377);
#11 = AXIS2_PLACEMENT_3D('',#12,#13,#14);
#12 = CARTESIAN_POINT('',(0.,0.,0.));
#13 = DIRECTION('',(0.,0.,1.));
#14 = DIRECTION('',(1.,0.,-0.));
#15 = MANIFOLD_SOLID_BREP('',#16);
#16 = CLOSED_SHELL('',(#17,#249,#325,#488,#535,#582,#589,#641,#847,#948,
    #1068,#1187,#1374,#1649,#1791,#1915,#1994,#2128,#2187,#2304,#2416,
    #2494,#2566,#2642,#2773,#2920,#3012,#3088,#3362,#3449,#3496,#3576,
    #3626,#3693,#3700,#3795,#3844,#3898,#3937,#4643,#4722,#4798,#4806,
    #4813,#4953,#5069,#5101,#5400,#5460,#5545,#5636,#5642,#5711,#5760,
    #5862,#5949,#5981,#5988,#6683,#6905,#6981,#7144,#7191,#7238,#7245,
    #7297,#7409,#7469,#7523,#7764,#7829,#7878,#8043,#8093,#8148,#8367,
    #8474,#8513,#8584,#9290,#9376,#9456,#9484,#9491,#9540,#9639,#9666,
    #9745,#9772,#9828,#9947,#10098,#10155,#10211,#10287,#10421,#10471,
    #10517,#10657,#10773,#10805,#10939,#11316,#11372,#11457,#11539,
    #11608,#11637,#11643,#11706,#11755,#11852,#11934,#11961,#11967,
    #11974,#12047,#12130,#12177,#12224,#12279,#12288,#12335,#12342,
    #12349,#12356,#12363,#12370));
#17 = ADVANCED_FACE('',(#18),#32,.T.);
#18 = FACE_BOUND('',#19,.T.);
#19 = EDGE_LOOP('',(#20,#55,#83,#111,#139,#167,#195,#223));
#20 = ORIENTED_EDGE('',*,*,#21,.T.);
#21 = EDGE_CURVE('',#22,#24,#26,.T.);
#22 = VERTEX_POINT('',#23);
#23 = CARTESIAN_POINT('',(18.5,-22.5,4.776315789474));
#24 = VERTEX_POINT('',#25);
#25 = CARTESIAN_POINT('',(18.5,-22.5,2.5));
#26 = SURFACE_CURVE('',#27,(#31,#43),.PCURVE_S1.);
#27 = LINE('',#28,#29);
#28 = CARTESIAN_POINT('',(18.5,-22.5,5.776315789474));
#29 = VECTOR('',#30,1.);
#30 = DIRECTION('',(0.,2.2E-16,-1.));
#31 = PCURVE('',#32,#37);
#32 = PLANE('',#33);
#33 = AXIS2_PLACEMENT_3D('',#34,#35,#36);
#34 = CARTESIAN_POINT('',(18.5,-10.51113748844,7.879550444517));
#35 = DIRECTION('',(1.,0.,0.));
#36 = DIRECTION('',(0.,-1.,-2.2E-16));
#37 = DEFINITIONAL_REPRESENTATION('',(#38),#42);
#38 = LINE('',#39,#40);
#39 = CARTESIAN_POINT('',(11.988862511559,2.103234655043));
#40 = VECTOR('',#41,1.);
#41 = DIRECTION('',(0.,1.));
#42 = ( GEOMETRIC_REPRESENTATION_CONTEXT(2) 
PARAMETRIC_REPRESENTATION_CONTEXT() REPRESENTATION_CONTEXT('2D SPACE',''
  ) );
#43 = PCURVE('',#44,#49);
#44 = PLANE('',#45);
#45 = AXIS2_PLACEMENT_3D('',#46,#47,#48);
#46 = CARTESIAN_POINT('',(18.5,-22.5,5.776315789474));
#47 = DIRECTION('',(0.,1.,0.));
#48 = DIRECTION('',(-2.2E-16,0.,-1.));
#49 = DEFINITIONAL_REPRESENTATION('',(#50),#54);
#50 = LINE('',#51,#52);
#51 = CARTESIAN_POINT('',(5.329070518201E-15,-1.172395514004E-30));
#52 = VECTOR('',#53,1.);
#53 = DIRECTION('',(1.,-2.2E-16));
#54 = ( GEOMETRIC_REPRESENTATION_CONTEXT(2) 
PARAMETRIC_REPRESENTATION_CONTEXT() REPRESENTATION_CONTEXT('2D SPACE',''
  ) );
#55 = ORIENTED_EDGE('',*,*,#56,.T.);
#56 = EDGE_CURVE('',#24,#57,#59,.T.);
#57 = VERTEX_POINT('',#58);
#58 = CARTESIAN_POINT('',(18.5,2.E-15,2.5));
#59 = SURFACE_CURVE('',#60,(#64,#71),.PCURVE_S1.);
#60 = LINE('',#61,#62);
#61 = CARTESIAN_POINT('',(18.5,-6.,2.5));
#62 = VECTOR('',#63,1.);
#63 = DIRECTION('',(0.,1.,-2.2E-16));
#64 = PCURVE('',#32,#65);
#65 = DEFINITIONAL_REPRESENTATION('',(#66),#70);
#66 = LINE('',#67,#68);
#67 = CARTESIAN_POINT('',(-4.511137488441,5.379550444517));
#68 = VECTOR('',#69,1.);
#69 = DIRECTION('',(-1.,4.4E-16));
#70 = ( GEOMETRIC_REPRESENTATION_CONTEXT(2) 
PARAMETRIC_REPRESENTATION_CONTEXT() REPRESENTATION_CONTEXT('2D SPACE',''
  ) );
#71 = PCURVE('',#72,#77);
#72 = PLANE('',#73);
#73 = AXIS2_PLACEMENT_3D('',#74,#75,#76);
#74 = CARTESIAN_POINT('',(30.,-12.78301886792,2.5));
#75 = DIRECTION('',(0.,2.4E-16,1.));
#76 = DIRECTION('',(0.,-1.,2.4E-16));
#77 = DEFINITIONAL_REPRESENTATION('',(#78),#82);
#78 = LINE('',#79,#80);
#79 = CARTESIAN_POINT('',(-6.783018867925,-11.5));
#80 = VECTOR('',#81,1.);
#81 = DIRECTION('',(-1.,0.));
#82 = ( GEOMETRIC_REPRESENTATION_CONTEXT(2) 
PARAMETRIC_REPRESENTATION_CONTEXT() REPRESENTATION_CONTEXT('2D SPACE',''
  ) );
#83 = ORIENTED_EDGE('',*,*,#84,.F.);
#84 = EDGE_CURVE('',#85,#57,#87,.T.);
#85 = VERTEX_POINT('',#86);
#86 = CARTESIAN_POINT('',(18.5,-1.E-15,15.));
#87 = SURFACE_CURVE('',#88,(#92,#99),.PCURVE_S1.);
#88 = LINE('',#89,#90);
#89 = CARTESIAN_POINT('',(18.5,-6.7E-16,15.));
#90 = VECTOR('',#91,1.);
#91 = DIRECTION('',(0.,2.2E-16,-1.));
#92 = PCURVE('',#32,#93);
#93 = DEFINITIONAL_REPRESENTATION('',(#94),#98);
#94 = LINE('',#95,#96);
#95 = CARTESIAN_POINT('',(-10.51113748844,-7.120449555483));
#96 = VECTOR('',#97,1.);
#97 = DIRECTION('',(0.,1.));
#98 = ( GEOMETRIC_REPRESENTATION_CONTEXT(2) 
PARAMETRIC_REPRESENTATION_CONTEXT() REPRESENTATION_CONTEXT('2D SPACE',''
  ) );
#99 = PCURVE('',#100,#105);
#100 = PLANE('',#101);
#101 = AXIS2_PLACEMENT_3D('',#102,#103,#104);
#102 = CARTESIAN_POINT('',(-1.92E-15,4.87E-15,8.153283569923));
#103 = DIRECTION('',(-0.,1.,2.2E-16));
#104 = DIRECTION('',(-1.,-0.,0.));
#105 = DEFINITIONAL_REPRESENTATION('',(#106),#110);
#106 = LINE('',#107,#108);
#107 = CARTESIAN_POINT('',(-18.5,6.846716430077));
#108 = VECTOR('',#109,1.);
#109 = DIRECTION('',(-0.,-1.));
#110 = ( GEOMETRIC_REPRESENTATION_CONTEXT(2) 
PARAMETRIC_REPRESENTATION_CONTEXT() REPRESENTATION_CONTEXT('2D SPACE',''
  ) );
#111 = ORIENTED_EDGE('',*,*,#112,.F.);
#112 = EDGE_CURVE('',#113,#85,#115,.T.);
#113 = VERTEX_POINT('',#114);
#114 = CARTESIAN_POINT('',(18.5,-4.,15.));
#115 = SURFACE_CURVE('',#116,(#120,#127),.PCURVE_S1.);
#116 = LINE('',#117,#118);
#117 = CARTESIAN_POINT('',(18.5,-6.,15.));
#118 = VECTOR('',#119,1.);
#119 = DIRECTION('',(0.,1.,-2.2E-16));
#120 = PCURVE('',#32,#121);
#121 = DEFINITIONAL_REPRESENTATION('',(#122),#126);
#122 = LINE('',#123,#124);
#123 = CARTESIAN_POINT('',(-4.511137488441,-7.120449555483));
#124 = VECTOR('',#125,1.);
#125 = DIRECTION('',(-1.,4.4E-16));
#126 = ( GEOMETRIC_REPRESENTATION_CONTEXT(2) 
PARAMETRIC_REPRESENTATION_CONTEXT() REPRESENTATION_CONTEXT('2D SPACE',''
  ) );
#127 = PCURVE('',#128,#133);
#128 = PLANE('',#129);
#129 = AXIS2_PLACEMENT_3D('',#130,#131,#132);
#130 = CARTESIAN_POINT('',(41.5,-6.,15.));
#131 = DIRECTION('',(0.,2.2E-16,1.));
#132 = DIRECTION('',(-1.,0.,0.));
#133 = DEFINITIONAL_REPRESENTATION('',(#134),#138);
#134 = LINE('',#135,#136);
#135 = CARTESIAN_POINT('',(23.,0.));
#136 = VECTOR('',#137,1.);
#137 = DIRECTION('',(0.,-1.));
#138 = ( GEOMETRIC_REPRESENTATION_CONTEXT(2) 
PARAMETRIC_REPRESENTATION_CONTEXT() REPRESENTATION_CONTEXT('2D SPACE',''
  ) );
#139 = ORIENTED_EDGE('',*,*,#140,.T.);
#140 = EDGE_CURVE('',#113,#141,#143,.T.);
#141 = VERTEX_POINT('',#142);
#142 = CARTESIAN_POINT('',(18.5,-6.,17.));
#143 = SURFACE_CURVE('',#144,(#148,#155),.PCURVE_S1.);
#144 = LINE('',#145,#146);
#145 = CARTESIAN_POINT('',(18.5,-4.34767198324,15.34767198324));
#146 = VECTOR('',#147,1.);
#147 = DIRECTION('',(0.,-0.707106781187,0.707106781187));
#148 = PCURVE('',#32,#149);
#149 = DEFINITIONAL_REPRESENTATION('',(#150),#154);
#150 = LINE('',#151,#152);
#151 = CARTESIAN_POINT('',(-6.163465505202,-7.468121538722));
#152 = VECTOR('',#153,1.);
#153 = DIRECTION('',(0.707106781187,-0.707106781187));
#154 = ( GEOMETRIC_REPRESENTATION_CONTEXT(2) 
PARAMETRIC_REPRESENTATION_CONTEXT() REPRESENTATION_CONTEXT('2D SPACE',''
  ) );
#155 = PCURVE('',#156,#161);
#156 = PLANE('',#157);
#157 = AXIS2_PLACEMENT_3D('',#158,#159,#160);
#158 = CARTESIAN_POINT('',(41.5,-5.,16.));
#159 = DIRECTION('',(0.,0.707106781187,0.707106781187));
#160 = DIRECTION('',(-1.,0.,0.));
#161 = DEFINITIONAL_REPRESENTATION('',(#162),#166);
#162 = LINE('',#163,#164);
#163 = CARTESIAN_POINT('',(23.,-0.922531128418));
#164 = VECTOR('',#165,1.);
#165 = DIRECTION('',(0.,1.));
#166 = ( GEOMETRIC_REPRESENTATION_CONTEXT(2) 
PARAMETRIC_REPRESENTATION_CONTEXT() REPRESENTATION_CONTEXT('2D SPACE',''
  ) );
#167 = ORIENTED_EDGE('',*,*,#168,.F.);
#168 = EDGE_CURVE('',#169,#141,#171,.T.);
#169 = VERTEX_POINT('',#170);
#170 = CARTESIAN_POINT('',(18.5,-6.,17.5));
#171 = SURFACE_CURVE('',#172,(#176,#183),.PCURVE_S1.);
#172 = LINE('',#173,#174);
#173 = CARTESIAN_POINT('',(18.5,-6.,8.75));
#174 = VECTOR('',#175,1.);
#175 = DIRECTION('',(0.,0.,-1.));
#176 = PCURVE('',#32,#177);
#177 = DEFINITIONAL_REPRESENTATION('',(#178),#182);
#178 = LINE('',#179,#180);
#179 = CARTESIAN_POINT('',(-4.511137488441,-0.870449555483));
#180 = VECTOR('',#181,1.);
#181 = DIRECTION('',(2.2E-16,1.));
#182 = ( GEOMETRIC_REPRESENTATION_CONTEXT(2) 
PARAMETRIC_REPRESENTATION_CONTEXT() REPRESENTATION_CONTEXT('2D SPACE',''
  ) );
#183 = PCURVE('',#184,#189);
#184 = PLANE('',#185);
#185 = AXIS2_PLACEMENT_3D('',#186,#187,#188);
#186 = CARTESIAN_POINT('',(23.6064365193,-6.,9.824937693295));
#187 = DIRECTION('',(0.,-1.,2.3E-16));
#188 = DIRECTION('',(0.,2.3E-16,1.));
#189 = DEFINITIONAL_REPRESENTATION('',(#190),#194);
#190 = LINE('',#191,#192);
#191 = CARTESIAN_POINT('',(-1.074937693295,5.1064365193));
#192 = VECTOR('',#193,1.);
#193 = DIRECTION('',(-1.,-0.));
#194 = ( GEOMETRIC_REPRESENTATION_CONTEXT(2) 
PARAMETRIC_REPRESENTATION_CONTEXT() REPRESENTATION_CONTEXT('2D SPACE',''
  ) );
#195 = ORIENTED_EDGE('',*,*,#196,.T.);
#196 = EDGE_CURVE('',#169,#197,#199,.T.);
#197 = VERTEX_POINT('',#198);
#198 = CARTESIAN_POINT('',(18.5,-23.31518040826,5.197108657285));
#199 = SURFACE_CURVE('',#200,(#204,#211),.PCURVE_S1.);
#200 = LINE('',#201,#202);
#201 = CARTESIAN_POINT('',(18.5,-16.21310834558,10.243317754456));
#202 = VECTOR('',#203,1.);
#203 = DIRECTION('',(0.,-0.815180408266,-0.579207132189));
#204 = PCURVE('',#32,#205);
#205 = DEFINITIONAL_REPRESENTATION('',(#206),#210);
#206 = LINE('',#207,#208);
#207 = CARTESIAN_POINT('',(5.701970857139,-2.363767309939));
#208 = VECTOR('',#209,1.);
#209 = DIRECTION('',(0.815180408266,0.579207132189));
#210 = ( GEOMETRIC_REPRESENTATION_CONTEXT(2) 
PARAMETRIC_REPRESENTATION_CONTEXT() REPRESENTATION_CONTEXT('2D SPACE',''
  ) );
#211 = PCURVE('',#212,#217);
#212 = PLANE('',#213);
#213 = AXIS2_PLACEMENT_3D('',#214,#215,#216);
#214 = CARTESIAN_POINT('',(-1.3E-15,-19.1109086905,8.184354351485));
#215 = DIRECTION('',(-1.4E-16,-0.579207132189,0.815180408266));
#216 = DIRECTION('',(0.,-0.815180408266,-0.579207132189));
#217 = DEFINITIONAL_REPRESENTATION('',(#218),#222);
#218 = LINE('',#219,#220);
#219 = CARTESIAN_POINT('',(-3.554796356164,18.5));
#220 = VECTOR('',#221,1.);
#221 = DIRECTION('',(1.,9.860761315263E-32));
#222 = ( GEOMETRIC_REPRESENTATION_CONTEXT(2) 
PARAMETRIC_REPRESENTATION_CONTEXT() REPRESENTATION_CONTEXT('2D SPACE',''
  ) );
#223 = ORIENTED_EDGE('',*,*,#224,.T.);
#224 = EDGE_CURVE('',#197,#22,#225,.T.);
#225 = SURFACE_CURVE('',#226,(#230,#237),.PCURVE_S1.);
#226 = LINE('',#227,#228);
#227 = CARTESIAN_POINT('',(18.5,-18.60299482905,2.764697299718));
#228 = VECTOR('',#229,1.);
#229 = DIRECTION('',(0.,0.888596402252,-0.458689910403));
#230 = PCURVE('',#32,#231);
#231 = DEFINITIONAL_REPRESENTATION('',(#232),#236);
#232 = LINE('',#233,#234);
#233 = CARTESIAN_POINT('',(8.091857340614,5.1148531448));
#234 = VECTOR('',#235,1.);
#235 = DIRECTION('',(-0.888596402252,0.458689910403));
#236 = ( GEOMETRIC_REPRESENTATION_CONTEXT(2) 
PARAMETRIC_REPRESENTATION_CONTEXT() REPRESENTATION_CONTEXT('2D SPACE',''
  ) );
#237 = PCURVE('',#238,#243);
#238 = PLANE('',#239);
#239 = AXIS2_PLACEMENT_3D('',#240,#241,#242);
#240 = CARTESIAN_POINT('',(18.5,-22.90759020413,4.986712223379));
#241 = DIRECTION('',(-2.52E-15,0.458689910403,0.888596402252));
#242 = DIRECTION('',(1.,1.250280484782E-15,2.190543368761E-15));
#243 = DEFINITIONAL_REPRESENTATION('',(#244),#248);
#244 = LINE('',#245,#246);
#245 = CARTESIAN_POINT('',(5.145315360286E-16,4.844263789691));
#246 = VECTOR('',#247,1.);
#247 = DIRECTION('',(1.062145990323E-16,1.));
#248 = ( GEOMETRIC_REPRESENTATION_CONTEXT(2) 
PARAMETRIC_REPRESENTATION_CONTEXT() REPRESENTATION_CONTEXT('2D SPACE',''
  ) );
#249 = ADVANCED_FACE('',(#250),#72,.T.);
#250 = FACE_BOUND('',#251,.T.);
#251 = EDGE_LOOP('',(#252,#253,#276,#304));
#252 = ORIENTED_EDGE('',*,*,#56,.F.);
#253 = ORIENTED_EDGE('',*,*,#254,.T.);
#254 = EDGE_CURVE('',#24,#255,#257,.T.);
#255 = VERTEX_POINT('',#256);
#256 = CARTESIAN_POINT('',(41.5,-22.5,2.5));
#257 = SURFACE_CURVE('',#258,(#262,#269),.PCURVE_S1.);
#258 = LINE('',#259,#260);
#259 = CARTESIAN_POINT('',(18.5,-22.5,2.5));
#260 = VECTOR('',#261,1.);
#261 = DIRECTION('',(1.,0.,-2.2E-16));
#262 = PCURVE('',#72,#263);
#263 = DEFINITIONAL_REPRESENTATION('',(#264),#268);
#264 = LINE('',#265,#266);
#265 = CARTESIAN_POINT('',(9.716981132075,-11.5));
#266 = VECTOR('',#267,1.);
#267 = DIRECTION('',(-5.28E-32,1.));
#268 = ( GEOMETRIC_REPRESENTATION_CONTEXT(2) 
PARAMETRIC_REPRESENTATION_CONTEXT() REPRESENTATION_CONTEXT('2D SPACE',''
  ) );
#269 = PCURVE('',#44,#270);
#270 = DEFINITIONAL_REPRESENTATION('',(#271),#275);
#271 = LINE('',#272,#273);
#272 = CARTESIAN_POINT('',(3.276315789474,-7.207894736842E-16));
#273 = VECTOR('',#274,1.);
#274 = DIRECTION('',(0.,-1.));
#275 = ( GEOMETRIC_REPRESENTATION_CONTEXT(2) 
PARAMETRIC_REPRESENTATION_CONTEXT() REPRESENTATION_CONTEXT('2D SPACE',''
  ) );
#276 = ORIENTED_EDGE('',*,*,#277,.F.);
#277 = EDGE_CURVE('',#278,#255,#280,.T.);
#278 = VERTEX_POINT('',#279);
#279 = CARTESIAN_POINT('',(41.5,2.E-15,2.5));
#280 = SURFACE_CURVE('',#281,(#285,#292),.PCURVE_S1.);
#281 = LINE('',#282,#283);
#282 = CARTESIAN_POINT('',(41.5,-15.5,2.5));
#283 = VECTOR('',#284,1.);
#284 = DIRECTION('',(0.,-1.,0.));
#285 = PCURVE('',#72,#286);
#286 = DEFINITIONAL_REPRESENTATION('',(#287),#291);
#287 = LINE('',#288,#289);
#288 = CARTESIAN_POINT('',(2.716981132075,11.5));
#289 = VECTOR('',#290,1.);
#290 = DIRECTION('',(1.,0.));
#291 = ( GEOMETRIC_REPRESENTATION_CONTEXT(2) 
PARAMETRIC_REPRESENTATION_CONTEXT() REPRESENTATION_CONTEXT('2D SPACE',''
  ) );
#292 = PCURVE('',#293,#298);
#293 = PLANE('',#294);
#294 = AXIS2_PLACEMENT_3D('',#295,#296,#297);
#295 = CARTESIAN_POINT('',(41.5,-10.51113748844,7.879550444517));
#296 = DIRECTION('',(-1.,0.,0.));
#297 = DIRECTION('',(0.,1.,2.2E-16));
#298 = DEFINITIONAL_REPRESENTATION('',(#299),#303);
#299 = LINE('',#300,#301);
#300 = CARTESIAN_POINT('',(-4.988862511559,5.379550444517));
#301 = VECTOR('',#302,1.);
#302 = DIRECTION('',(-1.,-2.2E-16));
#303 = ( GEOMETRIC_REPRESENTATION_CONTEXT(2) 
PARAMETRIC_REPRESENTATION_CONTEXT() REPRESENTATION_CONTEXT('2D SPACE',''
  ) );
#304 = ORIENTED_EDGE('',*,*,#305,.F.);
#305 = EDGE_CURVE('',#57,#278,#306,.T.);
#306 = SURFACE_CURVE('',#307,(#311,#318),.PCURVE_S1.);
#307 = LINE('',#308,#309);
#308 = CARTESIAN_POINT('',(18.5,2.11E-15,2.5));
#309 = VECTOR('',#310,1.);
#310 = DIRECTION('',(1.,0.,0.));
#311 = PCURVE('',#72,#312);
#312 = DEFINITIONAL_REPRESENTATION('',(#313),#317);
#313 = LINE('',#314,#315);
#314 = CARTESIAN_POINT('',(-12.78301886792,-11.5));
#315 = VECTOR('',#316,1.);
#316 = DIRECTION('',(0.,1.));
#317 = ( GEOMETRIC_REPRESENTATION_CONTEXT(2) 
PARAMETRIC_REPRESENTATION_CONTEXT() REPRESENTATION_CONTEXT('2D SPACE',''
  ) );
#318 = PCURVE('',#100,#319);
#319 = DEFINITIONAL_REPRESENTATION('',(#320),#324);
#320 = LINE('',#321,#322);
#321 = CARTESIAN_POINT('',(-18.5,-5.653283569923));
#322 = VECTOR('',#323,1.);
#323 = DIRECTION('',(-1.,0.));
#324 = ( GEOMETRIC_REPRESENTATION_CONTEXT(2) 
PARAMETRIC_REPRESENTATION_CONTEXT() REPRESENTATION_CONTEXT('2D SPACE',''
  ) );
#325 = ADVANCED_FACE('',(#326),#293,.T.);
#326 = FACE_BOUND('',#327,.T.);
#327 = EDGE_LOOP('',(#328,#351,#374,#397,#420,#443,#466,#487));
#328 = ORIENTED_EDGE('',*,*,#329,.T.);
#329 = EDGE_CURVE('',#255,#330,#332,.T.);
#330 = VERTEX_POINT('',#331);
#331 = CARTESIAN_POINT('',(41.5,-22.5,4.776315789474));
#332 = SURFACE_CURVE('',#333,(#337,#344),.PCURVE_S1.);
#333 = LINE('',#334,#335);
#334 = CARTESIAN_POINT('',(41.5,-22.5,6.827933116995));
#335 = VECTOR('',#336,1.);
#336 = DIRECTION('',(0.,0.,1.));
#337 = PCURVE('',#293,#338);
#338 = DEFINITIONAL_REPRESENTATION('',(#339),#343);
#339 = LINE('',#340,#341);
#340 = CARTESIAN_POINT('',(-11.98886251155,1.051617327522));
#341 = VECTOR('',#342,1.);
#342 = DIRECTION('',(2.2E-16,-1.));
#343 = ( GEOMETRIC_REPRESENTATION_CONTEXT(2) 
PARAMETRIC_REPRESENTATION_CONTEXT() REPRESENTATION_CONTEXT('2D SPACE',''
  ) );
#344 = PCURVE('',#44,#345);
#345 = DEFINITIONAL_REPRESENTATION('',(#346),#350);
#346 = LINE('',#347,#348);
#347 = CARTESIAN_POINT('',(-1.051617327522,-23.));
#348 = VECTOR('',#349,1.);
#349 = DIRECTION('',(-1.,2.2E-16));
#350 = ( GEOMETRIC_REPRESENTATION_CONTEXT(2) 
PARAMETRIC_REPRESENTATION_CONTEXT() REPRESENTATION_CONTEXT('2D SPACE',''
  ) );
#351 = ORIENTED_EDGE('',*,*,#352,.F.);
#352 = EDGE_CURVE('',#353,#330,#355,.T.);
#353 = VERTEX_POINT('',#354);
#354 = CARTESIAN_POINT('',(41.5,-23.31518040826,5.197108657285));
#355 = SURFACE_CURVE('',#356,(#360,#367),.PCURVE_S1.);
#356 = LINE('',#357,#358);
#357 = CARTESIAN_POINT('',(41.5,-18.60299482905,2.764697299718));
#358 = VECTOR('',#359,1.);
#359 = DIRECTION('',(0.,0.888596402252,-0.458689910403));
#360 = PCURVE('',#293,#361);
#361 = DEFINITIONAL_REPRESENTATION('',(#362),#366);
#362 = LINE('',#363,#364);
#363 = CARTESIAN_POINT('',(-8.091857340614,5.114853144799));
#364 = VECTOR('',#365,1.);
#365 = DIRECTION('',(0.888596402252,0.458689910403));
#366 = ( GEOMETRIC_REPRESENTATION_CONTEXT(2) 
PARAMETRIC_REPRESENTATION_CONTEXT() REPRESENTATION_CONTEXT('2D SPACE',''
  ) );
#367 = PCURVE('',#238,#368);
#368 = DEFINITIONAL_REPRESENTATION('',(#369),#373);
#369 = LINE('',#370,#371);
#370 = CARTESIAN_POINT('',(23.,4.844263789691));
#371 = VECTOR('',#372,1.);
#372 = DIRECTION('',(1.062145990323E-16,1.));
#373 = ( GEOMETRIC_REPRESENTATION_CONTEXT(2) 
PARAMETRIC_REPRESENTATION_CONTEXT() REPRESENTATION_CONTEXT('2D SPACE',''
  ) );
#374 = ORIENTED_EDGE('',*,*,#375,.F.);
#375 = EDGE_CURVE('',#376,#353,#378,.T.);
#376 = VERTEX_POINT('',#377);
#377 = CARTESIAN_POINT('',(41.5,-6.,17.5));
#378 = SURFACE_CURVE('',#379,(#383,#390),.PCURVE_S1.);
#379 = LINE('',#380,#381);
#380 = CARTESIAN_POINT('',(41.5,-19.04118729866,8.233893235159));
#381 = VECTOR('',#382,1.);
#382 = DIRECTION('',(0.,-0.815180408266,-0.579207132189));
#383 = PCURVE('',#293,#384);
#384 = DEFINITIONAL_REPRESENTATION('',(#385),#389);
#385 = LINE('',#386,#387);
#386 = CARTESIAN_POINT('',(-8.530049810224,-0.354342790642));
#387 = VECTOR('',#388,1.);
#388 = DIRECTION('',(-0.815180408266,0.579207132189));
#389 = ( GEOMETRIC_REPRESENTATION_CONTEXT(2) 
PARAMETRIC_REPRESENTATION_CONTEXT() REPRESENTATION_CONTEXT('2D SPACE',''
  ) );
#390 = PCURVE('',#212,#391);
#391 = DEFINITIONAL_REPRESENTATION('',(#392),#396);
#392 = LINE('',#393,#394);
#393 = CARTESIAN_POINT('',(-8.552878740678E-02,41.5));
#394 = VECTOR('',#395,1.);
#395 = DIRECTION('',(1.,1.121661599611E-30));
#396 = ( GEOMETRIC_REPRESENTATION_CONTEXT(2) 
PARAMETRIC_REPRESENTATION_CONTEXT() REPRESENTATION_CONTEXT('2D SPACE',''
  ) );
#397 = ORIENTED_EDGE('',*,*,#398,.F.);
#398 = EDGE_CURVE('',#399,#376,#401,.T.);
#399 = VERTEX_POINT('',#400);
#400 = CARTESIAN_POINT('',(41.5,-6.,17.));
#401 = SURFACE_CURVE('',#402,(#406,#413),.PCURVE_S1.);
#402 = LINE('',#403,#404);
#403 = CARTESIAN_POINT('',(41.5,-6.,10.));
#404 = VECTOR('',#405,1.);
#405 = DIRECTION('',(0.,0.,1.));
#406 = PCURVE('',#293,#407);
#407 = DEFINITIONAL_REPRESENTATION('',(#408),#412);
#408 = LINE('',#409,#410);
#409 = CARTESIAN_POINT('',(4.511137488441,-2.120449555483));
#410 = VECTOR('',#411,1.);
#411 = DIRECTION('',(2.2E-16,-1.));
#412 = ( GEOMETRIC_REPRESENTATION_CONTEXT(2) 
PARAMETRIC_REPRESENTATION_CONTEXT() REPRESENTATION_CONTEXT('2D SPACE',''
  ) );
#413 = PCURVE('',#184,#414);
#414 = DEFINITIONAL_REPRESENTATION('',(#415),#419);
#415 = LINE('',#416,#417);
#416 = CARTESIAN_POINT('',(0.175062306705,-17.8935634807));
#417 = VECTOR('',#418,1.);
#418 = DIRECTION('',(1.,0.));
#419 = ( GEOMETRIC_REPRESENTATION_CONTEXT(2) 
PARAMETRIC_REPRESENTATION_CONTEXT() REPRESENTATION_CONTEXT('2D SPACE',''
  ) );
#420 = ORIENTED_EDGE('',*,*,#421,.F.);
#421 = EDGE_CURVE('',#422,#399,#424,.T.);
#422 = VERTEX_POINT('',#423);
#423 = CARTESIAN_POINT('',(41.5,-4.,15.));
#424 = SURFACE_CURVE('',#425,(#429,#436),.PCURVE_S1.);
#425 = LINE('',#426,#427);
#426 = CARTESIAN_POINT('',(41.5,-4.34767198324,15.34767198324));
#427 = VECTOR('',#428,1.);
#428 = DIRECTION('',(0.,-0.707106781187,0.707106781187));
#429 = PCURVE('',#293,#430);
#430 = DEFINITIONAL_REPRESENTATION('',(#431),#435);
#431 = LINE('',#432,#433);
#432 = CARTESIAN_POINT('',(6.163465505202,-7.468121538722));
#433 = VECTOR('',#434,1.);
#434 = DIRECTION('',(-0.707106781187,-0.707106781187));
#435 = ( GEOMETRIC_REPRESENTATION_CONTEXT(2) 
PARAMETRIC_REPRESENTATION_CONTEXT() REPRESENTATION_CONTEXT('2D SPACE',''
  ) );
#436 = PCURVE('',#156,#437);
#437 = DEFINITIONAL_REPRESENTATION('',(#438),#442);
#438 = LINE('',#439,#440);
#439 = CARTESIAN_POINT('',(0.,-0.922531128418));
#440 = VECTOR('',#441,1.);
#441 = DIRECTION('',(0.,1.));
#442 = ( GEOMETRIC_REPRESENTATION_CONTEXT(2) 
PARAMETRIC_REPRESENTATION_CONTEXT() REPRESENTATION_CONTEXT('2D SPACE',''
  ) );
#443 = ORIENTED_EDGE('',*,*,#444,.T.);
#444 = EDGE_CURVE('',#422,#445,#447,.T.);
#445 = VERTEX_POINT('',#446);
#446 = CARTESIAN_POINT('',(41.5,-1.E-15,15.));
#447 = SURFACE_CURVE('',#448,(#452,#459),.PCURVE_S1.);
#448 = LINE('',#449,#450);
#449 = CARTESIAN_POINT('',(41.5,-6.,15.));
#450 = VECTOR('',#451,1.);
#451 = DIRECTION('',(0.,1.,-2.2E-16));
#452 = PCURVE('',#293,#453);
#453 = DEFINITIONAL_REPRESENTATION('',(#454),#458);
#454 = LINE('',#455,#456);
#455 = CARTESIAN_POINT('',(4.511137488441,-7.120449555483));
#456 = VECTOR('',#457,1.);
#457 = DIRECTION('',(1.,4.4E-16));
#458 = ( GEOMETRIC_REPRESENTATION_CONTEXT(2) 
PARAMETRIC_REPRESENTATION_CONTEXT() REPRESENTATION_CONTEXT('2D SPACE',''
  ) );
#459 = PCURVE('',#128,#460);
#460 = DEFINITIONAL_REPRESENTATION('',(#461),#465);
#461 = LINE('',#462,#463);
#462 = CARTESIAN_POINT('',(0.,0.));
#463 = VECTOR('',#464,1.);
#464 = DIRECTION('',(0.,-1.));
#465 = ( GEOMETRIC_REPRESENTATION_CONTEXT(2) 
PARAMETRIC_REPRESENTATION_CONTEXT() REPRESENTATION_CONTEXT('2D SPACE',''
  ) );
#466 = ORIENTED_EDGE('',*,*,#467,.F.);
#467 = EDGE_CURVE('',#278,#445,#468,.T.);
#468 = SURFACE_CURVE('',#469,(#473,#480),.PCURVE_S1.);
#469 = LINE('',#470,#471);
#470 = CARTESIAN_POINT('',(41.5,2.11E-15,2.5));
#471 = VECTOR('',#472,1.);
#472 = DIRECTION('',(0.,-2.2E-16,1.));
#473 = PCURVE('',#293,#474);
#474 = DEFINITIONAL_REPRESENTATION('',(#475),#479);
#475 = LINE('',#476,#477);
#476 = CARTESIAN_POINT('',(10.511137488441,5.379550444517));
#477 = VECTOR('',#478,1.);
#478 = DIRECTION('',(0.,-1.));
#479 = ( GEOMETRIC_REPRESENTATION_CONTEXT(2) 
PARAMETRIC_REPRESENTATION_CONTEXT() REPRESENTATION_CONTEXT('2D SPACE',''
  ) );
#480 = PCURVE('',#100,#481);
#481 = DEFINITIONAL_REPRESENTATION('',(#482),#486);
#482 = LINE('',#483,#484);
#483 = CARTESIAN_POINT('',(-41.5,-5.653283569923));
#484 = VECTOR('',#485,1.);
#485 = DIRECTION('',(0.,1.));
#486 = ( GEOMETRIC_REPRESENTATION_CONTEXT(2) 
PARAMETRIC_REPRESENTATION_CONTEXT() REPRESENTATION_CONTEXT('2D SPACE',''
  ) );
#487 = ORIENTED_EDGE('',*,*,#277,.T.);
#488 = ADVANCED_FACE('',(#489),#128,.F.);
#489 = FACE_BOUND('',#490,.F.);
#490 = EDGE_LOOP('',(#491,#492,#513,#514));
#491 = ORIENTED_EDGE('',*,*,#444,.T.);
#492 = ORIENTED_EDGE('',*,*,#493,.T.);
#493 = EDGE_CURVE('',#445,#85,#494,.T.);
#494 = SURFACE_CURVE('',#495,(#499,#506),.PCURVE_S1.);
#495 = LINE('',#496,#497);
#496 = CARTESIAN_POINT('',(41.5,-6.7E-16,15.));
#497 = VECTOR('',#498,1.);
#498 = DIRECTION('',(-1.,0.,0.));
#499 = PCURVE('',#128,#500);
#500 = DEFINITIONAL_REPRESENTATION('',(#501),#505);
#501 = LINE('',#502,#503);
#502 = CARTESIAN_POINT('',(0.,-6.));
#503 = VECTOR('',#504,1.);
#504 = DIRECTION('',(1.,0.));
#505 = ( GEOMETRIC_REPRESENTATION_CONTEXT(2) 
PARAMETRIC_REPRESENTATION_CONTEXT() REPRESENTATION_CONTEXT('2D SPACE',''
  ) );
#506 = PCURVE('',#100,#507);
#507 = DEFINITIONAL_REPRESENTATION('',(#508),#512);
#508 = LINE('',#509,#510);
#509 = CARTESIAN_POINT('',(-41.5,6.846716430077));
#510 = VECTOR('',#511,1.);
#511 = DIRECTION('',(1.,0.));
#512 = ( GEOMETRIC_REPRESENTATION_CONTEXT(2) 
PARAMETRIC_REPRESENTATION_CONTEXT() REPRESENTATION_CONTEXT('2D SPACE',''
  ) );
#513 = ORIENTED_EDGE('',*,*,#112,.F.);
#514 = ORIENTED_EDGE('',*,*,#515,.F.);
#515 = EDGE_CURVE('',#422,#113,#516,.T.);
#516 = SURFACE_CURVE('',#517,(#521,#528),.PCURVE_S1.);
#517 = LINE('',#518,#519);
#518 = CARTESIAN_POINT('',(41.5,-4.,15.));
#519 = VECTOR('',#520,1.);
#520 = DIRECTION('',(-1.,0.,0.));
#521 = PCURVE('',#128,#522);
#522 = DEFINITIONAL_REPRESENTATION('',(#523),#527);
#523 = LINE('',#524,#525);
#524 = CARTESIAN_POINT('',(0.,-2.));
#525 = VECTOR('',#526,1.);
#526 = DIRECTION('',(1.,0.));
#527 = ( GEOMETRIC_REPRESENTATION_CONTEXT(2) 
PARAMETRIC_REPRESENTATION_CONTEXT() REPRESENTATION_CONTEXT('2D SPACE',''
  ) );
#528 = PCURVE('',#156,#529);
#529 = DEFINITIONAL_REPRESENTATION('',(#530),#534);
#530 = LINE('',#531,#532);
#531 = CARTESIAN_POINT('',(0.,-1.414213562373));
#532 = VECTOR('',#533,1.);
#533 = DIRECTION('',(1.,0.));
#534 = ( GEOMETRIC_REPRESENTATION_CONTEXT(2) 
PARAMETRIC_REPRESENTATION_CONTEXT() REPRESENTATION_CONTEXT('2D SPACE',''
  ) );
#535 = ADVANCED_FACE('',(#536),#238,.T.);
#536 = FACE_BOUND('',#537,.T.);
#537 = EDGE_LOOP('',(#538,#539,#560,#561));
#538 = ORIENTED_EDGE('',*,*,#224,.F.);
#539 = ORIENTED_EDGE('',*,*,#540,.T.);
#540 = EDGE_CURVE('',#197,#353,#541,.T.);
#541 = SURFACE_CURVE('',#542,(#546,#553),.PCURVE_S1.);
#542 = LINE('',#543,#544);
#543 = CARTESIAN_POINT('',(18.5,-23.31518040826,5.197108657285));
#544 = VECTOR('',#545,1.);
#545 = DIRECTION('',(1.,0.,-2.2E-16));
#546 = PCURVE('',#238,#547);
#547 = DEFINITIONAL_REPRESENTATION('',(#548),#552);
#548 = LINE('',#549,#550);
#549 = CARTESIAN_POINT('',(-4.871956491359E-17,-0.458689910403));
#550 = VECTOR('',#551,1.);
#551 = DIRECTION('',(1.,-5.302818743632E-18));
#552 = ( GEOMETRIC_REPRESENTATION_CONTEXT(2) 
PARAMETRIC_REPRESENTATION_CONTEXT() REPRESENTATION_CONTEXT('2D SPACE',''
  ) );
#553 = PCURVE('',#212,#554);
#554 = DEFINITIONAL_REPRESENTATION('',(#555),#559);
#555 = LINE('',#556,#557);
#556 = CARTESIAN_POINT('',(5.157473947032,18.5));
#557 = VECTOR('',#558,1.);
#558 = DIRECTION('',(1.274255690816E-16,1.));
#559 = ( GEOMETRIC_REPRESENTATION_CONTEXT(2) 
PARAMETRIC_REPRESENTATION_CONTEXT() REPRESENTATION_CONTEXT('2D SPACE',''
  ) );
#560 = ORIENTED_EDGE('',*,*,#352,.T.);
#561 = ORIENTED_EDGE('',*,*,#562,.F.);
#562 = EDGE_CURVE('',#22,#330,#563,.T.);
#563 = SURFACE_CURVE('',#564,(#568,#575),.PCURVE_S1.);
#564 = LINE('',#565,#566);
#565 = CARTESIAN_POINT('',(18.5,-22.5,4.776315789474));
#566 = VECTOR('',#567,1.);
#567 = DIRECTION('',(1.,0.,-2.2E-16));
#568 = PCURVE('',#238,#569);
#569 = DEFINITIONAL_REPRESENTATION('',(#570),#574);
#570 = LINE('',#571,#572);
#571 = CARTESIAN_POINT('',(4.871956491359E-17,0.458689910403));
#572 = VECTOR('',#573,1.);
#573 = DIRECTION('',(1.,-5.302818743632E-18));
#574 = ( GEOMETRIC_REPRESENTATION_CONTEXT(2) 
PARAMETRIC_REPRESENTATION_CONTEXT() REPRESENTATION_CONTEXT('2D SPACE',''
  ) );
#575 = PCURVE('',#44,#576);
#576 = DEFINITIONAL_REPRESENTATION('',(#577),#581);
#577 = LINE('',#578,#579);
#578 = CARTESIAN_POINT('',(1.,-2.2E-16));
#579 = VECTOR('',#580,1.);
#580 = DIRECTION('',(0.,-1.));
#581 = ( GEOMETRIC_REPRESENTATION_CONTEXT(2) 
PARAMETRIC_REPRESENTATION_CONTEXT() REPRESENTATION_CONTEXT('2D SPACE',''
  ) );
#582 = ADVANCED_FACE('',(#583),#44,.T.);
#583 = FACE_BOUND('',#584,.T.);
#584 = EDGE_LOOP('',(#585,#586,#587,#588));
#585 = ORIENTED_EDGE('',*,*,#21,.F.);
#586 = ORIENTED_EDGE('',*,*,#562,.T.);
#587 = ORIENTED_EDGE('',*,*,#329,.F.);
#588 = ORIENTED_EDGE('',*,*,#254,.F.);
#589 = ADVANCED_FACE('',(#590),#184,.T.);
#590 = FACE_BOUND('',#591,.T.);
#591 = EDGE_LOOP('',(#592,#593,#619,#620));
#592 = ORIENTED_EDGE('',*,*,#398,.T.);
#593 = ORIENTED_EDGE('',*,*,#594,.T.);
#594 = EDGE_CURVE('',#376,#169,#595,.T.);
#595 = SURFACE_CURVE('',#596,(#600,#607),.PCURVE_S1.);
#596 = LINE('',#597,#598);
#597 = CARTESIAN_POINT('',(44.,-6.,17.5));
#598 = VECTOR('',#599,1.);
#599 = DIRECTION('',(-1.,0.,0.));
#600 = PCURVE('',#184,#601);
#601 = DEFINITIONAL_REPRESENTATION('',(#602),#606);
#602 = LINE('',#603,#604);
#603 = CARTESIAN_POINT('',(7.675062306705,-20.3935634807));
#604 = VECTOR('',#605,1.);
#605 = DIRECTION('',(0.,1.));
#606 = ( GEOMETRIC_REPRESENTATION_CONTEXT(2) 
PARAMETRIC_REPRESENTATION_CONTEXT() REPRESENTATION_CONTEXT('2D SPACE',''
  ) );
#607 = PCURVE('',#608,#613);
#608 = PLANE('',#609);
#609 = AXIS2_PLACEMENT_3D('',#610,#611,#612);
#610 = CARTESIAN_POINT('',(44.,-6.,17.5));
#611 = DIRECTION('',(0.,2.2E-16,1.));
#612 = DIRECTION('',(-1.,0.,0.));
#613 = DEFINITIONAL_REPRESENTATION('',(#614),#618);
#614 = LINE('',#615,#616);
#615 = CARTESIAN_POINT('',(0.,7.993605777301E-15));
#616 = VECTOR('',#617,1.);
#617 = DIRECTION('',(1.,0.));
#618 = ( GEOMETRIC_REPRESENTATION_CONTEXT(2) 
PARAMETRIC_REPRESENTATION_CONTEXT() REPRESENTATION_CONTEXT('2D SPACE',''
  ) );
#619 = ORIENTED_EDGE('',*,*,#168,.T.);
#620 = ORIENTED_EDGE('',*,*,#621,.F.);
#621 = EDGE_CURVE('',#399,#141,#622,.T.);
#622 = SURFACE_CURVE('',#623,(#627,#634),.PCURVE_S1.);
#623 = LINE('',#624,#625);
#624 = CARTESIAN_POINT('',(41.5,-6.,17.));
#625 = VECTOR('',#626,1.);
#626 = DIRECTION('',(-1.,0.,0.));
#627 = PCURVE('',#184,#628);
#628 = DEFINITIONAL_REPRESENTATION('',(#629),#633);
#629 = LINE('',#630,#631);
#630 = CARTESIAN_POINT('',(7.175062306705,-17.8935634807));
#631 = VECTOR('',#632,1.);
#632 = DIRECTION('',(0.,1.));
#633 = ( GEOMETRIC_REPRESENTATION_CONTEXT(2) 
PARAMETRIC_REPRESENTATION_CONTEXT() REPRESENTATION_CONTEXT('2D SPACE',''
  ) );
#634 = PCURVE('',#156,#635);
#635 = DEFINITIONAL_REPRESENTATION('',(#636),#640);
#636 = LINE('',#637,#638);
#637 = CARTESIAN_POINT('',(0.,1.414213562373));
#638 = VECTOR('',#639,1.);
#639 = DIRECTION('',(1.,0.));
#640 = ( GEOMETRIC_REPRESENTATION_CONTEXT(2) 
PARAMETRIC_REPRESENTATION_CONTEXT() REPRESENTATION_CONTEXT('2D SPACE',''
  ) );
#641 = ADVANCED_FACE('',(#642),#656,.T.);
#642 = FACE_BOUND('',#643,.T.);
#643 = EDGE_LOOP('',(#644,#679,#708,#736,#769,#797,#826));
#644 = ORIENTED_EDGE('',*,*,#645,.T.);
#645 = EDGE_CURVE('',#646,#648,#650,.T.);
#646 = VERTEX_POINT('',#647);
#647 = CARTESIAN_POINT('',(16.,-6.,17.5));
#648 = VERTEX_POINT('',#649);
#649 = CARTESIAN_POINT('',(16.,-6.,1.));
#650 = SURFACE_CURVE('',#651,(#655,#667),.PCURVE_S1.);
#651 = LINE('',#652,#653);
#652 = CARTESIAN_POINT('',(16.,-6.,2.5));
#653 = VECTOR('',#654,1.);
#654 = DIRECTION('',(0.,-2.2E-16,-1.));
#655 = PCURVE('',#656,#661);
#656 = PLANE('',#657);
#657 = AXIS2_PLACEMENT_3D('',#658,#659,#660);
#658 = CARTESIAN_POINT('',(16.,-13.49005524916,6.451931010403));
#659 = DIRECTION('',(-1.,0.,0.));
#660 = DIRECTION('',(0.,1.,2.2E-16));
#661 = DEFINITIONAL_REPRESENTATION('',(#662),#666);
#662 = LINE('',#663,#664);
#663 = CARTESIAN_POINT('',(7.490055249168,3.951931010403));
#664 = VECTOR('',#665,1.);
#665 = DIRECTION('',(-4.4E-16,1.));
#666 = ( GEOMETRIC_REPRESENTATION_CONTEXT(2) 
PARAMETRIC_REPRESENTATION_CONTEXT() REPRESENTATION_CONTEXT('2D SPACE',''
  ) );
#667 = PCURVE('',#668,#673);
#668 = PLANE('',#669);
#669 = AXIS2_PLACEMENT_3D('',#670,#671,#672);
#670 = CARTESIAN_POINT('',(-1.E-16,-6.,11.093105848525));
#671 = DIRECTION('',(0.,-1.,-2.2E-16));
#672 = DIRECTION('',(1.,0.,0.));
#673 = DEFINITIONAL_REPRESENTATION('',(#674),#678);
#674 = LINE('',#675,#676);
#675 = CARTESIAN_POINT('',(16.,-8.593105848525));
#676 = VECTOR('',#677,1.);
#677 = DIRECTION('',(0.,-1.));
#678 = ( GEOMETRIC_REPRESENTATION_CONTEXT(2) 
PARAMETRIC_REPRESENTATION_CONTEXT() REPRESENTATION_CONTEXT('2D SPACE',''
  ) );
#679 = ORIENTED_EDGE('',*,*,#680,.F.);
#680 = EDGE_CURVE('',#681,#648,#683,.T.);
#681 = VERTEX_POINT('',#682);
#682 = CARTESIAN_POINT('',(16.,-5.,0.));
#683 = SURFACE_CURVE('',#684,(#689,#696),.PCURVE_S1.);
#684 = CIRCLE('',#685,1.);
#685 = AXIS2_PLACEMENT_3D('',#686,#687,#688);
#686 = CARTESIAN_POINT('',(16.,-5.,1.));
#687 = DIRECTION('',(-1.,0.,0.));
#688 = DIRECTION('',(0.,1.,2.2E-16));
#689 = PCURVE('',#656,#690);
#690 = DEFINITIONAL_REPRESENTATION('',(#691),#695);
#691 = CIRCLE('',#692,1.);
#692 = AXIS2_PLACEMENT_2D('',#693,#694);
#693 = CARTESIAN_POINT('',(8.490055249168,5.451931010403));
#694 = DIRECTION('',(1.,0.));
#695 = ( GEOMETRIC_REPRESENTATION_CONTEXT(2) 
PARAMETRIC_REPRESENTATION_CONTEXT() REPRESENTATION_CONTEXT('2D SPACE',''
  ) );
#696 = PCURVE('',#697,#702);
#697 = CYLINDRICAL_SURFACE('',#698,1.);
#698 = AXIS2_PLACEMENT_3D('',#699,#700,#701);
#699 = CARTESIAN_POINT('',(16.,-5.,1.));
#700 = DIRECTION('',(-1.,0.,0.));
#701 = DIRECTION('',(0.,-1.2E-16,-1.));
#702 = DEFINITIONAL_REPRESENTATION('',(#703),#707);
#703 = LINE('',#704,#705);
#704 = CARTESIAN_POINT('',(-1.570796326795,0.));
#705 = VECTOR('',#706,1.);
#706 = DIRECTION('',(1.,0.));
#707 = ( GEOMETRIC_REPRESENTATION_CONTEXT(2) 
PARAMETRIC_REPRESENTATION_CONTEXT() REPRESENTATION_CONTEXT('2D SPACE',''
  ) );
#708 = ORIENTED_EDGE('',*,*,#709,.F.);
#709 = EDGE_CURVE('',#710,#681,#712,.T.);
#710 = VERTEX_POINT('',#711);
#711 = CARTESIAN_POINT('',(16.,-23.5,-1.E-15));
#712 = SURFACE_CURVE('',#713,(#717,#724),.PCURVE_S1.);
#713 = LINE('',#714,#715);
#714 = CARTESIAN_POINT('',(16.,-9.573547671547,1.89E-15));
#715 = VECTOR('',#716,1.);
#716 = DIRECTION('',(0.,1.,-1.2E-16));
#717 = PCURVE('',#656,#718);
#718 = DEFINITIONAL_REPRESENTATION('',(#719),#723);
#719 = LINE('',#720,#721);
#720 = CARTESIAN_POINT('',(3.916507577621,6.451931010403));
#721 = VECTOR('',#722,1.);
#722 = DIRECTION('',(1.,3.4E-16));
#723 = ( GEOMETRIC_REPRESENTATION_CONTEXT(2) 
PARAMETRIC_REPRESENTATION_CONTEXT() REPRESENTATION_CONTEXT('2D SPACE',''
  ) );
#724 = PCURVE('',#725,#730);
#725 = PLANE('',#726);
#726 = AXIS2_PLACEMENT_3D('',#727,#728,#729);
#727 = CARTESIAN_POINT('',(1.66E-15,-5.723572967801,-4.62E-15));
#728 = DIRECTION('',(0.,-2.1E-16,-1.));
#729 = DIRECTION('',(0.,1.,-2.1E-16));
#730 = DEFINITIONAL_REPRESENTATION('',(#731),#735);
#731 = LINE('',#732,#733);
#732 = CARTESIAN_POINT('',(-3.849974703746,16.));
#733 = VECTOR('',#734,1.);
#734 = DIRECTION('',(1.,0.));
#735 = ( GEOMETRIC_REPRESENTATION_CONTEXT(2) 
PARAMETRIC_REPRESENTATION_CONTEXT() REPRESENTATION_CONTEXT('2D SPACE',''
  ) );
#736 = ORIENTED_EDGE('',*,*,#737,.T.);
#737 = EDGE_CURVE('',#710,#738,#740,.T.);
#738 = VERTEX_POINT('',#739);
#739 = CARTESIAN_POINT('',(16.,-22.5,1.));
#740 = SURFACE_CURVE('',#741,(#746,#757),.PCURVE_S1.);
#741 = CIRCLE('',#742,1.);
#742 = AXIS2_PLACEMENT_3D('',#743,#744,#745);
#743 = CARTESIAN_POINT('',(16.,-23.5,1.));
#744 = DIRECTION('',(1.,0.,2.2E-16));
#745 = DIRECTION('',(2.2E-16,2.2E-16,-1.));
#746 = PCURVE('',#656,#747);
#747 = DEFINITIONAL_REPRESENTATION('',(#748),#756);
#748 = ( BOUNDED_CURVE() B_SPLINE_CURVE(2,(#749,#750,#751,#752,#753,#754
,#755),.UNSPECIFIED.,.T.,.F.) B_SPLINE_CURVE_WITH_KNOTS((1,2,2,2,2,1),(
    -2.094395102393,0.,2.094395102393,4.188790204786,6.28318530718,
8.377580409573),.UNSPECIFIED.) CURVE() GEOMETRIC_REPRESENTATION_ITEM() 
RATIONAL_B_SPLINE_CURVE((1.,0.5,1.,0.5,1.,0.5,1.)) REPRESENTATION_ITEM(
  '') );
#749 = CARTESIAN_POINT('',(-10.00994475083,6.451931010403));
#750 = CARTESIAN_POINT('',(-8.277893943263,6.451931010403));
#751 = CARTESIAN_POINT('',(-9.143919347048,4.951931010403));
#752 = CARTESIAN_POINT('',(-10.00994475083,3.451931010403));
#753 = CARTESIAN_POINT('',(-10.87597015461,4.951931010403));
#754 = CARTESIAN_POINT('',(-11.7419955584,6.451931010403));
#755 = CARTESIAN_POINT('',(-10.00994475083,6.451931010403));
#756 = ( GEOMETRIC_REPRESENTATION_CONTEXT(2) 
PARAMETRIC_REPRESENTATION_CONTEXT() REPRESENTATION_CONTEXT('2D SPACE',''
  ) );
#757 = PCURVE('',#758,#763);
#758 = CYLINDRICAL_SURFACE('',#759,1.);
#759 = AXIS2_PLACEMENT_3D('',#760,#761,#762);
#760 = CARTESIAN_POINT('',(16.,-23.5,1.));
#761 = DIRECTION('',(-1.,0.,-2.2E-16));
#762 = DIRECTION('',(2.2E-16,-1.2E-16,-1.));
#763 = DEFINITIONAL_REPRESENTATION('',(#764),#768);
#764 = LINE('',#765,#766);
#765 = CARTESIAN_POINT('',(-0.,0.));
#766 = VECTOR('',#767,1.);
#767 = DIRECTION('',(-1.,0.));
#768 = ( GEOMETRIC_REPRESENTATION_CONTEXT(2) 
PARAMETRIC_REPRESENTATION_CONTEXT() REPRESENTATION_CONTEXT('2D SPACE',''
  ) );
#769 = ORIENTED_EDGE('',*,*,#770,.F.);
#770 = EDGE_CURVE('',#771,#738,#773,.T.);
#771 = VERTEX_POINT('',#772);
#772 = CARTESIAN_POINT('',(16.,-22.5,3.839067155705));
#773 = SURFACE_CURVE('',#774,(#778,#785),.PCURVE_S1.);
#774 = LINE('',#775,#776);
#775 = CARTESIAN_POINT('',(16.,-22.5,5.776315789474));
#776 = VECTOR('',#777,1.);
#777 = DIRECTION('',(2.2E-16,2.2E-16,-1.));
#778 = PCURVE('',#656,#779);
#779 = DEFINITIONAL_REPRESENTATION('',(#780),#784);
#780 = LINE('',#781,#782);
#781 = CARTESIAN_POINT('',(-9.009944750832,0.67561522093));
#782 = VECTOR('',#783,1.);
#783 = DIRECTION('',(0.,1.));
#784 = ( GEOMETRIC_REPRESENTATION_CONTEXT(2) 
PARAMETRIC_REPRESENTATION_CONTEXT() REPRESENTATION_CONTEXT('2D SPACE',''
  ) );
#785 = PCURVE('',#786,#791);
#786 = PLANE('',#787);
#787 = AXIS2_PLACEMENT_3D('',#788,#789,#790);
#788 = CARTESIAN_POINT('',(-2.04E-15,-22.5,2.419533577852));
#789 = DIRECTION('',(-0.,1.,2.2E-16));
#790 = DIRECTION('',(-1.,-0.,0.));
#791 = DEFINITIONAL_REPRESENTATION('',(#792),#796);
#792 = LINE('',#793,#794);
#793 = CARTESIAN_POINT('',(-16.,3.356782211621));
#794 = VECTOR('',#795,1.);
#795 = DIRECTION('',(-2.2E-16,-1.));
#796 = ( GEOMETRIC_REPRESENTATION_CONTEXT(2) 
PARAMETRIC_REPRESENTATION_CONTEXT() REPRESENTATION_CONTEXT('2D SPACE',''
  ) );
#797 = ORIENTED_EDGE('',*,*,#798,.F.);
#798 = EDGE_CURVE('',#799,#771,#801,.T.);
#799 = VERTEX_POINT('',#800);
#800 = CARTESIAN_POINT('',(16.,-24.07920713218,4.654247563971));
#801 = SURFACE_CURVE('',#802,(#807,#814),.PCURVE_S1.);
#802 = CIRCLE('',#803,1.);
#803 = AXIS2_PLACEMENT_3D('',#804,#805,#806);
#804 = CARTESIAN_POINT('',(16.,-23.5,3.839067155705));
#805 = DIRECTION('',(-1.,0.,-2.2E-16));
#806 = DIRECTION('',(2.2E-16,2.2E-16,-1.));
#807 = PCURVE('',#656,#808);
#808 = DEFINITIONAL_REPRESENTATION('',(#809),#813);
#809 = CIRCLE('',#810,1.);
#810 = AXIS2_PLACEMENT_2D('',#811,#812);
#811 = CARTESIAN_POINT('',(-10.00994475083,2.612863854699));
#812 = DIRECTION('',(0.,1.));
#813 = ( GEOMETRIC_REPRESENTATION_CONTEXT(2) 
PARAMETRIC_REPRESENTATION_CONTEXT() REPRESENTATION_CONTEXT('2D SPACE',''
  ) );
#814 = PCURVE('',#815,#820);
#815 = CYLINDRICAL_SURFACE('',#816,1.);
#816 = AXIS2_PLACEMENT_3D('',#817,#818,#819);
#817 = CARTESIAN_POINT('',(16.,-23.5,3.839067155705));
#818 = DIRECTION('',(-1.,0.,-2.2E-16));
#819 = DIRECTION('',(-1.793396898186E-16,-0.579207132189,0.815180408266)
  );
#820 = DEFINITIONAL_REPRESENTATION('',(#821),#825);
#821 = LINE('',#822,#823);
#822 = CARTESIAN_POINT('',(-2.523836928024,3.55E-15));
#823 = VECTOR('',#824,1.);
#824 = DIRECTION('',(1.,0.));
#825 = ( GEOMETRIC_REPRESENTATION_CONTEXT(2) 
PARAMETRIC_REPRESENTATION_CONTEXT() REPRESENTATION_CONTEXT('2D SPACE',''
  ) );
#826 = ORIENTED_EDGE('',*,*,#827,.F.);
#827 = EDGE_CURVE('',#646,#799,#828,.T.);
#828 = SURFACE_CURVE('',#829,(#833,#840),.PCURVE_S1.);
#829 = LINE('',#830,#831);
#830 = CARTESIAN_POINT('',(16.,-6.,17.5));
#831 = VECTOR('',#832,1.);
#832 = DIRECTION('',(0.,-0.815180408266,-0.579207132189));
#833 = PCURVE('',#656,#834);
#834 = DEFINITIONAL_REPRESENTATION('',(#835),#839);
#835 = LINE('',#836,#837);
#836 = CARTESIAN_POINT('',(7.490055249168,-11.04806898959));
#837 = VECTOR('',#838,1.);
#838 = DIRECTION('',(-0.815180408266,0.579207132189));
#839 = ( GEOMETRIC_REPRESENTATION_CONTEXT(2) 
PARAMETRIC_REPRESENTATION_CONTEXT() REPRESENTATION_CONTEXT('2D SPACE',''
  ) );
#840 = PCURVE('',#212,#841);
#841 = DEFINITIONAL_REPRESENTATION('',(#842),#846);
#842 = LINE('',#843,#844);
#843 = CARTESIAN_POINT('',(-16.08344429963,16.));
#844 = VECTOR('',#845,1.);
#845 = DIRECTION('',(1.,-2.465190328816E-31));
#846 = ( GEOMETRIC_REPRESENTATION_CONTEXT(2) 
PARAMETRIC_REPRESENTATION_CONTEXT() REPRESENTATION_CONTEXT('2D SPACE',''
  ) );
#847 = ADVANCED_FACE('',(#848),#697,.T.);
#848 = FACE_BOUND('',#849,.T.);
#849 = EDGE_LOOP('',(#850,#851,#874,#927));
#850 = ORIENTED_EDGE('',*,*,#680,.T.);
#851 = ORIENTED_EDGE('',*,*,#852,.T.);
#852 = EDGE_CURVE('',#648,#853,#855,.T.);
#853 = VERTEX_POINT('',#854);
#854 = CARTESIAN_POINT('',(14.309952797379,-6.,1.));
#855 = SURFACE_CURVE('',#856,(#860,#867),.PCURVE_S1.);
#856 = LINE('',#857,#858);
#857 = CARTESIAN_POINT('',(16.,-6.,1.));
#858 = VECTOR('',#859,1.);
#859 = DIRECTION('',(-1.,0.,0.));
#860 = PCURVE('',#697,#861);
#861 = DEFINITIONAL_REPRESENTATION('',(#862),#866);
#862 = LINE('',#863,#864);
#863 = CARTESIAN_POINT('',(1.570796326795,0.));
#864 = VECTOR('',#865,1.);
#865 = DIRECTION('',(0.,1.));
#866 = ( GEOMETRIC_REPRESENTATION_CONTEXT(2) 
PARAMETRIC_REPRESENTATION_CONTEXT() REPRESENTATION_CONTEXT('2D SPACE',''
  ) );
#867 = PCURVE('',#668,#868);
#868 = DEFINITIONAL_REPRESENTATION('',(#869),#873);
#869 = LINE('',#870,#871);
#870 = CARTESIAN_POINT('',(16.,-10.09310584852));
#871 = VECTOR('',#872,1.);
#872 = DIRECTION('',(-1.,0.));
#873 = ( GEOMETRIC_REPRESENTATION_CONTEXT(2) 
PARAMETRIC_REPRESENTATION_CONTEXT() REPRESENTATION_CONTEXT('2D SPACE',''
  ) );
#874 = ORIENTED_EDGE('',*,*,#875,.F.);
#875 = EDGE_CURVE('',#876,#853,#878,.T.);
#876 = VERTEX_POINT('',#877);
#877 = CARTESIAN_POINT('',(14.309952797379,-5.,0.));
#878 = SURFACE_CURVE('',#879,(#884,#891),.PCURVE_S1.);
#879 = CIRCLE('',#880,1.);
#880 = AXIS2_PLACEMENT_3D('',#881,#882,#883);
#881 = CARTESIAN_POINT('',(14.309952797379,-5.,1.));
#882 = DIRECTION('',(-1.,-0.,0.));
#883 = DIRECTION('',(0.,-1.2E-16,-1.));
#884 = PCURVE('',#697,#885);
#885 = DEFINITIONAL_REPRESENTATION('',(#886),#890);
#886 = LINE('',#887,#888);
#887 = CARTESIAN_POINT('',(0.,1.690047202621));
#888 = VECTOR('',#889,1.);
#889 = DIRECTION('',(1.,0.));
#890 = ( GEOMETRIC_REPRESENTATION_CONTEXT(2) 
PARAMETRIC_REPRESENTATION_CONTEXT() REPRESENTATION_CONTEXT('2D SPACE',''
  ) );
#891 = PCURVE('',#892,#914);
#892 = ( BOUNDED_SURFACE() B_SPLINE_SURFACE(2,6,(
    (#893,#894,#895,#896,#897,#898,#899)
    ,(#900,#901,#902,#903,#904,#905,#906)
    ,(#907,#908,#909,#910,#911,#912,#913
)),.UNSPECIFIED.,.F.,.F.,.F.) B_SPLINE_SURFACE_WITH_KNOTS((3,3),(7,7),(
    0.,0.707343196572),(1.690047202621,2.397390399193),
.PIECEWISE_BEZIER_KNOTS.) GEOMETRIC_REPRESENTATION_ITEM() 
RATIONAL_B_SPLINE_SURFACE((
    (1.,1.,1.,1.,1.,1.,1.)
    ,(0.707106781187,0.707106781187,0.707106781187,0.707106781187
      ,0.707106781187,0.707106781187,0.707106781187)
,(1.,1.,1.,1.,1.,1.,1.))) REPRESENTATION_ITEM('') SURFACE() );
#893 = CARTESIAN_POINT('',(14.309952797379,-5.,1.36E-15));
#894 = CARTESIAN_POINT('',(14.254414289584,-5.,3.3E-16));
#895 = CARTESIAN_POINT('',(14.198850302492,-5.007218600955,3.72E-15));
#896 = CARTESIAN_POINT('',(14.141937802503,-5.021669015742,-2.E-15));
#897 = CARTESIAN_POINT('',(14.081663323142,-5.043926242625,3.99E-15));
#898 = CARTESIAN_POINT('',(14.01593267932,-5.075312798573,7.6E-16));
#899 = CARTESIAN_POINT('',(13.934285617068,-5.117592895958,1.38E-15));
#900 = CARTESIAN_POINT('',(14.309952797379,-6.,1.33E-15));
#901 = CARTESIAN_POINT('',(14.176843977044,-6.,1.67E-15));
#902 = CARTESIAN_POINT('',(14.043710267682,-6.,6.7E-16));
#903 = CARTESIAN_POINT('',(13.908858115181,-6.,1.44E-15));
#904 = CARTESIAN_POINT('',(13.769941302353,-6.,1.67E-15));
#905 = CARTESIAN_POINT('',(13.624743177458,-6.,1.E-15));
#906 = CARTESIAN_POINT('',(13.463798951225,-6.,1.E-15));
#907 = CARTESIAN_POINT('',(14.309952797379,-6.,1.));
#908 = CARTESIAN_POINT('',(14.176843977043,-6.,1.));
#909 = CARTESIAN_POINT('',(14.043710267682,-6.,1.));
#910 = CARTESIAN_POINT('',(13.908858115181,-6.,1.));
#911 = CARTESIAN_POINT('',(13.769941302353,-6.,1.));
#912 = CARTESIAN_POINT('',(13.624743177458,-6.,1.));
#913 = CARTESIAN_POINT('',(13.463798951225,-6.,1.));
#914 = DEFINITIONAL_REPRESENTATION('',(#915),#926);
#915 = B_SPLINE_CURVE_WITH_KNOTS('',9,(#916,#917,#918,#919,#920,#921,
    #922,#923,#924,#925),.UNSPECIFIED.,.F.,.F.,(10,10),(0.,
    1.570796326795),.PIECEWISE_BEZIER_KNOTS.);
#916 = CARTESIAN_POINT('',(-6.E-17,1.690047202621));
#917 = CARTESIAN_POINT('',(8.729563942981E-02,1.690047202621));
#918 = CARTESIAN_POINT('',(0.16749153693,1.690047202621));
#919 = CARTESIAN_POINT('',(0.243500147879,1.690047202621));
#920 = CARTESIAN_POINT('',(0.317188346328,1.690047202621));
#921 = CARTESIAN_POINT('',(0.390154850244,1.690047202621));
#922 = CARTESIAN_POINT('',(0.463843048693,1.690047202621));
#923 = CARTESIAN_POINT('',(0.539851659642,1.690047202621));
#924 = CARTESIAN_POINT('',(0.620047557142,1.690047202621));
#925 = CARTESIAN_POINT('',(0.707343196572,1.690047202621));
#926 = ( GEOMETRIC_REPRESENTATION_CONTEXT(2) 
PARAMETRIC_REPRESENTATION_CONTEXT() REPRESENTATION_CONTEXT('2D SPACE',''
  ) );
#927 = ORIENTED_EDGE('',*,*,#928,.F.);
#928 = EDGE_CURVE('',#681,#876,#929,.T.);
#929 = SURFACE_CURVE('',#930,(#934,#941),.PCURVE_S1.);
#930 = LINE('',#931,#932);
#931 = CARTESIAN_POINT('',(16.,-5.,8.9E-16));
#932 = VECTOR('',#933,1.);
#933 = DIRECTION('',(-1.,0.,0.));
#934 = PCURVE('',#697,#935);
#935 = DEFINITIONAL_REPRESENTATION('',(#936),#940);
#936 = LINE('',#937,#938);
#937 = CARTESIAN_POINT('',(0.,0.));
#938 = VECTOR('',#939,1.);
#939 = DIRECTION('',(0.,1.));
#940 = ( GEOMETRIC_REPRESENTATION_CONTEXT(2) 
PARAMETRIC_REPRESENTATION_CONTEXT() REPRESENTATION_CONTEXT('2D SPACE',''
  ) );
#941 = PCURVE('',#725,#942);
#942 = DEFINITIONAL_REPRESENTATION('',(#943),#947);
#943 = LINE('',#944,#945);
#944 = CARTESIAN_POINT('',(0.723572967801,16.));
#945 = VECTOR('',#946,1.);
#946 = DIRECTION('',(0.,-1.));
#947 = ( GEOMETRIC_REPRESENTATION_CONTEXT(2) 
PARAMETRIC_REPRESENTATION_CONTEXT() REPRESENTATION_CONTEXT('2D SPACE',''
  ) );
#948 = ADVANCED_FACE('',(#949),#892,.T.);
#949 = FACE_BOUND('',#950,.T.);
#950 = EDGE_LOOP('',(#951,#952,#983,#1039));
#951 = ORIENTED_EDGE('',*,*,#875,.T.);
#952 = ORIENTED_EDGE('',*,*,#953,.T.);
#953 = EDGE_CURVE('',#853,#954,#956,.T.);
#954 = VERTEX_POINT('',#955);
#955 = CARTESIAN_POINT('',(13.463798951225,-6.,1.));
#956 = SURFACE_CURVE('',#957,(#965,#972),.PCURVE_S1.);
#957 = ( BOUNDED_CURVE() B_SPLINE_CURVE(6,(#958,#959,#960,#961,#962,#963
,#964),.UNSPECIFIED.,.F.,.F.) B_SPLINE_CURVE_WITH_KNOTS((7,7),(
1.690047202621,2.397390399193),.PIECEWISE_BEZIER_KNOTS.) CURVE() 
GEOMETRIC_REPRESENTATION_ITEM() RATIONAL_B_SPLINE_CURVE((1.,1.,1.,1.,1.,
1.,1.)) REPRESENTATION_ITEM('') );
#958 = CARTESIAN_POINT('',(14.309952797379,-6.,1.));
#959 = CARTESIAN_POINT('',(14.176843977043,-6.,1.));
#960 = CARTESIAN_POINT('',(14.043710267682,-6.,1.));
#961 = CARTESIAN_POINT('',(13.908858115181,-6.,1.));
#962 = CARTESIAN_POINT('',(13.769941302353,-6.,1.));
#963 = CARTESIAN_POINT('',(13.624743177458,-6.,1.));
#964 = CARTESIAN_POINT('',(13.463798951225,-6.,1.));
#965 = PCURVE('',#892,#966);
#966 = DEFINITIONAL_REPRESENTATION('',(#967),#971);
#967 = LINE('',#968,#969);
#968 = CARTESIAN_POINT('',(0.707343196572,0.));
#969 = VECTOR('',#970,1.);
#970 = DIRECTION('',(0.,1.));
#971 = ( GEOMETRIC_REPRESENTATION_CONTEXT(2) 
PARAMETRIC_REPRESENTATION_CONTEXT() REPRESENTATION_CONTEXT('2D SPACE',''
  ) );
#972 = PCURVE('',#668,#973);
#973 = DEFINITIONAL_REPRESENTATION('',(#974),#982);
#974 = ( BOUNDED_CURVE() B_SPLINE_CURVE(6,(#975,#976,#977,#978,#979,#980
,#981),.UNSPECIFIED.,.F.,.F.) B_SPLINE_CURVE_WITH_KNOTS((7,7),(
1.690047202621,2.397390399193),.PIECEWISE_BEZIER_KNOTS.) CURVE() 
GEOMETRIC_REPRESENTATION_ITEM() RATIONAL_B_SPLINE_CURVE((1.,1.,1.,1.,1.,
1.,1.)) REPRESENTATION_ITEM('') );
#975 = CARTESIAN_POINT('',(14.309952797379,-10.09310584852));
#976 = CARTESIAN_POINT('',(14.176843977043,-10.09310584852));
#977 = CARTESIAN_POINT('',(14.043710267682,-10.09310584852));
#978 = CARTESIAN_POINT('',(13.908858115181,-10.09310584852));
#979 = CARTESIAN_POINT('',(13.769941302353,-10.09310584852));
#980 = CARTESIAN_POINT('',(13.624743177458,-10.09310584852));
#981 = CARTESIAN_POINT('',(13.463798951225,-10.09310584852));
#982 = ( GEOMETRIC_REPRESENTATION_CONTEXT(2) 
PARAMETRIC_REPRESENTATION_CONTEXT() REPRESENTATION_CONTEXT('2D SPACE',''
  ) );
#983 = ORIENTED_EDGE('',*,*,#984,.F.);
#984 = EDGE_CURVE('',#985,#954,#987,.T.);
#985 = VERTEX_POINT('',#986);
#986 = CARTESIAN_POINT('',(13.934285617068,-5.117592895958,0.));
#987 = SURFACE_CURVE('',#988,(#992,#999),.PCURVE_S1.);
#988 = ( BOUNDED_CURVE() B_SPLINE_CURVE(2,(#989,#990,#991),
.UNSPECIFIED.,.F.,.F.) B_SPLINE_CURVE_WITH_KNOTS((3,3),(0.,
0.707343196572),.PIECEWISE_BEZIER_KNOTS.) CURVE() 
GEOMETRIC_REPRESENTATION_ITEM() RATIONAL_B_SPLINE_CURVE((1.,
0.707106781187,1.)) REPRESENTATION_ITEM('') );
#989 = CARTESIAN_POINT('',(13.934285617068,-5.117592895958,1.38E-15));
#990 = CARTESIAN_POINT('',(13.463798951225,-6.,1.E-15));
#991 = CARTESIAN_POINT('',(13.463798951225,-6.,1.));
#992 = PCURVE('',#892,#993);
#993 = DEFINITIONAL_REPRESENTATION('',(#994),#998);
#994 = LINE('',#995,#996);
#995 = CARTESIAN_POINT('',(0.,2.397390399193));
#996 = VECTOR('',#997,1.);
#997 = DIRECTION('',(1.,0.));
#998 = ( GEOMETRIC_REPRESENTATION_CONTEXT(2) 
PARAMETRIC_REPRESENTATION_CONTEXT() REPRESENTATION_CONTEXT('2D SPACE',''
  ) );
#999 = PCURVE('',#1000,#1034);
#1000 = ( BOUNDED_SURFACE() B_SPLINE_SURFACE(2,10,(
    (#1001,#1002,#1003,#1004,#1005,#1006,#1007,#1008,#1009,#1010,#1011)
    ,(#1012,#1013,#1014,#1015,#1016,#1017,#1018,#1019,#1020,#1021,#1022)
    ,(#1023,#1024,#1025,#1026,#1027,#1028,#1029,#1030,#1031,#1032,#1033
)),.UNSPECIFIED.,.F.,.F.,.F.) B_SPLINE_SURFACE_WITH_KNOTS((3,3),(11,11),
  (0.,1.115064879372),(2.397390399193,3.512455278565),
.PIECEWISE_BEZIER_KNOTS.) GEOMETRIC_REPRESENTATION_ITEM() 
RATIONAL_B_SPLINE_SURFACE((
    (1.,1.,1.,1.,1.,1.,1.,1.,1.,1.,1.)
    ,(0.707106781187,0.764160235974,0.799697250655,0.833080441682
      ,0.853292751182,0.874930037911,0.886595412068,0.897684119643
      ,0.903864217774,0.907177557446,0.907177557446)
,(1.,1.,1.,1.,1.,1.,1.,1.,1.,1.,1.
  ))) REPRESENTATION_ITEM('') SURFACE() );
#1001 = CARTESIAN_POINT('',(13.934285617068,-5.117592895958,1.38E-15));
#1002 = CARTESIAN_POINT('',(13.857059931945,-5.15758342835,1.08E-15));
#1003 = CARTESIAN_POINT('',(13.78179124389,-5.178153653098,2.4E-15));
#1004 = CARTESIAN_POINT('',(13.710220035023,-5.18577714553,6.2E-16));
#1005 = CARTESIAN_POINT('',(13.644898440975,-5.180266835614,1.85E-15));
#1006 = CARTESIAN_POINT('',(13.58714476602,-5.16554986028,2.52E-15));
#1007 = CARTESIAN_POINT('',(13.539006158911,-5.141380512674,-5.9E-16));
#1008 = CARTESIAN_POINT('',(13.501658203023,-5.110854418861,2.2E-15));
#1009 = CARTESIAN_POINT('',(13.476424483569,-5.075429062092,1.65E-15));
#1010 = CARTESIAN_POINT('',(13.463798951225,-5.037718246112,1.32E-15));
#1011 = CARTESIAN_POINT('',(13.463798951225,-5.,1.36E-15));
#1012 = CARTESIAN_POINT('',(13.463798951225,-6.,2.22E-15));
#1013 = CARTESIAN_POINT('',(13.39319048282,-5.868236080747,3.86E-15));
#1014 = CARTESIAN_POINT('',(13.311038218436,-5.771940522508,-1.1075E-13)
  );
#1015 = CARTESIAN_POINT('',(13.240817015025,-5.670980536643,3.2337E-13)
  );
#1016 = CARTESIAN_POINT('',(13.1698664184,-5.580760891908,-4.9396E-13));
#1017 = CARTESIAN_POINT('',(13.117172695424,-5.481251514908,4.9844E-13)
  );
#1018 = CARTESIAN_POINT('',(13.068122316198,-5.387500427203,-3.3615E-13)
  );
#1019 = CARTESIAN_POINT('',(13.034893369991,-5.289645140995,1.4116E-13)
  );
#1020 = CARTESIAN_POINT('',(13.01134246495,-5.192957557706,-2.891E-14));
#1021 = CARTESIAN_POINT('',(13.,-5.096110844847,2.2E-15));
#1022 = CARTESIAN_POINT('',(13.,-5.,1.44E-15));
#1023 = CARTESIAN_POINT('',(13.463798951225,-6.,1.));
#1024 = CARTESIAN_POINT('',(13.311570226826,-6.,0.838628460919));
#1025 = CARTESIAN_POINT('',(13.174994934698,-5.946220022562,
    0.723788011436));
#1026 = CARTESIAN_POINT('',(13.051925785492,-5.871176194716,
    0.61768331329));
#1027 = CARTESIAN_POINT('',(12.949282289788,-5.766094327413,
    0.543485998065));
#1028 = CARTESIAN_POINT('',(12.863045018993,-5.655262641244,
    0.472360039383));
#1029 = CARTESIAN_POINT('',(12.797568816534,-5.528285537387,
    0.427236833972));
#1030 = CARTESIAN_POINT('',(12.748471336844,-5.400366448868,
    0.388976689981));
#1031 = CARTESIAN_POINT('',(12.716487799641,-5.26759143886,
    0.365996040934));
#1032 = CARTESIAN_POINT('',(12.700412665856,-5.133829090958,
    0.354057758534));
#1033 = CARTESIAN_POINT('',(12.700412665856,-5.,0.354057758534));
#1034 = DEFINITIONAL_REPRESENTATION('',(#1035),#1038);
#1035 = B_SPLINE_CURVE_WITH_KNOTS('',1,(#1036,#1037),.UNSPECIFIED.,.F.,
  .F.,(2,2),(0.,0.707343196572),.PIECEWISE_BEZIER_KNOTS.);
#1036 = CARTESIAN_POINT('',(0.,2.397390399193));
#1037 = CARTESIAN_POINT('',(1.115064879372,2.397390399193));
#1038 = ( GEOMETRIC_REPRESENTATION_CONTEXT(2) 
PARAMETRIC_REPRESENTATION_CONTEXT() REPRESENTATION_CONTEXT('2D SPACE',''
  ) );
#1039 = ORIENTED_EDGE('',*,*,#1040,.F.);
#1040 = EDGE_CURVE('',#876,#985,#1041,.T.);
#1041 = SURFACE_CURVE('',#1042,(#1050,#1057),.PCURVE_S1.);
#1042 = ( BOUNDED_CURVE() B_SPLINE_CURVE(6,(#1043,#1044,#1045,#1046,
#1047,#1048,#1049),.UNSPECIFIED.,.F.,.F.) B_SPLINE_CURVE_WITH_KNOTS((7,7
),(1.690047202621,2.397390399193),.PIECEWISE_BEZIER_KNOTS.) CURVE() 
GEOMETRIC_REPRESENTATION_ITEM() RATIONAL_B_SPLINE_CURVE((1.,1.,1.,1.,1.,
1.,1.)) REPRESENTATION_ITEM('') );
#1043 = CARTESIAN_POINT('',(14.309952797379,-5.,1.36E-15));
#1044 = CARTESIAN_POINT('',(14.254414289584,-5.,3.3E-16));
#1045 = CARTESIAN_POINT('',(14.198850302492,-5.007218600955,3.72E-15));
#1046 = CARTESIAN_POINT('',(14.141937802503,-5.021669015742,-2.E-15));
#1047 = CARTESIAN_POINT('',(14.081663323142,-5.043926242625,3.99E-15));
#1048 = CARTESIAN_POINT('',(14.01593267932,-5.075312798573,7.6E-16));
#1049 = CARTESIAN_POINT('',(13.934285617068,-5.117592895958,1.38E-15));
#1050 = PCURVE('',#892,#1051);
#1051 = DEFINITIONAL_REPRESENTATION('',(#1052),#1056);
#1052 = LINE('',#1053,#1054);
#1053 = CARTESIAN_POINT('',(0.,0.));
#1054 = VECTOR('',#1055,1.);
#1055 = DIRECTION('',(0.,1.));
#1056 = ( GEOMETRIC_REPRESENTATION_CONTEXT(2) 
PARAMETRIC_REPRESENTATION_CONTEXT() REPRESENTATION_CONTEXT('2D SPACE',''
  ) );
#1057 = PCURVE('',#725,#1058);
#1058 = DEFINITIONAL_REPRESENTATION('',(#1059),#1067);
#1059 = ( BOUNDED_CURVE() B_SPLINE_CURVE(6,(#1060,#1061,#1062,#1063,
#1064,#1065,#1066),.UNSPECIFIED.,.F.,.F.) B_SPLINE_CURVE_WITH_KNOTS((7,7
),(1.690047202621,2.397390399193),.PIECEWISE_BEZIER_KNOTS.) CURVE() 
GEOMETRIC_REPRESENTATION_ITEM() RATIONAL_B_SPLINE_CURVE((1.,1.,1.,1.,1.,
1.,1.)) REPRESENTATION_ITEM('') );
#1060 = CARTESIAN_POINT('',(0.723572967801,14.309952797379));
#1061 = CARTESIAN_POINT('',(0.723572967801,14.254414289584));
#1062 = CARTESIAN_POINT('',(0.716354366846,14.198850302492));
#1063 = CARTESIAN_POINT('',(0.70190395206,14.141937802503));
#1064 = CARTESIAN_POINT('',(0.679646725176,14.081663323142));
#1065 = CARTESIAN_POINT('',(0.648260169228,14.01593267932));
#1066 = CARTESIAN_POINT('',(0.605980071843,13.934285617068));
#1067 = ( GEOMETRIC_REPRESENTATION_CONTEXT(2) 
PARAMETRIC_REPRESENTATION_CONTEXT() REPRESENTATION_CONTEXT('2D SPACE',''
  ) );
#1068 = ADVANCED_FACE('',(#1069),#1000,.T.);
#1069 = FACE_BOUND('',#1070,.T.);
#1070 = EDGE_LOOP('',(#1071,#1072,#1117,#1150));
#1071 = ORIENTED_EDGE('',*,*,#984,.T.);
#1072 = ORIENTED_EDGE('',*,*,#1073,.T.);
#1073 = EDGE_CURVE('',#954,#1074,#1076,.T.);
#1074 = VERTEX_POINT('',#1075);
#1075 = CARTESIAN_POINT('',(12.700412665856,-5.,0.354057758534));
#1076 = SURFACE_CURVE('',#1077,(#1089,#1096),.PCURVE_S1.);
#1077 = ( BOUNDED_CURVE() B_SPLINE_CURVE(10,(#1078,#1079,#1080,#1081,
    #1082,#1083,#1084,#1085,#1086,#1087,#1088),.UNSPECIFIED.,.F.,.F.) 
B_SPLINE_CURVE_WITH_KNOTS((11,11),(2.397390399193,3.512455278565),
.PIECEWISE_BEZIER_KNOTS.) CURVE() GEOMETRIC_REPRESENTATION_ITEM() 
RATIONAL_B_SPLINE_CURVE((1.,1.,1.,1.,1.,1.,1.,1.,1.,1.,1.)) 
REPRESENTATION_ITEM('') );
#1078 = CARTESIAN_POINT('',(13.463798951225,-6.,1.));
#1079 = CARTESIAN_POINT('',(13.311570226826,-6.,0.838628460919));
#1080 = CARTESIAN_POINT('',(13.174994934698,-5.946220022562,
    0.723788011436));
#1081 = CARTESIAN_POINT('',(13.051925785492,-5.871176194716,
    0.61768331329));
#1082 = CARTESIAN_POINT('',(12.949282289788,-5.766094327413,
    0.543485998065));
#1083 = CARTESIAN_POINT('',(12.863045018993,-5.655262641244,
    0.472360039383));
#1084 = CARTESIAN_POINT('',(12.797568816534,-5.528285537387,
    0.427236833972));
#1085 = CARTESIAN_POINT('',(12.748471336844,-5.400366448868,
    0.388976689981));
#1086 = CARTESIAN_POINT('',(12.716487799641,-5.26759143886,
    0.365996040934));
#1087 = CARTESIAN_POINT('',(12.700412665856,-5.133829090958,
    0.354057758534));
#1088 = CARTESIAN_POINT('',(12.700412665856,-5.,0.354057758534));
#1089 = PCURVE('',#1000,#1090);
#1090 = DEFINITIONAL_REPRESENTATION('',(#1091),#1095);
#1091 = LINE('',#1092,#1093);
#1092 = CARTESIAN_POINT('',(1.115064879372,0.));
#1093 = VECTOR('',#1094,1.);
#1094 = DIRECTION('',(0.,1.));
#1095 = ( GEOMETRIC_REPRESENTATION_CONTEXT(2) 
PARAMETRIC_REPRESENTATION_CONTEXT() REPRESENTATION_CONTEXT('2D SPACE',''
  ) );
#1096 = PCURVE('',#1097,#1102);
#1097 = CYLINDRICAL_SURFACE('',#1098,1.);
#1098 = AXIS2_PLACEMENT_3D('',#1099,#1100,#1101);
#1099 = CARTESIAN_POINT('',(2.763386285369,-5.,13.645942241466));
#1100 = DIRECTION('',(0.645942241466,0.,-0.763386285369));
#1101 = DIRECTION('',(-0.763386285369,-2.9E-16,-0.645942241466));
#1102 = DEFINITIONAL_REPRESENTATION('',(#1103),#1116);
#1103 = B_SPLINE_CURVE_WITH_KNOTS('',11,(#1104,#1105,#1106,#1107,#1108,
    #1109,#1110,#1111,#1112,#1113,#1114,#1115),.UNSPECIFIED.,.F.,.F.,(12
    ,12),(2.397390399193,3.512455278565),.PIECEWISE_BEZIER_KNOTS.);
#1104 = CARTESIAN_POINT('',(-1.570796326795,16.565587414701));
#1105 = CARTESIAN_POINT('',(-1.370390859424,16.588185465909));
#1106 = CARTESIAN_POINT('',(-1.204374869384,16.589992615502));
#1107 = CARTESIAN_POINT('',(-1.042873803457,16.590988715687));
#1108 = CARTESIAN_POINT('',(-0.899225062081,16.585248822495));
#1109 = CARTESIAN_POINT('',(-0.75420993676,16.580960638651));
#1110 = CARTESIAN_POINT('',(-0.622978739724,16.57677446666));
#1111 = CARTESIAN_POINT('',(-0.491225128757,16.571557838454));
#1112 = CARTESIAN_POINT('',(-0.366597569686,16.569129074678));
#1113 = CARTESIAN_POINT('',(-0.243273699112,16.566625578229));
#1114 = CARTESIAN_POINT('',(-0.121662809962,16.565587414702));
#1115 = CARTESIAN_POINT('',(-1.1E-16,16.565587414701));
#1116 = ( GEOMETRIC_REPRESENTATION_CONTEXT(2) 
PARAMETRIC_REPRESENTATION_CONTEXT() REPRESENTATION_CONTEXT('2D SPACE',''
  ) );
#1117 = ORIENTED_EDGE('',*,*,#1118,.F.);
#1118 = EDGE_CURVE('',#1119,#1074,#1121,.T.);
#1119 = VERTEX_POINT('',#1120);
#1120 = CARTESIAN_POINT('',(13.463798951225,-5.,0.));
#1121 = SURFACE_CURVE('',#1122,(#1126,#1133),.PCURVE_S1.);
#1122 = ( BOUNDED_CURVE() B_SPLINE_CURVE(2,(#1123,#1124,#1125),
.UNSPECIFIED.,.F.,.F.) B_SPLINE_CURVE_WITH_KNOTS((3,3),(0.,
1.115064879372),.PIECEWISE_BEZIER_KNOTS.) CURVE() 
GEOMETRIC_REPRESENTATION_ITEM() RATIONAL_B_SPLINE_CURVE((1.,
0.907177557446,1.)) REPRESENTATION_ITEM('') );
#1123 = CARTESIAN_POINT('',(13.463798951225,-5.,1.36E-15));
#1124 = CARTESIAN_POINT('',(13.,-5.,1.44E-15));
#1125 = CARTESIAN_POINT('',(12.700412665856,-5.,0.354057758534));
#1126 = PCURVE('',#1000,#1127);
#1127 = DEFINITIONAL_REPRESENTATION('',(#1128),#1132);
#1128 = LINE('',#1129,#1130);
#1129 = CARTESIAN_POINT('',(0.,3.512455278565));
#1130 = VECTOR('',#1131,1.);
#1131 = DIRECTION('',(1.,0.));
#1132 = ( GEOMETRIC_REPRESENTATION_CONTEXT(2) 
PARAMETRIC_REPRESENTATION_CONTEXT() REPRESENTATION_CONTEXT('2D SPACE',''
  ) );
#1133 = PCURVE('',#1134,#1139);
#1134 = CYLINDRICAL_SURFACE('',#1135,1.);
#1135 = AXIS2_PLACEMENT_3D('',#1136,#1137,#1138);
#1136 = CARTESIAN_POINT('',(13.463798951225,-5.,1.));
#1137 = DIRECTION('',(0.,1.,-4.4E-16));
#1138 = DIRECTION('',(0.,-4.4E-16,-1.));
#1139 = DEFINITIONAL_REPRESENTATION('',(#1140),#1149);
#1140 = B_SPLINE_CURVE_WITH_KNOTS('',7,(#1141,#1142,#1143,#1144,#1145,
    #1146,#1147,#1148),.UNSPECIFIED.,.F.,.F.,(8,8),(0.,1.115064879372),
  .PIECEWISE_BEZIER_KNOTS.);
#1141 = CARTESIAN_POINT('',(6.E-17,-1.47E-15));
#1142 = CARTESIAN_POINT('',(0.120213714205,-1.47E-15));
#1143 = CARTESIAN_POINT('',(0.244147041458,-1.47E-15));
#1144 = CARTESIAN_POINT('',(0.370587477818,-1.47E-15));
#1145 = CARTESIAN_POINT('',(0.497951917468,-1.47E-15));
#1146 = CARTESIAN_POINT('',(0.624392353827,-1.47E-15));
#1147 = CARTESIAN_POINT('',(0.748325681081,-1.47E-15));
#1148 = CARTESIAN_POINT('',(0.868539395286,-1.47E-15));
#1149 = ( GEOMETRIC_REPRESENTATION_CONTEXT(2) 
PARAMETRIC_REPRESENTATION_CONTEXT() REPRESENTATION_CONTEXT('2D SPACE',''
  ) );
#1150 = ORIENTED_EDGE('',*,*,#1151,.F.);
#1151 = EDGE_CURVE('',#985,#1119,#1152,.T.);
#1152 = SURFACE_CURVE('',#1153,(#1165,#1172),.PCURVE_S1.);
#1153 = ( BOUNDED_CURVE() B_SPLINE_CURVE(10,(#1154,#1155,#1156,#1157,
    #1158,#1159,#1160,#1161,#1162,#1163,#1164),.UNSPECIFIED.,.F.,.F.) 
B_SPLINE_CURVE_WITH_KNOTS((11,11),(2.397390399193,3.512455278565),
.PIECEWISE_BEZIER_KNOTS.) CURVE() GEOMETRIC_REPRESENTATION_ITEM() 
RATIONAL_B_SPLINE_CURVE((1.,1.,1.,1.,1.,1.,1.,1.,1.,1.,1.)) 
REPRESENTATION_ITEM('') );
#1154 = CARTESIAN_POINT('',(13.934285617068,-5.117592895958,1.38E-15));
#1155 = CARTESIAN_POINT('',(13.857059931945,-5.15758342835,1.08E-15));
#1156 = CARTESIAN_POINT('',(13.78179124389,-5.178153653098,2.4E-15));
#1157 = CARTESIAN_POINT('',(13.710220035023,-5.18577714553,6.2E-16));
#1158 = CARTESIAN_POINT('',(13.644898440975,-5.180266835614,1.85E-15));
#1159 = CARTESIAN_POINT('',(13.58714476602,-5.16554986028,2.52E-15));
#1160 = CARTESIAN_POINT('',(13.539006158911,-5.141380512674,-5.9E-16));
#1161 = CARTESIAN_POINT('',(13.501658203023,-5.110854418861,2.2E-15));
#1162 = CARTESIAN_POINT('',(13.476424483569,-5.075429062092,1.65E-15));
#1163 = CARTESIAN_POINT('',(13.463798951225,-5.037718246112,1.32E-15));
#1164 = CARTESIAN_POINT('',(13.463798951225,-5.,1.36E-15));
#1165 = PCURVE('',#1000,#1166);
#1166 = DEFINITIONAL_REPRESENTATION('',(#1167),#1171);
#1167 = LINE('',#1168,#1169);
#1168 = CARTESIAN_POINT('',(0.,0.));
#1169 = VECTOR('',#1170,1.);
#1170 = DIRECTION('',(0.,1.));
#1171 = ( GEOMETRIC_REPRESENTATION_CONTEXT(2) 
PARAMETRIC_REPRESENTATION_CONTEXT() REPRESENTATION_CONTEXT('2D SPACE',''
  ) );
#1172 = PCURVE('',#725,#1173);
#1173 = DEFINITIONAL_REPRESENTATION('',(#1174),#1186);
#1174 = ( BOUNDED_CURVE() B_SPLINE_CURVE(10,(#1175,#1176,#1177,#1178,
    #1179,#1180,#1181,#1182,#1183,#1184,#1185),.UNSPECIFIED.,.F.,.F.) 
B_SPLINE_CURVE_WITH_KNOTS((11,11),(2.397390399193,3.512455278565),
.PIECEWISE_BEZIER_KNOTS.) CURVE() GEOMETRIC_REPRESENTATION_ITEM() 
RATIONAL_B_SPLINE_CURVE((1.,1.,1.,1.,1.,1.,1.,1.,1.,1.,1.)) 
REPRESENTATION_ITEM('') );
#1175 = CARTESIAN_POINT('',(0.605980071843,13.934285617068));
#1176 = CARTESIAN_POINT('',(0.565989539452,13.857059931945));
#1177 = CARTESIAN_POINT('',(0.545419314703,13.78179124389));
#1178 = CARTESIAN_POINT('',(0.537795822271,13.710220035023));
#1179 = CARTESIAN_POINT('',(0.543306132187,13.644898440975));
#1180 = CARTESIAN_POINT('',(0.558023107522,13.58714476602));
#1181 = CARTESIAN_POINT('',(0.582192455127,13.539006158911));
#1182 = CARTESIAN_POINT('',(0.61271854894,13.501658203023));
#1183 = CARTESIAN_POINT('',(0.648143905709,13.476424483569));
#1184 = CARTESIAN_POINT('',(0.685854721689,13.463798951225));
#1185 = CARTESIAN_POINT('',(0.723572967801,13.463798951225));
#1186 = ( GEOMETRIC_REPRESENTATION_CONTEXT(2) 
PARAMETRIC_REPRESENTATION_CONTEXT() REPRESENTATION_CONTEXT('2D SPACE',''
  ) );
#1187 = ADVANCED_FACE('',(#1188),#1134,.T.);
#1188 = FACE_BOUND('',#1189,.T.);
#1189 = EDGE_LOOP('',(#1190,#1191,#1219,#1353));
#1190 = ORIENTED_EDGE('',*,*,#1118,.T.);
#1191 = ORIENTED_EDGE('',*,*,#1192,.T.);
#1192 = EDGE_CURVE('',#1074,#1193,#1195,.T.);
#1193 = VERTEX_POINT('',#1194);
#1194 = CARTESIAN_POINT('',(12.700412665856,-4.,0.354057758534));
#1195 = SURFACE_CURVE('',#1196,(#1200,#1207),.PCURVE_S1.);
#1196 = LINE('',#1197,#1198);
#1197 = CARTESIAN_POINT('',(12.700412665856,-5.,0.354057758534));
#1198 = VECTOR('',#1199,1.);
#1199 = DIRECTION('',(0.,1.,-4.4E-16));
#1200 = PCURVE('',#1134,#1201);
#1201 = DEFINITIONAL_REPRESENTATION('',(#1202),#1206);
#1202 = LINE('',#1203,#1204);
#1203 = CARTESIAN_POINT('',(0.868539395286,0.));
#1204 = VECTOR('',#1205,1.);
#1205 = DIRECTION('',(0.,1.));
#1206 = ( GEOMETRIC_REPRESENTATION_CONTEXT(2) 
PARAMETRIC_REPRESENTATION_CONTEXT() REPRESENTATION_CONTEXT('2D SPACE',''
  ) );
#1207 = PCURVE('',#1208,#1213);
#1208 = PLANE('',#1209);
#1209 = AXIS2_PLACEMENT_3D('',#1210,#1211,#1212);
#1210 = CARTESIAN_POINT('',(2.,2.88E-15,13.));
#1211 = DIRECTION('',(0.763386285369,1.5E-16,0.645942241466));
#1212 = DIRECTION('',(0.645942241466,-1.7E-16,-0.763386285369));
#1213 = DEFINITIONAL_REPRESENTATION('',(#1214),#1218);
#1214 = LINE('',#1215,#1216);
#1215 = CARTESIAN_POINT('',(16.565587414701,-5.));
#1216 = VECTOR('',#1217,1.);
#1217 = DIRECTION('',(1.658899655624E-16,1.));
#1218 = ( GEOMETRIC_REPRESENTATION_CONTEXT(2) 
PARAMETRIC_REPRESENTATION_CONTEXT() REPRESENTATION_CONTEXT('2D SPACE',''
  ) );
#1219 = ORIENTED_EDGE('',*,*,#1220,.F.);
#1220 = EDGE_CURVE('',#1221,#1193,#1223,.T.);
#1221 = VERTEX_POINT('',#1222);
#1222 = CARTESIAN_POINT('',(13.463798951225,-4.,-1.E-15));
#1223 = SURFACE_CURVE('',#1224,(#1229,#1236),.PCURVE_S1.);
#1224 = CIRCLE('',#1225,1.);
#1225 = AXIS2_PLACEMENT_3D('',#1226,#1227,#1228);
#1226 = CARTESIAN_POINT('',(13.463798951225,-4.,1.));
#1227 = DIRECTION('',(0.,1.,-4.4E-16));
#1228 = DIRECTION('',(0.,-4.4E-16,-1.));
#1229 = PCURVE('',#1134,#1230);
#1230 = DEFINITIONAL_REPRESENTATION('',(#1231),#1235);
#1231 = LINE('',#1232,#1233);
#1232 = CARTESIAN_POINT('',(0.,1.));
#1233 = VECTOR('',#1234,1.);
#1234 = DIRECTION('',(1.,0.));
#1235 = ( GEOMETRIC_REPRESENTATION_CONTEXT(2) 
PARAMETRIC_REPRESENTATION_CONTEXT() REPRESENTATION_CONTEXT('2D SPACE',''
  ) );
#1236 = PCURVE('',#1237,#1268);
#1237 = ( BOUNDED_SURFACE() B_SPLINE_SURFACE(2,9,(
    (#1238,#1239,#1240,#1241,#1242,#1243,#1244,#1245,#1246,#1247)
    ,(#1248,#1249,#1250,#1251,#1252,#1253,#1254,#1255,#1256,#1257)
    ,(#1258,#1259,#1260,#1261,#1262,#1263,#1264,#1265,#1266,#1267
)),.UNSPECIFIED.,.F.,.F.,.F.) B_SPLINE_SURFACE_WITH_KNOTS((3,3),(10,10),
  (0.,6.44130617421),(4.512455278565,10.953761452775),
.PIECEWISE_BEZIER_KNOTS.) GEOMETRIC_REPRESENTATION_ITEM() 
RATIONAL_B_SPLINE_SURFACE((
    (1.,1.,1.,1.,1.,1.,1.,1.,1.,1.)
    ,(0.907177557446,0.907177557446,0.901318682832,0.889055501693
      ,0.870663431847,0.845896453707,0.815164416785,0.78232756323
      ,0.746489032652,0.707106781187)
,(1.,1.,1.,1.,1.,1.,1.,1.,1.,1.))) REPRESENTATION_ITEM('') SURFACE() );
#1238 = CARTESIAN_POINT('',(13.463798951225,-4.,1.25E-15));
#1239 = CARTESIAN_POINT('',(13.463798951225,-3.469045686217,2.34E-15));
#1240 = CARTESIAN_POINT('',(13.601848239852,-2.900709610738,-2.31E-15));
#1241 = CARTESIAN_POINT('',(13.909042595519,-2.333435722438,6.37E-15));
#1242 = CARTESIAN_POINT('',(14.390426628634,-1.853376067223,-2.63E-15));
#1243 = CARTESIAN_POINT('',(14.947745094682,-1.493900588961,-1.22E-15));
#1244 = CARTESIAN_POINT('',(15.548998640437,-1.242297544097,5.89E-15));
#1245 = CARTESIAN_POINT('',(16.150885385046,-1.084085912917,-2.46E-15));
#1246 = CARTESIAN_POINT('',(16.763282377964,-0.999630305181,1.94E-15));
#1247 = CARTESIAN_POINT('',(17.395735291679,-0.999997841063,9.E-16));
#1248 = CARTESIAN_POINT('',(13.,-4.,3.9E-16));
#1249 = CARTESIAN_POINT('',(13.,-3.3739568104,-2.75E-15));
#1250 = CARTESIAN_POINT('',(13.1439830636,-2.710955007656,1.522E-14));
#1251 = CARTESIAN_POINT('',(13.46100839198,-2.042061628462,-1.711E-14));
#1252 = CARTESIAN_POINT('',(13.964891893486,-1.447684234804,1.195E-14));
#1253 = CARTESIAN_POINT('',(14.564768461312,-0.970453296234,-6.99E-15));
#1254 = CARTESIAN_POINT('',(15.214674065954,-0.593011654943,1.252E-14));
#1255 = CARTESIAN_POINT('',(15.899695397467,-0.307006310839,-7.51E-15));
#1256 = CARTESIAN_POINT('',(16.627247021356,-0.105513047663,5.19E-15));
#1257 = CARTESIAN_POINT('',(17.393657343362,1.33E-15,-2.2E-16));
#1258 = CARTESIAN_POINT('',(12.700412665856,-4.,0.354057758534));
#1259 = CARTESIAN_POINT('',(12.700412665856,-3.312534888817,
    0.354057758534));
#1260 = CARTESIAN_POINT('',(12.856599327579,-2.602133421644,
    0.375301551359));
#1261 = CARTESIAN_POINT('',(13.186704159652,-1.900160454308,
    0.419908816054));
#1262 = CARTESIAN_POINT('',(13.702453646601,-1.27590216309,
    0.485585008564));
#1263 = CARTESIAN_POINT('',(14.329875968115,-0.768922906936,
    0.573122343112));
#1264 = CARTESIAN_POINT('',(15.044247056335,-0.387813826986,
    0.675682265806));
#1265 = CARTESIAN_POINT('',(15.797486787625,-0.133992658429,
    0.780245448247));
#1266 = CARTESIAN_POINT('',(16.58433040197,1.712E-14,0.888610171723));
#1267 = CARTESIAN_POINT('',(17.393657343362,1.55E-15,1.));
#1268 = DEFINITIONAL_REPRESENTATION('',(#1269),#1352);
#1269 = B_SPLINE_CURVE_WITH_KNOTS('',11,(#1270,#1271,#1272,#1273,#1274,
    #1275,#1276,#1277,#1278,#1279,#1280,#1281,#1282,#1283,#1284,#1285,
    #1286,#1287,#1288,#1289,#1290,#1291,#1292,#1293,#1294,#1295,#1296,
    #1297,#1298,#1299,#1300,#1301,#1302,#1303,#1304,#1305,#1306,#1307,
    #1308,#1309,#1310,#1311,#1312,#1313,#1314,#1315,#1316,#1317,#1318,
    #1319,#1320,#1321,#1322,#1323,#1324,#1325,#1326,#1327,#1328,#1329,
    #1330,#1331,#1332,#1333,#1334,#1335,#1336,#1337,#1338,#1339,#1340,
    #1341,#1342,#1343,#1344,#1345,#1346,#1347,#1348,#1349,#1350,#1351),
  .UNSPECIFIED.,.F.,.F.,(12,10,10,10,10,10,10,10,12),(0.,0.108567424411,
    0.217134848821,0.325702273232,0.434269697643,0.542837122054,
    0.651404546464,0.759971970875,0.868539395286),.UNSPECIFIED.);
#1270 = CARTESIAN_POINT('',(6.E-17,4.512455278565));
#1271 = CARTESIAN_POINT('',(7.554900294921E-02,4.512455278565));
#1272 = CARTESIAN_POINT('',(0.150916898886,4.512455278565));
#1273 = CARTESIAN_POINT('',(0.226110304894,4.512455278566));
#1274 = CARTESIAN_POINT('',(0.301128122745,4.512455278564));
#1275 = CARTESIAN_POINT('',(0.376011242518,4.512455278567));
#1276 = CARTESIAN_POINT('',(0.450663085775,4.512455278564));
#1277 = CARTESIAN_POINT('',(0.525259446372,4.512455278567));
#1278 = CARTESIAN_POINT('',(0.599634705049,4.512455278565));
#1279 = CARTESIAN_POINT('',(0.673896015624,4.512455278566));
#1280 = CARTESIAN_POINT('',(0.748014823172,4.512455278565));
#1281 = CARTESIAN_POINT('',(0.895990133678,4.512455278565));
#1282 = CARTESIAN_POINT('',(0.969845163798,4.512455278566));
#1283 = CARTESIAN_POINT('',(1.043579811074,4.512455278565));
#1284 = CARTESIAN_POINT('',(1.117163322296,4.512455278566));
#1285 = CARTESIAN_POINT('',(1.190702619387,4.512455278565));
#1286 = CARTESIAN_POINT('',(1.26403453679,4.512455278566));
#1287 = CARTESIAN_POINT('',(1.337328281565,4.512455278565));
#1288 = CARTESIAN_POINT('',(1.410499404861,4.512455278565));
#1289 = CARTESIAN_POINT('',(1.483574446146,4.512455278565));
#1290 = CARTESIAN_POINT('',(1.556559097507,4.512455278565));
#1291 = CARTESIAN_POINT('',(1.702355762279,4.512455278566));
#1292 = CARTESIAN_POINT('',(1.775167867244,4.512455278565));
#1293 = CARTESIAN_POINT('',(1.847900514113,4.512455278567));
#1294 = CARTESIAN_POINT('',(1.920547179701,4.512455278564));
#1295 = CARTESIAN_POINT('',(1.993157181742,4.512455278568));
#1296 = CARTESIAN_POINT('',(2.065622805263,4.512455278564));
#1297 = CARTESIAN_POINT('',(2.138127752825,4.512455278567));
#1298 = CARTESIAN_POINT('',(2.210500958471,4.512455278565));
#1299 = CARTESIAN_POINT('',(2.282850056819,4.512455278566));
#1300 = CARTESIAN_POINT('',(2.355148043125,4.512455278565));
#1301 = CARTESIAN_POINT('',(2.499659823732,4.512455278566));
#1302 = CARTESIAN_POINT('',(2.57187251995,4.512455278565));
#1303 = CARTESIAN_POINT('',(2.644051474707,4.512455278566));
#1304 = CARTESIAN_POINT('',(2.716167836265,4.512455278565));
#1305 = CARTESIAN_POINT('',(2.788333815029,4.512455278566));
#1306 = CARTESIAN_POINT('',(2.860371190503,4.512455278565));
#1307 = CARTESIAN_POINT('',(2.932469214053,4.512455278566));
#1308 = CARTESIAN_POINT('',(3.004519396717,4.512455278565));
#1309 = CARTESIAN_POINT('',(3.07656797009,4.512455278566));
#1310 = CARTESIAN_POINT('',(3.148610496111,4.512455278565));
#1311 = CARTESIAN_POINT('',(3.292695678098,4.512455278565));
#1312 = CARTESIAN_POINT('',(3.36473820412,4.512455278566));
#1313 = CARTESIAN_POINT('',(3.436786777491,4.512455278564));
#1314 = CARTESIAN_POINT('',(3.508836960158,4.512455278568));
#1315 = CARTESIAN_POINT('',(3.580934983705,4.512455278562));
#1316 = CARTESIAN_POINT('',(3.652972359182,4.512455278569));
#1317 = CARTESIAN_POINT('',(3.725138337944,4.512455278563));
#1318 = CARTESIAN_POINT('',(3.797254699503,4.512455278567));
#1319 = CARTESIAN_POINT('',(3.86943365426,4.512455278565));
#1320 = CARTESIAN_POINT('',(3.941646350477,4.512455278566));
#1321 = CARTESIAN_POINT('',(4.086158131085,4.512455278565));
#1322 = CARTESIAN_POINT('',(4.158456117391,4.512455278566));
#1323 = CARTESIAN_POINT('',(4.230805215738,4.512455278565));
#1324 = CARTESIAN_POINT('',(4.303178421385,4.512455278567));
#1325 = CARTESIAN_POINT('',(4.375683368945,4.512455278563));
#1326 = CARTESIAN_POINT('',(4.44814899247,4.512455278568));
#1327 = CARTESIAN_POINT('',(4.520758994507,4.512455278564));
#1328 = CARTESIAN_POINT('',(4.593405660098,4.512455278567));
#1329 = CARTESIAN_POINT('',(4.666138306965,4.512455278565));
#1330 = CARTESIAN_POINT('',(4.738950411931,4.512455278566));
#1331 = CARTESIAN_POINT('',(4.884747076702,4.512455278565));
#1332 = CARTESIAN_POINT('',(4.957731728065,4.512455278567));
#1333 = CARTESIAN_POINT('',(5.030806769344,4.512455278562));
#1334 = CARTESIAN_POINT('',(5.103977892652,4.512455278571));
#1335 = CARTESIAN_POINT('',(5.177271637411,4.51245527856));
#1336 = CARTESIAN_POINT('',(5.250603554831,4.512455278571));
#1337 = CARTESIAN_POINT('',(5.324142851908,4.512455278562));
#1338 = CARTESIAN_POINT('',(5.397726363139,4.512455278567));
#1339 = CARTESIAN_POINT('',(5.47146101041,4.512455278565));
#1340 = CARTESIAN_POINT('',(5.545316040532,4.512455278566));
#1341 = CARTESIAN_POINT('',(5.693291351037,4.512455278565));
#1342 = CARTESIAN_POINT('',(5.767410158588,4.512455278566));
#1343 = CARTESIAN_POINT('',(5.841671469156,4.512455278563));
#1344 = CARTESIAN_POINT('',(5.916046727847,4.512455278569));
#1345 = CARTESIAN_POINT('',(5.990643088421,4.51245527856));
#1346 = CARTESIAN_POINT('',(6.065294931706,4.512455278571));
#1347 = CARTESIAN_POINT('',(6.140178051454,4.512455278561));
#1348 = CARTESIAN_POINT('',(6.215195869322,4.512455278568));
#1349 = CARTESIAN_POINT('',(6.290389275321,4.512455278564));
#1350 = CARTESIAN_POINT('',(6.365757171261,4.512455278566));
#1351 = CARTESIAN_POINT('',(6.44130617421,4.512455278565));
#1352 = ( GEOMETRIC_REPRESENTATION_CONTEXT(2) 
PARAMETRIC_REPRESENTATION_CONTEXT() REPRESENTATION_CONTEXT('2D SPACE',''
  ) );
#1353 = ORIENTED_EDGE('',*,*,#1354,.F.);
#1354 = EDGE_CURVE('',#1119,#1221,#1355,.T.);
#1355 = SURFACE_CURVE('',#1356,(#1360,#1367),.PCURVE_S1.);
#1356 = LINE('',#1357,#1358);
#1357 = CARTESIAN_POINT('',(13.463798951225,-5.,0.));
#1358 = VECTOR('',#1359,1.);
#1359 = DIRECTION('',(0.,1.,-4.4E-16));
#1360 = PCURVE('',#1134,#1361);
#1361 = DEFINITIONAL_REPRESENTATION('',(#1362),#1366);
#1362 = LINE('',#1363,#1364);
#1363 = CARTESIAN_POINT('',(0.,0.));
#1364 = VECTOR('',#1365,1.);
#1365 = DIRECTION('',(0.,1.));
#1366 = ( GEOMETRIC_REPRESENTATION_CONTEXT(2) 
PARAMETRIC_REPRESENTATION_CONTEXT() REPRESENTATION_CONTEXT('2D SPACE',''
  ) );
#1367 = PCURVE('',#725,#1368);
#1368 = DEFINITIONAL_REPRESENTATION('',(#1369),#1373);
#1369 = LINE('',#1370,#1371);
#1370 = CARTESIAN_POINT('',(0.723572967801,13.463798951225));
#1371 = VECTOR('',#1372,1.);
#1372 = DIRECTION('',(1.,0.));
#1373 = ( GEOMETRIC_REPRESENTATION_CONTEXT(2) 
PARAMETRIC_REPRESENTATION_CONTEXT() REPRESENTATION_CONTEXT('2D SPACE',''
  ) );
#1374 = ADVANCED_FACE('',(#1375),#1389,.T.);
#1375 = FACE_BOUND('',#1376,.T.);
#1376 = EDGE_LOOP('',(#1377,#1412,#1440,#1463));
#1377 = ORIENTED_EDGE('',*,*,#1378,.T.);
#1378 = EDGE_CURVE('',#1379,#1381,#1383,.T.);
#1379 = VERTEX_POINT('',#1380);
#1380 = CARTESIAN_POINT('',(75.000000000004,5.,1.));
#1381 = VERTEX_POINT('',#1382);
#1382 = CARTESIAN_POINT('',(75.000000000004,15.799993938869,1.));
#1383 = SURFACE_CURVE('',#1384,(#1388,#1400),.PCURVE_S1.);
#1384 = LINE('',#1385,#1386);
#1385 = CARTESIAN_POINT('',(75.000000000004,1.2E-16,1.));
#1386 = VECTOR('',#1387,1.);
#1387 = DIRECTION('',(0.,1.,0.));
#1388 = PCURVE('',#1389,#1394);
#1389 = CYLINDRICAL_SURFACE('',#1390,1.);
#1390 = AXIS2_PLACEMENT_3D('',#1391,#1392,#1393);
#1391 = CARTESIAN_POINT('',(76.000000000004,1.2E-16,1.));
#1392 = DIRECTION('',(0.,1.,0.));
#1393 = DIRECTION('',(0.,0.,-1.));
#1394 = DEFINITIONAL_REPRESENTATION('',(#1395),#1399);
#1395 = LINE('',#1396,#1397);
#1396 = CARTESIAN_POINT('',(1.570796326795,0.));
#1397 = VECTOR('',#1398,1.);
#1398 = DIRECTION('',(0.,1.));
#1399 = ( GEOMETRIC_REPRESENTATION_CONTEXT(2) 
PARAMETRIC_REPRESENTATION_CONTEXT() REPRESENTATION_CONTEXT('2D SPACE',''
  ) );
#1400 = PCURVE('',#1401,#1406);
#1401 = PLANE('',#1402);
#1402 = AXIS2_PLACEMENT_3D('',#1403,#1404,#1405);
#1403 = CARTESIAN_POINT('',(75.000000000004,0.,-8.6E-16));
#1404 = DIRECTION('',(-1.,0.,0.));
#1405 = DIRECTION('',(0.,1.,0.));
#1406 = DEFINITIONAL_REPRESENTATION('',(#1407),#1411);
#1407 = LINE('',#1408,#1409);
#1408 = CARTESIAN_POINT('',(1.2E-16,-1.));
#1409 = VECTOR('',#1410,1.);
#1410 = DIRECTION('',(1.,0.));
#1411 = ( GEOMETRIC_REPRESENTATION_CONTEXT(2) 
PARAMETRIC_REPRESENTATION_CONTEXT() REPRESENTATION_CONTEXT('2D SPACE',''
  ) );
#1412 = ORIENTED_EDGE('',*,*,#1413,.F.);
#1413 = EDGE_CURVE('',#1414,#1381,#1416,.T.);
#1414 = VERTEX_POINT('',#1415);
#1415 = CARTESIAN_POINT('',(76.000000000004,15.799993938869,4.E-15));
#1416 = SURFACE_CURVE('',#1417,(#1422,#1429),.PCURVE_S1.);
#1417 = CIRCLE('',#1418,1.);
#1418 = AXIS2_PLACEMENT_3D('',#1419,#1420,#1421);
#1419 = CARTESIAN_POINT('',(76.000000000004,15.799993938869,1.));
#1420 = DIRECTION('',(0.,1.,0.));
#1421 = DIRECTION('',(0.,0.,-1.));
#1422 = PCURVE('',#1389,#1423);
#1423 = DEFINITIONAL_REPRESENTATION('',(#1424),#1428);
#1424 = LINE('',#1425,#1426);
#1425 = CARTESIAN_POINT('',(0.,15.799993938869));
#1426 = VECTOR('',#1427,1.);
#1427 = DIRECTION('',(1.,0.));
#1428 = ( GEOMETRIC_REPRESENTATION_CONTEXT(2) 
PARAMETRIC_REPRESENTATION_CONTEXT() REPRESENTATION_CONTEXT('2D SPACE',''
  ) );
#1429 = PCURVE('',#1430,#1435);
#1430 = TOROIDAL_SURFACE('',#1431,3.2,1.);
#1431 = AXIS2_PLACEMENT_3D('',#1432,#1433,#1434);
#1432 = CARTESIAN_POINT('',(79.2,15.8,1.));
#1433 = DIRECTION('',(0.,1.2E-16,1.));
#1434 = DIRECTION('',(-0.999999999999,-1.44312645254E-06,
    1.731751743048E-22));
#1435 = DEFINITIONAL_REPRESENTATION('',(#1436),#1439);
#1436 = B_SPLINE_CURVE_WITH_KNOTS('',1,(#1437,#1438),.UNSPECIFIED.,.F.,
  .F.,(2,2),(0.,1.570796326795),.PIECEWISE_BEZIER_KNOTS.);
#1437 = CARTESIAN_POINT('',(0.,4.712388980385));
#1438 = CARTESIAN_POINT('',(0.,6.28318530718));
#1439 = ( GEOMETRIC_REPRESENTATION_CONTEXT(2) 
PARAMETRIC_REPRESENTATION_CONTEXT() REPRESENTATION_CONTEXT('2D SPACE',''
  ) );
#1440 = ORIENTED_EDGE('',*,*,#1441,.F.);
#1441 = EDGE_CURVE('',#1442,#1414,#1444,.T.);
#1442 = VERTEX_POINT('',#1443);
#1443 = CARTESIAN_POINT('',(76.000000000004,-1.,0.));
#1444 = SURFACE_CURVE('',#1445,(#1449,#1456),.PCURVE_S1.);
#1445 = LINE('',#1446,#1447);
#1446 = CARTESIAN_POINT('',(76.000000000004,1.2E-16,6.7E-16));
#1447 = VECTOR('',#1448,1.);
#1448 = DIRECTION('',(0.,1.,0.));
#1449 = PCURVE('',#1389,#1450);
#1450 = DEFINITIONAL_REPRESENTATION('',(#1451),#1455);
#1451 = LINE('',#1452,#1453);
#1452 = CARTESIAN_POINT('',(0.,0.));
#1453 = VECTOR('',#1454,1.);
#1454 = DIRECTION('',(0.,1.));
#1455 = ( GEOMETRIC_REPRESENTATION_CONTEXT(2) 
PARAMETRIC_REPRESENTATION_CONTEXT() REPRESENTATION_CONTEXT('2D SPACE',''
  ) );
#1456 = PCURVE('',#725,#1457);
#1457 = DEFINITIONAL_REPRESENTATION('',(#1458),#1462);
#1458 = LINE('',#1459,#1460);
#1459 = CARTESIAN_POINT('',(5.723572967801,76.000000000004));
#1460 = VECTOR('',#1461,1.);
#1461 = DIRECTION('',(1.,0.));
#1462 = ( GEOMETRIC_REPRESENTATION_CONTEXT(2) 
PARAMETRIC_REPRESENTATION_CONTEXT() REPRESENTATION_CONTEXT('2D SPACE',''
  ) );
#1463 = ORIENTED_EDGE('',*,*,#1464,.T.);
#1464 = EDGE_CURVE('',#1442,#1379,#1465,.T.);
#1465 = SURFACE_CURVE('',#1466,(#1501,#1539),.PCURVE_S1.);
#1466 = ( BOUNDED_CURVE() B_SPLINE_CURVE(9,(#1467,#1468,#1469,#1470,
    #1471,#1472,#1473,#1474,#1475,#1476,#1477,#1478,#1479,#1480,#1481,
    #1482,#1483,#1484,#1485,#1486,#1487,#1488,#1489,#1490,#1491,#1492,
    #1493,#1494,#1495,#1496,#1497,#1498,#1499,#1500),.UNSPECIFIED.,.F.,
.F.) B_SPLINE_CURVE_WITH_KNOTS((10,8,8,8,10),(2.1170648792E-07,
    0.955049553113,1.432574223816,1.671336559167,1.910098894519),
.UNSPECIFIED.) CURVE() GEOMETRIC_REPRESENTATION_ITEM() 
RATIONAL_B_SPLINE_CURVE((1.,1.,1.,1.,1.,1.,1.,1.,1.,1.,1.,1.,1.,1.,1.,1.
    ,1.,1.,1.,1.,1.,1.,1.,1.,1.,1.,1.,1.,1.,1.,1.,1.,1.,1.)) 
REPRESENTATION_ITEM('') );
#1467 = CARTESIAN_POINT('',(75.999999825905,-0.999999825901,1.588E-14));
#1468 = CARTESIAN_POINT('',(75.975066792138,-0.8504007528,1.2402405E-09)
  );
#1469 = CARTESIAN_POINT('',(75.950136883992,-0.700827493566,
    6.978362316039E-04));
#1470 = CARTESIAN_POINT('',(75.925239910802,-0.550375217739,
    2.10113231661E-03));
#1471 = CARTESIAN_POINT('',(75.90045364488,-0.398522948433,
    4.191401252417E-03));
#1472 = CARTESIAN_POINT('',(75.875793467539,-0.244047283464,
    6.967953389596E-03));
#1473 = CARTESIAN_POINT('',(75.851246971148,-8.513687638628E-02,
    1.043080064264E-02));
#1474 = CARTESIAN_POINT('',(75.82680646945,8.068428042285E-02,
    1.456494900941E-02));
#1475 = CARTESIAN_POINT('',(75.802352243924,0.258216604164,
    1.9388481398E-02));
#1476 = CARTESIAN_POINT('',(75.76468290915,0.559721000444,
    2.799600657883E-02));
#1477 = CARTESIAN_POINT('',(75.751970646372,0.666107646631,
    3.108537236591E-02));
#1478 = CARTESIAN_POINT('',(75.738965294181,0.779852656163,
    3.447104942763E-02));
#1479 = CARTESIAN_POINT('',(75.725638483913,0.902985944819,
    3.811571375694E-02));
#1480 = CARTESIAN_POINT('',(75.711735338844,1.03823157258,
    4.214470394223E-02));
#1481 = CARTESIAN_POINT('',(75.696887551434,1.18932330286,
    4.674040784943E-02));
#1482 = CARTESIAN_POINT('',(75.680678525975,1.36181129426,
    5.204336169817E-02));
#1483 = CARTESIAN_POINT('',(75.662164163885,1.56467290908,
    5.844849439051E-02));
#1484 = CARTESIAN_POINT('',(75.626447221361,1.937224479785,
    7.230317773617E-02));
#1485 = CARTESIAN_POINT('',(75.613188051612,2.072728260726,
    7.76542468611E-02));
#1486 = CARTESIAN_POINT('',(75.598318679776,2.221645883736,
    8.386524144744E-02));
#1487 = CARTESIAN_POINT('',(75.581049960813,2.385833439377,
    9.145301043326E-02));
#1488 = CARTESIAN_POINT('',(75.560801366629,2.567843359803,
    0.100839859185));
#1489 = CARTESIAN_POINT('',(75.53661771522,2.7708124015,0.112690913427)
  );
#1490 = CARTESIAN_POINT('',(75.506503053672,2.996890939746,0.12855948534
    ));
#1491 = CARTESIAN_POINT('',(75.467913201872,3.24380107284,0.151326771689
    ));
#1492 = CARTESIAN_POINT('',(75.373383725729,3.7544209955,0.218517655982)
  );
#1493 = CARTESIAN_POINT('',(75.31741611057,4.018265593092,0.262916693357
    ));
#1494 = CARTESIAN_POINT('',(75.253053404462,4.278904484348,
    0.321775189059));
#1495 = CARTESIAN_POINT('',(75.180997169955,4.518618489261,
    0.399351736293));
#1496 = CARTESIAN_POINT('',(75.112976613157,4.707263013879,
    0.498702920919));
#1497 = CARTESIAN_POINT('',(75.057958319877,4.854199767661,
    0.612685369255));
#1498 = CARTESIAN_POINT('',(75.019248904356,4.951206703378,
    0.738222784687));
#1499 = CARTESIAN_POINT('',(75.000000000004,5.,0.86910091985));
#1500 = CARTESIAN_POINT('',(75.000000000004,5.,1.));
#1501 = PCURVE('',#1389,#1502);
#1502 = DEFINITIONAL_REPRESENTATION('',(#1503),#1538);
#1503 = B_SPLINE_CURVE_WITH_KNOTS('',9,(#1504,#1505,#1506,#1507,#1508,
    #1509,#1510,#1511,#1512,#1513,#1514,#1515,#1516,#1517,#1518,#1519,
    #1520,#1521,#1522,#1523,#1524,#1525,#1526,#1527,#1528,#1529,#1530,
    #1531,#1532,#1533,#1534,#1535,#1536,#1537),.UNSPECIFIED.,.F.,.F.,(10
    ,8,8,8,10),(2.1170648792E-07,0.955049553113,1.432574223816,
    1.671336559167,1.910098894519),.UNSPECIFIED.);
#1504 = CARTESIAN_POINT('',(4.974258359E-08,-0.999999701545));
#1505 = CARTESIAN_POINT('',(2.49332246716E-02,-0.85040065197));
#1506 = CARTESIAN_POINT('',(4.986276354355E-02,-0.700827757041));
#1507 = CARTESIAN_POINT('',(7.478311973941E-02,-0.550375138197));
#1508 = CARTESIAN_POINT('',(9.963599620559E-02,-0.398522760707));
#1509 = CARTESIAN_POINT('',(0.124429530609,-0.244047365346));
#1510 = CARTESIAN_POINT('',(0.149199235312,-8.513702126841E-02));
#1511 = CARTESIAN_POINT('',(0.173970841305,8.068440694624E-02));
#1512 = CARTESIAN_POINT('',(0.198885195252,0.258216585096));
#1513 = CARTESIAN_POINT('',(0.237525440532,0.559721009978));
#1514 = CARTESIAN_POINT('',(0.250605265974,0.666107647067));
#1515 = CARTESIAN_POINT('',(0.264044627392,0.779852647221));
#1516 = CARTESIAN_POINT('',(0.277855651405,0.902985939625));
#1517 = CARTESIAN_POINT('',(0.292324857851,1.038231578006));
#1518 = CARTESIAN_POINT('',(0.307865588696,1.189323311107));
#1519 = CARTESIAN_POINT('',(0.324915527891,1.361811293301));
#1520 = CARTESIAN_POINT('',(0.344494033106,1.564672901298));
#1521 = CARTESIAN_POINT('',(0.382803983848,1.937224483676));
#1522 = CARTESIAN_POINT('',(0.397097089037,2.072728268678));
#1523 = CARTESIAN_POINT('',(0.413221467142,2.221645827029));
#1524 = CARTESIAN_POINT('',(0.432065514426,2.385833474634));
#1525 = CARTESIAN_POINT('',(0.454365409486,2.567843471344));
#1526 = CARTESIAN_POINT('',(0.481298465647,2.770812350464));
#1527 = CARTESIAN_POINT('',(0.515292935258,2.996890729316));
#1528 = CARTESIAN_POINT('',(0.5599449028,3.243801229703));
#1529 = CARTESIAN_POINT('',(0.67592090459,3.754421044258));
#1530 = CARTESIAN_POINT('',(0.747256336945,4.018265614447));
#1531 = CARTESIAN_POINT('',(0.834124870553,4.278903765502));
#1532 = CARTESIAN_POINT('',(0.939122211581,4.518620074806));
#1533 = CARTESIAN_POINT('',(1.056498491429,4.707261400688));
#1534 = CARTESIAN_POINT('',(1.180223336416,4.854200510885));
#1535 = CARTESIAN_POINT('',(1.309024750882,4.951206620444));
#1536 = CARTESIAN_POINT('',(1.439897246645,5.));
#1537 = CARTESIAN_POINT('',(1.570796326795,5.));
#1538 = ( GEOMETRIC_REPRESENTATION_CONTEXT(2) 
PARAMETRIC_REPRESENTATION_CONTEXT() REPRESENTATION_CONTEXT('2D SPACE',''
  ) );
#1539 = PCURVE('',#1540,#1643);
#1540 = ( BOUNDED_SURFACE() B_SPLINE_SURFACE(2,9,(
    (#1541,#1542,#1543,#1544,#1545,#1546,#1547,#1548,#1549,#1550,#1551
      ,#1552,#1553,#1554,#1555,#1556,#1557,#1558,#1559,#1560,#1561,#1562
      ,#1563,#1564,#1565,#1566,#1567,#1568,#1569,#1570,#1571,#1572,#1573
      ,#1574)
    ,(#1575,#1576,#1577,#1578,#1579,#1580,#1581,#1582,#1583,#1584,#1585
      ,#1586,#1587,#1588,#1589,#1590,#1591,#1592,#1593,#1594,#1595,#1596
      ,#1597,#1598,#1599,#1600,#1601,#1602,#1603,#1604,#1605,#1606,#1607
      ,#1608)
    ,(#1609,#1610,#1611,#1612,#1613,#1614,#1615,#1616,#1617,#1618,#1619
      ,#1620,#1621,#1622,#1623,#1624,#1625,#1626,#1627,#1628,#1629,#1630
      ,#1631,#1632,#1633,#1634,#1635,#1636,#1637,#1638,#1639,#1640,#1641
,#1642
    )),.UNSPECIFIED.,.F.,.F.,.F.) B_SPLINE_SURFACE_WITH_KNOTS((3,3),(10,
    8,8,8,10),(0.,1.910098682812),(2.1170648792E-07,0.955049553113,
    1.432574223816,1.671336559167,1.910098894519),.UNSPECIFIED.) 
GEOMETRIC_REPRESENTATION_ITEM() RATIONAL_B_SPLINE_SURFACE((
    (1.,1.,1.,1.,1.,1.,1.,1.,1.,1.,1.,1.,1.,1.,1.,1.,1.,1.,1.,1.,1.,1.
      ,1.,1.,1.,1.,1.,1.,1.,1.,1.,1.,1.,1.)
    ,(1.,0.999999999384,0.999652569682,0.998946442347,0.9978898468
      ,0.996443986037,0.994547316691,0.992129099438,0.98901068568
      ,0.982384166806,0.979851363205,0.976907291418,0.973462112973
      ,0.969342369768,0.964301425158,0.957985718907,0.949721123332
      ,0.932114970349,0.925379813725,0.917579409079,0.90847318604
      ,0.897769941738,0.885050084675,0.869818560488,0.851888026456
      ,0.812695656706,0.791417282833,0.769462790504,0.748407468183
      ,0.732203042729,0.71956248514,0.711278094605,0.707106781187
      ,0.707106781187)
    ,(1.,1.,1.,1.,1.,1.,1.,1.,1.,1.,1.,1.,1.,1.,1.,1.,1.,1.,1.,1.,1.,1.
,1.,1.,1.,1.,1.,1.,1.,1.,1.,1.,1.,1.
  ))) REPRESENTATION_ITEM('') SURFACE() );
#1541 = CARTESIAN_POINT('',(75.999999825905,-0.999999825901,1.588E-14));
#1542 = CARTESIAN_POINT('',(75.975066792138,-0.8504007528,1.2402405E-09)
  );
#1543 = CARTESIAN_POINT('',(75.950136883992,-0.700827493566,
    6.978362316039E-04));
#1544 = CARTESIAN_POINT('',(75.925239910802,-0.550375217739,
    2.10113231661E-03));
#1545 = CARTESIAN_POINT('',(75.90045364488,-0.398522948433,
    4.191401252417E-03));
#1546 = CARTESIAN_POINT('',(75.875793467539,-0.244047283464,
    6.967953389596E-03));
#1547 = CARTESIAN_POINT('',(75.851246971148,-8.513687638628E-02,
    1.043080064264E-02));
#1548 = CARTESIAN_POINT('',(75.82680646945,8.068428042285E-02,
    1.456494900941E-02));
#1549 = CARTESIAN_POINT('',(75.802352243924,0.258216604164,
    1.9388481398E-02));
#1550 = CARTESIAN_POINT('',(75.76468290915,0.559721000444,
    2.799600657883E-02));
#1551 = CARTESIAN_POINT('',(75.751970646372,0.666107646631,
    3.108537236591E-02));
#1552 = CARTESIAN_POINT('',(75.738965294181,0.779852656163,
    3.447104942763E-02));
#1553 = CARTESIAN_POINT('',(75.725638483913,0.902985944819,
    3.811571375694E-02));
#1554 = CARTESIAN_POINT('',(75.711735338844,1.03823157258,
    4.214470394223E-02));
#1555 = CARTESIAN_POINT('',(75.696887551434,1.18932330286,
    4.674040784943E-02));
#1556 = CARTESIAN_POINT('',(75.680678525975,1.36181129426,
    5.204336169817E-02));
#1557 = CARTESIAN_POINT('',(75.662164163885,1.56467290908,
    5.844849439051E-02));
#1558 = CARTESIAN_POINT('',(75.626447221361,1.937224479785,
    7.230317773617E-02));
#1559 = CARTESIAN_POINT('',(75.613188051612,2.072728260726,
    7.76542468611E-02));
#1560 = CARTESIAN_POINT('',(75.598318679776,2.221645883736,
    8.386524144744E-02));
#1561 = CARTESIAN_POINT('',(75.581049960813,2.385833439377,
    9.145301043326E-02));
#1562 = CARTESIAN_POINT('',(75.560801366629,2.567843359803,
    0.100839859185));
#1563 = CARTESIAN_POINT('',(75.53661771522,2.7708124015,0.112690913427)
  );
#1564 = CARTESIAN_POINT('',(75.506503053672,2.996890939746,0.12855948534
    ));
#1565 = CARTESIAN_POINT('',(75.467913201872,3.24380107284,0.151326771689
    ));
#1566 = CARTESIAN_POINT('',(75.373383725729,3.7544209955,0.218517655982)
  );
#1567 = CARTESIAN_POINT('',(75.31741611057,4.018265593092,0.262916693357
    ));
#1568 = CARTESIAN_POINT('',(75.253053404462,4.278904484348,
    0.321775189059));
#1569 = CARTESIAN_POINT('',(75.180997169955,4.518618489261,
    0.399351736293));
#1570 = CARTESIAN_POINT('',(75.112976613157,4.707263013879,
    0.498702920919));
#1571 = CARTESIAN_POINT('',(75.057958319877,4.854199767661,
    0.612685369255));
#1572 = CARTESIAN_POINT('',(75.019248904356,4.951206703378,
    0.738222784687));
#1573 = CARTESIAN_POINT('',(75.000000000004,5.,0.86910091985));
#1574 = CARTESIAN_POINT('',(75.000000000004,5.,1.));
#1575 = CARTESIAN_POINT('',(75.999999825905,-0.999999825901,7.77E-15));
#1576 = CARTESIAN_POINT('',(75.912733772417,-0.912733772413,
    7.40142644E-09));
#1577 = CARTESIAN_POINT('',(75.825400584087,-0.825400584082,
    4.195058186748E-03));
#1578 = CARTESIAN_POINT('',(75.738279433456,-0.738279433451,
    1.260739794134E-02));
#1579 = CARTESIAN_POINT('',(75.651571102554,-0.65157110255,
    2.519096075265E-02));
#1580 = CARTESIAN_POINT('',(75.565468731799,-0.565468731795,
    4.191291195627E-02));
#1581 = CARTESIAN_POINT('',(75.480006942408,-0.480006942404,
    6.274734244857E-02));
#1582 = CARTESIAN_POINT('',(75.394882893709,-0.394882893705,
    8.770816203913E-02));
#1583 = CARTESIAN_POINT('',(75.309373118409,-0.309373118405,
    0.117063463179));
#1584 = CARTESIAN_POINT('',(75.178621353032,-0.178621353027,
    0.169448757821));
#1585 = CARTESIAN_POINT('',(75.134365588009,-0.134365588004,
    0.188418913184));
#1586 = CARTESIAN_POINT('',(75.089572362899,-8.957236289502E-02,
    0.208963633415));
#1587 = CARTESIAN_POINT('',(75.043854726375,-4.385472637072E-02,
    0.231348747623));
#1588 = CARTESIAN_POINT('',(74.997135366278,2.864633726356E-03,
    0.255899952258));
#1589 = CARTESIAN_POINT('',(74.949346769596,5.065323040838E-02,
    0.283096925861));
#1590 = CARTESIAN_POINT('',(74.900226662683,9.977333732142E-02,
    0.313744654451));
#1591 = CARTESIAN_POINT('',(74.850221493975,0.149778506029,
    0.349176988197));
#1592 = CARTESIAN_POINT('',(74.779767177228,0.220232822776,
    0.413074047835));
#1593 = CARTESIAN_POINT('',(74.756729590835,0.243270409169,
    0.436530617785));
#1594 = CARTESIAN_POINT('',(74.734910492748,0.265089507256,
    0.462303686034));
#1595 = CARTESIAN_POINT('',(74.71529973132,0.284700268684,0.490668227144
    ));
#1596 = CARTESIAN_POINT('',(74.6989774915,0.301022508505,0.522178296269)
  );
#1597 = CARTESIAN_POINT('',(74.687914745838,0.312085254166,
    0.557526992031));
#1598 = CARTESIAN_POINT('',(74.685562291036,0.314437708969,
    0.597080530064));
#1599 = CARTESIAN_POINT('',(74.695667757612,0.304332242393,
    0.640258098073));
#1600 = CARTESIAN_POINT('',(74.740079749167,0.259920250838,
    0.731533252199));
#1601 = CARTESIAN_POINT('',(74.775843957575,0.224156042429,
    0.780287170947));
#1602 = CARTESIAN_POINT('',(74.823749328603,0.176250671402,
    0.828615710627));
#1603 = CARTESIAN_POINT('',(74.880452572193,0.11954742781,0.871978478006
    ));
#1604 = CARTESIAN_POINT('',(74.925084662306,7.491533769933E-02,
    0.904676693358));
#1605 = CARTESIAN_POINT('',(74.962280568454,3.771943155047E-02,
    0.933178193369));
#1606 = CARTESIAN_POINT('',(74.987198933772,1.280106623244E-02,
    0.956588927616));
#1607 = CARTESIAN_POINT('',(75.000000000004,-2.509E-14,0.978183486642));
#1608 = CARTESIAN_POINT('',(75.000000000004,1.55E-15,1.));
#1609 = CARTESIAN_POINT('',(75.999999825905,-0.999999825901,1.588E-14));
#1610 = CARTESIAN_POINT('',(75.850400752804,-0.975066792133,
    1.24024169E-09));
#1611 = CARTESIAN_POINT('',(75.70082749357,-0.950136883988,
    6.978362315971E-04));
#1612 = CARTESIAN_POINT('',(75.550375217743,-0.925239910797,
    2.101132316627E-03));
#1613 = CARTESIAN_POINT('',(75.398522948438,-0.900453644876,
    4.191401252391E-03));
#1614 = CARTESIAN_POINT('',(75.244047283468,-0.875793467534,
    6.967953389622E-03));
#1615 = CARTESIAN_POINT('',(75.085136876391,-0.851246971144,
    1.043080064262E-02));
#1616 = CARTESIAN_POINT('',(74.919315719581,-0.826806469445,
    1.456494900942E-02));
#1617 = CARTESIAN_POINT('',(74.74178339584,-0.802352243919,
    1.9388481398E-02));
#1618 = CARTESIAN_POINT('',(74.440278999561,-0.764682909146,
    2.799600657883E-02));
#1619 = CARTESIAN_POINT('',(74.333892353373,-0.751970646367,
    3.108537236593E-02));
#1620 = CARTESIAN_POINT('',(74.220147343842,-0.738965294177,
    3.44710494276E-02));
#1621 = CARTESIAN_POINT('',(74.097014055185,-0.725638483908,
    3.811571375698E-02));
#1622 = CARTESIAN_POINT('',(73.961768427424,-0.71173533884,
    4.214470394218E-02));
#1623 = CARTESIAN_POINT('',(73.810676697144,-0.696887551429,
    4.674040784946E-02));
#1624 = CARTESIAN_POINT('',(73.638188705745,-0.680678525971,
    5.204336169815E-02));
#1625 = CARTESIAN_POINT('',(73.435327090924,-0.662164163881,
    5.844849439052E-02));
#1626 = CARTESIAN_POINT('',(73.062775520219,-0.626447221357,
    7.230317773617E-02));
#1627 = CARTESIAN_POINT('',(72.927271739278,-0.613188051608,
    7.76542468611E-02));
#1628 = CARTESIAN_POINT('',(72.778354116268,-0.598318679772,
    8.386524144745E-02));
#1629 = CARTESIAN_POINT('',(72.614166560627,-0.581049960808,
    9.145301043326E-02));
#1630 = CARTESIAN_POINT('',(72.432156640201,-0.560801366625,
    0.100839859185));
#1631 = CARTESIAN_POINT('',(72.229187598504,-0.536617715216,
    0.112690913427));
#1632 = CARTESIAN_POINT('',(72.003109060259,-0.506503053668,
    0.12855948534));
#1633 = CARTESIAN_POINT('',(71.756198927164,-0.467913201868,
    0.151326771689));
#1634 = CARTESIAN_POINT('',(71.245579004504,-0.373383725725,
    0.218517655982));
#1635 = CARTESIAN_POINT('',(70.981734406912,-0.317416110565,
    0.262916693357));
#1636 = CARTESIAN_POINT('',(70.721095515658,-0.253053404458,
    0.321775189059));
#1637 = CARTESIAN_POINT('',(70.481381510742,-0.18099716995,
    0.399351736293));
#1638 = CARTESIAN_POINT('',(70.292736986127,-0.112976613153,
    0.498702920919));
#1639 = CARTESIAN_POINT('',(70.145800232343,-5.795831987202E-02,
    0.612685369255));
#1640 = CARTESIAN_POINT('',(70.048793296627,-1.924890435135E-02,
    0.738222784687));
#1641 = CARTESIAN_POINT('',(70.000000000004,2.379E-14,0.86910091985));
#1642 = CARTESIAN_POINT('',(70.000000000004,8.9E-16,1.));
#1643 = DEFINITIONAL_REPRESENTATION('',(#1644),#1648);
#1644 = LINE('',#1645,#1646);
#1645 = CARTESIAN_POINT('',(0.,0.));
#1646 = VECTOR('',#1647,1.);
#1647 = DIRECTION('',(0.,1.));
#1648 = ( GEOMETRIC_REPRESENTATION_CONTEXT(2) 
PARAMETRIC_REPRESENTATION_CONTEXT() REPRESENTATION_CONTEXT('2D SPACE',''
  ) );
#1649 = ADVANCED_FACE('',(#1650),#1401,.T.);
#1650 = FACE_BOUND('',#1651,.T.);
#1651 = EDGE_LOOP('',(#1652,#1653,#1681,#1709,#1737,#1765));
#1652 = ORIENTED_EDGE('',*,*,#1378,.F.);
#1653 = ORIENTED_EDGE('',*,*,#1654,.T.);
#1654 = EDGE_CURVE('',#1379,#1655,#1657,.T.);
#1655 = VERTEX_POINT('',#1656);
#1656 = CARTESIAN_POINT('',(75.000000000004,5.,6.));
#1657 = SURFACE_CURVE('',#1658,(#1662,#1669),.PCURVE_S1.);
#1658 = LINE('',#1659,#1660);
#1659 = CARTESIAN_POINT('',(75.000000000004,5.,1.));
#1660 = VECTOR('',#1661,1.);
#1661 = DIRECTION('',(0.,0.,1.));
#1662 = PCURVE('',#1401,#1663);
#1663 = DEFINITIONAL_REPRESENTATION('',(#1664),#1668);
#1664 = LINE('',#1665,#1666);
#1665 = CARTESIAN_POINT('',(5.,-1.));
#1666 = VECTOR('',#1667,1.);
#1667 = DIRECTION('',(0.,-1.));
#1668 = ( GEOMETRIC_REPRESENTATION_CONTEXT(2) 
PARAMETRIC_REPRESENTATION_CONTEXT() REPRESENTATION_CONTEXT('2D SPACE',''
  ) );
#1669 = PCURVE('',#1670,#1675);
#1670 = CYLINDRICAL_SURFACE('',#1671,5.);
#1671 = AXIS2_PLACEMENT_3D('',#1672,#1673,#1674);
#1672 = CARTESIAN_POINT('',(70.000000000004,5.,1.));
#1673 = DIRECTION('',(0.,0.,1.));
#1674 = DIRECTION('',(1.,0.,0.));
#1675 = DEFINITIONAL_REPRESENTATION('',(#1676),#1680);
#1676 = LINE('',#1677,#1678);
#1677 = CARTESIAN_POINT('',(-0.,0.));
#1678 = VECTOR('',#1679,1.);
#1679 = DIRECTION('',(-0.,1.));
#1680 = ( GEOMETRIC_REPRESENTATION_CONTEXT(2) 
PARAMETRIC_REPRESENTATION_CONTEXT() REPRESENTATION_CONTEXT('2D SPACE',''
  ) );
#1681 = ORIENTED_EDGE('',*,*,#1682,.T.);
#1682 = EDGE_CURVE('',#1655,#1683,#1685,.T.);
#1683 = VERTEX_POINT('',#1684);
#1684 = CARTESIAN_POINT('',(75.000000000004,11.6,6.));
#1685 = SURFACE_CURVE('',#1686,(#1690,#1697),.PCURVE_S1.);
#1686 = LINE('',#1687,#1688);
#1687 = CARTESIAN_POINT('',(75.000000000004,0.,6.));
#1688 = VECTOR('',#1689,1.);
#1689 = DIRECTION('',(0.,1.,0.));
#1690 = PCURVE('',#1401,#1691);
#1691 = DEFINITIONAL_REPRESENTATION('',(#1692),#1696);
#1692 = LINE('',#1693,#1694);
#1693 = CARTESIAN_POINT('',(0.,-6.));
#1694 = VECTOR('',#1695,1.);
#1695 = DIRECTION('',(1.,0.));
#1696 = ( GEOMETRIC_REPRESENTATION_CONTEXT(2) 
PARAMETRIC_REPRESENTATION_CONTEXT() REPRESENTATION_CONTEXT('2D SPACE',''
  ) );
#1697 = PCURVE('',#1698,#1703);
#1698 = CYLINDRICAL_SURFACE('',#1699,4.);
#1699 = AXIS2_PLACEMENT_3D('',#1700,#1701,#1702);
#1700 = CARTESIAN_POINT('',(79.000000000004,0.,6.));
#1701 = DIRECTION('',(0.,1.,0.));
#1702 = DIRECTION('',(-1.,0.,0.));
#1703 = DEFINITIONAL_REPRESENTATION('',(#1704),#1708);
#1704 = LINE('',#1705,#1706);
#1705 = CARTESIAN_POINT('',(0.,0.));
#1706 = VECTOR('',#1707,1.);
#1707 = DIRECTION('',(0.,1.));
#1708 = ( GEOMETRIC_REPRESENTATION_CONTEXT(2) 
PARAMETRIC_REPRESENTATION_CONTEXT() REPRESENTATION_CONTEXT('2D SPACE',''
  ) );
#1709 = ORIENTED_EDGE('',*,*,#1710,.T.);
#1710 = EDGE_CURVE('',#1683,#1711,#1713,.T.);
#1711 = VERTEX_POINT('',#1712);
#1712 = CARTESIAN_POINT('',(75.,11.6,5.));
#1713 = SURFACE_CURVE('',#1714,(#1718,#1725),.PCURVE_S1.);
#1714 = LINE('',#1715,#1716);
#1715 = CARTESIAN_POINT('',(75.,11.6,10.));
#1716 = VECTOR('',#1717,1.);
#1717 = DIRECTION('',(0.,0.,-1.));
#1718 = PCURVE('',#1401,#1719);
#1719 = DEFINITIONAL_REPRESENTATION('',(#1720),#1724);
#1720 = LINE('',#1721,#1722);
#1721 = CARTESIAN_POINT('',(11.6,-10.));
#1722 = VECTOR('',#1723,1.);
#1723 = DIRECTION('',(0.,1.));
#1724 = ( GEOMETRIC_REPRESENTATION_CONTEXT(2) 
PARAMETRIC_REPRESENTATION_CONTEXT() REPRESENTATION_CONTEXT('2D SPACE',''
  ) );
#1725 = PCURVE('',#1726,#1731);
#1726 = PLANE('',#1727);
#1727 = AXIS2_PLACEMENT_3D('',#1728,#1729,#1730);
#1728 = CARTESIAN_POINT('',(75.,11.6,10.));
#1729 = DIRECTION('',(0.,-1.,0.));
#1730 = DIRECTION('',(1.,0.,0.));
#1731 = DEFINITIONAL_REPRESENTATION('',(#1732),#1736);
#1732 = LINE('',#1733,#1734);
#1733 = CARTESIAN_POINT('',(0.,0.));
#1734 = VECTOR('',#1735,1.);
#1735 = DIRECTION('',(0.,-1.));
#1736 = ( GEOMETRIC_REPRESENTATION_CONTEXT(2) 
PARAMETRIC_REPRESENTATION_CONTEXT() REPRESENTATION_CONTEXT('2D SPACE',''
  ) );
#1737 = ORIENTED_EDGE('',*,*,#1738,.F.);
#1738 = EDGE_CURVE('',#1739,#1711,#1741,.T.);
#1739 = VERTEX_POINT('',#1740);
#1740 = CARTESIAN_POINT('',(75.000000000002,15.799993938869,5.));
#1741 = SURFACE_CURVE('',#1742,(#1746,#1753),.PCURVE_S1.);
#1742 = LINE('',#1743,#1744);
#1743 = CARTESIAN_POINT('',(75.,20.,5.));
#1744 = VECTOR('',#1745,1.);
#1745 = DIRECTION('',(-0.,-1.,-2.2E-16));
#1746 = PCURVE('',#1401,#1747);
#1747 = DEFINITIONAL_REPRESENTATION('',(#1748),#1752);
#1748 = LINE('',#1749,#1750);
#1749 = CARTESIAN_POINT('',(20.,-5.));
#1750 = VECTOR('',#1751,1.);
#1751 = DIRECTION('',(-1.,2.2E-16));
#1752 = ( GEOMETRIC_REPRESENTATION_CONTEXT(2) 
PARAMETRIC_REPRESENTATION_CONTEXT() REPRESENTATION_CONTEXT('2D SPACE',''
  ) );
#1753 = PCURVE('',#1754,#1759);
#1754 = PLANE('',#1755);
#1755 = AXIS2_PLACEMENT_3D('',#1756,#1757,#1758);
#1756 = CARTESIAN_POINT('',(79.2,15.8,5.));
#1757 = DIRECTION('',(0.,-2.2E-16,1.));
#1758 = DIRECTION('',(1.,0.,0.));
#1759 = DEFINITIONAL_REPRESENTATION('',(#1760),#1764);
#1760 = LINE('',#1761,#1762);
#1761 = CARTESIAN_POINT('',(-4.2,4.2));
#1762 = VECTOR('',#1763,1.);
#1763 = DIRECTION('',(0.,-1.));
#1764 = ( GEOMETRIC_REPRESENTATION_CONTEXT(2) 
PARAMETRIC_REPRESENTATION_CONTEXT() REPRESENTATION_CONTEXT('2D SPACE',''
  ) );
#1765 = ORIENTED_EDGE('',*,*,#1766,.F.);
#1766 = EDGE_CURVE('',#1381,#1739,#1767,.T.);
#1767 = SURFACE_CURVE('',#1768,(#1772,#1779),.PCURVE_S1.);
#1768 = LINE('',#1769,#1770);
#1769 = CARTESIAN_POINT('',(75.000000000004,15.799993938869,-8.6E-16));
#1770 = VECTOR('',#1771,1.);
#1771 = DIRECTION('',(0.,0.,1.));
#1772 = PCURVE('',#1401,#1773);
#1773 = DEFINITIONAL_REPRESENTATION('',(#1774),#1778);
#1774 = LINE('',#1775,#1776);
#1775 = CARTESIAN_POINT('',(15.799993938869,0.));
#1776 = VECTOR('',#1777,1.);
#1777 = DIRECTION('',(0.,-1.));
#1778 = ( GEOMETRIC_REPRESENTATION_CONTEXT(2) 
PARAMETRIC_REPRESENTATION_CONTEXT() REPRESENTATION_CONTEXT('2D SPACE',''
  ) );
#1779 = PCURVE('',#1780,#1785);
#1780 = CYLINDRICAL_SURFACE('',#1781,4.2);
#1781 = AXIS2_PLACEMENT_3D('',#1782,#1783,#1784);
#1782 = CARTESIAN_POINT('',(79.2,15.8,-8.6E-16));
#1783 = DIRECTION('',(0.,0.,-1.));
#1784 = DIRECTION('',(1.,0.,0.));
#1785 = DEFINITIONAL_REPRESENTATION('',(#1786),#1790);
#1786 = LINE('',#1787,#1788);
#1787 = CARTESIAN_POINT('',(3.141591210463,0.));
#1788 = VECTOR('',#1789,1.);
#1789 = DIRECTION('',(0.,-1.));
#1790 = ( GEOMETRIC_REPRESENTATION_CONTEXT(2) 
PARAMETRIC_REPRESENTATION_CONTEXT() REPRESENTATION_CONTEXT('2D SPACE',''
  ) );
#1791 = ADVANCED_FACE('',(#1792),#1540,.T.);
#1792 = FACE_BOUND('',#1793,.T.);
#1793 = EDGE_LOOP('',(#1794,#1884,#1914));
#1794 = ORIENTED_EDGE('',*,*,#1795,.T.);
#1795 = EDGE_CURVE('',#1442,#1796,#1798,.T.);
#1796 = VERTEX_POINT('',#1797);
#1797 = CARTESIAN_POINT('',(70.000000000004,1.E-15,1.));
#1798 = SURFACE_CURVE('',#1799,(#1834,#1841),.PCURVE_S1.);
#1799 = ( BOUNDED_CURVE() B_SPLINE_CURVE(9,(#1800,#1801,#1802,#1803,
    #1804,#1805,#1806,#1807,#1808,#1809,#1810,#1811,#1812,#1813,#1814,
    #1815,#1816,#1817,#1818,#1819,#1820,#1821,#1822,#1823,#1824,#1825,
    #1826,#1827,#1828,#1829,#1830,#1831,#1832,#1833),.UNSPECIFIED.,.F.,
.F.) B_SPLINE_CURVE_WITH_KNOTS((10,8,8,8,10),(2.1170648792E-07,
    0.955049553113,1.432574223816,1.671336559167,1.910098894519),
.UNSPECIFIED.) CURVE() GEOMETRIC_REPRESENTATION_ITEM() 
RATIONAL_B_SPLINE_CURVE((1.,1.,1.,1.,1.,1.,1.,1.,1.,1.,1.,1.,1.,1.,1.,1.
    ,1.,1.,1.,1.,1.,1.,1.,1.,1.,1.,1.,1.,1.,1.,1.,1.,1.,1.)) 
REPRESENTATION_ITEM('') );
#1800 = CARTESIAN_POINT('',(75.999999825905,-0.999999825901,1.588E-14));
#1801 = CARTESIAN_POINT('',(75.850400752804,-0.975066792133,
    1.24024169E-09));
#1802 = CARTESIAN_POINT('',(75.70082749357,-0.950136883988,
    6.978362315971E-04));
#1803 = CARTESIAN_POINT('',(75.550375217743,-0.925239910797,
    2.101132316627E-03));
#1804 = CARTESIAN_POINT('',(75.398522948438,-0.900453644876,
    4.191401252391E-03));
#1805 = CARTESIAN_POINT('',(75.244047283468,-0.875793467534,
    6.967953389622E-03));
#1806 = CARTESIAN_POINT('',(75.085136876391,-0.851246971144,
    1.043080064262E-02));
#1807 = CARTESIAN_POINT('',(74.919315719581,-0.826806469445,
    1.456494900942E-02));
#1808 = CARTESIAN_POINT('',(74.74178339584,-0.802352243919,
    1.9388481398E-02));
#1809 = CARTESIAN_POINT('',(74.440278999561,-0.764682909146,
    2.799600657883E-02));
#1810 = CARTESIAN_POINT('',(74.333892353373,-0.751970646367,
    3.108537236593E-02));
#1811 = CARTESIAN_POINT('',(74.220147343842,-0.738965294177,
    3.44710494276E-02));
#1812 = CARTESIAN_POINT('',(74.097014055185,-0.725638483908,
    3.811571375698E-02));
#1813 = CARTESIAN_POINT('',(73.961768427424,-0.71173533884,
    4.214470394218E-02));
#1814 = CARTESIAN_POINT('',(73.810676697144,-0.696887551429,
    4.674040784946E-02));
#1815 = CARTESIAN_POINT('',(73.638188705745,-0.680678525971,
    5.204336169815E-02));
#1816 = CARTESIAN_POINT('',(73.435327090924,-0.662164163881,
    5.844849439052E-02));
#1817 = CARTESIAN_POINT('',(73.062775520219,-0.626447221357,
    7.230317773617E-02));
#1818 = CARTESIAN_POINT('',(72.927271739278,-0.613188051608,
    7.76542468611E-02));
#1819 = CARTESIAN_POINT('',(72.778354116268,-0.598318679772,
    8.386524144745E-02));
#1820 = CARTESIAN_POINT('',(72.614166560627,-0.581049960808,
    9.145301043326E-02));
#1821 = CARTESIAN_POINT('',(72.432156640201,-0.560801366625,
    0.100839859185));
#1822 = CARTESIAN_POINT('',(72.229187598504,-0.536617715216,
    0.112690913427));
#1823 = CARTESIAN_POINT('',(72.003109060259,-0.506503053668,
    0.12855948534));
#1824 = CARTESIAN_POINT('',(71.756198927164,-0.467913201868,
    0.151326771689));
#1825 = CARTESIAN_POINT('',(71.245579004504,-0.373383725725,
    0.218517655982));
#1826 = CARTESIAN_POINT('',(70.981734406912,-0.317416110565,
    0.262916693357));
#1827 = CARTESIAN_POINT('',(70.721095515658,-0.253053404458,
    0.321775189059));
#1828 = CARTESIAN_POINT('',(70.481381510742,-0.18099716995,
    0.399351736293));
#1829 = CARTESIAN_POINT('',(70.292736986127,-0.112976613153,
    0.498702920919));
#1830 = CARTESIAN_POINT('',(70.145800232343,-5.795831987202E-02,
    0.612685369255));
#1831 = CARTESIAN_POINT('',(70.048793296627,-1.924890435135E-02,
    0.738222784687));
#1832 = CARTESIAN_POINT('',(70.000000000004,2.379E-14,0.86910091985));
#1833 = CARTESIAN_POINT('',(70.000000000004,8.9E-16,1.));
#1834 = PCURVE('',#1540,#1835);
#1835 = DEFINITIONAL_REPRESENTATION('',(#1836),#1840);
#1836 = LINE('',#1837,#1838);
#1837 = CARTESIAN_POINT('',(1.910098682812,0.));
#1838 = VECTOR('',#1839,1.);
#1839 = DIRECTION('',(0.,1.));
#1840 = ( GEOMETRIC_REPRESENTATION_CONTEXT(2) 
PARAMETRIC_REPRESENTATION_CONTEXT() REPRESENTATION_CONTEXT('2D SPACE',''
  ) );
#1841 = PCURVE('',#1842,#1847);
#1842 = CYLINDRICAL_SURFACE('',#1843,1.);
#1843 = AXIS2_PLACEMENT_3D('',#1844,#1845,#1846);
#1844 = CARTESIAN_POINT('',(18.239811189516,-1.,1.));
#1845 = DIRECTION('',(1.,0.,0.));
#1846 = DIRECTION('',(0.,-1.2E-16,-1.));
#1847 = DEFINITIONAL_REPRESENTATION('',(#1848),#1883);
#1848 = B_SPLINE_CURVE_WITH_KNOTS('',9,(#1849,#1850,#1851,#1852,#1853,
    #1854,#1855,#1856,#1857,#1858,#1859,#1860,#1861,#1862,#1863,#1864,
    #1865,#1866,#1867,#1868,#1869,#1870,#1871,#1872,#1873,#1874,#1875,
    #1876,#1877,#1878,#1879,#1880,#1881,#1882),.UNSPECIFIED.,.F.,.F.,(10
    ,8,8,8,10),(2.1170648792E-07,0.955049553113,1.432574223816,
    1.671336559167,1.910098894519),.UNSPECIFIED.);
#1849 = CARTESIAN_POINT('',(4.97425451E-08,57.760188512033));
#1850 = CARTESIAN_POINT('',(2.493322467136E-02,57.610589462458));
#1851 = CARTESIAN_POINT('',(4.986276354393E-02,57.461016567533));
#1852 = CARTESIAN_POINT('',(7.478311973936E-02,57.31056394868));
#1853 = CARTESIAN_POINT('',(9.963599620532E-02,57.158711571202));
#1854 = CARTESIAN_POINT('',(0.124429530609,57.00423617583));
#1855 = CARTESIAN_POINT('',(0.149199235312,56.845325831759));
#1856 = CARTESIAN_POINT('',(0.173970841305,56.679504403543));
#1857 = CARTESIAN_POINT('',(0.198885195252,56.501972225391));
#1858 = CARTESIAN_POINT('',(0.237525440532,56.200467800512));
#1859 = CARTESIAN_POINT('',(0.250605265974,56.094081163418));
#1860 = CARTESIAN_POINT('',(0.264044627392,55.980336163271));
#1861 = CARTESIAN_POINT('',(0.277855651405,55.857202870859));
#1862 = CARTESIAN_POINT('',(0.292324857851,55.721957232486));
#1863 = CARTESIAN_POINT('',(0.307865588696,55.57086549938));
#1864 = CARTESIAN_POINT('',(0.324915527891,55.398377517188));
#1865 = CARTESIAN_POINT('',(0.344494033106,55.195515909191));
#1866 = CARTESIAN_POINT('',(0.382803983848,54.822964326811));
#1867 = CARTESIAN_POINT('',(0.397097089037,54.687460541817));
#1868 = CARTESIAN_POINT('',(0.413221467142,54.538542983448));
#1869 = CARTESIAN_POINT('',(0.432065514426,54.37435533587));
#1870 = CARTESIAN_POINT('',(0.454365409486,54.192345339129));
#1871 = CARTESIAN_POINT('',(0.481298465647,53.989376460037));
#1872 = CARTESIAN_POINT('',(0.515292935258,53.763298081165));
#1873 = CARTESIAN_POINT('',(0.5599449028,53.516387580788));
#1874 = CARTESIAN_POINT('',(0.67592090459,53.005767766227));
#1875 = CARTESIAN_POINT('',(0.747256336945,52.741923196055));
#1876 = CARTESIAN_POINT('',(0.834124870553,52.481285044961));
#1877 = CARTESIAN_POINT('',(0.939122211581,52.241568735715));
#1878 = CARTESIAN_POINT('',(1.056498491428,52.052927409771));
#1879 = CARTESIAN_POINT('',(1.180223336416,51.905988299623));
#1880 = CARTESIAN_POINT('',(1.309024750882,51.808982190035));
#1881 = CARTESIAN_POINT('',(1.439897246645,51.760188810491));
#1882 = CARTESIAN_POINT('',(1.570796326795,51.760188810489));
#1883 = ( GEOMETRIC_REPRESENTATION_CONTEXT(2) 
PARAMETRIC_REPRESENTATION_CONTEXT() REPRESENTATION_CONTEXT('2D SPACE',''
  ) );
#1884 = ORIENTED_EDGE('',*,*,#1885,.F.);
#1885 = EDGE_CURVE('',#1379,#1796,#1886,.T.);
#1886 = SURFACE_CURVE('',#1887,(#1891,#1898),.PCURVE_S1.);
#1887 = ( BOUNDED_CURVE() B_SPLINE_CURVE(2,(#1888,#1889,#1890),
.UNSPECIFIED.,.F.,.F.) B_SPLINE_CURVE_WITH_KNOTS((3,3),(0.,
1.910098682812),.PIECEWISE_BEZIER_KNOTS.) CURVE() 
GEOMETRIC_REPRESENTATION_ITEM() RATIONAL_B_SPLINE_CURVE((1.,
0.707106781187,1.)) REPRESENTATION_ITEM('') );
#1888 = CARTESIAN_POINT('',(75.000000000004,5.,1.));
#1889 = CARTESIAN_POINT('',(75.000000000004,1.55E-15,1.));
#1890 = CARTESIAN_POINT('',(70.000000000004,8.9E-16,1.));
#1891 = PCURVE('',#1540,#1892);
#1892 = DEFINITIONAL_REPRESENTATION('',(#1893),#1897);
#1893 = LINE('',#1894,#1895);
#1894 = CARTESIAN_POINT('',(0.,1.910098894519));
#1895 = VECTOR('',#1896,1.);
#1896 = DIRECTION('',(1.,0.));
#1897 = ( GEOMETRIC_REPRESENTATION_CONTEXT(2) 
PARAMETRIC_REPRESENTATION_CONTEXT() REPRESENTATION_CONTEXT('2D SPACE',''
  ) );
#1898 = PCURVE('',#1670,#1899);
#1899 = DEFINITIONAL_REPRESENTATION('',(#1900),#1913);
#1900 = B_SPLINE_CURVE_WITH_KNOTS('',11,(#1901,#1902,#1903,#1904,#1905,
    #1906,#1907,#1908,#1909,#1910,#1911,#1912),.UNSPECIFIED.,.F.,.F.,(12
    ,12),(0.,1.910098682812),.PIECEWISE_BEZIER_KNOTS.);
#1901 = CARTESIAN_POINT('',(0.,-2.2E-16));
#1902 = CARTESIAN_POINT('',(-0.128564869307,-2.E-16));
#1903 = CARTESIAN_POINT('',(-0.26466096709,-1.8E-16));
#1904 = CARTESIAN_POINT('',(-0.407594409415,-1.6E-16));
#1905 = CARTESIAN_POINT('',(-0.55615515189,-1.4E-16));
#1906 = CARTESIAN_POINT('',(-0.708512882617,-1.2E-16));
#1907 = CARTESIAN_POINT('',(-0.86228344418,-1.E-16));
#1908 = CARTESIAN_POINT('',(-1.014641174901,-8.E-17));
#1909 = CARTESIAN_POINT('',(-1.163201917383,-6.E-17));
#1910 = CARTESIAN_POINT('',(-1.306135359705,-4.E-17));
#1911 = CARTESIAN_POINT('',(-1.442231457488,-2.E-17));
#1912 = CARTESIAN_POINT('',(-1.570796326795,0.));
#1913 = ( GEOMETRIC_REPRESENTATION_CONTEXT(2) 
PARAMETRIC_REPRESENTATION_CONTEXT() REPRESENTATION_CONTEXT('2D SPACE',''
  ) );
#1914 = ORIENTED_EDGE('',*,*,#1464,.F.);
#1915 = ADVANCED_FACE('',(#1916),#1430,.T.);
#1916 = FACE_BOUND('',#1917,.F.);
#1917 = EDGE_LOOP('',(#1918,#1919,#1943,#1972));
#1918 = ORIENTED_EDGE('',*,*,#1413,.F.);
#1919 = ORIENTED_EDGE('',*,*,#1920,.T.);
#1920 = EDGE_CURVE('',#1414,#1921,#1923,.T.);
#1921 = VERTEX_POINT('',#1922);
#1922 = CARTESIAN_POINT('',(79.2,19.,3.E-15));
#1923 = SURFACE_CURVE('',#1924,(#1929,#1936),.PCURVE_S1.);
#1924 = CIRCLE('',#1925,3.2);
#1925 = AXIS2_PLACEMENT_3D('',#1926,#1927,#1928);
#1926 = CARTESIAN_POINT('',(79.2,15.8,-1.06E-15));
#1927 = DIRECTION('',(-2.350988701645E-38,-1.2E-16,-1.));
#1928 = DIRECTION('',(-0.999999999999,-1.44312645254E-06,
    1.731751743048E-22));
#1929 = PCURVE('',#1430,#1930);
#1930 = DEFINITIONAL_REPRESENTATION('',(#1931),#1935);
#1931 = LINE('',#1932,#1933);
#1932 = CARTESIAN_POINT('',(-0.,4.712388980385));
#1933 = VECTOR('',#1934,1.);
#1934 = DIRECTION('',(-1.,0.));
#1935 = ( GEOMETRIC_REPRESENTATION_CONTEXT(2) 
PARAMETRIC_REPRESENTATION_CONTEXT() REPRESENTATION_CONTEXT('2D SPACE',''
  ) );
#1936 = PCURVE('',#725,#1937);
#1937 = DEFINITIONAL_REPRESENTATION('',(#1938),#1942);
#1938 = CIRCLE('',#1939,3.2);
#1939 = AXIS2_PLACEMENT_2D('',#1940,#1941);
#1940 = CARTESIAN_POINT('',(21.523572967801,79.2));
#1941 = DIRECTION('',(-1.44312645254E-06,-0.999999999999));
#1942 = ( GEOMETRIC_REPRESENTATION_CONTEXT(2) 
PARAMETRIC_REPRESENTATION_CONTEXT() REPRESENTATION_CONTEXT('2D SPACE',''
  ) );
#1943 = ORIENTED_EDGE('',*,*,#1944,.T.);
#1944 = EDGE_CURVE('',#1921,#1945,#1947,.T.);
#1945 = VERTEX_POINT('',#1946);
#1946 = CARTESIAN_POINT('',(79.2,20.,1.));
#1947 = SURFACE_CURVE('',#1948,(#1953,#1960),.PCURVE_S1.);
#1948 = CIRCLE('',#1949,1.);
#1949 = AXIS2_PLACEMENT_3D('',#1950,#1951,#1952);
#1950 = CARTESIAN_POINT('',(79.2,19.,1.));
#1951 = DIRECTION('',(1.,4.9E-16,0.));
#1952 = DIRECTION('',(-4.9E-16,1.,-1.2E-16));
#1953 = PCURVE('',#1430,#1954);
#1954 = DEFINITIONAL_REPRESENTATION('',(#1955),#1959);
#1955 = LINE('',#1956,#1957);
#1956 = CARTESIAN_POINT('',(-1.570797769921,0.));
#1957 = VECTOR('',#1958,1.);
#1958 = DIRECTION('',(-0.,1.));
#1959 = ( GEOMETRIC_REPRESENTATION_CONTEXT(2) 
PARAMETRIC_REPRESENTATION_CONTEXT() REPRESENTATION_CONTEXT('2D SPACE',''
  ) );
#1960 = PCURVE('',#1961,#1966);
#1961 = CYLINDRICAL_SURFACE('',#1962,1.);
#1962 = AXIS2_PLACEMENT_3D('',#1963,#1964,#1965);
#1963 = CARTESIAN_POINT('',(79.2,19.,1.));
#1964 = DIRECTION('',(1.,0.,0.));
#1965 = DIRECTION('',(0.,-1.2E-16,-1.));
#1966 = DEFINITIONAL_REPRESENTATION('',(#1967),#1971);
#1967 = LINE('',#1968,#1969);
#1968 = CARTESIAN_POINT('',(-4.712388980385,0.));
#1969 = VECTOR('',#1970,1.);
#1970 = DIRECTION('',(1.,0.));
#1971 = ( GEOMETRIC_REPRESENTATION_CONTEXT(2) 
PARAMETRIC_REPRESENTATION_CONTEXT() REPRESENTATION_CONTEXT('2D SPACE',''
  ) );
#1972 = ORIENTED_EDGE('',*,*,#1973,.F.);
#1973 = EDGE_CURVE('',#1381,#1945,#1974,.T.);
#1974 = SURFACE_CURVE('',#1975,(#1980,#1987),.PCURVE_S1.);
#1975 = CIRCLE('',#1976,4.2);
#1976 = AXIS2_PLACEMENT_3D('',#1977,#1978,#1979);
#1977 = CARTESIAN_POINT('',(79.2,15.8,1.));
#1978 = DIRECTION('',(-2.350988701645E-38,-1.2E-16,-1.));
#1979 = DIRECTION('',(-0.999999999999,-1.44312645254E-06,
    1.731751743048E-22));
#1980 = PCURVE('',#1430,#1981);
#1981 = DEFINITIONAL_REPRESENTATION('',(#1982),#1986);
#1982 = LINE('',#1983,#1984);
#1983 = CARTESIAN_POINT('',(-0.,6.28318530718));
#1984 = VECTOR('',#1985,1.);
#1985 = DIRECTION('',(-1.,0.));
#1986 = ( GEOMETRIC_REPRESENTATION_CONTEXT(2) 
PARAMETRIC_REPRESENTATION_CONTEXT() REPRESENTATION_CONTEXT('2D SPACE',''
  ) );
#1987 = PCURVE('',#1780,#1988);
#1988 = DEFINITIONAL_REPRESENTATION('',(#1989),#1993);
#1989 = LINE('',#1990,#1991);
#1990 = CARTESIAN_POINT('',(3.141591210463,-1.));
#1991 = VECTOR('',#1992,1.);
#1992 = DIRECTION('',(1.,0.));
#1993 = ( GEOMETRIC_REPRESENTATION_CONTEXT(2) 
PARAMETRIC_REPRESENTATION_CONTEXT() REPRESENTATION_CONTEXT('2D SPACE',''
  ) );
#1994 = ADVANCED_FACE('',(#1995),#1670,.F.);
#1995 = FACE_BOUND('',#1996,.T.);
#1996 = EDGE_LOOP('',(#1997,#1998,#2021,#2127));
#1997 = ORIENTED_EDGE('',*,*,#1885,.T.);
#1998 = ORIENTED_EDGE('',*,*,#1999,.T.);
#1999 = EDGE_CURVE('',#1796,#2000,#2002,.T.);
#2000 = VERTEX_POINT('',#2001);
#2001 = CARTESIAN_POINT('',(70.000000000004,-2.E-15,6.));
#2002 = SURFACE_CURVE('',#2003,(#2007,#2014),.PCURVE_S1.);
#2003 = LINE('',#2004,#2005);
#2004 = CARTESIAN_POINT('',(70.000000000004,-2.2E-16,1.));
#2005 = VECTOR('',#2006,1.);
#2006 = DIRECTION('',(0.,0.,1.));
#2007 = PCURVE('',#1670,#2008);
#2008 = DEFINITIONAL_REPRESENTATION('',(#2009),#2013);
#2009 = LINE('',#2010,#2011);
#2010 = CARTESIAN_POINT('',(-1.570796326795,0.));
#2011 = VECTOR('',#2012,1.);
#2012 = DIRECTION('',(-0.,1.));
#2013 = ( GEOMETRIC_REPRESENTATION_CONTEXT(2) 
PARAMETRIC_REPRESENTATION_CONTEXT() REPRESENTATION_CONTEXT('2D SPACE',''
  ) );
#2014 = PCURVE('',#100,#2015);
#2015 = DEFINITIONAL_REPRESENTATION('',(#2016),#2020);
#2016 = LINE('',#2017,#2018);
#2017 = CARTESIAN_POINT('',(-70.,-7.153283569923));
#2018 = VECTOR('',#2019,1.);
#2019 = DIRECTION('',(0.,1.));
#2020 = ( GEOMETRIC_REPRESENTATION_CONTEXT(2) 
PARAMETRIC_REPRESENTATION_CONTEXT() REPRESENTATION_CONTEXT('2D SPACE',''
  ) );
#2021 = ORIENTED_EDGE('',*,*,#2022,.F.);
#2022 = EDGE_CURVE('',#1655,#2000,#2023,.T.);
#2023 = SURFACE_CURVE('',#2024,(#2029,#2036),.PCURVE_S1.);
#2024 = CIRCLE('',#2025,5.);
#2025 = AXIS2_PLACEMENT_3D('',#2026,#2027,#2028);
#2026 = CARTESIAN_POINT('',(70.000000000004,5.,6.));
#2027 = DIRECTION('',(0.,0.,-1.));
#2028 = DIRECTION('',(1.,0.,0.));
#2029 = PCURVE('',#1670,#2030);
#2030 = DEFINITIONAL_REPRESENTATION('',(#2031),#2035);
#2031 = LINE('',#2032,#2033);
#2032 = CARTESIAN_POINT('',(-0.,5.));
#2033 = VECTOR('',#2034,1.);
#2034 = DIRECTION('',(-1.,0.));
#2035 = ( GEOMETRIC_REPRESENTATION_CONTEXT(2) 
PARAMETRIC_REPRESENTATION_CONTEXT() REPRESENTATION_CONTEXT('2D SPACE',''
  ) );
#2036 = PCURVE('',#2037,#2098);
#2037 = ( BOUNDED_SURFACE() B_SPLINE_SURFACE(2,10,(
    (#2038,#2039,#2040,#2041,#2042,#2043,#2044,#2045,#2046,#2047,#2048
      ,#2049,#2050,#2051,#2052,#2053,#2054,#2055,#2056,#2057)
    ,(#2058,#2059,#2060,#2061,#2062,#2063,#2064,#2065,#2066,#2067,#2068
      ,#2069,#2070,#2071,#2072,#2073,#2074,#2075,#2076,#2077)
    ,(#2078,#2079,#2080,#2081,#2082,#2083,#2084,#2085,#2086,#2087,#2088
      ,#2089,#2090,#2091,#2092,#2093,#2094,#2095,#2096,#2097
)),.UNSPECIFIED.,.F.,.F.,.F.) B_SPLINE_SURFACE_WITH_KNOTS((3,3),(11,9,11
    ),(0.,7.640395561405),(6.910098894519,10.730296675221,
14.550494455924),.UNSPECIFIED.) GEOMETRIC_REPRESENTATION_ITEM() 
RATIONAL_B_SPLINE_SURFACE((
    (1.,1.,1.,1.,1.,1.,1.,1.,1.,1.,1.,1.,1.,1.,1.,1.,1.,1.,1.,1.)
    ,(0.707106781187,0.707106781187,0.724164697322,0.757362158266
      ,0.803367272802,0.833856347702,0.863001955141,0.88624371892
      ,0.90589728812,0.922552019146,0.950868920564,0.962538285723
      ,0.972257128299,0.980341286805,0.986961302471,0.992202450245
      ,0.996107373641,0.998701323399,1.,1.)
    ,(1.,1.,1.,1.,1.,1.,1.,1.,1.,1.,1.,1.,1.,1.,1.,1.,1.,1.,1.,1.
))) REPRESENTATION_ITEM('') SURFACE() );
#2038 = CARTESIAN_POINT('',(75.000000000004,5.,6.));
#2039 = CARTESIAN_POINT('',(75.000000000004,5.,6.706855109613));
#2040 = CARTESIAN_POINT('',(75.13883003761,4.740610171102,7.412803455998
    ));
#2041 = CARTESIAN_POINT('',(75.415212470483,4.228381017449,
    8.029091179395));
#2042 = CARTESIAN_POINT('',(75.766534773434,3.531735481043,
    8.424152681567));
#2043 = CARTESIAN_POINT('',(75.979946130622,2.960178595432,
    8.695313354921));
#2044 = CARTESIAN_POINT('',(76.248318268618,2.380062680013,
    8.942017866994));
#2045 = CARTESIAN_POINT('',(76.457582046037,1.853471832667,
    9.113407607488));
#2046 = CARTESIAN_POINT('',(76.671324011461,1.350828915266,
    9.268290411253));
#2047 = CARTESIAN_POINT('',(76.873499274411,0.869976741699,
    9.395442267935));
#2048 = CARTESIAN_POINT('',(77.269327525422,-6.157145922868E-02,
    9.613281931507));
#2049 = CARTESIAN_POINT('',(77.462499847272,-0.512164286364,
    9.703490904421));
#2050 = CARTESIAN_POINT('',(77.653717699976,-0.953833518205,
    9.77941250246));
#2051 = CARTESIAN_POINT('',(77.844564577059,-1.390851778345,
    9.843243906189));
#2052 = CARTESIAN_POINT('',(78.035809939754,-1.825904338656,
    9.895901959441));
#2053 = CARTESIAN_POINT('',(78.227717697963,-2.260464621528,
    9.93771556584));
#2054 = CARTESIAN_POINT('',(78.420273363479,-2.695147501651,
    9.968864515173));
#2055 = CARTESIAN_POINT('',(78.613329875491,-3.130040407316,
    9.98956473958));
#2056 = CARTESIAN_POINT('',(78.806672098341,-3.565012221258,
    9.999999999592));
#2057 = CARTESIAN_POINT('',(78.999999986296,-3.999999986292,10.));
#2058 = CARTESIAN_POINT('',(75.000000000004,1.33E-15,6.));
#2059 = CARTESIAN_POINT('',(75.000000000004,1.003E-14,6.314157826495));
#2060 = CARTESIAN_POINT('',(74.98457214884,1.542785116389E-02,
    6.614566150774));
#2061 = CARTESIAN_POINT('',(74.959645436959,4.035456304642E-02,
    6.921592682979));
#2062 = CARTESIAN_POINT('',(74.947016550892,5.29834491098E-02,
    7.299763367795));
#2063 = CARTESIAN_POINT('',(75.091133088777,-9.113308876958E-02,
    7.67769465076));
#2064 = CARTESIAN_POINT('',(75.225011572396,-0.225011572394,
    7.974975272477));
#2065 = CARTESIAN_POINT('',(75.417438379923,-0.417438379918,
    8.273911159964));
#2066 = CARTESIAN_POINT('',(75.625355666699,-0.625355666695,
    8.529296493072));
#2067 = CARTESIAN_POINT('',(75.85496433038,-0.854964330376,
    8.762380922104));
#2068 = CARTESIAN_POINT('',(76.339142418098,-1.339142418093,
    9.171727222657));
#2069 = CARTESIAN_POINT('',(76.595637808287,-1.595637808283,
    9.352214208023));
#2070 = CARTESIAN_POINT('',(76.86693673537,-1.866936735366,
    9.511616099845));
#2071 = CARTESIAN_POINT('',(77.150726224282,-2.150726224277,
    9.649591088635));
#2072 = CARTESIAN_POINT('',(77.445073517262,-2.445073517258,
    9.765629522979));
#2073 = CARTESIAN_POINT('',(77.748039737015,-2.748039737011,
    9.859161198859));
#2074 = CARTESIAN_POINT('',(78.057461595331,-3.057461595327,
    9.92963982877));
#2075 = CARTESIAN_POINT('',(78.370909114344,-3.370909114339,
    9.976641200248));
#2076 = CARTESIAN_POINT('',(78.685842159802,-3.685842159797,
    9.999999999592));
#2077 = CARTESIAN_POINT('',(78.999999986296,-3.999999986292,10.));
#2078 = CARTESIAN_POINT('',(70.000000000004,8.9E-16,6.));
#2079 = CARTESIAN_POINT('',(70.000000000004,-2.68E-14,6.706855109613));
#2080 = CARTESIAN_POINT('',(70.259389828903,-0.138830037605,
    7.412803455998));
#2081 = CARTESIAN_POINT('',(70.771618982556,-0.415212470479,
    8.029091179395));
#2082 = CARTESIAN_POINT('',(71.468264518962,-0.76653477343,
    8.424152681567));
#2083 = CARTESIAN_POINT('',(72.039821404571,-0.979946130617,
    8.695313354921));
#2084 = CARTESIAN_POINT('',(72.619937319992,-1.248318268614,
    8.942017866993));
#2085 = CARTESIAN_POINT('',(73.146528167337,-1.457582046033,
    9.113407607488));
#2086 = CARTESIAN_POINT('',(73.649171084738,-1.671324011457,
    9.268290411253));
#2087 = CARTESIAN_POINT('',(74.130023258305,-1.873499274406,
    9.395442267935));
#2088 = CARTESIAN_POINT('',(75.061571459233,-2.269327525417,
    9.613281931507));
#2089 = CARTESIAN_POINT('',(75.512164286368,-2.462499847268,
    9.703490904421));
#2090 = CARTESIAN_POINT('',(75.953833518209,-2.653717699972,
    9.77941250246));
#2091 = CARTESIAN_POINT('',(76.390851778349,-2.844564577054,
    9.84324390619));
#2092 = CARTESIAN_POINT('',(76.825904338661,-3.035809939751,
    9.895901959441));
#2093 = CARTESIAN_POINT('',(77.260464621532,-3.227717697958,
    9.93771556584));
#2094 = CARTESIAN_POINT('',(77.695147501656,-3.420273363476,
    9.968864515173));
#2095 = CARTESIAN_POINT('',(78.13004040732,-3.613329875486,9.98956473958
    ));
#2096 = CARTESIAN_POINT('',(78.565012221262,-3.806672098337,
    9.999999999592));
#2097 = CARTESIAN_POINT('',(78.999999986296,-3.999999986292,10.));
#2098 = DEFINITIONAL_REPRESENTATION('',(#2099),#2126);
#2099 = B_SPLINE_CURVE_WITH_KNOTS('',7,(#2100,#2101,#2102,#2103,#2104,
    #2105,#2106,#2107,#2108,#2109,#2110,#2111,#2112,#2113,#2114,#2115,
    #2116,#2117,#2118,#2119,#2120,#2121,#2122,#2123,#2124,#2125),
  .UNSPECIFIED.,.F.,.F.,(8,6,6,6,8),(0.,0.392699081699,0.785398163397,
    1.178097245096,1.570796326795),.UNSPECIFIED.);
#2100 = CARTESIAN_POINT('',(-1.33E-15,6.910098894519));
#2101 = CARTESIAN_POINT('',(0.303083777505,6.910098894519));
#2102 = CARTESIAN_POINT('',(0.597950873052,6.910098894519));
#2103 = CARTESIAN_POINT('',(0.885781317873,6.910098894519));
#2104 = CARTESIAN_POINT('',(1.167595654951,6.910098894518));
#2105 = CARTESIAN_POINT('',(1.444305064478,6.910098894519));
#2106 = CARTESIAN_POINT('',(1.716740247048,6.910098894519));
#2107 = CARTESIAN_POINT('',(2.254607969747,6.910098894519));
#2108 = CARTESIAN_POINT('',(2.520040839025,6.910098894519));
#2109 = CARTESIAN_POINT('',(2.782745396333,6.910098894519));
#2110 = CARTESIAN_POINT('',(3.043438193678,6.910098894519));
#2111 = CARTESIAN_POINT('',(3.302801472682,6.910098894519));
#2112 = CARTESIAN_POINT('',(3.561499593906,6.910098894519));
#2113 = CARTESIAN_POINT('',(4.0788959675,6.910098894519));
#2114 = CARTESIAN_POINT('',(4.337594088724,6.910098894519));
#2115 = CARTESIAN_POINT('',(4.596957367727,6.910098894518));
#2116 = CARTESIAN_POINT('',(4.857650165073,6.910098894519));
#2117 = CARTESIAN_POINT('',(5.120354722381,6.910098894519));
#2118 = CARTESIAN_POINT('',(5.385787591658,6.910098894519));
#2119 = CARTESIAN_POINT('',(5.923655314357,6.910098894519));
#2120 = CARTESIAN_POINT('',(6.196090496927,6.910098894519));
#2121 = CARTESIAN_POINT('',(6.472799906455,6.910098894519));
#2122 = CARTESIAN_POINT('',(6.754614243532,6.910098894518));
#2123 = CARTESIAN_POINT('',(7.042444688353,6.910098894519));
#2124 = CARTESIAN_POINT('',(7.3373117839,6.910098894519));
#2125 = CARTESIAN_POINT('',(7.640395561405,6.910098894519));
#2126 = ( GEOMETRIC_REPRESENTATION_CONTEXT(2) 
PARAMETRIC_REPRESENTATION_CONTEXT() REPRESENTATION_CONTEXT('2D SPACE',''
  ) );
#2127 = ORIENTED_EDGE('',*,*,#1654,.F.);
#2128 = ADVANCED_FACE('',(#2129),#1780,.T.);
#2129 = FACE_BOUND('',#2130,.T.);
#2130 = EDGE_LOOP('',(#2131,#2159,#2160,#2161));
#2131 = ORIENTED_EDGE('',*,*,#2132,.F.);
#2132 = EDGE_CURVE('',#1945,#2133,#2135,.T.);
#2133 = VERTEX_POINT('',#2134);
#2134 = CARTESIAN_POINT('',(79.2,20.,5.));
#2135 = SURFACE_CURVE('',#2136,(#2140,#2147),.PCURVE_S1.);
#2136 = LINE('',#2137,#2138);
#2137 = CARTESIAN_POINT('',(79.2,20.,-8.6E-16));
#2138 = VECTOR('',#2139,1.);
#2139 = DIRECTION('',(0.,0.,1.));
#2140 = PCURVE('',#1780,#2141);
#2141 = DEFINITIONAL_REPRESENTATION('',(#2142),#2146);
#2142 = LINE('',#2143,#2144);
#2143 = CARTESIAN_POINT('',(4.712388980385,0.));
#2144 = VECTOR('',#2145,1.);
#2145 = DIRECTION('',(0.,-1.));
#2146 = ( GEOMETRIC_REPRESENTATION_CONTEXT(2) 
PARAMETRIC_REPRESENTATION_CONTEXT() REPRESENTATION_CONTEXT('2D SPACE',''
  ) );
#2147 = PCURVE('',#2148,#2153);
#2148 = PLANE('',#2149);
#2149 = AXIS2_PLACEMENT_3D('',#2150,#2151,#2152);
#2150 = CARTESIAN_POINT('',(79.2,20.,-8.6E-16));
#2151 = DIRECTION('',(0.,1.,0.));
#2152 = DIRECTION('',(1.,0.,0.));
#2153 = DEFINITIONAL_REPRESENTATION('',(#2154),#2158);
#2154 = LINE('',#2155,#2156);
#2155 = CARTESIAN_POINT('',(0.,0.));
#2156 = VECTOR('',#2157,1.);
#2157 = DIRECTION('',(0.,-1.));
#2158 = ( GEOMETRIC_REPRESENTATION_CONTEXT(2) 
PARAMETRIC_REPRESENTATION_CONTEXT() REPRESENTATION_CONTEXT('2D SPACE',''
  ) );
#2159 = ORIENTED_EDGE('',*,*,#1973,.F.);
#2160 = ORIENTED_EDGE('',*,*,#1766,.T.);
#2161 = ORIENTED_EDGE('',*,*,#2162,.T.);
#2162 = EDGE_CURVE('',#1739,#2133,#2163,.T.);
#2163 = SURFACE_CURVE('',#2164,(#2169,#2176),.PCURVE_S1.);
#2164 = CIRCLE('',#2165,4.2);
#2165 = AXIS2_PLACEMENT_3D('',#2166,#2167,#2168);
#2166 = CARTESIAN_POINT('',(79.2,15.8,5.));
#2167 = DIRECTION('',(0.,0.,-1.));
#2168 = DIRECTION('',(1.,0.,0.));
#2169 = PCURVE('',#1780,#2170);
#2170 = DEFINITIONAL_REPRESENTATION('',(#2171),#2175);
#2171 = LINE('',#2172,#2173);
#2172 = CARTESIAN_POINT('',(0.,-5.));
#2173 = VECTOR('',#2174,1.);
#2174 = DIRECTION('',(1.,0.));
#2175 = ( GEOMETRIC_REPRESENTATION_CONTEXT(2) 
PARAMETRIC_REPRESENTATION_CONTEXT() REPRESENTATION_CONTEXT('2D SPACE',''
  ) );
#2176 = PCURVE('',#1754,#2177);
#2177 = DEFINITIONAL_REPRESENTATION('',(#2178),#2186);
#2178 = ( BOUNDED_CURVE() B_SPLINE_CURVE(2,(#2179,#2180,#2181,#2182,
#2183,#2184,#2185),.UNSPECIFIED.,.T.,.F.) B_SPLINE_CURVE_WITH_KNOTS((1,2
    ,2,2,2,1),(-2.094395102393,0.,2.094395102393,4.188790204786,
6.28318530718,8.377580409573),.UNSPECIFIED.) CURVE() 
GEOMETRIC_REPRESENTATION_ITEM() RATIONAL_B_SPLINE_CURVE((1.,0.5,1.,0.5,
1.,0.5,1.)) REPRESENTATION_ITEM('') );
#2179 = CARTESIAN_POINT('',(4.2,-7.105427357601E-15));
#2180 = CARTESIAN_POINT('',(4.2,-7.274613391789));
#2181 = CARTESIAN_POINT('',(-2.1,-3.637306695895));
#2182 = CARTESIAN_POINT('',(-8.4,-8.134130668885E-15));
#2183 = CARTESIAN_POINT('',(-2.1,3.637306695895));
#2184 = CARTESIAN_POINT('',(4.2,7.274613391789));
#2185 = CARTESIAN_POINT('',(4.2,-7.105427357601E-15));
#2186 = ( GEOMETRIC_REPRESENTATION_CONTEXT(2) 
PARAMETRIC_REPRESENTATION_CONTEXT() REPRESENTATION_CONTEXT('2D SPACE',''
  ) );
#2187 = ADVANCED_FACE('',(#2188),#1698,.T.);
#2188 = FACE_BOUND('',#2189,.T.);
#2189 = EDGE_LOOP('',(#2190,#2191,#2250,#2278));
#2190 = ORIENTED_EDGE('',*,*,#1682,.F.);
#2191 = ORIENTED_EDGE('',*,*,#2192,.T.);
#2192 = EDGE_CURVE('',#1655,#2193,#2195,.T.);
#2193 = VERTEX_POINT('',#2194);
#2194 = CARTESIAN_POINT('',(79.000000000004,-4.,10.));
#2195 = SURFACE_CURVE('',#2196,(#2217,#2243),.PCURVE_S1.);
#2196 = ( BOUNDED_CURVE() B_SPLINE_CURVE(10,(#2197,#2198,#2199,#2200,
    #2201,#2202,#2203,#2204,#2205,#2206,#2207,#2208,#2209,#2210,#2211,
    #2212,#2213,#2214,#2215,#2216),.UNSPECIFIED.,.F.,.F.) 
B_SPLINE_CURVE_WITH_KNOTS((11,9,11),(6.910098894519,10.730296675221,
14.550494455924),.UNSPECIFIED.) CURVE() GEOMETRIC_REPRESENTATION_ITEM() 
RATIONAL_B_SPLINE_CURVE((1.,1.,1.,1.,1.,1.,1.,1.,1.,1.,1.,1.,1.,1.,1.,1.
,1.,1.,1.,1.)) REPRESENTATION_ITEM('') );
#2197 = CARTESIAN_POINT('',(75.000000000004,5.,6.));
#2198 = CARTESIAN_POINT('',(75.000000000004,5.,6.706855109613));
#2199 = CARTESIAN_POINT('',(75.13883003761,4.740610171102,7.412803455998
    ));
#2200 = CARTESIAN_POINT('',(75.415212470483,4.228381017449,
    8.029091179395));
#2201 = CARTESIAN_POINT('',(75.766534773434,3.531735481043,
    8.424152681567));
#2202 = CARTESIAN_POINT('',(75.979946130622,2.960178595432,
    8.695313354921));
#2203 = CARTESIAN_POINT('',(76.248318268618,2.380062680013,
    8.942017866994));
#2204 = CARTESIAN_POINT('',(76.457582046037,1.853471832667,
    9.113407607488));
#2205 = CARTESIAN_POINT('',(76.671324011461,1.350828915266,
    9.268290411253));
#2206 = CARTESIAN_POINT('',(76.873499274411,0.869976741699,
    9.395442267935));
#2207 = CARTESIAN_POINT('',(77.269327525422,-6.157145922868E-02,
    9.613281931507));
#2208 = CARTESIAN_POINT('',(77.462499847272,-0.512164286364,
    9.703490904421));
#2209 = CARTESIAN_POINT('',(77.653717699976,-0.953833518205,
    9.77941250246));
#2210 = CARTESIAN_POINT('',(77.844564577059,-1.390851778345,
    9.843243906189));
#2211 = CARTESIAN_POINT('',(78.035809939754,-1.825904338656,
    9.895901959441));
#2212 = CARTESIAN_POINT('',(78.227717697963,-2.260464621528,
    9.93771556584));
#2213 = CARTESIAN_POINT('',(78.420273363479,-2.695147501651,
    9.968864515173));
#2214 = CARTESIAN_POINT('',(78.613329875491,-3.130040407316,
    9.98956473958));
#2215 = CARTESIAN_POINT('',(78.806672098341,-3.565012221258,
    9.999999999592));
#2216 = CARTESIAN_POINT('',(78.999999986296,-3.999999986292,10.));
#2217 = PCURVE('',#1698,#2218);
#2218 = DEFINITIONAL_REPRESENTATION('',(#2219),#2242);
#2219 = B_SPLINE_CURVE_WITH_KNOTS('',11,(#2220,#2221,#2222,#2223,#2224,
    #2225,#2226,#2227,#2228,#2229,#2230,#2231,#2232,#2233,#2234,#2235,
    #2236,#2237,#2238,#2239,#2240,#2241),.UNSPECIFIED.,.F.,.F.,(12,10,12
    ),(6.910098894519,10.730296675221,14.550494455924),.UNSPECIFIED.);
#2220 = CARTESIAN_POINT('',(-4.8E-16,5.));
#2221 = CARTESIAN_POINT('',(0.160648888548,5.));
#2222 = CARTESIAN_POINT('',(0.321172519786,4.787888304783));
#2223 = CARTESIAN_POINT('',(0.470449849481,4.367429941775));
#2224 = CARTESIAN_POINT('',(0.593485755628,3.78675384975));
#2225 = CARTESIAN_POINT('',(0.690450298319,3.217355504388));
#2226 = CARTESIAN_POINT('',(0.769109609681,2.699087151064));
#2227 = CARTESIAN_POINT('',(0.842819299552,2.186924059769));
#2228 = CARTESIAN_POINT('',(0.903920611823,1.717014326135));
#2229 = CARTESIAN_POINT('',(0.96241793039,1.263293854973));
#2230 = CARTESIAN_POINT('',(1.016351296463,0.827628916357));
#2231 = CARTESIAN_POINT('',(1.11903470606,-1.922363388715E-02));
#2232 = CARTESIAN_POINT('',(1.167687413638,-0.430239435303));
#2233 = CARTESIAN_POINT('',(1.214646609555,-0.83338216767));
#2234 = CARTESIAN_POINT('',(1.260533243893,-1.231937901331));
#2235 = CARTESIAN_POINT('',(1.30571822024,-1.628151464415));
#2236 = CARTESIAN_POINT('',(1.350421055763,-2.02342851679));
#2237 = CARTESIAN_POINT('',(1.39478271278,-2.418529606153));
#2238 = CARTESIAN_POINT('',(1.438912601303,-2.813756205916));
#2239 = CARTESIAN_POINT('',(1.482909753116,-3.209128735224));
#2240 = CARTESIAN_POINT('',(1.526858166887,-3.604556560831));
#2241 = CARTESIAN_POINT('',(1.570796324686,-3.99999998102));
#2242 = ( GEOMETRIC_REPRESENTATION_CONTEXT(2) 
PARAMETRIC_REPRESENTATION_CONTEXT() REPRESENTATION_CONTEXT('2D SPACE',''
  ) );
#2243 = PCURVE('',#2037,#2244);
#2244 = DEFINITIONAL_REPRESENTATION('',(#2245),#2249);
#2245 = LINE('',#2246,#2247);
#2246 = CARTESIAN_POINT('',(0.,0.));
#2247 = VECTOR('',#2248,1.);
#2248 = DIRECTION('',(0.,1.));
#2249 = ( GEOMETRIC_REPRESENTATION_CONTEXT(2) 
PARAMETRIC_REPRESENTATION_CONTEXT() REPRESENTATION_CONTEXT('2D SPACE',''
  ) );
#2250 = ORIENTED_EDGE('',*,*,#2251,.T.);
#2251 = EDGE_CURVE('',#2193,#2252,#2254,.T.);
#2252 = VERTEX_POINT('',#2253);
#2253 = CARTESIAN_POINT('',(79.000000000004,11.6,10.));
#2254 = SURFACE_CURVE('',#2255,(#2259,#2266),.PCURVE_S1.);
#2255 = LINE('',#2256,#2257);
#2256 = CARTESIAN_POINT('',(79.000000000004,0.,10.));
#2257 = VECTOR('',#2258,1.);
#2258 = DIRECTION('',(0.,1.,0.));
#2259 = PCURVE('',#1698,#2260);
#2260 = DEFINITIONAL_REPRESENTATION('',(#2261),#2265);
#2261 = LINE('',#2262,#2263);
#2262 = CARTESIAN_POINT('',(1.570796326795,0.));
#2263 = VECTOR('',#2264,1.);
#2264 = DIRECTION('',(0.,1.));
#2265 = ( GEOMETRIC_REPRESENTATION_CONTEXT(2) 
PARAMETRIC_REPRESENTATION_CONTEXT() REPRESENTATION_CONTEXT('2D SPACE',''
  ) );
#2266 = PCURVE('',#2267,#2272);
#2267 = PLANE('',#2268);
#2268 = AXIS2_PLACEMENT_3D('',#2269,#2270,#2271);
#2269 = CARTESIAN_POINT('',(70.891122641047,2.654402136581,10.));
#2270 = DIRECTION('',(0.,-2.2E-16,1.));
#2271 = DIRECTION('',(1.,0.,0.));
#2272 = DEFINITIONAL_REPRESENTATION('',(#2273),#2277);
#2273 = LINE('',#2274,#2275);
#2274 = CARTESIAN_POINT('',(8.108877358957,-2.654402136581));
#2275 = VECTOR('',#2276,1.);
#2276 = DIRECTION('',(0.,1.));
#2277 = ( GEOMETRIC_REPRESENTATION_CONTEXT(2) 
PARAMETRIC_REPRESENTATION_CONTEXT() REPRESENTATION_CONTEXT('2D SPACE',''
  ) );
#2278 = ORIENTED_EDGE('',*,*,#2279,.F.);
#2279 = EDGE_CURVE('',#1683,#2252,#2280,.T.);
#2280 = SURFACE_CURVE('',#2281,(#2286,#2293),.PCURVE_S1.);
#2281 = CIRCLE('',#2282,4.);
#2282 = AXIS2_PLACEMENT_3D('',#2283,#2284,#2285);
#2283 = CARTESIAN_POINT('',(79.000000000004,11.6,6.));
#2284 = DIRECTION('',(0.,1.,0.));
#2285 = DIRECTION('',(0.,0.,1.));
#2286 = PCURVE('',#1698,#2287);
#2287 = DEFINITIONAL_REPRESENTATION('',(#2288),#2292);
#2288 = LINE('',#2289,#2290);
#2289 = CARTESIAN_POINT('',(-4.712388980385,11.6));
#2290 = VECTOR('',#2291,1.);
#2291 = DIRECTION('',(1.,0.));
#2292 = ( GEOMETRIC_REPRESENTATION_CONTEXT(2) 
PARAMETRIC_REPRESENTATION_CONTEXT() REPRESENTATION_CONTEXT('2D SPACE',''
  ) );
#2293 = PCURVE('',#1726,#2294);
#2294 = DEFINITIONAL_REPRESENTATION('',(#2295),#2303);
#2295 = ( BOUNDED_CURVE() B_SPLINE_CURVE(2,(#2296,#2297,#2298,#2299,
#2300,#2301,#2302),.UNSPECIFIED.,.T.,.F.) B_SPLINE_CURVE_WITH_KNOTS((1,2
    ,2,2,2,1),(-2.094395102393,0.,2.094395102393,4.188790204786,
6.28318530718,8.377580409573),.UNSPECIFIED.) CURVE() 
GEOMETRIC_REPRESENTATION_ITEM() RATIONAL_B_SPLINE_CURVE((1.,0.5,1.,0.5,
1.,0.5,1.)) REPRESENTATION_ITEM('') );
#2296 = CARTESIAN_POINT('',(4.000000000004,0.));
#2297 = CARTESIAN_POINT('',(10.92820323028,0.));
#2298 = CARTESIAN_POINT('',(7.464101615142,-6.));
#2299 = CARTESIAN_POINT('',(4.000000000004,-12.));
#2300 = CARTESIAN_POINT('',(0.535898384867,-6.));
#2301 = CARTESIAN_POINT('',(-2.928203230271,-6.217248937901E-15));
#2302 = CARTESIAN_POINT('',(4.000000000004,0.));
#2303 = ( GEOMETRIC_REPRESENTATION_CONTEXT(2) 
PARAMETRIC_REPRESENTATION_CONTEXT() REPRESENTATION_CONTEXT('2D SPACE',''
  ) );
#2304 = ADVANCED_FACE('',(#2305,#2381),#1754,.T.);
#2305 = FACE_BOUND('',#2306,.T.);
#2306 = EDGE_LOOP('',(#2307,#2330,#2358,#2379,#2380));
#2307 = ORIENTED_EDGE('',*,*,#2308,.T.);
#2308 = EDGE_CURVE('',#1711,#2309,#2311,.T.);
#2309 = VERTEX_POINT('',#2310);
#2310 = CARTESIAN_POINT('',(83.4,11.6,5.));
#2311 = SURFACE_CURVE('',#2312,(#2316,#2323),.PCURVE_S1.);
#2312 = LINE('',#2313,#2314);
#2313 = CARTESIAN_POINT('',(75.,11.6,5.));
#2314 = VECTOR('',#2315,1.);
#2315 = DIRECTION('',(1.,0.,0.));
#2316 = PCURVE('',#1754,#2317);
#2317 = DEFINITIONAL_REPRESENTATION('',(#2318),#2322);
#2318 = LINE('',#2319,#2320);
#2319 = CARTESIAN_POINT('',(-4.2,-4.2));
#2320 = VECTOR('',#2321,1.);
#2321 = DIRECTION('',(1.,0.));
#2322 = ( GEOMETRIC_REPRESENTATION_CONTEXT(2) 
PARAMETRIC_REPRESENTATION_CONTEXT() REPRESENTATION_CONTEXT('2D SPACE',''
  ) );
#2323 = PCURVE('',#1726,#2324);
#2324 = DEFINITIONAL_REPRESENTATION('',(#2325),#2329);
#2325 = LINE('',#2326,#2327);
#2326 = CARTESIAN_POINT('',(0.,-5.));
#2327 = VECTOR('',#2328,1.);
#2328 = DIRECTION('',(1.,0.));
#2329 = ( GEOMETRIC_REPRESENTATION_CONTEXT(2) 
PARAMETRIC_REPRESENTATION_CONTEXT() REPRESENTATION_CONTEXT('2D SPACE',''
  ) );
#2330 = ORIENTED_EDGE('',*,*,#2331,.T.);
#2331 = EDGE_CURVE('',#2309,#2332,#2334,.T.);
#2332 = VERTEX_POINT('',#2333);
#2333 = CARTESIAN_POINT('',(83.4,20.,5.));
#2334 = SURFACE_CURVE('',#2335,(#2339,#2346),.PCURVE_S1.);
#2335 = LINE('',#2336,#2337);
#2336 = CARTESIAN_POINT('',(83.4,11.6,5.));
#2337 = VECTOR('',#2338,1.);
#2338 = DIRECTION('',(0.,1.,2.2E-16));
#2339 = PCURVE('',#1754,#2340);
#2340 = DEFINITIONAL_REPRESENTATION('',(#2341),#2345);
#2341 = LINE('',#2342,#2343);
#2342 = CARTESIAN_POINT('',(4.2,-4.2));
#2343 = VECTOR('',#2344,1.);
#2344 = DIRECTION('',(0.,1.));
#2345 = ( GEOMETRIC_REPRESENTATION_CONTEXT(2) 
PARAMETRIC_REPRESENTATION_CONTEXT() REPRESENTATION_CONTEXT('2D SPACE',''
  ) );
#2346 = PCURVE('',#2347,#2352);
#2347 = PLANE('',#2348);
#2348 = AXIS2_PLACEMENT_3D('',#2349,#2350,#2351);
#2349 = CARTESIAN_POINT('',(83.4,20.595454545455,5.795454545455));
#2350 = DIRECTION('',(-1.,0.,0.));
#2351 = DIRECTION('',(0.,1.,2.2E-16));
#2352 = DEFINITIONAL_REPRESENTATION('',(#2353),#2357);
#2353 = LINE('',#2354,#2355);
#2354 = CARTESIAN_POINT('',(-8.995454545455,0.795454545455));
#2355 = VECTOR('',#2356,1.);
#2356 = DIRECTION('',(1.,0.));
#2357 = ( GEOMETRIC_REPRESENTATION_CONTEXT(2) 
PARAMETRIC_REPRESENTATION_CONTEXT() REPRESENTATION_CONTEXT('2D SPACE',''
  ) );
#2358 = ORIENTED_EDGE('',*,*,#2359,.T.);
#2359 = EDGE_CURVE('',#2332,#2133,#2360,.T.);
#2360 = SURFACE_CURVE('',#2361,(#2365,#2372),.PCURVE_S1.);
#2361 = LINE('',#2362,#2363);
#2362 = CARTESIAN_POINT('',(83.4,20.,5.));
#2363 = VECTOR('',#2364,1.);
#2364 = DIRECTION('',(-1.,0.,0.));
#2365 = PCURVE('',#1754,#2366);
#2366 = DEFINITIONAL_REPRESENTATION('',(#2367),#2371);
#2367 = LINE('',#2368,#2369);
#2368 = CARTESIAN_POINT('',(4.2,4.2));
#2369 = VECTOR('',#2370,1.);
#2370 = DIRECTION('',(-1.,0.));
#2371 = ( GEOMETRIC_REPRESENTATION_CONTEXT(2) 
PARAMETRIC_REPRESENTATION_CONTEXT() REPRESENTATION_CONTEXT('2D SPACE',''
  ) );
#2372 = PCURVE('',#2148,#2373);
#2373 = DEFINITIONAL_REPRESENTATION('',(#2374),#2378);
#2374 = LINE('',#2375,#2376);
#2375 = CARTESIAN_POINT('',(4.2,-5.));
#2376 = VECTOR('',#2377,1.);
#2377 = DIRECTION('',(-1.,0.));
#2378 = ( GEOMETRIC_REPRESENTATION_CONTEXT(2) 
PARAMETRIC_REPRESENTATION_CONTEXT() REPRESENTATION_CONTEXT('2D SPACE',''
  ) );
#2379 = ORIENTED_EDGE('',*,*,#2162,.F.);
#2380 = ORIENTED_EDGE('',*,*,#1738,.T.);
#2381 = FACE_BOUND('',#2382,.T.);
#2382 = EDGE_LOOP('',(#2383));
#2383 = ORIENTED_EDGE('',*,*,#2384,.T.);
#2384 = EDGE_CURVE('',#2385,#2385,#2387,.T.);
#2385 = VERTEX_POINT('',#2386);
#2386 = CARTESIAN_POINT('',(81.7,15.8,5.));
#2387 = SURFACE_CURVE('',#2388,(#2393,#2404),.PCURVE_S1.);
#2388 = CIRCLE('',#2389,2.5);
#2389 = AXIS2_PLACEMENT_3D('',#2390,#2391,#2392);
#2390 = CARTESIAN_POINT('',(79.2,15.8,5.));
#2391 = DIRECTION('',(0.,0.,-1.));
#2392 = DIRECTION('',(1.,0.,0.));
#2393 = PCURVE('',#1754,#2394);
#2394 = DEFINITIONAL_REPRESENTATION('',(#2395),#2403);
#2395 = ( BOUNDED_CURVE() B_SPLINE_CURVE(2,(#2396,#2397,#2398,#2399,
#2400,#2401,#2402),.UNSPECIFIED.,.T.,.F.) B_SPLINE_CURVE_WITH_KNOTS((1,2
    ,2,2,2,1),(-2.094395102393,0.,2.094395102393,4.188790204786,
6.28318530718,8.377580409573),.UNSPECIFIED.) CURVE() 
GEOMETRIC_REPRESENTATION_ITEM() RATIONAL_B_SPLINE_CURVE((1.,0.5,1.,0.5,
1.,0.5,1.)) REPRESENTATION_ITEM('') );
#2396 = CARTESIAN_POINT('',(2.5,-7.105427357601E-15));
#2397 = CARTESIAN_POINT('',(2.5,-4.330127018922));
#2398 = CARTESIAN_POINT('',(-1.25,-2.165063509461));
#2399 = CARTESIAN_POINT('',(-5.,-7.717750757175E-15));
#2400 = CARTESIAN_POINT('',(-1.25,2.165063509461));
#2401 = CARTESIAN_POINT('',(2.5,4.330127018922));
#2402 = CARTESIAN_POINT('',(2.5,-7.105427357601E-15));
#2403 = ( GEOMETRIC_REPRESENTATION_CONTEXT(2) 
PARAMETRIC_REPRESENTATION_CONTEXT() REPRESENTATION_CONTEXT('2D SPACE',''
  ) );
#2404 = PCURVE('',#2405,#2410);
#2405 = CYLINDRICAL_SURFACE('',#2406,2.5);
#2406 = AXIS2_PLACEMENT_3D('',#2407,#2408,#2409);
#2407 = CARTESIAN_POINT('',(79.2,15.8,-8.6E-16));
#2408 = DIRECTION('',(0.,0.,-1.));
#2409 = DIRECTION('',(1.,0.,0.));
#2410 = DEFINITIONAL_REPRESENTATION('',(#2411),#2415);
#2411 = LINE('',#2412,#2413);
#2412 = CARTESIAN_POINT('',(0.,-5.));
#2413 = VECTOR('',#2414,1.);
#2414 = DIRECTION('',(1.,0.));
#2415 = ( GEOMETRIC_REPRESENTATION_CONTEXT(2) 
PARAMETRIC_REPRESENTATION_CONTEXT() REPRESENTATION_CONTEXT('2D SPACE',''
  ) );
#2416 = ADVANCED_FACE('',(#2417),#1726,.F.);
#2417 = FACE_BOUND('',#2418,.F.);
#2418 = EDGE_LOOP('',(#2419,#2442,#2443,#2444,#2445,#2468));
#2419 = ORIENTED_EDGE('',*,*,#2420,.F.);
#2420 = EDGE_CURVE('',#2252,#2421,#2423,.T.);
#2421 = VERTEX_POINT('',#2422);
#2422 = CARTESIAN_POINT('',(82.,11.6,10.));
#2423 = SURFACE_CURVE('',#2424,(#2428,#2435),.PCURVE_S1.);
#2424 = LINE('',#2425,#2426);
#2425 = CARTESIAN_POINT('',(75.,11.6,10.));
#2426 = VECTOR('',#2427,1.);
#2427 = DIRECTION('',(1.,0.,0.));
#2428 = PCURVE('',#1726,#2429);
#2429 = DEFINITIONAL_REPRESENTATION('',(#2430),#2434);
#2430 = LINE('',#2431,#2432);
#2431 = CARTESIAN_POINT('',(0.,1.7763568394E-15));
#2432 = VECTOR('',#2433,1.);
#2433 = DIRECTION('',(1.,0.));
#2434 = ( GEOMETRIC_REPRESENTATION_CONTEXT(2) 
PARAMETRIC_REPRESENTATION_CONTEXT() REPRESENTATION_CONTEXT('2D SPACE',''
  ) );
#2435 = PCURVE('',#2267,#2436);
#2436 = DEFINITIONAL_REPRESENTATION('',(#2437),#2441);
#2437 = LINE('',#2438,#2439);
#2438 = CARTESIAN_POINT('',(4.108877358953,8.945597863419));
#2439 = VECTOR('',#2440,1.);
#2440 = DIRECTION('',(1.,0.));
#2441 = ( GEOMETRIC_REPRESENTATION_CONTEXT(2) 
PARAMETRIC_REPRESENTATION_CONTEXT() REPRESENTATION_CONTEXT('2D SPACE',''
  ) );
#2442 = ORIENTED_EDGE('',*,*,#2279,.F.);
#2443 = ORIENTED_EDGE('',*,*,#1710,.T.);
#2444 = ORIENTED_EDGE('',*,*,#2308,.T.);
#2445 = ORIENTED_EDGE('',*,*,#2446,.F.);
#2446 = EDGE_CURVE('',#2447,#2309,#2449,.T.);
#2447 = VERTEX_POINT('',#2448);
#2448 = CARTESIAN_POINT('',(83.4,11.6,8.6));
#2449 = SURFACE_CURVE('',#2450,(#2454,#2461),.PCURVE_S1.);
#2450 = LINE('',#2451,#2452);
#2451 = CARTESIAN_POINT('',(83.4,11.6,10.));
#2452 = VECTOR('',#2453,1.);
#2453 = DIRECTION('',(0.,0.,-1.));
#2454 = PCURVE('',#1726,#2455);
#2455 = DEFINITIONAL_REPRESENTATION('',(#2456),#2460);
#2456 = LINE('',#2457,#2458);
#2457 = CARTESIAN_POINT('',(8.4,0.));
#2458 = VECTOR('',#2459,1.);
#2459 = DIRECTION('',(0.,-1.));
#2460 = ( GEOMETRIC_REPRESENTATION_CONTEXT(2) 
PARAMETRIC_REPRESENTATION_CONTEXT() REPRESENTATION_CONTEXT('2D SPACE',''
  ) );
#2461 = PCURVE('',#2347,#2462);
#2462 = DEFINITIONAL_REPRESENTATION('',(#2463),#2467);
#2463 = LINE('',#2464,#2465);
#2464 = CARTESIAN_POINT('',(-8.995454545455,-4.204545454545));
#2465 = VECTOR('',#2466,1.);
#2466 = DIRECTION('',(-2.2E-16,1.));
#2467 = ( GEOMETRIC_REPRESENTATION_CONTEXT(2) 
PARAMETRIC_REPRESENTATION_CONTEXT() REPRESENTATION_CONTEXT('2D SPACE',''
  ) );
#2468 = ORIENTED_EDGE('',*,*,#2469,.F.);
#2469 = EDGE_CURVE('',#2421,#2447,#2470,.T.);
#2470 = SURFACE_CURVE('',#2471,(#2475,#2482),.PCURVE_S1.);
#2471 = LINE('',#2472,#2473);
#2472 = CARTESIAN_POINT('',(81.5,11.6,10.5));
#2473 = VECTOR('',#2474,1.);
#2474 = DIRECTION('',(0.707106781187,0.,-0.707106781187));
#2475 = PCURVE('',#1726,#2476);
#2476 = DEFINITIONAL_REPRESENTATION('',(#2477),#2481);
#2477 = LINE('',#2478,#2479);
#2478 = CARTESIAN_POINT('',(6.5,0.5));
#2479 = VECTOR('',#2480,1.);
#2480 = DIRECTION('',(0.707106781187,-0.707106781187));
#2481 = ( GEOMETRIC_REPRESENTATION_CONTEXT(2) 
PARAMETRIC_REPRESENTATION_CONTEXT() REPRESENTATION_CONTEXT('2D SPACE',''
  ) );
#2482 = PCURVE('',#2483,#2488);
#2483 = PLANE('',#2484);
#2484 = AXIS2_PLACEMENT_3D('',#2485,#2486,#2487);
#2485 = CARTESIAN_POINT('',(84.5,28.,7.5));
#2486 = DIRECTION('',(0.707106781187,-2.E-17,0.707106781187));
#2487 = DIRECTION('',(-1.414213562373E-17,-1.,-1.414213562373E-17));
#2488 = DEFINITIONAL_REPRESENTATION('',(#2489),#2493);
#2489 = LINE('',#2490,#2491);
#2490 = CARTESIAN_POINT('',(16.4,-4.242640687119));
#2491 = VECTOR('',#2492,1.);
#2492 = DIRECTION('',(0.,1.));
#2493 = ( GEOMETRIC_REPRESENTATION_CONTEXT(2) 
PARAMETRIC_REPRESENTATION_CONTEXT() REPRESENTATION_CONTEXT('2D SPACE',''
  ) );
#2494 = ADVANCED_FACE('',(#2495),#1842,.T.);
#2495 = FACE_BOUND('',#2496,.T.);
#2496 = EDGE_LOOP('',(#2497,#2520,#2521,#2544));
#2497 = ORIENTED_EDGE('',*,*,#2498,.T.);
#2498 = EDGE_CURVE('',#2499,#1796,#2501,.T.);
#2499 = VERTEX_POINT('',#2500);
#2500 = CARTESIAN_POINT('',(17.393657343362,1.E-15,1.));
#2501 = SURFACE_CURVE('',#2502,(#2506,#2513),.PCURVE_S1.);
#2502 = LINE('',#2503,#2504);
#2503 = CARTESIAN_POINT('',(18.239811189516,8.9E-16,1.));
#2504 = VECTOR('',#2505,1.);
#2505 = DIRECTION('',(1.,0.,0.));
#2506 = PCURVE('',#1842,#2507);
#2507 = DEFINITIONAL_REPRESENTATION('',(#2508),#2512);
#2508 = LINE('',#2509,#2510);
#2509 = CARTESIAN_POINT('',(1.570796326795,0.));
#2510 = VECTOR('',#2511,1.);
#2511 = DIRECTION('',(0.,1.));
#2512 = ( GEOMETRIC_REPRESENTATION_CONTEXT(2) 
PARAMETRIC_REPRESENTATION_CONTEXT() REPRESENTATION_CONTEXT('2D SPACE',''
  ) );
#2513 = PCURVE('',#100,#2514);
#2514 = DEFINITIONAL_REPRESENTATION('',(#2515),#2519);
#2515 = LINE('',#2516,#2517);
#2516 = CARTESIAN_POINT('',(-18.23981118951,-7.153283569923));
#2517 = VECTOR('',#2518,1.);
#2518 = DIRECTION('',(-1.,0.));
#2519 = ( GEOMETRIC_REPRESENTATION_CONTEXT(2) 
PARAMETRIC_REPRESENTATION_CONTEXT() REPRESENTATION_CONTEXT('2D SPACE',''
  ) );
#2520 = ORIENTED_EDGE('',*,*,#1795,.F.);
#2521 = ORIENTED_EDGE('',*,*,#2522,.F.);
#2522 = EDGE_CURVE('',#2523,#1442,#2525,.T.);
#2523 = VERTEX_POINT('',#2524);
#2524 = CARTESIAN_POINT('',(17.395735291679,-0.999997841063,1.E-15));
#2525 = SURFACE_CURVE('',#2526,(#2530,#2537),.PCURVE_S1.);
#2526 = LINE('',#2527,#2528);
#2527 = CARTESIAN_POINT('',(18.239811189516,-1.,6.7E-16));
#2528 = VECTOR('',#2529,1.);
#2529 = DIRECTION('',(1.,0.,0.));
#2530 = PCURVE('',#1842,#2531);
#2531 = DEFINITIONAL_REPRESENTATION('',(#2532),#2536);
#2532 = LINE('',#2533,#2534);
#2533 = CARTESIAN_POINT('',(0.,0.));
#2534 = VECTOR('',#2535,1.);
#2535 = DIRECTION('',(0.,1.));
#2536 = ( GEOMETRIC_REPRESENTATION_CONTEXT(2) 
PARAMETRIC_REPRESENTATION_CONTEXT() REPRESENTATION_CONTEXT('2D SPACE',''
  ) );
#2537 = PCURVE('',#725,#2538);
#2538 = DEFINITIONAL_REPRESENTATION('',(#2539),#2543);
#2539 = LINE('',#2540,#2541);
#2540 = CARTESIAN_POINT('',(4.723572967801,18.239811189516));
#2541 = VECTOR('',#2542,1.);
#2542 = DIRECTION('',(0.,1.));
#2543 = ( GEOMETRIC_REPRESENTATION_CONTEXT(2) 
PARAMETRIC_REPRESENTATION_CONTEXT() REPRESENTATION_CONTEXT('2D SPACE',''
  ) );
#2544 = ORIENTED_EDGE('',*,*,#2545,.T.);
#2545 = EDGE_CURVE('',#2523,#2499,#2546,.T.);
#2546 = SURFACE_CURVE('',#2547,(#2551,#2559),.PCURVE_S1.);
#2547 = ( BOUNDED_CURVE() B_SPLINE_CURVE(2,(#2548,#2549,#2550),
.UNSPECIFIED.,.F.,.F.) B_SPLINE_CURVE_WITH_KNOTS((3,3),(0.,6.44130617421
),.PIECEWISE_BEZIER_KNOTS.) CURVE() GEOMETRIC_REPRESENTATION_ITEM() 
RATIONAL_B_SPLINE_CURVE((1.,0.707106781187,1.)) REPRESENTATION_ITEM('') 
  );
#2548 = CARTESIAN_POINT('',(17.395735291679,-0.999997841063,9.E-16));
#2549 = CARTESIAN_POINT('',(17.393657343362,1.33E-15,-2.2E-16));
#2550 = CARTESIAN_POINT('',(17.393657343362,1.55E-15,1.));
#2551 = PCURVE('',#1842,#2552);
#2552 = DEFINITIONAL_REPRESENTATION('',(#2553),#2558);
#2553 = B_SPLINE_CURVE_WITH_KNOTS('',3,(#2554,#2555,#2556,#2557),
  .UNSPECIFIED.,.F.,.F.,(4,4),(0.,6.44130617421),
  .PIECEWISE_BEZIER_KNOTS.);
#2554 = CARTESIAN_POINT('',(-2.2E-16,-0.846153846154));
#2555 = CARTESIAN_POINT('',(0.471404520791,-0.846153846154));
#2556 = CARTESIAN_POINT('',(1.099391806004,-0.846153846154));
#2557 = CARTESIAN_POINT('',(1.570796326795,-0.846153846154));
#2558 = ( GEOMETRIC_REPRESENTATION_CONTEXT(2) 
PARAMETRIC_REPRESENTATION_CONTEXT() REPRESENTATION_CONTEXT('2D SPACE',''
  ) );
#2559 = PCURVE('',#1237,#2560);
#2560 = DEFINITIONAL_REPRESENTATION('',(#2561),#2565);
#2561 = LINE('',#2562,#2563);
#2562 = CARTESIAN_POINT('',(0.,10.953761452775));
#2563 = VECTOR('',#2564,1.);
#2564 = DIRECTION('',(1.,0.));
#2565 = ( GEOMETRIC_REPRESENTATION_CONTEXT(2) 
PARAMETRIC_REPRESENTATION_CONTEXT() REPRESENTATION_CONTEXT('2D SPACE',''
  ) );
#2566 = ADVANCED_FACE('',(#2567),#1961,.T.);
#2567 = FACE_BOUND('',#2568,.T.);
#2568 = EDGE_LOOP('',(#2569,#2570,#2593,#2621));
#2569 = ORIENTED_EDGE('',*,*,#1944,.T.);
#2570 = ORIENTED_EDGE('',*,*,#2571,.T.);
#2571 = EDGE_CURVE('',#1945,#2572,#2574,.T.);
#2572 = VERTEX_POINT('',#2573);
#2573 = CARTESIAN_POINT('',(83.4,20.,1.));
#2574 = SURFACE_CURVE('',#2575,(#2579,#2586),.PCURVE_S1.);
#2575 = LINE('',#2576,#2577);
#2576 = CARTESIAN_POINT('',(79.2,20.,1.));
#2577 = VECTOR('',#2578,1.);
#2578 = DIRECTION('',(1.,0.,0.));
#2579 = PCURVE('',#1961,#2580);
#2580 = DEFINITIONAL_REPRESENTATION('',(#2581),#2585);
#2581 = LINE('',#2582,#2583);
#2582 = CARTESIAN_POINT('',(1.570796326795,0.));
#2583 = VECTOR('',#2584,1.);
#2584 = DIRECTION('',(0.,1.));
#2585 = ( GEOMETRIC_REPRESENTATION_CONTEXT(2) 
PARAMETRIC_REPRESENTATION_CONTEXT() REPRESENTATION_CONTEXT('2D SPACE',''
  ) );
#2586 = PCURVE('',#2148,#2587);
#2587 = DEFINITIONAL_REPRESENTATION('',(#2588),#2592);
#2588 = LINE('',#2589,#2590);
#2589 = CARTESIAN_POINT('',(0.,-1.));
#2590 = VECTOR('',#2591,1.);
#2591 = DIRECTION('',(1.,0.));
#2592 = ( GEOMETRIC_REPRESENTATION_CONTEXT(2) 
PARAMETRIC_REPRESENTATION_CONTEXT() REPRESENTATION_CONTEXT('2D SPACE',''
  ) );
#2593 = ORIENTED_EDGE('',*,*,#2594,.F.);
#2594 = EDGE_CURVE('',#2595,#2572,#2597,.T.);
#2595 = VERTEX_POINT('',#2596);
#2596 = CARTESIAN_POINT('',(83.4,19.,3.E-15));
#2597 = SURFACE_CURVE('',#2598,(#2603,#2610),.PCURVE_S1.);
#2598 = CIRCLE('',#2599,1.);
#2599 = AXIS2_PLACEMENT_3D('',#2600,#2601,#2602);
#2600 = CARTESIAN_POINT('',(83.4,19.,1.));
#2601 = DIRECTION('',(1.,0.,0.));
#2602 = DIRECTION('',(0.,-1.,-2.2E-16));
#2603 = PCURVE('',#1961,#2604);
#2604 = DEFINITIONAL_REPRESENTATION('',(#2605),#2609);
#2605 = LINE('',#2606,#2607);
#2606 = CARTESIAN_POINT('',(-1.570796326795,4.2));
#2607 = VECTOR('',#2608,1.);
#2608 = DIRECTION('',(1.,0.));
#2609 = ( GEOMETRIC_REPRESENTATION_CONTEXT(2) 
PARAMETRIC_REPRESENTATION_CONTEXT() REPRESENTATION_CONTEXT('2D SPACE',''
  ) );
#2610 = PCURVE('',#2347,#2611);
#2611 = DEFINITIONAL_REPRESENTATION('',(#2612),#2620);
#2612 = ( BOUNDED_CURVE() B_SPLINE_CURVE(2,(#2613,#2614,#2615,#2616,
#2617,#2618,#2619),.UNSPECIFIED.,.T.,.F.) B_SPLINE_CURVE_WITH_KNOTS((1,2
    ,2,2,2,1),(-2.094395102393,0.,2.094395102393,4.188790204786,
6.28318530718,8.377580409573),.UNSPECIFIED.) CURVE() 
GEOMETRIC_REPRESENTATION_ITEM() RATIONAL_B_SPLINE_CURVE((1.,0.5,1.,0.5,
1.,0.5,1.)) REPRESENTATION_ITEM('') );
#2613 = CARTESIAN_POINT('',(-2.595454545455,4.795454545455));
#2614 = CARTESIAN_POINT('',(-2.595454545455,6.527505353023));
#2615 = CARTESIAN_POINT('',(-1.095454545455,5.661479949239));
#2616 = CARTESIAN_POINT('',(0.404545454545,4.795454545455));
#2617 = CARTESIAN_POINT('',(-1.095454545455,3.92942914167));
#2618 = CARTESIAN_POINT('',(-2.595454545455,3.063403737886));
#2619 = CARTESIAN_POINT('',(-2.595454545455,4.795454545455));
#2620 = ( GEOMETRIC_REPRESENTATION_CONTEXT(2) 
PARAMETRIC_REPRESENTATION_CONTEXT() REPRESENTATION_CONTEXT('2D SPACE',''
  ) );
#2621 = ORIENTED_EDGE('',*,*,#2622,.F.);
#2622 = EDGE_CURVE('',#1921,#2595,#2623,.T.);
#2623 = SURFACE_CURVE('',#2624,(#2628,#2635),.PCURVE_S1.);
#2624 = LINE('',#2625,#2626);
#2625 = CARTESIAN_POINT('',(79.2,19.,-1.33E-15));
#2626 = VECTOR('',#2627,1.);
#2627 = DIRECTION('',(1.,0.,0.));
#2628 = PCURVE('',#1961,#2629);
#2629 = DEFINITIONAL_REPRESENTATION('',(#2630),#2634);
#2630 = LINE('',#2631,#2632);
#2631 = CARTESIAN_POINT('',(0.,0.));
#2632 = VECTOR('',#2633,1.);
#2633 = DIRECTION('',(0.,1.));
#2634 = ( GEOMETRIC_REPRESENTATION_CONTEXT(2) 
PARAMETRIC_REPRESENTATION_CONTEXT() REPRESENTATION_CONTEXT('2D SPACE',''
  ) );
#2635 = PCURVE('',#725,#2636);
#2636 = DEFINITIONAL_REPRESENTATION('',(#2637),#2641);
#2637 = LINE('',#2638,#2639);
#2638 = CARTESIAN_POINT('',(24.723572967801,79.2));
#2639 = VECTOR('',#2640,1.);
#2640 = DIRECTION('',(0.,1.));
#2641 = ( GEOMETRIC_REPRESENTATION_CONTEXT(2) 
PARAMETRIC_REPRESENTATION_CONTEXT() REPRESENTATION_CONTEXT('2D SPACE',''
  ) );
#2642 = ADVANCED_FACE('',(#2643),#2347,.T.);
#2643 = FACE_BOUND('',#2644,.T.);
#2644 = EDGE_LOOP('',(#2645,#2666,#2667,#2668,#2691,#2723,#2751,#2772));
#2645 = ORIENTED_EDGE('',*,*,#2646,.T.);
#2646 = EDGE_CURVE('',#2572,#2332,#2647,.T.);
#2647 = SURFACE_CURVE('',#2648,(#2652,#2659),.PCURVE_S1.);
#2648 = LINE('',#2649,#2650);
#2649 = CARTESIAN_POINT('',(83.4,20.,-8.6E-16));
#2650 = VECTOR('',#2651,1.);
#2651 = DIRECTION('',(0.,0.,1.));
#2652 = PCURVE('',#2347,#2653);
#2653 = DEFINITIONAL_REPRESENTATION('',(#2654),#2658);
#2654 = LINE('',#2655,#2656);
#2655 = CARTESIAN_POINT('',(-0.595454545455,5.795454545455));
#2656 = VECTOR('',#2657,1.);
#2657 = DIRECTION('',(2.2E-16,-1.));
#2658 = ( GEOMETRIC_REPRESENTATION_CONTEXT(2) 
PARAMETRIC_REPRESENTATION_CONTEXT() REPRESENTATION_CONTEXT('2D SPACE',''
  ) );
#2659 = PCURVE('',#2148,#2660);
#2660 = DEFINITIONAL_REPRESENTATION('',(#2661),#2665);
#2661 = LINE('',#2662,#2663);
#2662 = CARTESIAN_POINT('',(4.2,0.));
#2663 = VECTOR('',#2664,1.);
#2664 = DIRECTION('',(0.,-1.));
#2665 = ( GEOMETRIC_REPRESENTATION_CONTEXT(2) 
PARAMETRIC_REPRESENTATION_CONTEXT() REPRESENTATION_CONTEXT('2D SPACE',''
  ) );
#2666 = ORIENTED_EDGE('',*,*,#2331,.F.);
#2667 = ORIENTED_EDGE('',*,*,#2446,.F.);
#2668 = ORIENTED_EDGE('',*,*,#2669,.T.);
#2669 = EDGE_CURVE('',#2447,#2670,#2672,.T.);
#2670 = VERTEX_POINT('',#2671);
#2671 = CARTESIAN_POINT('',(83.4,27.,8.6));
#2672 = SURFACE_CURVE('',#2673,(#2677,#2684),.PCURVE_S1.);
#2673 = LINE('',#2674,#2675);
#2674 = CARTESIAN_POINT('',(83.4,24.297727272727,8.6));
#2675 = VECTOR('',#2676,1.);
#2676 = DIRECTION('',(0.,1.,3.E-17));
#2677 = PCURVE('',#2347,#2678);
#2678 = DEFINITIONAL_REPRESENTATION('',(#2679),#2683);
#2679 = LINE('',#2680,#2681);
#2680 = CARTESIAN_POINT('',(3.702272727273,-2.804545454545));
#2681 = VECTOR('',#2682,1.);
#2682 = DIRECTION('',(1.,1.9E-16));
#2683 = ( GEOMETRIC_REPRESENTATION_CONTEXT(2) 
PARAMETRIC_REPRESENTATION_CONTEXT() REPRESENTATION_CONTEXT('2D SPACE',''
  ) );
#2684 = PCURVE('',#2483,#2685);
#2685 = DEFINITIONAL_REPRESENTATION('',(#2686),#2690);
#2686 = LINE('',#2687,#2688);
#2687 = CARTESIAN_POINT('',(3.702272727273,-1.55563491861));
#2688 = VECTOR('',#2689,1.);
#2689 = DIRECTION('',(-1.,-2.12132034356E-17));
#2690 = ( GEOMETRIC_REPRESENTATION_CONTEXT(2) 
PARAMETRIC_REPRESENTATION_CONTEXT() REPRESENTATION_CONTEXT('2D SPACE',''
  ) );
#2691 = ORIENTED_EDGE('',*,*,#2692,.T.);
#2692 = EDGE_CURVE('',#2670,#2693,#2695,.T.);
#2693 = VERTEX_POINT('',#2694);
#2694 = CARTESIAN_POINT('',(83.4,28.,7.185786437627));
#2695 = SURFACE_CURVE('',#2696,(#2701,#2708),.PCURVE_S1.);
#2696 = ELLIPSE('',#2697,1.414213562373,1.);
#2697 = AXIS2_PLACEMENT_3D('',#2698,#2699,#2700);
#2698 = CARTESIAN_POINT('',(83.4,27.,7.185786437627));
#2699 = DIRECTION('',(-1.,-0.,-0.));
#2700 = DIRECTION('',(0.,0.,-1.));
#2701 = PCURVE('',#2347,#2702);
#2702 = DEFINITIONAL_REPRESENTATION('',(#2703),#2707);
#2703 = ELLIPSE('',#2704,1.414213562373,1.);
#2704 = AXIS2_PLACEMENT_2D('',#2705,#2706);
#2705 = CARTESIAN_POINT('',(6.404545454545,-1.390331892172));
#2706 = DIRECTION('',(-2.2E-16,1.));
#2707 = ( GEOMETRIC_REPRESENTATION_CONTEXT(2) 
PARAMETRIC_REPRESENTATION_CONTEXT() REPRESENTATION_CONTEXT('2D SPACE',''
  ) );
#2708 = PCURVE('',#2709,#2714);
#2709 = CYLINDRICAL_SURFACE('',#2710,1.);
#2710 = AXIS2_PLACEMENT_3D('',#2711,#2712,#2713);
#2711 = CARTESIAN_POINT('',(82.692893218813,27.,7.892893218813));
#2712 = DIRECTION('',(0.707106781187,0.,-0.707106781187));
#2713 = DIRECTION('',(0.707106781187,-2.E-17,0.707106781187));
#2714 = DEFINITIONAL_REPRESENTATION('',(#2715),#2722);
#2715 = B_SPLINE_CURVE_WITH_KNOTS('',5,(#2716,#2717,#2718,#2719,#2720,
    #2721),.UNSPECIFIED.,.F.,.F.,(6,6),(3.14159265359,4.712388980385),
  .PIECEWISE_BEZIER_KNOTS.);
#2716 = CARTESIAN_POINT('',(-2.2E-16,-1.416E-14));
#2717 = CARTESIAN_POINT('',(-0.314159265359,-1.46E-14));
#2718 = CARTESIAN_POINT('',(-0.628303139008,0.123012779392));
#2719 = CARTESIAN_POINT('',(-0.942480372174,0.371405851333));
#2720 = CARTESIAN_POINT('',(-1.256637061436,0.685840734641));
#2721 = CARTESIAN_POINT('',(-1.570796326795,1.));
#2722 = ( GEOMETRIC_REPRESENTATION_CONTEXT(2) 
PARAMETRIC_REPRESENTATION_CONTEXT() REPRESENTATION_CONTEXT('2D SPACE',''
  ) );
#2723 = ORIENTED_EDGE('',*,*,#2724,.F.);
#2724 = EDGE_CURVE('',#2725,#2693,#2727,.T.);
#2725 = VERTEX_POINT('',#2726);
#2726 = CARTESIAN_POINT('',(83.4,28.,5.E-15));
#2727 = SURFACE_CURVE('',#2728,(#2732,#2739),.PCURVE_S1.);
#2728 = LINE('',#2729,#2730);
#2729 = CARTESIAN_POINT('',(83.4,28.,-8.6E-16));
#2730 = VECTOR('',#2731,1.);
#2731 = DIRECTION('',(0.,0.,1.));
#2732 = PCURVE('',#2347,#2733);
#2733 = DEFINITIONAL_REPRESENTATION('',(#2734),#2738);
#2734 = LINE('',#2735,#2736);
#2735 = CARTESIAN_POINT('',(7.404545454545,5.795454545455));
#2736 = VECTOR('',#2737,1.);
#2737 = DIRECTION('',(2.2E-16,-1.));
#2738 = ( GEOMETRIC_REPRESENTATION_CONTEXT(2) 
PARAMETRIC_REPRESENTATION_CONTEXT() REPRESENTATION_CONTEXT('2D SPACE',''
  ) );
#2739 = PCURVE('',#2740,#2745);
#2740 = PLANE('',#2741);
#2741 = AXIS2_PLACEMENT_3D('',#2742,#2743,#2744);
#2742 = CARTESIAN_POINT('',(83.4,28.,-8.6E-16));
#2743 = DIRECTION('',(0.,1.,0.));
#2744 = DIRECTION('',(1.,0.,0.));
#2745 = DEFINITIONAL_REPRESENTATION('',(#2746),#2750);
#2746 = LINE('',#2747,#2748);
#2747 = CARTESIAN_POINT('',(0.,0.));
#2748 = VECTOR('',#2749,1.);
#2749 = DIRECTION('',(0.,-1.));
#2750 = ( GEOMETRIC_REPRESENTATION_CONTEXT(2) 
PARAMETRIC_REPRESENTATION_CONTEXT() REPRESENTATION_CONTEXT('2D SPACE',''
  ) );
#2751 = ORIENTED_EDGE('',*,*,#2752,.F.);
#2752 = EDGE_CURVE('',#2595,#2725,#2753,.T.);
#2753 = SURFACE_CURVE('',#2754,(#2758,#2765),.PCURVE_S1.);
#2754 = LINE('',#2755,#2756);
#2755 = CARTESIAN_POINT('',(83.4,20.,-8.6E-16));
#2756 = VECTOR('',#2757,1.);
#2757 = DIRECTION('',(0.,1.,0.));
#2758 = PCURVE('',#2347,#2759);
#2759 = DEFINITIONAL_REPRESENTATION('',(#2760),#2764);
#2760 = LINE('',#2761,#2762);
#2761 = CARTESIAN_POINT('',(-0.595454545455,5.795454545455));
#2762 = VECTOR('',#2763,1.);
#2763 = DIRECTION('',(1.,2.2E-16));
#2764 = ( GEOMETRIC_REPRESENTATION_CONTEXT(2) 
PARAMETRIC_REPRESENTATION_CONTEXT() REPRESENTATION_CONTEXT('2D SPACE',''
  ) );
#2765 = PCURVE('',#725,#2766);
#2766 = DEFINITIONAL_REPRESENTATION('',(#2767),#2771);
#2767 = LINE('',#2768,#2769);
#2768 = CARTESIAN_POINT('',(25.723572967801,83.4));
#2769 = VECTOR('',#2770,1.);
#2770 = DIRECTION('',(1.,0.));
#2771 = ( GEOMETRIC_REPRESENTATION_CONTEXT(2) 
PARAMETRIC_REPRESENTATION_CONTEXT() REPRESENTATION_CONTEXT('2D SPACE',''
  ) );
#2772 = ORIENTED_EDGE('',*,*,#2594,.T.);
#2773 = ADVANCED_FACE('',(#2774),#2788,.T.);
#2774 = FACE_BOUND('',#2775,.T.);
#2775 = EDGE_LOOP('',(#2776,#2811,#2843,#2871,#2894));
#2776 = ORIENTED_EDGE('',*,*,#2777,.T.);
#2777 = EDGE_CURVE('',#2778,#2780,#2782,.T.);
#2778 = VERTEX_POINT('',#2779);
#2779 = CARTESIAN_POINT('',(87.,-10.,5.));
#2780 = VERTEX_POINT('',#2781);
#2781 = CARTESIAN_POINT('',(45.804561297405,-15.74820074919,5.));
#2782 = SURFACE_CURVE('',#2783,(#2787,#2799),.PCURVE_S1.);
#2783 = LINE('',#2784,#2785);
#2784 = CARTESIAN_POINT('',(87.,-10.,5.));
#2785 = VECTOR('',#2786,1.);
#2786 = DIRECTION('',(-0.990404895365,-0.138196031911,0.));
#2787 = PCURVE('',#2788,#2793);
#2788 = PLANE('',#2789);
#2789 = AXIS2_PLACEMENT_3D('',#2790,#2791,#2792);
#2790 = CARTESIAN_POINT('',(87.,-10.,-8.6E-16));
#2791 = DIRECTION('',(0.138196031911,-0.990404895365,0.));
#2792 = DIRECTION('',(-0.990404895365,-0.138196031911,0.));
#2793 = DEFINITIONAL_REPRESENTATION('',(#2794),#2798);
#2794 = LINE('',#2795,#2796);
#2795 = CARTESIAN_POINT('',(0.,-5.));
#2796 = VECTOR('',#2797,1.);
#2797 = DIRECTION('',(1.,0.));
#2798 = ( GEOMETRIC_REPRESENTATION_CONTEXT(2) 
PARAMETRIC_REPRESENTATION_CONTEXT() REPRESENTATION_CONTEXT('2D SPACE',''
  ) );
#2799 = PCURVE('',#2800,#2805);
#2800 = PLANE('',#2801);
#2801 = AXIS2_PLACEMENT_3D('',#2802,#2803,#2804);
#2802 = CARTESIAN_POINT('',(86.654509920221,-7.523987761586,7.5));
#2803 = DIRECTION('',(9.771935129767E-02,-0.700322017633,0.707106781187)
  );
#2804 = DIRECTION('',(-0.990404895365,-0.138196031911,1.387778780781E-17
    ));
#2805 = DEFINITIONAL_REPRESENTATION('',(#2806),#2810);
#2806 = LINE('',#2807,#2808);
#2807 = CARTESIAN_POINT('',(2.796374243275E-15,3.535533905933));
#2808 = VECTOR('',#2809,1.);
#2809 = DIRECTION('',(1.,4.857225732735E-17));
#2810 = ( GEOMETRIC_REPRESENTATION_CONTEXT(2) 
PARAMETRIC_REPRESENTATION_CONTEXT() REPRESENTATION_CONTEXT('2D SPACE',''
  ) );
#2811 = ORIENTED_EDGE('',*,*,#2812,.F.);
#2812 = EDGE_CURVE('',#2813,#2780,#2815,.T.);
#2813 = VERTEX_POINT('',#2814);
#2814 = CARTESIAN_POINT('',(45.723607936177,-15.75949656704,
    5.002349700659));
#2815 = SURFACE_CURVE('',#2816,(#2821,#2828),.PCURVE_S1.);
#2816 = ELLIPSE('',#2817,2.842161138131,2.);
#2817 = AXIS2_PLACEMENT_3D('',#2818,#2819,#2820);
#2818 = CARTESIAN_POINT('',(46.,-15.72093023255,7.828427124746));
#2819 = DIRECTION('',(0.138196031911,-0.990404895365,0.));
#2820 = DIRECTION('',(-0.136870026525,-1.909814323607E-02,
    -0.990404895365));
#2821 = PCURVE('',#2788,#2822);
#2822 = DEFINITIONAL_REPRESENTATION('',(#2823),#2827);
#2823 = ELLIPSE('',#2824,2.842161138131,2.);
#2824 = AXIS2_PLACEMENT_2D('',#2825,#2826);
#2825 = CARTESIAN_POINT('',(41.397210566967,-7.828427124746));
#2826 = DIRECTION('',(0.138196031911,0.990404895365));
#2827 = ( GEOMETRIC_REPRESENTATION_CONTEXT(2) 
PARAMETRIC_REPRESENTATION_CONTEXT() REPRESENTATION_CONTEXT('2D SPACE',''
  ) );
#2828 = PCURVE('',#2829,#2834);
#2829 = CYLINDRICAL_SURFACE('',#2830,2.);
#2830 = AXIS2_PLACEMENT_3D('',#2831,#2832,#2833);
#2831 = CARTESIAN_POINT('',(46.,-12.22751791217,11.288319788388));
#2832 = DIRECTION('',(0.,-0.710507260875,-0.703689869363));
#2833 = DIRECTION('',(-1.,0.,0.));
#2834 = DEFINITIONAL_REPRESENTATION('',(#2835),#2842);
#2835 = B_SPLINE_CURVE_WITH_KNOTS('',5,(#2836,#2837,#2838,#2839,#2840,
    #2841),.UNSPECIFIED.,.F.,.F.,(6,6),(5.711135271345E-02,
    9.78755449238E-02),.PIECEWISE_BEZIER_KNOTS.);
#2836 = CARTESIAN_POINT('',(1.432156589661,6.932869949397));
#2837 = CARTESIAN_POINT('',(1.440309428103,6.931930199288));
#2838 = CARTESIAN_POINT('',(1.448462266545,6.930822940912));
#2839 = CARTESIAN_POINT('',(1.456615104987,6.9295483044));
#2840 = CARTESIAN_POINT('',(1.464767943429,6.928106466284));
#2841 = CARTESIAN_POINT('',(1.472920781871,6.92649764935));
#2842 = ( GEOMETRIC_REPRESENTATION_CONTEXT(2) 
PARAMETRIC_REPRESENTATION_CONTEXT() REPRESENTATION_CONTEXT('2D SPACE',''
  ) );
#2843 = ORIENTED_EDGE('',*,*,#2844,.F.);
#2844 = EDGE_CURVE('',#2845,#2813,#2847,.T.);
#2845 = VERTEX_POINT('',#2846);
#2846 = CARTESIAN_POINT('',(45.723607936177,-15.75949656704,-4.E-15));
#2847 = SURFACE_CURVE('',#2848,(#2852,#2859),.PCURVE_S1.);
#2848 = LINE('',#2849,#2850);
#2849 = CARTESIAN_POINT('',(45.723607936177,-15.75949656704,-8.9E-16));
#2850 = VECTOR('',#2851,1.);
#2851 = DIRECTION('',(0.,0.,1.));
#2852 = PCURVE('',#2788,#2853);
#2853 = DEFINITIONAL_REPRESENTATION('',(#2854),#2858);
#2854 = LINE('',#2855,#2856);
#2855 = CARTESIAN_POINT('',(41.676280334409,3.E-17));
#2856 = VECTOR('',#2857,1.);
#2857 = DIRECTION('',(0.,-1.));
#2858 = ( GEOMETRIC_REPRESENTATION_CONTEXT(2) 
PARAMETRIC_REPRESENTATION_CONTEXT() REPRESENTATION_CONTEXT('2D SPACE',''
  ) );
#2859 = PCURVE('',#2860,#2865);
#2860 = CYLINDRICAL_SURFACE('',#2861,2.);
#2861 = AXIS2_PLACEMENT_3D('',#2862,#2863,#2864);
#2862 = CARTESIAN_POINT('',(46.,-17.74030635777,-8.9E-16));
#2863 = DIRECTION('',(0.,0.,1.));
#2864 = DIRECTION('',(-0.138196031911,0.990404895365,0.));
#2865 = DEFINITIONAL_REPRESENTATION('',(#2866),#2870);
#2866 = LINE('',#2867,#2868);
#2867 = CARTESIAN_POINT('',(0.,0.));
#2868 = VECTOR('',#2869,1.);
#2869 = DIRECTION('',(0.,1.));
#2870 = ( GEOMETRIC_REPRESENTATION_CONTEXT(2) 
PARAMETRIC_REPRESENTATION_CONTEXT() REPRESENTATION_CONTEXT('2D SPACE',''
  ) );
#2871 = ORIENTED_EDGE('',*,*,#2872,.F.);
#2872 = EDGE_CURVE('',#2873,#2845,#2875,.T.);
#2873 = VERTEX_POINT('',#2874);
#2874 = CARTESIAN_POINT('',(87.,-10.,-3.E-15));
#2875 = SURFACE_CURVE('',#2876,(#2880,#2887),.PCURVE_S1.);
#2876 = LINE('',#2877,#2878);
#2877 = CARTESIAN_POINT('',(87.,-10.,-3.08E-15));
#2878 = VECTOR('',#2879,1.);
#2879 = DIRECTION('',(-0.990404895365,-0.138196031911,-3.E-17));
#2880 = PCURVE('',#2788,#2881);
#2881 = DEFINITIONAL_REPRESENTATION('',(#2882),#2886);
#2882 = LINE('',#2883,#2884);
#2883 = CARTESIAN_POINT('',(-0.,2.22E-15));
#2884 = VECTOR('',#2885,1.);
#2885 = DIRECTION('',(1.,3.E-17));
#2886 = ( GEOMETRIC_REPRESENTATION_CONTEXT(2) 
PARAMETRIC_REPRESENTATION_CONTEXT() REPRESENTATION_CONTEXT('2D SPACE',''
  ) );
#2887 = PCURVE('',#725,#2888);
#2888 = DEFINITIONAL_REPRESENTATION('',(#2889),#2893);
#2889 = LINE('',#2890,#2891);
#2890 = CARTESIAN_POINT('',(-4.276427032199,87.));
#2891 = VECTOR('',#2892,1.);
#2892 = DIRECTION('',(-0.138196031911,-0.990404895365));
#2893 = ( GEOMETRIC_REPRESENTATION_CONTEXT(2) 
PARAMETRIC_REPRESENTATION_CONTEXT() REPRESENTATION_CONTEXT('2D SPACE',''
  ) );
#2894 = ORIENTED_EDGE('',*,*,#2895,.T.);
#2895 = EDGE_CURVE('',#2873,#2778,#2896,.T.);
#2896 = SURFACE_CURVE('',#2897,(#2901,#2908),.PCURVE_S1.);
#2897 = LINE('',#2898,#2899);
#2898 = CARTESIAN_POINT('',(87.,-10.,-8.6E-16));
#2899 = VECTOR('',#2900,1.);
#2900 = DIRECTION('',(0.,0.,1.));
#2901 = PCURVE('',#2788,#2902);
#2902 = DEFINITIONAL_REPRESENTATION('',(#2903),#2907);
#2903 = LINE('',#2904,#2905);
#2904 = CARTESIAN_POINT('',(0.,0.));
#2905 = VECTOR('',#2906,1.);
#2906 = DIRECTION('',(0.,-1.));
#2907 = ( GEOMETRIC_REPRESENTATION_CONTEXT(2) 
PARAMETRIC_REPRESENTATION_CONTEXT() REPRESENTATION_CONTEXT('2D SPACE',''
  ) );
#2908 = PCURVE('',#2909,#2914);
#2909 = PLANE('',#2910);
#2910 = AXIS2_PLACEMENT_3D('',#2911,#2912,#2913);
#2911 = CARTESIAN_POINT('',(87.,28.,-8.6E-16));
#2912 = DIRECTION('',(1.,0.,0.));
#2913 = DIRECTION('',(0.,-1.,0.));
#2914 = DEFINITIONAL_REPRESENTATION('',(#2915),#2919);
#2915 = LINE('',#2916,#2917);
#2916 = CARTESIAN_POINT('',(38.,0.));
#2917 = VECTOR('',#2918,1.);
#2918 = DIRECTION('',(0.,-1.));
#2919 = ( GEOMETRIC_REPRESENTATION_CONTEXT(2) 
PARAMETRIC_REPRESENTATION_CONTEXT() REPRESENTATION_CONTEXT('2D SPACE',''
  ) );
#2920 = ADVANCED_FACE('',(#2921),#2860,.F.);
#2921 = FACE_BOUND('',#2922,.F.);
#2922 = EDGE_LOOP('',(#2923,#2951,#2979,#3011));
#2923 = ORIENTED_EDGE('',*,*,#2924,.T.);
#2924 = EDGE_CURVE('',#2845,#2925,#2927,.T.);
#2925 = VERTEX_POINT('',#2926);
#2926 = CARTESIAN_POINT('',(44.,-17.74030635777,4.E-15));
#2927 = SURFACE_CURVE('',#2928,(#2933,#2940),.PCURVE_S1.);
#2928 = CIRCLE('',#2929,2.);
#2929 = AXIS2_PLACEMENT_3D('',#2930,#2931,#2932);
#2930 = CARTESIAN_POINT('',(46.,-17.74030635777,2.85E-15));
#2931 = DIRECTION('',(-0.,0.,1.));
#2932 = DIRECTION('',(0.,-1.,0.));
#2933 = PCURVE('',#2860,#2934);
#2934 = DEFINITIONAL_REPRESENTATION('',(#2935),#2939);
#2935 = LINE('',#2936,#2937);
#2936 = CARTESIAN_POINT('',(-3.280232390724,3.51E-15));
#2937 = VECTOR('',#2938,1.);
#2938 = DIRECTION('',(1.,0.));
#2939 = ( GEOMETRIC_REPRESENTATION_CONTEXT(2) 
PARAMETRIC_REPRESENTATION_CONTEXT() REPRESENTATION_CONTEXT('2D SPACE',''
  ) );
#2940 = PCURVE('',#725,#2941);
#2941 = DEFINITIONAL_REPRESENTATION('',(#2942),#2950);
#2942 = ( BOUNDED_CURVE() B_SPLINE_CURVE(2,(#2943,#2944,#2945,#2946,
#2947,#2948,#2949),.UNSPECIFIED.,.T.,.F.) B_SPLINE_CURVE_WITH_KNOTS((1,2
    ,2,2,2,1),(-2.094395102393,0.,2.094395102393,4.188790204786,
6.28318530718,8.377580409573),.UNSPECIFIED.) CURVE() 
GEOMETRIC_REPRESENTATION_ITEM() RATIONAL_B_SPLINE_CURVE((1.,0.5,1.,0.5,
1.,0.5,1.)) REPRESENTATION_ITEM('') );
#2943 = CARTESIAN_POINT('',(-14.01673338997,46.));
#2944 = CARTESIAN_POINT('',(-14.01673338997,49.464101615138));
#2945 = CARTESIAN_POINT('',(-11.01673338997,47.732050807569));
#2946 = CARTESIAN_POINT('',(-8.016733389975,46.));
#2947 = CARTESIAN_POINT('',(-11.01673338997,44.267949192431));
#2948 = CARTESIAN_POINT('',(-14.01673338997,42.535898384862));
#2949 = CARTESIAN_POINT('',(-14.01673338997,46.));
#2950 = ( GEOMETRIC_REPRESENTATION_CONTEXT(2) 
PARAMETRIC_REPRESENTATION_CONTEXT() REPRESENTATION_CONTEXT('2D SPACE',''
  ) );
#2951 = ORIENTED_EDGE('',*,*,#2952,.T.);
#2952 = EDGE_CURVE('',#2925,#2953,#2955,.T.);
#2953 = VERTEX_POINT('',#2954);
#2954 = CARTESIAN_POINT('',(44.,-17.74030635777,5.828427124746));
#2955 = SURFACE_CURVE('',#2956,(#2960,#2967),.PCURVE_S1.);
#2956 = LINE('',#2957,#2958);
#2957 = CARTESIAN_POINT('',(44.,-17.74030635777,-8.9E-16));
#2958 = VECTOR('',#2959,1.);
#2959 = DIRECTION('',(0.,0.,1.));
#2960 = PCURVE('',#2860,#2961);
#2961 = DEFINITIONAL_REPRESENTATION('',(#2962),#2966);
#2962 = LINE('',#2963,#2964);
#2963 = CARTESIAN_POINT('',(1.432156589661,0.));
#2964 = VECTOR('',#2965,1.);
#2965 = DIRECTION('',(0.,1.));
#2966 = ( GEOMETRIC_REPRESENTATION_CONTEXT(2) 
PARAMETRIC_REPRESENTATION_CONTEXT() REPRESENTATION_CONTEXT('2D SPACE',''
  ) );
#2967 = PCURVE('',#2968,#2973);
#2968 = PLANE('',#2969);
#2969 = AXIS2_PLACEMENT_3D('',#2970,#2971,#2972);
#2970 = CARTESIAN_POINT('',(44.,-10.44444656075,6.815704335929));
#2971 = DIRECTION('',(1.,0.,0.));
#2972 = DIRECTION('',(0.,-1.,-2.2E-16));
#2973 = DEFINITIONAL_REPRESENTATION('',(#2974),#2978);
#2974 = LINE('',#2975,#2976);
#2975 = CARTESIAN_POINT('',(7.295859797022,6.815704335929));
#2976 = VECTOR('',#2977,1.);
#2977 = DIRECTION('',(-2.2E-16,-1.));
#2978 = ( GEOMETRIC_REPRESENTATION_CONTEXT(2) 
PARAMETRIC_REPRESENTATION_CONTEXT() REPRESENTATION_CONTEXT('2D SPACE',''
  ) );
#2979 = ORIENTED_EDGE('',*,*,#2980,.T.);
#2980 = EDGE_CURVE('',#2953,#2813,#2981,.T.);
#2981 = SURFACE_CURVE('',#2982,(#2987,#2999),.PCURVE_S1.);
#2982 = ELLIPSE('',#2983,2.166954153565,2.);
#2983 = AXIS2_PLACEMENT_3D('',#2984,#2985,#2986);
#2984 = CARTESIAN_POINT('',(46.,-17.74030635777,5.828427124746));
#2985 = DIRECTION('',(-0.,-0.384909165023,-0.922954459701));
#2986 = DIRECTION('',(0.,-0.922954459701,0.384909165023));
#2987 = PCURVE('',#2860,#2988);
#2988 = DEFINITIONAL_REPRESENTATION('',(#2989),#2998);
#2989 = B_SPLINE_CURVE_WITH_KNOTS('',7,(#2990,#2991,#2992,#2993,#2994,
    #2995,#2996,#2997),.UNSPECIFIED.,.F.,.F.,(8,8),(1.570796326795,
    3.002952916456),.PIECEWISE_BEZIER_KNOTS.);
#2990 = CARTESIAN_POINT('',(1.432156589661,5.828427124746));
#2991 = CARTESIAN_POINT('',(1.227562791138,5.657779424135));
#2992 = CARTESIAN_POINT('',(1.022968992615,5.487132060741));
#2993 = CARTESIAN_POINT('',(0.818375194092,5.32814938004));
#2994 = CARTESIAN_POINT('',(0.613781395569,5.192508460697));
#2995 = CARTESIAN_POINT('',(0.409187597046,5.089857293318));
#2996 = CARTESIAN_POINT('',(0.204593798523,5.025932535739));
#2997 = CARTESIAN_POINT('',(-7.11E-15,5.002349700659));
#2998 = ( GEOMETRIC_REPRESENTATION_CONTEXT(2) 
PARAMETRIC_REPRESENTATION_CONTEXT() REPRESENTATION_CONTEXT('2D SPACE',''
  ) );
#2999 = PCURVE('',#2829,#3000);
#3000 = DEFINITIONAL_REPRESENTATION('',(#3001),#3010);
#3001 = B_SPLINE_CURVE_WITH_KNOTS('',7,(#3002,#3003,#3004,#3005,#3006,
    #3007,#3008,#3009),.UNSPECIFIED.,.F.,.F.,(8,8),(1.570796326795,
    3.002952916456),.PIECEWISE_BEZIER_KNOTS.);
#3002 = CARTESIAN_POINT('',(1.78E-15,7.758947373483));
#3003 = CARTESIAN_POINT('',(0.204593798523,7.588299672873));
#3004 = CARTESIAN_POINT('',(0.409187597046,7.417652309478));
#3005 = CARTESIAN_POINT('',(0.613781395569,7.25866962878));
#3006 = CARTESIAN_POINT('',(0.818375194092,7.123028709429));
#3007 = CARTESIAN_POINT('',(1.022968992615,7.020377542056));
#3008 = CARTESIAN_POINT('',(1.227562791138,6.956452784476));
#3009 = CARTESIAN_POINT('',(1.432156589661,6.932869949397));
#3010 = ( GEOMETRIC_REPRESENTATION_CONTEXT(2) 
PARAMETRIC_REPRESENTATION_CONTEXT() REPRESENTATION_CONTEXT('2D SPACE',''
  ) );
#3011 = ORIENTED_EDGE('',*,*,#2844,.F.);
#3012 = ADVANCED_FACE('',(#3013),#2909,.T.);
#3013 = FACE_BOUND('',#3014,.T.);
#3014 = EDGE_LOOP('',(#3015,#3038,#3039,#3062));
#3015 = ORIENTED_EDGE('',*,*,#3016,.T.);
#3016 = EDGE_CURVE('',#3017,#2778,#3019,.T.);
#3017 = VERTEX_POINT('',#3018);
#3018 = CARTESIAN_POINT('',(87.,27.,5.));
#3019 = SURFACE_CURVE('',#3020,(#3024,#3031),.PCURVE_S1.);
#3020 = LINE('',#3021,#3022);
#3021 = CARTESIAN_POINT('',(87.,28.,5.));
#3022 = VECTOR('',#3023,1.);
#3023 = DIRECTION('',(0.,-1.,0.));
#3024 = PCURVE('',#2909,#3025);
#3025 = DEFINITIONAL_REPRESENTATION('',(#3026),#3030);
#3026 = LINE('',#3027,#3028);
#3027 = CARTESIAN_POINT('',(-3.552713678801E-15,-5.));
#3028 = VECTOR('',#3029,1.);
#3029 = DIRECTION('',(1.,0.));
#3030 = ( GEOMETRIC_REPRESENTATION_CONTEXT(2) 
PARAMETRIC_REPRESENTATION_CONTEXT() REPRESENTATION_CONTEXT('2D SPACE',''
  ) );
#3031 = PCURVE('',#2483,#3032);
#3032 = DEFINITIONAL_REPRESENTATION('',(#3033),#3037);
#3033 = LINE('',#3034,#3035);
#3034 = CARTESIAN_POINT('',(0.,3.535533905933));
#3035 = VECTOR('',#3036,1.);
#3036 = DIRECTION('',(1.,0.));
#3037 = ( GEOMETRIC_REPRESENTATION_CONTEXT(2) 
PARAMETRIC_REPRESENTATION_CONTEXT() REPRESENTATION_CONTEXT('2D SPACE',''
  ) );
#3038 = ORIENTED_EDGE('',*,*,#2895,.F.);
#3039 = ORIENTED_EDGE('',*,*,#3040,.F.);
#3040 = EDGE_CURVE('',#3041,#2873,#3043,.T.);
#3041 = VERTEX_POINT('',#3042);
#3042 = CARTESIAN_POINT('',(87.,27.,5.E-15));
#3043 = SURFACE_CURVE('',#3044,(#3048,#3055),.PCURVE_S1.);
#3044 = LINE('',#3045,#3046);
#3045 = CARTESIAN_POINT('',(87.,28.,5.36E-15));
#3046 = VECTOR('',#3047,1.);
#3047 = DIRECTION('',(0.,-1.,-2.2E-16));
#3048 = PCURVE('',#2909,#3049);
#3049 = DEFINITIONAL_REPRESENTATION('',(#3050),#3054);
#3050 = LINE('',#3051,#3052);
#3051 = CARTESIAN_POINT('',(0.,-6.22E-15));
#3052 = VECTOR('',#3053,1.);
#3053 = DIRECTION('',(1.,2.2E-16));
#3054 = ( GEOMETRIC_REPRESENTATION_CONTEXT(2) 
PARAMETRIC_REPRESENTATION_CONTEXT() REPRESENTATION_CONTEXT('2D SPACE',''
  ) );
#3055 = PCURVE('',#725,#3056);
#3056 = DEFINITIONAL_REPRESENTATION('',(#3057),#3061);
#3057 = LINE('',#3058,#3059);
#3058 = CARTESIAN_POINT('',(33.723572967801,87.));
#3059 = VECTOR('',#3060,1.);
#3060 = DIRECTION('',(-1.,0.));
#3061 = ( GEOMETRIC_REPRESENTATION_CONTEXT(2) 
PARAMETRIC_REPRESENTATION_CONTEXT() REPRESENTATION_CONTEXT('2D SPACE',''
  ) );
#3062 = ORIENTED_EDGE('',*,*,#3063,.T.);
#3063 = EDGE_CURVE('',#3041,#3017,#3064,.T.);
#3064 = SURFACE_CURVE('',#3065,(#3069,#3076),.PCURVE_S1.);
#3065 = LINE('',#3066,#3067);
#3066 = CARTESIAN_POINT('',(87.,27.,-8.6E-16));
#3067 = VECTOR('',#3068,1.);
#3068 = DIRECTION('',(0.,0.,1.));
#3069 = PCURVE('',#2909,#3070);
#3070 = DEFINITIONAL_REPRESENTATION('',(#3071),#3075);
#3071 = LINE('',#3072,#3073);
#3072 = CARTESIAN_POINT('',(1.,0.));
#3073 = VECTOR('',#3074,1.);
#3074 = DIRECTION('',(0.,-1.));
#3075 = ( GEOMETRIC_REPRESENTATION_CONTEXT(2) 
PARAMETRIC_REPRESENTATION_CONTEXT() REPRESENTATION_CONTEXT('2D SPACE',''
  ) );
#3076 = PCURVE('',#3077,#3082);
#3077 = CYLINDRICAL_SURFACE('',#3078,1.);
#3078 = AXIS2_PLACEMENT_3D('',#3079,#3080,#3081);
#3079 = CARTESIAN_POINT('',(86.,27.,-8.6E-16));
#3080 = DIRECTION('',(0.,0.,1.));
#3081 = DIRECTION('',(1.,0.,0.));
#3082 = DEFINITIONAL_REPRESENTATION('',(#3083),#3087);
#3083 = LINE('',#3084,#3085);
#3084 = CARTESIAN_POINT('',(0.,0.));
#3085 = VECTOR('',#3086,1.);
#3086 = DIRECTION('',(0.,1.));
#3087 = ( GEOMETRIC_REPRESENTATION_CONTEXT(2) 
PARAMETRIC_REPRESENTATION_CONTEXT() REPRESENTATION_CONTEXT('2D SPACE',''
  ) );
#3088 = ADVANCED_FACE('',(#3089),#2968,.T.);
#3089 = FACE_BOUND('',#3090,.T.);
#3090 = EDGE_LOOP('',(#3091,#3121,#3149,#3172,#3201,#3229,#3258,#3279,
    #3280,#3303,#3331));
#3091 = ORIENTED_EDGE('',*,*,#3092,.T.);
#3092 = EDGE_CURVE('',#3093,#3095,#3097,.T.);
#3093 = VERTEX_POINT('',#3094);
#3094 = CARTESIAN_POINT('',(44.,-1.,11.196152422707));
#3095 = VERTEX_POINT('',#3096);
#3096 = CARTESIAN_POINT('',(44.,-1.,15.5));
#3097 = SURFACE_CURVE('',#3098,(#3102,#3109),.PCURVE_S1.);
#3098 = LINE('',#3099,#3100);
#3099 = CARTESIAN_POINT('',(44.,-1.,6.));
#3100 = VECTOR('',#3101,1.);
#3101 = DIRECTION('',(0.,0.,1.));
#3102 = PCURVE('',#2968,#3103);
#3103 = DEFINITIONAL_REPRESENTATION('',(#3104),#3108);
#3104 = LINE('',#3105,#3106);
#3105 = CARTESIAN_POINT('',(-9.444446560754,0.815704335929));
#3106 = VECTOR('',#3107,1.);
#3107 = DIRECTION('',(-2.2E-16,-1.));
#3108 = ( GEOMETRIC_REPRESENTATION_CONTEXT(2) 
PARAMETRIC_REPRESENTATION_CONTEXT() REPRESENTATION_CONTEXT('2D SPACE',''
  ) );
#3109 = PCURVE('',#3110,#3115);
#3110 = CYLINDRICAL_SURFACE('',#3111,1.);
#3111 = AXIS2_PLACEMENT_3D('',#3112,#3113,#3114);
#3112 = CARTESIAN_POINT('',(43.,-1.,10.));
#3113 = DIRECTION('',(0.,0.,1.));
#3114 = DIRECTION('',(1.,0.,0.));
#3115 = DEFINITIONAL_REPRESENTATION('',(#3116),#3120);
#3116 = LINE('',#3117,#3118);
#3117 = CARTESIAN_POINT('',(0.,-4.));
#3118 = VECTOR('',#3119,1.);
#3119 = DIRECTION('',(0.,1.));
#3120 = ( GEOMETRIC_REPRESENTATION_CONTEXT(2) 
PARAMETRIC_REPRESENTATION_CONTEXT() REPRESENTATION_CONTEXT('2D SPACE',''
  ) );
#3121 = ORIENTED_EDGE('',*,*,#3122,.F.);
#3122 = EDGE_CURVE('',#3123,#3095,#3125,.T.);
#3123 = VERTEX_POINT('',#3124);
#3124 = CARTESIAN_POINT('',(44.,-8.814814814815,15.5));
#3125 = SURFACE_CURVE('',#3126,(#3130,#3137),.PCURVE_S1.);
#3126 = LINE('',#3127,#3128);
#3127 = CARTESIAN_POINT('',(44.,-6.,15.5));
#3128 = VECTOR('',#3129,1.);
#3129 = DIRECTION('',(0.,1.,-4.4E-16));
#3130 = PCURVE('',#2968,#3131);
#3131 = DEFINITIONAL_REPRESENTATION('',(#3132),#3136);
#3132 = LINE('',#3133,#3134);
#3133 = CARTESIAN_POINT('',(-4.444446560754,-8.684295664071));
#3134 = VECTOR('',#3135,1.);
#3135 = DIRECTION('',(-1.,6.6E-16));
#3136 = ( GEOMETRIC_REPRESENTATION_CONTEXT(2) 
PARAMETRIC_REPRESENTATION_CONTEXT() REPRESENTATION_CONTEXT('2D SPACE',''
  ) );
#3137 = PCURVE('',#3138,#3143);
#3138 = CYLINDRICAL_SURFACE('',#3139,2.);
#3139 = AXIS2_PLACEMENT_3D('',#3140,#3141,#3142);
#3140 = CARTESIAN_POINT('',(42.,-6.,15.5));
#3141 = DIRECTION('',(0.,1.,-4.4E-16));
#3142 = DIRECTION('',(1.,0.,0.));
#3143 = DEFINITIONAL_REPRESENTATION('',(#3144),#3148);
#3144 = LINE('',#3145,#3146);
#3145 = CARTESIAN_POINT('',(-0.,0.));
#3146 = VECTOR('',#3147,1.);
#3147 = DIRECTION('',(-0.,1.));
#3148 = ( GEOMETRIC_REPRESENTATION_CONTEXT(2) 
PARAMETRIC_REPRESENTATION_CONTEXT() REPRESENTATION_CONTEXT('2D SPACE',''
  ) );
#3149 = ORIENTED_EDGE('',*,*,#3150,.F.);
#3150 = EDGE_CURVE('',#3151,#3123,#3153,.T.);
#3151 = VERTEX_POINT('',#3152);
#3152 = CARTESIAN_POINT('',(44.,-24.57920713218,4.298984406076));
#3153 = SURFACE_CURVE('',#3154,(#3158,#3165),.PCURVE_S1.);
#3154 = LINE('',#3155,#3156);
#3155 = CARTESIAN_POINT('',(44.,-25.,4.));
#3156 = VECTOR('',#3157,1.);
#3157 = DIRECTION('',(0.,0.815180408266,0.579207132189));
#3158 = PCURVE('',#2968,#3159);
#3159 = DEFINITIONAL_REPRESENTATION('',(#3160),#3164);
#3160 = LINE('',#3161,#3162);
#3161 = CARTESIAN_POINT('',(14.555553439246,2.815704335929));
#3162 = VECTOR('',#3163,1.);
#3163 = DIRECTION('',(-0.815180408266,-0.579207132189));
#3164 = ( GEOMETRIC_REPRESENTATION_CONTEXT(2) 
PARAMETRIC_REPRESENTATION_CONTEXT() REPRESENTATION_CONTEXT('2D SPACE',''
  ) );
#3165 = PCURVE('',#212,#3166);
#3166 = DEFINITIONAL_REPRESENTATION('',(#3167),#3171);
#3167 = LINE('',#3168,#3169);
#3168 = CARTESIAN_POINT('',(7.224279741981,44.));
#3169 = VECTOR('',#3170,1.);
#3170 = DIRECTION('',(-1.,-1.072357793035E-30));
#3171 = ( GEOMETRIC_REPRESENTATION_CONTEXT(2) 
PARAMETRIC_REPRESENTATION_CONTEXT() REPRESENTATION_CONTEXT('2D SPACE',''
  ) );
#3172 = ORIENTED_EDGE('',*,*,#3173,.T.);
#3173 = EDGE_CURVE('',#3151,#3174,#3176,.T.);
#3174 = VERTEX_POINT('',#3175);
#3175 = CARTESIAN_POINT('',(44.,-25.,3.48380399781));
#3176 = SURFACE_CURVE('',#3177,(#3182,#3189),.PCURVE_S1.);
#3177 = CIRCLE('',#3178,1.);
#3178 = AXIS2_PLACEMENT_3D('',#3179,#3180,#3181);
#3179 = CARTESIAN_POINT('',(44.,-24.,3.48380399781));
#3180 = DIRECTION('',(1.,0.,2.2E-16));
#3181 = DIRECTION('',(-2.2E-16,-2.2E-16,1.));
#3182 = PCURVE('',#2968,#3183);
#3183 = DEFINITIONAL_REPRESENTATION('',(#3184),#3188);
#3184 = CIRCLE('',#3185,1.);
#3185 = AXIS2_PLACEMENT_2D('',#3186,#3187);
#3186 = CARTESIAN_POINT('',(13.555553439246,3.331900338119));
#3187 = DIRECTION('',(0.,-1.));
#3188 = ( GEOMETRIC_REPRESENTATION_CONTEXT(2) 
PARAMETRIC_REPRESENTATION_CONTEXT() REPRESENTATION_CONTEXT('2D SPACE',''
  ) );
#3189 = PCURVE('',#3190,#3195);
#3190 = CYLINDRICAL_SURFACE('',#3191,1.);
#3191 = AXIS2_PLACEMENT_3D('',#3192,#3193,#3194);
#3192 = CARTESIAN_POINT('',(1.49E-15,-24.,3.48380399781));
#3193 = DIRECTION('',(1.,0.,2.2E-16));
#3194 = DIRECTION('',(-1.793396898186E-16,-0.579207132189,0.815180408266
    ));
#3195 = DEFINITIONAL_REPRESENTATION('',(#3196),#3200);
#3196 = LINE('',#3197,#3198);
#3197 = CARTESIAN_POINT('',(-0.617755725566,44.));
#3198 = VECTOR('',#3199,1.);
#3199 = DIRECTION('',(1.,0.));
#3200 = ( GEOMETRIC_REPRESENTATION_CONTEXT(2) 
PARAMETRIC_REPRESENTATION_CONTEXT() REPRESENTATION_CONTEXT('2D SPACE',''
  ) );
#3201 = ORIENTED_EDGE('',*,*,#3202,.T.);
#3202 = EDGE_CURVE('',#3174,#3203,#3205,.T.);
#3203 = VERTEX_POINT('',#3204);
#3204 = CARTESIAN_POINT('',(44.,-25.,1.));
#3205 = SURFACE_CURVE('',#3206,(#3210,#3217),.PCURVE_S1.);
#3206 = LINE('',#3207,#3208);
#3207 = CARTESIAN_POINT('',(44.,-25.,4.));
#3208 = VECTOR('',#3209,1.);
#3209 = DIRECTION('',(-2.2E-16,4.73E-15,-1.));
#3210 = PCURVE('',#2968,#3211);
#3211 = DEFINITIONAL_REPRESENTATION('',(#3212),#3216);
#3212 = LINE('',#3213,#3214);
#3213 = CARTESIAN_POINT('',(14.555553439246,2.815704335929));
#3214 = VECTOR('',#3215,1.);
#3215 = DIRECTION('',(-4.51E-15,1.));
#3216 = ( GEOMETRIC_REPRESENTATION_CONTEXT(2) 
PARAMETRIC_REPRESENTATION_CONTEXT() REPRESENTATION_CONTEXT('2D SPACE',''
  ) );
#3217 = PCURVE('',#3218,#3223);
#3218 = PLANE('',#3219);
#3219 = AXIS2_PLACEMENT_3D('',#3220,#3221,#3222);
#3220 = CARTESIAN_POINT('',(-2.51E-15,-25.,2.241901998905));
#3221 = DIRECTION('',(0.,-1.,-2.2E-16));
#3222 = DIRECTION('',(1.,0.,0.));
#3223 = DEFINITIONAL_REPRESENTATION('',(#3224),#3228);
#3224 = LINE('',#3225,#3226);
#3225 = CARTESIAN_POINT('',(44.,1.758098001095));
#3226 = VECTOR('',#3227,1.);
#3227 = DIRECTION('',(-2.2E-16,-1.));
#3228 = ( GEOMETRIC_REPRESENTATION_CONTEXT(2) 
PARAMETRIC_REPRESENTATION_CONTEXT() REPRESENTATION_CONTEXT('2D SPACE',''
  ) );
#3229 = ORIENTED_EDGE('',*,*,#3230,.T.);
#3230 = EDGE_CURVE('',#3203,#3231,#3233,.T.);
#3231 = VERTEX_POINT('',#3232);
#3232 = CARTESIAN_POINT('',(44.,-24.,-2.E-15));
#3233 = SURFACE_CURVE('',#3234,(#3239,#3246),.PCURVE_S1.);
#3234 = CIRCLE('',#3235,1.);
#3235 = AXIS2_PLACEMENT_3D('',#3236,#3237,#3238);
#3236 = CARTESIAN_POINT('',(44.,-24.,1.));
#3237 = DIRECTION('',(1.,0.,0.));
#3238 = DIRECTION('',(0.,-1.,-2.2E-16));
#3239 = PCURVE('',#2968,#3240);
#3240 = DEFINITIONAL_REPRESENTATION('',(#3241),#3245);
#3241 = CIRCLE('',#3242,1.);
#3242 = AXIS2_PLACEMENT_2D('',#3243,#3244);
#3243 = CARTESIAN_POINT('',(13.555553439246,5.815704335929));
#3244 = DIRECTION('',(1.,0.));
#3245 = ( GEOMETRIC_REPRESENTATION_CONTEXT(2) 
PARAMETRIC_REPRESENTATION_CONTEXT() REPRESENTATION_CONTEXT('2D SPACE',''
  ) );
#3246 = PCURVE('',#3247,#3252);
#3247 = CYLINDRICAL_SURFACE('',#3248,1.);
#3248 = AXIS2_PLACEMENT_3D('',#3249,#3250,#3251);
#3249 = CARTESIAN_POINT('',(0.,-24.,1.));
#3250 = DIRECTION('',(1.,0.,0.));
#3251 = DIRECTION('',(0.,-1.,1.1E-16));
#3252 = DEFINITIONAL_REPRESENTATION('',(#3253),#3257);
#3253 = LINE('',#3254,#3255);
#3254 = CARTESIAN_POINT('',(0.,44.));
#3255 = VECTOR('',#3256,1.);
#3256 = DIRECTION('',(1.,0.));
#3257 = ( GEOMETRIC_REPRESENTATION_CONTEXT(2) 
PARAMETRIC_REPRESENTATION_CONTEXT() REPRESENTATION_CONTEXT('2D SPACE',''
  ) );
#3258 = ORIENTED_EDGE('',*,*,#3259,.F.);
#3259 = EDGE_CURVE('',#2925,#3231,#3260,.T.);
#3260 = SURFACE_CURVE('',#3261,(#3265,#3272),.PCURVE_S1.);
#3261 = LINE('',#3262,#3263);
#3262 = CARTESIAN_POINT('',(44.,-6.,1.35E-15));
#3263 = VECTOR('',#3264,1.);
#3264 = DIRECTION('',(0.,-1.,2.2E-16));
#3265 = PCURVE('',#2968,#3266);
#3266 = DEFINITIONAL_REPRESENTATION('',(#3267),#3271);
#3267 = LINE('',#3268,#3269);
#3268 = CARTESIAN_POINT('',(-4.444446560754,6.815704335929));
#3269 = VECTOR('',#3270,1.);
#3270 = DIRECTION('',(1.,-4.4E-16));
#3271 = ( GEOMETRIC_REPRESENTATION_CONTEXT(2) 
PARAMETRIC_REPRESENTATION_CONTEXT() REPRESENTATION_CONTEXT('2D SPACE',''
  ) );
#3272 = PCURVE('',#725,#3273);
#3273 = DEFINITIONAL_REPRESENTATION('',(#3274),#3278);
#3274 = LINE('',#3275,#3276);
#3275 = CARTESIAN_POINT('',(-0.276427032199,44.));
#3276 = VECTOR('',#3277,1.);
#3277 = DIRECTION('',(-1.,0.));
#3278 = ( GEOMETRIC_REPRESENTATION_CONTEXT(2) 
PARAMETRIC_REPRESENTATION_CONTEXT() REPRESENTATION_CONTEXT('2D SPACE',''
  ) );
#3279 = ORIENTED_EDGE('',*,*,#2952,.T.);
#3280 = ORIENTED_EDGE('',*,*,#3281,.F.);
#3281 = EDGE_CURVE('',#3282,#2953,#3284,.T.);
#3282 = VERTEX_POINT('',#3283);
#3283 = CARTESIAN_POINT('',(44.,-11.50894289811,12.));
#3284 = SURFACE_CURVE('',#3285,(#3289,#3296),.PCURVE_S1.);
#3285 = LINE('',#3286,#3287);
#3286 = CARTESIAN_POINT('',(44.,-12.22751791217,11.288319788388));
#3287 = VECTOR('',#3288,1.);
#3288 = DIRECTION('',(0.,-0.710507260875,-0.703689869363));
#3289 = PCURVE('',#2968,#3290);
#3290 = DEFINITIONAL_REPRESENTATION('',(#3291),#3295);
#3291 = LINE('',#3292,#3293);
#3292 = CARTESIAN_POINT('',(1.783071351417,-4.472615452459));
#3293 = VECTOR('',#3294,1.);
#3294 = DIRECTION('',(0.710507260875,0.703689869363));
#3295 = ( GEOMETRIC_REPRESENTATION_CONTEXT(2) 
PARAMETRIC_REPRESENTATION_CONTEXT() REPRESENTATION_CONTEXT('2D SPACE',''
  ) );
#3296 = PCURVE('',#2829,#3297);
#3297 = DEFINITIONAL_REPRESENTATION('',(#3298),#3302);
#3298 = LINE('',#3299,#3300);
#3299 = CARTESIAN_POINT('',(0.,0.));
#3300 = VECTOR('',#3301,1.);
#3301 = DIRECTION('',(0.,1.));
#3302 = ( GEOMETRIC_REPRESENTATION_CONTEXT(2) 
PARAMETRIC_REPRESENTATION_CONTEXT() REPRESENTATION_CONTEXT('2D SPACE',''
  ) );
#3303 = ORIENTED_EDGE('',*,*,#3304,.T.);
#3304 = EDGE_CURVE('',#3282,#3305,#3307,.T.);
#3305 = VERTEX_POINT('',#3306);
#3306 = CARTESIAN_POINT('',(44.,-4.,12.));
#3307 = SURFACE_CURVE('',#3308,(#3312,#3319),.PCURVE_S1.);
#3308 = LINE('',#3309,#3310);
#3309 = CARTESIAN_POINT('',(44.,-10.95155968695,12.));
#3310 = VECTOR('',#3311,1.);
#3311 = DIRECTION('',(0.,1.,0.));
#3312 = PCURVE('',#2968,#3313);
#3313 = DEFINITIONAL_REPRESENTATION('',(#3314),#3318);
#3314 = LINE('',#3315,#3316);
#3315 = CARTESIAN_POINT('',(0.507113126201,-5.184295664071));
#3316 = VECTOR('',#3317,1.);
#3317 = DIRECTION('',(-1.,2.2E-16));
#3318 = ( GEOMETRIC_REPRESENTATION_CONTEXT(2) 
PARAMETRIC_REPRESENTATION_CONTEXT() REPRESENTATION_CONTEXT('2D SPACE',''
  ) );
#3319 = PCURVE('',#3320,#3325);
#3320 = CYLINDRICAL_SURFACE('',#3321,2.);
#3321 = AXIS2_PLACEMENT_3D('',#3322,#3323,#3324);
#3322 = CARTESIAN_POINT('',(46.,-10.95155968695,12.));
#3323 = DIRECTION('',(0.,1.,0.));
#3324 = DIRECTION('',(-1.,0.,0.));
#3325 = DEFINITIONAL_REPRESENTATION('',(#3326),#3330);
#3326 = LINE('',#3327,#3328);
#3327 = CARTESIAN_POINT('',(-0.,0.));
#3328 = VECTOR('',#3329,1.);
#3329 = DIRECTION('',(-0.,1.));
#3330 = ( GEOMETRIC_REPRESENTATION_CONTEXT(2) 
PARAMETRIC_REPRESENTATION_CONTEXT() REPRESENTATION_CONTEXT('2D SPACE',''
  ) );
#3331 = ORIENTED_EDGE('',*,*,#3332,.T.);
#3332 = EDGE_CURVE('',#3305,#3093,#3333,.T.);
#3333 = SURFACE_CURVE('',#3334,(#3339,#3350),.PCURVE_S1.);
#3334 = CIRCLE('',#3335,6.);
#3335 = AXIS2_PLACEMENT_3D('',#3336,#3337,#3338);
#3336 = CARTESIAN_POINT('',(44.,-4.,6.));
#3337 = DIRECTION('',(-1.,0.,0.));
#3338 = DIRECTION('',(0.,-1.1E-16,1.));
#3339 = PCURVE('',#2968,#3340);
#3340 = DEFINITIONAL_REPRESENTATION('',(#3341),#3349);
#3341 = ( BOUNDED_CURVE() B_SPLINE_CURVE(2,(#3342,#3343,#3344,#3345,
#3346,#3347,#3348),.UNSPECIFIED.,.T.,.F.) B_SPLINE_CURVE_WITH_KNOTS((1,2
    ,2,2,2,1),(-2.094395102393,0.,2.094395102393,4.188790204786,
6.28318530718,8.377580409573),.UNSPECIFIED.) CURVE() 
GEOMETRIC_REPRESENTATION_ITEM() RATIONAL_B_SPLINE_CURVE((1.,0.5,1.,0.5,
1.,0.5,1.)) REPRESENTATION_ITEM('') );
#3342 = CARTESIAN_POINT('',(-6.444446560754,-5.184295664071));
#3343 = CARTESIAN_POINT('',(-16.83675140616,-5.184295664071));
#3344 = CARTESIAN_POINT('',(-11.64059898346,3.815704335929));
#3345 = CARTESIAN_POINT('',(-6.444446560754,12.815704335929));
#3346 = CARTESIAN_POINT('',(-1.248294138047,3.815704335929));
#3347 = CARTESIAN_POINT('',(3.947858284659,-5.184295664071));
#3348 = CARTESIAN_POINT('',(-6.444446560754,-5.184295664071));
#3349 = ( GEOMETRIC_REPRESENTATION_CONTEXT(2) 
PARAMETRIC_REPRESENTATION_CONTEXT() REPRESENTATION_CONTEXT('2D SPACE',''
  ) );
#3350 = PCURVE('',#3351,#3356);
#3351 = TOROIDAL_SURFACE('',#3352,6.,2.);
#3352 = AXIS2_PLACEMENT_3D('',#3353,#3354,#3355);
#3353 = CARTESIAN_POINT('',(46.,-4.,6.));
#3354 = DIRECTION('',(-1.,0.,0.));
#3355 = DIRECTION('',(0.,-1.1E-16,1.));
#3356 = DEFINITIONAL_REPRESENTATION('',(#3357),#3361);
#3357 = LINE('',#3358,#3359);
#3358 = CARTESIAN_POINT('',(0.,1.570796326795));
#3359 = VECTOR('',#3360,1.);
#3360 = DIRECTION('',(1.,0.));
#3361 = ( GEOMETRIC_REPRESENTATION_CONTEXT(2) 
PARAMETRIC_REPRESENTATION_CONTEXT() REPRESENTATION_CONTEXT('2D SPACE',''
  ) );
#3362 = ADVANCED_FACE('',(#3363),#3077,.T.);
#3363 = FACE_BOUND('',#3364,.T.);
#3364 = EDGE_LOOP('',(#3365,#3393,#3416,#3448));
#3365 = ORIENTED_EDGE('',*,*,#3366,.T.);
#3366 = EDGE_CURVE('',#3041,#3367,#3369,.T.);
#3367 = VERTEX_POINT('',#3368);
#3368 = CARTESIAN_POINT('',(86.,28.,5.E-15));
#3369 = SURFACE_CURVE('',#3370,(#3375,#3382),.PCURVE_S1.);
#3370 = CIRCLE('',#3371,1.);
#3371 = AXIS2_PLACEMENT_3D('',#3372,#3373,#3374);
#3372 = CARTESIAN_POINT('',(86.,27.,-2.37E-15));
#3373 = DIRECTION('',(-0.,0.,1.));
#3374 = DIRECTION('',(0.,-1.,0.));
#3375 = PCURVE('',#3077,#3376);
#3376 = DEFINITIONAL_REPRESENTATION('',(#3377),#3381);
#3377 = LINE('',#3378,#3379);
#3378 = CARTESIAN_POINT('',(-1.570796326795,-1.52E-15));
#3379 = VECTOR('',#3380,1.);
#3380 = DIRECTION('',(1.,0.));
#3381 = ( GEOMETRIC_REPRESENTATION_CONTEXT(2) 
PARAMETRIC_REPRESENTATION_CONTEXT() REPRESENTATION_CONTEXT('2D SPACE',''
  ) );
#3382 = PCURVE('',#725,#3383);
#3383 = DEFINITIONAL_REPRESENTATION('',(#3384),#3392);
#3384 = ( BOUNDED_CURVE() B_SPLINE_CURVE(2,(#3385,#3386,#3387,#3388,
#3389,#3390,#3391),.UNSPECIFIED.,.T.,.F.) B_SPLINE_CURVE_WITH_KNOTS((1,2
    ,2,2,2,1),(-2.094395102393,0.,2.094395102393,4.188790204786,
6.28318530718,8.377580409573),.UNSPECIFIED.) CURVE() 
GEOMETRIC_REPRESENTATION_ITEM() RATIONAL_B_SPLINE_CURVE((1.,0.5,1.,0.5,
1.,0.5,1.)) REPRESENTATION_ITEM('') );
#3385 = CARTESIAN_POINT('',(31.723572967801,86.));
#3386 = CARTESIAN_POINT('',(31.723572967801,87.732050807569));
#3387 = CARTESIAN_POINT('',(33.223572967801,86.866025403784));
#3388 = CARTESIAN_POINT('',(34.723572967801,86.));
#3389 = CARTESIAN_POINT('',(33.223572967801,85.133974596216));
#3390 = CARTESIAN_POINT('',(31.723572967801,84.267949192431));
#3391 = CARTESIAN_POINT('',(31.723572967801,86.));
#3392 = ( GEOMETRIC_REPRESENTATION_CONTEXT(2) 
PARAMETRIC_REPRESENTATION_CONTEXT() REPRESENTATION_CONTEXT('2D SPACE',''
  ) );
#3393 = ORIENTED_EDGE('',*,*,#3394,.T.);
#3394 = EDGE_CURVE('',#3367,#3395,#3397,.T.);
#3395 = VERTEX_POINT('',#3396);
#3396 = CARTESIAN_POINT('',(86.,28.,4.585786437627));
#3397 = SURFACE_CURVE('',#3398,(#3402,#3409),.PCURVE_S1.);
#3398 = LINE('',#3399,#3400);
#3399 = CARTESIAN_POINT('',(86.,28.,-8.6E-16));
#3400 = VECTOR('',#3401,1.);
#3401 = DIRECTION('',(0.,0.,1.));
#3402 = PCURVE('',#3077,#3403);
#3403 = DEFINITIONAL_REPRESENTATION('',(#3404),#3408);
#3404 = LINE('',#3405,#3406);
#3405 = CARTESIAN_POINT('',(1.570796326795,0.));
#3406 = VECTOR('',#3407,1.);
#3407 = DIRECTION('',(0.,1.));
#3408 = ( GEOMETRIC_REPRESENTATION_CONTEXT(2) 
PARAMETRIC_REPRESENTATION_CONTEXT() REPRESENTATION_CONTEXT('2D SPACE',''
  ) );
#3409 = PCURVE('',#2740,#3410);
#3410 = DEFINITIONAL_REPRESENTATION('',(#3411),#3415);
#3411 = LINE('',#3412,#3413);
#3412 = CARTESIAN_POINT('',(2.6,0.));
#3413 = VECTOR('',#3414,1.);
#3414 = DIRECTION('',(0.,-1.));
#3415 = ( GEOMETRIC_REPRESENTATION_CONTEXT(2) 
PARAMETRIC_REPRESENTATION_CONTEXT() REPRESENTATION_CONTEXT('2D SPACE',''
  ) );
#3416 = ORIENTED_EDGE('',*,*,#3417,.F.);
#3417 = EDGE_CURVE('',#3017,#3395,#3418,.T.);
#3418 = SURFACE_CURVE('',#3419,(#3424,#3436),.PCURVE_S1.);
#3419 = ELLIPSE('',#3420,1.082392200292,1.);
#3420 = AXIS2_PLACEMENT_3D('',#3421,#3422,#3423);
#3421 = CARTESIAN_POINT('',(86.,27.,4.585786437627));
#3422 = DIRECTION('',(-0.382683432365,0.,0.923879532511));
#3423 = DIRECTION('',(0.923879532511,0.,0.382683432365));
#3424 = PCURVE('',#3077,#3425);
#3425 = DEFINITIONAL_REPRESENTATION('',(#3426),#3435);
#3426 = B_SPLINE_CURVE_WITH_KNOTS('',7,(#3427,#3428,#3429,#3430,#3431,
    #3432,#3433,#3434),.UNSPECIFIED.,.F.,.F.,(8,8),(0.,1.570795673179),
  .PIECEWISE_BEZIER_KNOTS.);
#3427 = CARTESIAN_POINT('',(0.,5.));
#3428 = CARTESIAN_POINT('',(0.224399381883,5.));
#3429 = CARTESIAN_POINT('',(0.448798763765,4.975665523286));
#3430 = CARTESIAN_POINT('',(0.673198145648,4.927000099963));
#3431 = CARTESIAN_POINT('',(0.897597527531,4.856991569313));
#3432 = CARTESIAN_POINT('',(1.121996909414,4.771684849758));
#3433 = CARTESIAN_POINT('',(1.346396291296,4.678735975727));
#3434 = CARTESIAN_POINT('',(1.570795673179,4.585786708363));
#3435 = ( GEOMETRIC_REPRESENTATION_CONTEXT(2) 
PARAMETRIC_REPRESENTATION_CONTEXT() REPRESENTATION_CONTEXT('2D SPACE',''
  ) );
#3436 = PCURVE('',#2709,#3437);
#3437 = DEFINITIONAL_REPRESENTATION('',(#3438),#3447);
#3438 = B_SPLINE_CURVE_WITH_KNOTS('',7,(#3439,#3440,#3441,#3442,#3443,
    #3444,#3445,#3446),.UNSPECIFIED.,.F.,.F.,(8,8),(0.,1.570795673179),
  .PIECEWISE_BEZIER_KNOTS.);
#3439 = CARTESIAN_POINT('',(0.,5.091168824543));
#3440 = CARTESIAN_POINT('',(-0.224399381883,5.091168824543));
#3441 = CARTESIAN_POINT('',(-0.448798763765,5.066834347828));
#3442 = CARTESIAN_POINT('',(-0.673198145648,5.018168924509));
#3443 = CARTESIAN_POINT('',(-0.897597527531,4.948160393852));
#3444 = CARTESIAN_POINT('',(-1.121996909414,4.862853674303));
#3445 = CARTESIAN_POINT('',(-1.346396291296,4.769904800271));
#3446 = CARTESIAN_POINT('',(-1.570795673179,4.676955532907));
#3447 = ( GEOMETRIC_REPRESENTATION_CONTEXT(2) 
PARAMETRIC_REPRESENTATION_CONTEXT() REPRESENTATION_CONTEXT('2D SPACE',''
  ) );
#3448 = ORIENTED_EDGE('',*,*,#3063,.F.);
#3449 = ADVANCED_FACE('',(#3450),#2740,.T.);
#3450 = FACE_BOUND('',#3451,.T.);
#3451 = EDGE_LOOP('',(#3452,#3453,#3474,#3475));
#3452 = ORIENTED_EDGE('',*,*,#2724,.T.);
#3453 = ORIENTED_EDGE('',*,*,#3454,.T.);
#3454 = EDGE_CURVE('',#2693,#3395,#3455,.T.);
#3455 = SURFACE_CURVE('',#3456,(#3460,#3467),.PCURVE_S1.);
#3456 = LINE('',#3457,#3458);
#3457 = CARTESIAN_POINT('',(82.692893218813,28.,7.892893218813));
#3458 = VECTOR('',#3459,1.);
#3459 = DIRECTION('',(0.707106781187,0.,-0.707106781187));
#3460 = PCURVE('',#2740,#3461);
#3461 = DEFINITIONAL_REPRESENTATION('',(#3462),#3466);
#3462 = LINE('',#3463,#3464);
#3463 = CARTESIAN_POINT('',(-0.707106781187,-7.892893218813));
#3464 = VECTOR('',#3465,1.);
#3465 = DIRECTION('',(0.707106781187,0.707106781187));
#3466 = ( GEOMETRIC_REPRESENTATION_CONTEXT(2) 
PARAMETRIC_REPRESENTATION_CONTEXT() REPRESENTATION_CONTEXT('2D SPACE',''
  ) );
#3467 = PCURVE('',#2709,#3468);
#3468 = DEFINITIONAL_REPRESENTATION('',(#3469),#3473);
#3469 = LINE('',#3470,#3471);
#3470 = CARTESIAN_POINT('',(-1.570796326795,0.));
#3471 = VECTOR('',#3472,1.);
#3472 = DIRECTION('',(-0.,1.));
#3473 = ( GEOMETRIC_REPRESENTATION_CONTEXT(2) 
PARAMETRIC_REPRESENTATION_CONTEXT() REPRESENTATION_CONTEXT('2D SPACE',''
  ) );
#3474 = ORIENTED_EDGE('',*,*,#3394,.F.);
#3475 = ORIENTED_EDGE('',*,*,#3476,.F.);
#3476 = EDGE_CURVE('',#2725,#3367,#3477,.T.);
#3477 = SURFACE_CURVE('',#3478,(#3482,#3489),.PCURVE_S1.);
#3478 = LINE('',#3479,#3480);
#3479 = CARTESIAN_POINT('',(83.4,28.,5.36E-15));
#3480 = VECTOR('',#3481,1.);
#3481 = DIRECTION('',(1.,0.,0.));
#3482 = PCURVE('',#2740,#3483);
#3483 = DEFINITIONAL_REPRESENTATION('',(#3484),#3488);
#3484 = LINE('',#3485,#3486);
#3485 = CARTESIAN_POINT('',(0.,-6.22E-15));
#3486 = VECTOR('',#3487,1.);
#3487 = DIRECTION('',(1.,0.));
#3488 = ( GEOMETRIC_REPRESENTATION_CONTEXT(2) 
PARAMETRIC_REPRESENTATION_CONTEXT() REPRESENTATION_CONTEXT('2D SPACE',''
  ) );
#3489 = PCURVE('',#725,#3490);
#3490 = DEFINITIONAL_REPRESENTATION('',(#3491),#3495);
#3491 = LINE('',#3492,#3493);
#3492 = CARTESIAN_POINT('',(33.723572967801,83.4));
#3493 = VECTOR('',#3494,1.);
#3494 = DIRECTION('',(0.,1.));
#3495 = ( GEOMETRIC_REPRESENTATION_CONTEXT(2) 
PARAMETRIC_REPRESENTATION_CONTEXT() REPRESENTATION_CONTEXT('2D SPACE',''
  ) );
#3496 = ADVANCED_FACE('',(#3497),#1237,.T.);
#3497 = FACE_BOUND('',#3498,.T.);
#3498 = EDGE_LOOP('',(#3499,#3500,#3540,#3541));
#3499 = ORIENTED_EDGE('',*,*,#1220,.T.);
#3500 = ORIENTED_EDGE('',*,*,#3501,.T.);
#3501 = EDGE_CURVE('',#1193,#2499,#3502,.T.);
#3502 = SURFACE_CURVE('',#3503,(#3514,#3521),.PCURVE_S1.);
#3503 = ( BOUNDED_CURVE() B_SPLINE_CURVE(9,(#3504,#3505,#3506,#3507,
    #3508,#3509,#3510,#3511,#3512,#3513),.UNSPECIFIED.,.F.,.F.) 
B_SPLINE_CURVE_WITH_KNOTS((10,10),(4.512455278565,10.953761452775),
.PIECEWISE_BEZIER_KNOTS.) CURVE() GEOMETRIC_REPRESENTATION_ITEM() 
RATIONAL_B_SPLINE_CURVE((1.,1.,1.,1.,1.,1.,1.,1.,1.,1.)) 
REPRESENTATION_ITEM('') );
#3504 = CARTESIAN_POINT('',(12.700412665856,-4.,0.354057758534));
#3505 = CARTESIAN_POINT('',(12.700412665856,-3.312534888817,
    0.354057758534));
#3506 = CARTESIAN_POINT('',(12.856599327579,-2.602133421644,
    0.375301551359));
#3507 = CARTESIAN_POINT('',(13.186704159652,-1.900160454308,
    0.419908816054));
#3508 = CARTESIAN_POINT('',(13.702453646601,-1.27590216309,
    0.485585008564));
#3509 = CARTESIAN_POINT('',(14.329875968115,-0.768922906936,
    0.573122343112));
#3510 = CARTESIAN_POINT('',(15.044247056335,-0.387813826986,
    0.675682265806));
#3511 = CARTESIAN_POINT('',(15.797486787625,-0.133992658429,
    0.780245448247));
#3512 = CARTESIAN_POINT('',(16.58433040197,1.712E-14,0.888610171723));
#3513 = CARTESIAN_POINT('',(17.393657343362,1.55E-15,1.));
#3514 = PCURVE('',#1237,#3515);
#3515 = DEFINITIONAL_REPRESENTATION('',(#3516),#3520);
#3516 = LINE('',#3517,#3518);
#3517 = CARTESIAN_POINT('',(6.44130617421,0.));
#3518 = VECTOR('',#3519,1.);
#3519 = DIRECTION('',(0.,1.));
#3520 = ( GEOMETRIC_REPRESENTATION_CONTEXT(2) 
PARAMETRIC_REPRESENTATION_CONTEXT() REPRESENTATION_CONTEXT('2D SPACE',''
  ) );
#3521 = PCURVE('',#3522,#3527);
#3522 = CYLINDRICAL_SURFACE('',#3523,4.);
#3523 = AXIS2_PLACEMENT_3D('',#3524,#3525,#3526);
#3524 = CARTESIAN_POINT('',(5.053545141476,-4.,15.583768965865));
#3525 = DIRECTION('',(0.645942241466,0.,-0.763386285369));
#3526 = DIRECTION('',(0.,1.,0.));
#3527 = DEFINITIONAL_REPRESENTATION('',(#3528),#3539);
#3528 = B_SPLINE_CURVE_WITH_KNOTS('',9,(#3529,#3530,#3531,#3532,#3533,
    #3534,#3535,#3536,#3537,#3538),.UNSPECIFIED.,.F.,.F.,(10,10),(
    4.512455278565,10.953761452775),.PIECEWISE_BEZIER_KNOTS.);
#3529 = CARTESIAN_POINT('',(-1.570796326795,16.565587414701));
#3530 = CARTESIAN_POINT('',(-1.398930048999,16.565587414702));
#3531 = CARTESIAN_POINT('',(-1.221303286893,16.650257888917));
#3532 = CARTESIAN_POINT('',(-1.038645961233,16.829439619359));
#3533 = CARTESIAN_POINT('',(-0.85798904761,17.11242044151));
#3534 = CARTESIAN_POINT('',(-0.681448556104,17.450928083021));
#3535 = CARTESIAN_POINT('',(-0.508220549008,17.83402121897));
#3536 = CARTESIAN_POINT('',(-0.340102952068,18.240780263891));
#3537 = CARTESIAN_POINT('',(-0.172445120698,18.666303961797));
#3538 = CARTESIAN_POINT('',(-1.E-17,19.104048953163));
#3539 = ( GEOMETRIC_REPRESENTATION_CONTEXT(2) 
PARAMETRIC_REPRESENTATION_CONTEXT() REPRESENTATION_CONTEXT('2D SPACE',''
  ) );
#3540 = ORIENTED_EDGE('',*,*,#2545,.F.);
#3541 = ORIENTED_EDGE('',*,*,#3542,.F.);
#3542 = EDGE_CURVE('',#1221,#2523,#3543,.T.);
#3543 = SURFACE_CURVE('',#3544,(#3555,#3562),.PCURVE_S1.);
#3544 = ( BOUNDED_CURVE() B_SPLINE_CURVE(9,(#3545,#3546,#3547,#3548,
    #3549,#3550,#3551,#3552,#3553,#3554),.UNSPECIFIED.,.F.,.F.) 
B_SPLINE_CURVE_WITH_KNOTS((10,10),(4.512455278565,10.953761452775),
.PIECEWISE_BEZIER_KNOTS.) CURVE() GEOMETRIC_REPRESENTATION_ITEM() 
RATIONAL_B_SPLINE_CURVE((1.,1.,1.,1.,1.,1.,1.,1.,1.,1.)) 
REPRESENTATION_ITEM('') );
#3545 = CARTESIAN_POINT('',(13.463798951225,-4.,1.25E-15));
#3546 = CARTESIAN_POINT('',(13.463798951225,-3.469045686217,2.34E-15));
#3547 = CARTESIAN_POINT('',(13.601848239852,-2.900709610738,-2.31E-15));
#3548 = CARTESIAN_POINT('',(13.909042595519,-2.333435722438,6.37E-15));
#3549 = CARTESIAN_POINT('',(14.390426628634,-1.853376067223,-2.63E-15));
#3550 = CARTESIAN_POINT('',(14.947745094682,-1.493900588961,-1.22E-15));
#3551 = CARTESIAN_POINT('',(15.548998640437,-1.242297544097,5.89E-15));
#3552 = CARTESIAN_POINT('',(16.150885385046,-1.084085912917,-2.46E-15));
#3553 = CARTESIAN_POINT('',(16.763282377964,-0.999630305181,1.94E-15));
#3554 = CARTESIAN_POINT('',(17.395735291679,-0.999997841063,9.E-16));
#3555 = PCURVE('',#1237,#3556);
#3556 = DEFINITIONAL_REPRESENTATION('',(#3557),#3561);
#3557 = LINE('',#3558,#3559);
#3558 = CARTESIAN_POINT('',(0.,0.));
#3559 = VECTOR('',#3560,1.);
#3560 = DIRECTION('',(0.,1.));
#3561 = ( GEOMETRIC_REPRESENTATION_CONTEXT(2) 
PARAMETRIC_REPRESENTATION_CONTEXT() REPRESENTATION_CONTEXT('2D SPACE',''
  ) );
#3562 = PCURVE('',#725,#3563);
#3563 = DEFINITIONAL_REPRESENTATION('',(#3564),#3575);
#3564 = ( BOUNDED_CURVE() B_SPLINE_CURVE(9,(#3565,#3566,#3567,#3568,
    #3569,#3570,#3571,#3572,#3573,#3574),.UNSPECIFIED.,.F.,.F.) 
B_SPLINE_CURVE_WITH_KNOTS((10,10),(4.512455278565,10.953761452775),
.PIECEWISE_BEZIER_KNOTS.) CURVE() GEOMETRIC_REPRESENTATION_ITEM() 
RATIONAL_B_SPLINE_CURVE((1.,1.,1.,1.,1.,1.,1.,1.,1.,1.)) 
REPRESENTATION_ITEM('') );
#3565 = CARTESIAN_POINT('',(1.723572967801,13.463798951225));
#3566 = CARTESIAN_POINT('',(2.254527281584,13.463798951225));
#3567 = CARTESIAN_POINT('',(2.822863357063,13.601848239852));
#3568 = CARTESIAN_POINT('',(3.390137245363,13.909042595519));
#3569 = CARTESIAN_POINT('',(3.870196900579,14.390426628634));
#3570 = CARTESIAN_POINT('',(4.22967237884,14.947745094682));
#3571 = CARTESIAN_POINT('',(4.481275423704,15.548998640437));
#3572 = CARTESIAN_POINT('',(4.639487054884,16.150885385046));
#3573 = CARTESIAN_POINT('',(4.72394266262,16.763282377964));
#3574 = CARTESIAN_POINT('',(4.723575126738,17.395735291679));
#3575 = ( GEOMETRIC_REPRESENTATION_CONTEXT(2) 
PARAMETRIC_REPRESENTATION_CONTEXT() REPRESENTATION_CONTEXT('2D SPACE',''
  ) );
#3576 = ADVANCED_FACE('',(#3577),#2405,.F.);
#3577 = FACE_BOUND('',#3578,.F.);
#3578 = EDGE_LOOP('',(#3579,#3603,#3624,#3625));
#3579 = ORIENTED_EDGE('',*,*,#3580,.F.);
#3580 = EDGE_CURVE('',#3581,#3581,#3583,.T.);
#3581 = VERTEX_POINT('',#3582);
#3582 = CARTESIAN_POINT('',(81.7,15.8,3.E-15));
#3583 = SURFACE_CURVE('',#3584,(#3589,#3596),.PCURVE_S1.);
#3584 = CIRCLE('',#3585,2.5);
#3585 = AXIS2_PLACEMENT_3D('',#3586,#3587,#3588);
#3586 = CARTESIAN_POINT('',(79.2,15.8,2.65E-15));
#3587 = DIRECTION('',(0.,2.2E-16,-1.));
#3588 = DIRECTION('',(1.,0.,0.));
#3589 = PCURVE('',#2405,#3590);
#3590 = DEFINITIONAL_REPRESENTATION('',(#3591),#3595);
#3591 = LINE('',#3592,#3593);
#3592 = CARTESIAN_POINT('',(0.,0.));
#3593 = VECTOR('',#3594,1.);
#3594 = DIRECTION('',(1.,0.));
#3595 = ( GEOMETRIC_REPRESENTATION_CONTEXT(2) 
PARAMETRIC_REPRESENTATION_CONTEXT() REPRESENTATION_CONTEXT('2D SPACE',''
  ) );
#3596 = PCURVE('',#725,#3597);
#3597 = DEFINITIONAL_REPRESENTATION('',(#3598),#3602);
#3598 = CIRCLE('',#3599,2.5);
#3599 = AXIS2_PLACEMENT_2D('',#3600,#3601);
#3600 = CARTESIAN_POINT('',(21.523572967801,79.2));
#3601 = DIRECTION('',(0.,1.));
#3602 = ( GEOMETRIC_REPRESENTATION_CONTEXT(2) 
PARAMETRIC_REPRESENTATION_CONTEXT() REPRESENTATION_CONTEXT('2D SPACE',''
  ) );
#3603 = ORIENTED_EDGE('',*,*,#3604,.T.);
#3604 = EDGE_CURVE('',#3581,#2385,#3605,.T.);
#3605 = SEAM_CURVE('',#3606,(#3610,#3617),.PCURVE_S1.);
#3606 = LINE('',#3607,#3608);
#3607 = CARTESIAN_POINT('',(81.7,15.8,-8.6E-16));
#3608 = VECTOR('',#3609,1.);
#3609 = DIRECTION('',(0.,0.,1.));
#3610 = PCURVE('',#2405,#3611);
#3611 = DEFINITIONAL_REPRESENTATION('',(#3612),#3616);
#3612 = LINE('',#3613,#3614);
#3613 = CARTESIAN_POINT('',(6.28318530718,0.));
#3614 = VECTOR('',#3615,1.);
#3615 = DIRECTION('',(0.,-1.));
#3616 = ( GEOMETRIC_REPRESENTATION_CONTEXT(2) 
PARAMETRIC_REPRESENTATION_CONTEXT() REPRESENTATION_CONTEXT('2D SPACE',''
  ) );
#3617 = PCURVE('',#2405,#3618);
#3618 = DEFINITIONAL_REPRESENTATION('',(#3619),#3623);
#3619 = LINE('',#3620,#3621);
#3620 = CARTESIAN_POINT('',(0.,0.));
#3621 = VECTOR('',#3622,1.);
#3622 = DIRECTION('',(0.,-1.));
#3623 = ( GEOMETRIC_REPRESENTATION_CONTEXT(2) 
PARAMETRIC_REPRESENTATION_CONTEXT() REPRESENTATION_CONTEXT('2D SPACE',''
  ) );
#3624 = ORIENTED_EDGE('',*,*,#2384,.T.);
#3625 = ORIENTED_EDGE('',*,*,#3604,.F.);
#3626 = ADVANCED_FACE('',(#3627),#2037,.T.);
#3627 = FACE_BOUND('',#3628,.T.);
#3628 = EDGE_LOOP('',(#3629,#3630,#3692));
#3629 = ORIENTED_EDGE('',*,*,#2022,.T.);
#3630 = ORIENTED_EDGE('',*,*,#3631,.T.);
#3631 = EDGE_CURVE('',#2000,#2193,#3632,.T.);
#3632 = SURFACE_CURVE('',#3633,(#3654,#3661),.PCURVE_S1.);
#3633 = ( BOUNDED_CURVE() B_SPLINE_CURVE(10,(#3634,#3635,#3636,#3637,
    #3638,#3639,#3640,#3641,#3642,#3643,#3644,#3645,#3646,#3647,#3648,
    #3649,#3650,#3651,#3652,#3653),.UNSPECIFIED.,.F.,.F.) 
B_SPLINE_CURVE_WITH_KNOTS((11,9,11),(6.910098894519,10.730296675221,
14.550494455924),.UNSPECIFIED.) CURVE() GEOMETRIC_REPRESENTATION_ITEM() 
RATIONAL_B_SPLINE_CURVE((1.,1.,1.,1.,1.,1.,1.,1.,1.,1.,1.,1.,1.,1.,1.,1.
,1.,1.,1.,1.)) REPRESENTATION_ITEM('') );
#3634 = CARTESIAN_POINT('',(70.000000000004,8.9E-16,6.));
#3635 = CARTESIAN_POINT('',(70.000000000004,-2.68E-14,6.706855109613));
#3636 = CARTESIAN_POINT('',(70.259389828903,-0.138830037605,
    7.412803455998));
#3637 = CARTESIAN_POINT('',(70.771618982556,-0.415212470479,
    8.029091179395));
#3638 = CARTESIAN_POINT('',(71.468264518962,-0.76653477343,
    8.424152681567));
#3639 = CARTESIAN_POINT('',(72.039821404571,-0.979946130617,
    8.695313354921));
#3640 = CARTESIAN_POINT('',(72.619937319992,-1.248318268614,
    8.942017866993));
#3641 = CARTESIAN_POINT('',(73.146528167337,-1.457582046033,
    9.113407607488));
#3642 = CARTESIAN_POINT('',(73.649171084738,-1.671324011457,
    9.268290411253));
#3643 = CARTESIAN_POINT('',(74.130023258305,-1.873499274406,
    9.395442267935));
#3644 = CARTESIAN_POINT('',(75.061571459233,-2.269327525417,
    9.613281931507));
#3645 = CARTESIAN_POINT('',(75.512164286368,-2.462499847268,
    9.703490904421));
#3646 = CARTESIAN_POINT('',(75.953833518209,-2.653717699972,
    9.77941250246));
#3647 = CARTESIAN_POINT('',(76.390851778349,-2.844564577054,
    9.84324390619));
#3648 = CARTESIAN_POINT('',(76.825904338661,-3.035809939751,
    9.895901959441));
#3649 = CARTESIAN_POINT('',(77.260464621532,-3.227717697958,
    9.93771556584));
#3650 = CARTESIAN_POINT('',(77.695147501656,-3.420273363476,
    9.968864515173));
#3651 = CARTESIAN_POINT('',(78.13004040732,-3.613329875486,9.98956473958
    ));
#3652 = CARTESIAN_POINT('',(78.565012221262,-3.806672098337,
    9.999999999592));
#3653 = CARTESIAN_POINT('',(78.999999986296,-3.999999986292,10.));
#3654 = PCURVE('',#2037,#3655);
#3655 = DEFINITIONAL_REPRESENTATION('',(#3656),#3660);
#3656 = LINE('',#3657,#3658);
#3657 = CARTESIAN_POINT('',(7.640395561405,0.));
#3658 = VECTOR('',#3659,1.);
#3659 = DIRECTION('',(0.,1.));
#3660 = ( GEOMETRIC_REPRESENTATION_CONTEXT(2) 
PARAMETRIC_REPRESENTATION_CONTEXT() REPRESENTATION_CONTEXT('2D SPACE',''
  ) );
#3661 = PCURVE('',#3662,#3667);
#3662 = CYLINDRICAL_SURFACE('',#3663,4.);
#3663 = AXIS2_PLACEMENT_3D('',#3664,#3665,#3666);
#3664 = CARTESIAN_POINT('',(44.,-4.,6.));
#3665 = DIRECTION('',(1.,0.,0.));
#3666 = DIRECTION('',(0.,1.,0.));
#3667 = DEFINITIONAL_REPRESENTATION('',(#3668),#3691);
#3668 = B_SPLINE_CURVE_WITH_KNOTS('',11,(#3669,#3670,#3671,#3672,#3673,
    #3674,#3675,#3676,#3677,#3678,#3679,#3680,#3681,#3682,#3683,#3684,
    #3685,#3686,#3687,#3688,#3689,#3690),.UNSPECIFIED.,.F.,.F.,(12,10,12
    ),(6.910098894519,10.730296675221,14.550494455924),.UNSPECIFIED.);
#3669 = CARTESIAN_POINT('',(-3.25E-15,26.000000000004));
#3670 = CARTESIAN_POINT('',(0.160648888548,26.000000000005));
#3671 = CARTESIAN_POINT('',(0.321172519786,26.21211169522));
#3672 = CARTESIAN_POINT('',(0.470449849481,26.632570058228));
#3673 = CARTESIAN_POINT('',(0.593485755628,27.213246150264));
#3674 = CARTESIAN_POINT('',(0.690450298319,27.782644495595));
#3675 = CARTESIAN_POINT('',(0.769109609681,28.300912848968));
#3676 = CARTESIAN_POINT('',(0.842819299552,28.813075940211));
#3677 = CARTESIAN_POINT('',(0.903920611823,29.282985673882));
#3678 = CARTESIAN_POINT('',(0.96241793039,29.736706145028));
#3679 = CARTESIAN_POINT('',(1.016351296463,30.172371083646));
#3680 = CARTESIAN_POINT('',(1.11903470606,31.019223633895));
#3681 = CARTESIAN_POINT('',(1.167687413638,31.430239435289));
#3682 = CARTESIAN_POINT('',(1.214646609554,31.833382167719));
#3683 = CARTESIAN_POINT('',(1.260533243894,32.231937901261));
#3684 = CARTESIAN_POINT('',(1.305718220238,32.628151464511));
#3685 = CARTESIAN_POINT('',(1.350421055764,33.023428516708));
#3686 = CARTESIAN_POINT('',(1.394782712779,33.418529606219));
#3687 = CARTESIAN_POINT('',(1.438912601303,33.813756205886));
#3688 = CARTESIAN_POINT('',(1.482909753115,34.209128735241));
#3689 = CARTESIAN_POINT('',(1.526858166887,34.604556560832));
#3690 = CARTESIAN_POINT('',(1.570796324686,34.999999981024));
#3691 = ( GEOMETRIC_REPRESENTATION_CONTEXT(2) 
PARAMETRIC_REPRESENTATION_CONTEXT() REPRESENTATION_CONTEXT('2D SPACE',''
  ) );
#3692 = ORIENTED_EDGE('',*,*,#2192,.F.);
#3693 = ADVANCED_FACE('',(#3694),#2148,.T.);
#3694 = FACE_BOUND('',#3695,.T.);
#3695 = EDGE_LOOP('',(#3696,#3697,#3698,#3699));
#3696 = ORIENTED_EDGE('',*,*,#2646,.F.);
#3697 = ORIENTED_EDGE('',*,*,#2571,.F.);
#3698 = ORIENTED_EDGE('',*,*,#2132,.T.);
#3699 = ORIENTED_EDGE('',*,*,#2359,.F.);
#3700 = ADVANCED_FACE('',(#3701),#2267,.T.);
#3701 = FACE_BOUND('',#3702,.T.);
#3702 = EDGE_LOOP('',(#3703,#3726,#3749,#3772,#3793,#3794));
#3703 = ORIENTED_EDGE('',*,*,#3704,.F.);
#3704 = EDGE_CURVE('',#3705,#2193,#3707,.T.);
#3705 = VERTEX_POINT('',#3706);
#3706 = CARTESIAN_POINT('',(46.,-4.,10.));
#3707 = SURFACE_CURVE('',#3708,(#3712,#3719),.PCURVE_S1.);
#3708 = LINE('',#3709,#3710);
#3709 = CARTESIAN_POINT('',(44.,-4.,10.));
#3710 = VECTOR('',#3711,1.);
#3711 = DIRECTION('',(1.,0.,0.));
#3712 = PCURVE('',#2267,#3713);
#3713 = DEFINITIONAL_REPRESENTATION('',(#3714),#3718);
#3714 = LINE('',#3715,#3716);
#3715 = CARTESIAN_POINT('',(-26.89112264104,-6.654402136581));
#3716 = VECTOR('',#3717,1.);
#3717 = DIRECTION('',(1.,0.));
#3718 = ( GEOMETRIC_REPRESENTATION_CONTEXT(2) 
PARAMETRIC_REPRESENTATION_CONTEXT() REPRESENTATION_CONTEXT('2D SPACE',''
  ) );
#3719 = PCURVE('',#3662,#3720);
#3720 = DEFINITIONAL_REPRESENTATION('',(#3721),#3725);
#3721 = LINE('',#3722,#3723);
#3722 = CARTESIAN_POINT('',(1.570796326795,0.));
#3723 = VECTOR('',#3724,1.);
#3724 = DIRECTION('',(0.,1.));
#3725 = ( GEOMETRIC_REPRESENTATION_CONTEXT(2) 
PARAMETRIC_REPRESENTATION_CONTEXT() REPRESENTATION_CONTEXT('2D SPACE',''
  ) );
#3726 = ORIENTED_EDGE('',*,*,#3727,.F.);
#3727 = EDGE_CURVE('',#3728,#3705,#3730,.T.);
#3728 = VERTEX_POINT('',#3729);
#3729 = CARTESIAN_POINT('',(46.,-10.67248991951,10.));
#3730 = SURFACE_CURVE('',#3731,(#3735,#3742),.PCURVE_S1.);
#3731 = LINE('',#3732,#3733);
#3732 = CARTESIAN_POINT('',(46.,-10.95155968695,10.));
#3733 = VECTOR('',#3734,1.);
#3734 = DIRECTION('',(0.,1.,0.));
#3735 = PCURVE('',#2267,#3736);
#3736 = DEFINITIONAL_REPRESENTATION('',(#3737),#3741);
#3737 = LINE('',#3738,#3739);
#3738 = CARTESIAN_POINT('',(-24.89112264104,-13.60596182353));
#3739 = VECTOR('',#3740,1.);
#3740 = DIRECTION('',(0.,1.));
#3741 = ( GEOMETRIC_REPRESENTATION_CONTEXT(2) 
PARAMETRIC_REPRESENTATION_CONTEXT() REPRESENTATION_CONTEXT('2D SPACE',''
  ) );
#3742 = PCURVE('',#3320,#3743);
#3743 = DEFINITIONAL_REPRESENTATION('',(#3744),#3748);
#3744 = LINE('',#3745,#3746);
#3745 = CARTESIAN_POINT('',(-1.570796326795,0.));
#3746 = VECTOR('',#3747,1.);
#3747 = DIRECTION('',(-0.,1.));
#3748 = ( GEOMETRIC_REPRESENTATION_CONTEXT(2) 
PARAMETRIC_REPRESENTATION_CONTEXT() REPRESENTATION_CONTEXT('2D SPACE',''
  ) );
#3749 = ORIENTED_EDGE('',*,*,#3750,.F.);
#3750 = EDGE_CURVE('',#3751,#3728,#3753,.T.);
#3751 = VERTEX_POINT('',#3752);
#3752 = CARTESIAN_POINT('',(82.,-5.64923410556,10.));
#3753 = SURFACE_CURVE('',#3754,(#3758,#3765),.PCURVE_S1.);
#3754 = LINE('',#3755,#3756);
#3755 = CARTESIAN_POINT('',(86.309019840443,-5.047975523173,10.));
#3756 = VECTOR('',#3757,1.);
#3757 = DIRECTION('',(-0.990404895365,-0.138196031911,0.));
#3758 = PCURVE('',#2267,#3759);
#3759 = DEFINITIONAL_REPRESENTATION('',(#3760),#3764);
#3760 = LINE('',#3761,#3762);
#3761 = CARTESIAN_POINT('',(15.417897199395,-7.702377659754));
#3762 = VECTOR('',#3763,1.);
#3763 = DIRECTION('',(-0.990404895365,-0.138196031911));
#3764 = ( GEOMETRIC_REPRESENTATION_CONTEXT(2) 
PARAMETRIC_REPRESENTATION_CONTEXT() REPRESENTATION_CONTEXT('2D SPACE',''
  ) );
#3765 = PCURVE('',#2800,#3766);
#3766 = DEFINITIONAL_REPRESENTATION('',(#3767),#3771);
#3767 = LINE('',#3768,#3769);
#3768 = CARTESIAN_POINT('',(-2.629840789581E-15,-3.535533905933));
#3769 = VECTOR('',#3770,1.);
#3770 = DIRECTION('',(1.,4.857225732735E-17));
#3771 = ( GEOMETRIC_REPRESENTATION_CONTEXT(2) 
PARAMETRIC_REPRESENTATION_CONTEXT() REPRESENTATION_CONTEXT('2D SPACE',''
  ) );
#3772 = ORIENTED_EDGE('',*,*,#3773,.F.);
#3773 = EDGE_CURVE('',#2421,#3751,#3774,.T.);
#3774 = SURFACE_CURVE('',#3775,(#3779,#3786),.PCURVE_S1.);
#3775 = LINE('',#3776,#3777);
#3776 = CARTESIAN_POINT('',(82.,28.,10.));
#3777 = VECTOR('',#3778,1.);
#3778 = DIRECTION('',(0.,-1.,0.));
#3779 = PCURVE('',#2267,#3780);
#3780 = DEFINITIONAL_REPRESENTATION('',(#3781),#3785);
#3781 = LINE('',#3782,#3783);
#3782 = CARTESIAN_POINT('',(11.108877358953,25.345597863419));
#3783 = VECTOR('',#3784,1.);
#3784 = DIRECTION('',(0.,-1.));
#3785 = ( GEOMETRIC_REPRESENTATION_CONTEXT(2) 
PARAMETRIC_REPRESENTATION_CONTEXT() REPRESENTATION_CONTEXT('2D SPACE',''
  ) );
#3786 = PCURVE('',#2483,#3787);
#3787 = DEFINITIONAL_REPRESENTATION('',(#3788),#3792);
#3788 = LINE('',#3789,#3790);
#3789 = CARTESIAN_POINT('',(3.552713678801E-15,-3.535533905933));
#3790 = VECTOR('',#3791,1.);
#3791 = DIRECTION('',(1.,0.));
#3792 = ( GEOMETRIC_REPRESENTATION_CONTEXT(2) 
PARAMETRIC_REPRESENTATION_CONTEXT() REPRESENTATION_CONTEXT('2D SPACE',''
  ) );
#3793 = ORIENTED_EDGE('',*,*,#2420,.F.);
#3794 = ORIENTED_EDGE('',*,*,#2251,.F.);
#3795 = ADVANCED_FACE('',(#3796),#2483,.T.);
#3796 = FACE_BOUND('',#3797,.T.);
#3797 = EDGE_LOOP('',(#3798,#3799,#3800,#3801,#3822,#3823));
#3798 = ORIENTED_EDGE('',*,*,#2669,.F.);
#3799 = ORIENTED_EDGE('',*,*,#2469,.F.);
#3800 = ORIENTED_EDGE('',*,*,#3773,.T.);
#3801 = ORIENTED_EDGE('',*,*,#3802,.T.);
#3802 = EDGE_CURVE('',#3751,#2778,#3803,.T.);
#3803 = SURFACE_CURVE('',#3804,(#3808,#3815),.PCURVE_S1.);
#3804 = LINE('',#3805,#3806);
#3805 = CARTESIAN_POINT('',(79.190203249804,-3.204280531347,
    12.809796750196));
#3806 = VECTOR('',#3807,1.);
#3807 = DIRECTION('',(0.602238477013,-0.524039725222,-0.602238477013));
#3808 = PCURVE('',#2483,#3809);
#3809 = DEFINITIONAL_REPRESENTATION('',(#3810),#3814);
#3810 = LINE('',#3811,#3812);
#3811 = CARTESIAN_POINT('',(31.204280531347,-7.509186577572));
#3812 = VECTOR('',#3813,1.);
#3813 = DIRECTION('',(0.524039725222,0.851693821975));
#3814 = ( GEOMETRIC_REPRESENTATION_CONTEXT(2) 
PARAMETRIC_REPRESENTATION_CONTEXT() REPRESENTATION_CONTEXT('2D SPACE',''
  ) );
#3815 = PCURVE('',#2800,#3816);
#3816 = DEFINITIONAL_REPRESENTATION('',(#3817),#3821);
#3817 = LINE('',#3818,#3819);
#3818 = CARTESIAN_POINT('',(6.795719468653,-7.509186577572));
#3819 = VECTOR('',#3820,1.);
#3820 = DIRECTION('',(-0.524039725222,0.851693821975));
#3821 = ( GEOMETRIC_REPRESENTATION_CONTEXT(2) 
PARAMETRIC_REPRESENTATION_CONTEXT() REPRESENTATION_CONTEXT('2D SPACE',''
  ) );
#3822 = ORIENTED_EDGE('',*,*,#3016,.F.);
#3823 = ORIENTED_EDGE('',*,*,#3824,.F.);
#3824 = EDGE_CURVE('',#2670,#3017,#3825,.T.);
#3825 = SURFACE_CURVE('',#3826,(#3830,#3837),.PCURVE_S1.);
#3826 = LINE('',#3827,#3828);
#3827 = CARTESIAN_POINT('',(83.4,27.,8.6));
#3828 = VECTOR('',#3829,1.);
#3829 = DIRECTION('',(0.707106781187,0.,-0.707106781187));
#3830 = PCURVE('',#2483,#3831);
#3831 = DEFINITIONAL_REPRESENTATION('',(#3832),#3836);
#3832 = LINE('',#3833,#3834);
#3833 = CARTESIAN_POINT('',(1.,-1.55563491861));
#3834 = VECTOR('',#3835,1.);
#3835 = DIRECTION('',(0.,1.));
#3836 = ( GEOMETRIC_REPRESENTATION_CONTEXT(2) 
PARAMETRIC_REPRESENTATION_CONTEXT() REPRESENTATION_CONTEXT('2D SPACE',''
  ) );
#3837 = PCURVE('',#2709,#3838);
#3838 = DEFINITIONAL_REPRESENTATION('',(#3839),#3843);
#3839 = LINE('',#3840,#3841);
#3840 = CARTESIAN_POINT('',(-0.,0.));
#3841 = VECTOR('',#3842,1.);
#3842 = DIRECTION('',(-0.,1.));
#3843 = ( GEOMETRIC_REPRESENTATION_CONTEXT(2) 
PARAMETRIC_REPRESENTATION_CONTEXT() REPRESENTATION_CONTEXT('2D SPACE',''
  ) );
#3844 = ADVANCED_FACE('',(#3845),#2800,.T.);
#3845 = FACE_BOUND('',#3846,.T.);
#3846 = EDGE_LOOP('',(#3847,#3848,#3875,#3896,#3897));
#3847 = ORIENTED_EDGE('',*,*,#3750,.T.);
#3848 = ORIENTED_EDGE('',*,*,#3849,.F.);
#3849 = EDGE_CURVE('',#3850,#3728,#3852,.T.);
#3850 = VERTEX_POINT('',#3851);
#3851 = CARTESIAN_POINT('',(45.804561297405,-10.69009572493,
    10.009571977305));
#3852 = SURFACE_CURVE('',#3853,(#3858,#3865),.PCURVE_S1.);
#3853 = ELLIPSE('',#3854,2.855829103816,2.);
#3854 = AXIS2_PLACEMENT_3D('',#3855,#3856,#3857);
#3855 = CARTESIAN_POINT('',(46.,-8.653113794295,12.));
#3856 = DIRECTION('',(9.771935129767E-02,-0.700322017633,0.707106781187)
  );
#3857 = DIRECTION('',(9.587057859728E-02,0.713827060021,0.69372888115));
#3858 = PCURVE('',#2800,#3859);
#3859 = DEFINITIONAL_REPRESENTATION('',(#3860),#3864);
#3860 = ELLIPSE('',#3861,2.855829103816,2.);
#3861 = AXIS2_PLACEMENT_2D('',#3862,#3863);
#3862 = CARTESIAN_POINT('',(40.42046638092,-6.363961030679));
#3863 = DIRECTION('',(-0.19359875753,-0.981080792332));
#3864 = ( GEOMETRIC_REPRESENTATION_CONTEXT(2) 
PARAMETRIC_REPRESENTATION_CONTEXT() REPRESENTATION_CONTEXT('2D SPACE',''
  ) );
#3865 = PCURVE('',#3320,#3866);
#3866 = DEFINITIONAL_REPRESENTATION('',(#3867),#3874);
#3867 = B_SPLINE_CURVE_WITH_KNOTS('',5,(#3868,#3869,#3870,#3871,#3872,
    #3873),.UNSPECIFIED.,.F.,.F.,(6,6),(3.181043323628,3.278918868552),
  .PIECEWISE_BEZIER_KNOTS.);
#3868 = CARTESIAN_POINT('',(-1.472920781871,0.261463962022));
#3869 = CARTESIAN_POINT('',(-1.492495890856,0.263037840281));
#3870 = CARTESIAN_POINT('',(-1.512070999841,0.265587394362));
#3871 = CARTESIAN_POINT('',(-1.531646108825,0.269111368191));
#3872 = CARTESIAN_POINT('',(-1.55122121781,0.27360694633));
#3873 = CARTESIAN_POINT('',(-1.570796326795,0.279069767442));
#3874 = ( GEOMETRIC_REPRESENTATION_CONTEXT(2) 
PARAMETRIC_REPRESENTATION_CONTEXT() REPRESENTATION_CONTEXT('2D SPACE',''
  ) );
#3875 = ORIENTED_EDGE('',*,*,#3876,.T.);
#3876 = EDGE_CURVE('',#3850,#2780,#3877,.T.);
#3877 = SURFACE_CURVE('',#3878,(#3882,#3889),.PCURVE_S1.);
#3878 = LINE('',#3879,#3880);
#3879 = CARTESIAN_POINT('',(45.804561297405,-10.8268738769,
    9.874106226015));
#3880 = VECTOR('',#3881,1.);
#3881 = DIRECTION('',(0.,-0.710507260875,-0.703689869363));
#3882 = PCURVE('',#2800,#3883);
#3883 = DEFINITIONAL_REPRESENTATION('',(#3884),#3888);
#3884 = LINE('',#3885,#3886);
#3885 = CARTESIAN_POINT('',(40.914434846459,-3.357493223345));
#3886 = VECTOR('',#3887,1.);
#3887 = DIRECTION('',(9.818928409718E-02,0.995167756958));
#3888 = ( GEOMETRIC_REPRESENTATION_CONTEXT(2) 
PARAMETRIC_REPRESENTATION_CONTEXT() REPRESENTATION_CONTEXT('2D SPACE',''
  ) );
#3889 = PCURVE('',#2829,#3890);
#3890 = DEFINITIONAL_REPRESENTATION('',(#3891),#3895);
#3891 = LINE('',#3892,#3893);
#3892 = CARTESIAN_POINT('',(1.472920781871,0.));
#3893 = VECTOR('',#3894,1.);
#3894 = DIRECTION('',(0.,1.));
#3895 = ( GEOMETRIC_REPRESENTATION_CONTEXT(2) 
PARAMETRIC_REPRESENTATION_CONTEXT() REPRESENTATION_CONTEXT('2D SPACE',''
  ) );
#3896 = ORIENTED_EDGE('',*,*,#2777,.F.);
#3897 = ORIENTED_EDGE('',*,*,#3802,.F.);
#3898 = ADVANCED_FACE('',(#3899),#2829,.F.);
#3899 = FACE_BOUND('',#3900,.F.);
#3900 = EDGE_LOOP('',(#3901,#3902,#3903,#3935,#3936));
#3901 = ORIENTED_EDGE('',*,*,#2980,.F.);
#3902 = ORIENTED_EDGE('',*,*,#3281,.F.);
#3903 = ORIENTED_EDGE('',*,*,#3904,.T.);
#3904 = EDGE_CURVE('',#3282,#3850,#3905,.T.);
#3905 = SURFACE_CURVE('',#3906,(#3911,#3923),.PCURVE_S1.);
#3906 = ELLIPSE('',#3907,2.162631539924,2.);
#3907 = AXIS2_PLACEMENT_3D('',#3908,#3909,#3910);
#3908 = CARTESIAN_POINT('',(46.,-11.50894289811,12.));
#3909 = DIRECTION('',(0.,-0.924799237909,-0.380455476452));
#3910 = DIRECTION('',(0.,0.380455476452,-0.924799237909));
#3911 = PCURVE('',#2829,#3912);
#3912 = DEFINITIONAL_REPRESENTATION('',(#3913),#3922);
#3913 = B_SPLINE_CURVE_WITH_KNOTS('',7,(#3914,#3915,#3916,#3917,#3918,
    #3919,#3920,#3921),.UNSPECIFIED.,.F.,.F.,(8,8),(4.712388980385,
    6.185309762256),.PIECEWISE_BEZIER_KNOTS.);
#3914 = CARTESIAN_POINT('',(0.,-1.01135492011));
#3915 = CARTESIAN_POINT('',(0.210417254553,-0.838226756606));
#3916 = CARTESIAN_POINT('',(0.420834509106,-0.665099019037));
#3917 = CARTESIAN_POINT('',(0.631251763659,-0.504488346353));
#3918 = CARTESIAN_POINT('',(0.841669018212,-0.36892746824));
#3919 = CARTESIAN_POINT('',(1.052086272765,-0.268641443353));
#3920 = CARTESIAN_POINT('',(1.262503527318,-0.209425718762));
#3921 = CARTESIAN_POINT('',(1.472920781871,-0.192507746933));
#3922 = ( GEOMETRIC_REPRESENTATION_CONTEXT(2) 
PARAMETRIC_REPRESENTATION_CONTEXT() REPRESENTATION_CONTEXT('2D SPACE',''
  ) );
#3923 = PCURVE('',#3320,#3924);
#3924 = DEFINITIONAL_REPRESENTATION('',(#3925),#3934);
#3925 = B_SPLINE_CURVE_WITH_KNOTS('',7,(#3926,#3927,#3928,#3929,#3930,
    #3931,#3932,#3933),.UNSPECIFIED.,.F.,.F.,(8,8),(4.712388980385,
    6.185309762256),.PIECEWISE_BEZIER_KNOTS.);
#3926 = CARTESIAN_POINT('',(0.,-0.557383211156));
#3927 = CARTESIAN_POINT('',(-0.210417254553,-0.384255047651));
#3928 = CARTESIAN_POINT('',(-0.420834509106,-0.211127310082));
#3929 = CARTESIAN_POINT('',(-0.631251763659,-5.051663739932E-02));
#3930 = CARTESIAN_POINT('',(-0.841669018213,8.504424071435E-02));
#3931 = CARTESIAN_POINT('',(-1.052086272765,0.185330265601));
#3932 = CARTESIAN_POINT('',(-1.262503527318,0.244545990192));
#3933 = CARTESIAN_POINT('',(-1.472920781871,0.261463962022));
#3934 = ( GEOMETRIC_REPRESENTATION_CONTEXT(2) 
PARAMETRIC_REPRESENTATION_CONTEXT() REPRESENTATION_CONTEXT('2D SPACE',''
  ) );
#3935 = ORIENTED_EDGE('',*,*,#3876,.T.);
#3936 = ORIENTED_EDGE('',*,*,#2812,.F.);
#3937 = ADVANCED_FACE('',(#3938),#3110,.T.);
#3938 = FACE_BOUND('',#3939,.T.);
#3939 = EDGE_LOOP('',(#3940,#3941,#4593,#4616));
#3940 = ORIENTED_EDGE('',*,*,#3092,.F.);
#3941 = ORIENTED_EDGE('',*,*,#3942,.T.);
#3942 = EDGE_CURVE('',#3093,#3943,#3945,.T.);
#3943 = VERTEX_POINT('',#3944);
#3944 = CARTESIAN_POINT('',(43.,0.,6.));
#3945 = SURFACE_CURVE('',#3946,(#4069,#4219),.PCURVE_S1.);
#3946 = ( BOUNDED_CURVE() B_SPLINE_CURVE(13,(#3947,#3948,#3949,#3950,
    #3951,#3952,#3953,#3954,#3955,#3956,#3957,#3958,#3959,#3960,#3961,
    #3962,#3963,#3964,#3965,#3966,#3967,#3968,#3969,#3970,#3971,#3972,
    #3973,#3974,#3975,#3976,#3977,#3978,#3979,#3980,#3981,#3982,#3983,
    #3984,#3985,#3986,#3987,#3988,#3989,#3990,#3991,#3992,#3993,#3994,
    #3995,#3996,#3997,#3998,#3999,#4000,#4001,#4002,#4003,#4004,#4005,
    #4006,#4007,#4008,#4009,#4010,#4011,#4012,#4013,#4014,#4015,#4016,
    #4017,#4018,#4019,#4020,#4021,#4022,#4023,#4024,#4025,#4026,#4027,
    #4028,#4029,#4030,#4031,#4032,#4033,#4034,#4035,#4036,#4037,#4038,
    #4039,#4040,#4041,#4042,#4043,#4044,#4045,#4046,#4047,#4048,#4049,
    #4050,#4051,#4052,#4053,#4054,#4055,#4056,#4057,#4058,#4059,#4060,
    #4061,#4062,#4063,#4064,#4065,#4066,#4067,#4068),.UNSPECIFIED.,.F.,
.F.) B_SPLINE_CURVE_WITH_KNOTS((14,12,12,12,12,12,12,12,12,12,14),(
    9.045954789351,10.319381503328,10.949664231938,12.610933589512,
    13.019857284606,13.224319132153,13.393797831312,13.411289405506,
13.420035192603,13.424408086152,13.4287809797),.UNSPECIFIED.) CURVE() 
GEOMETRIC_REPRESENTATION_ITEM() RATIONAL_B_SPLINE_CURVE((1.,1.,
    1.000000000001,0.999999999997,1.000000000005,0.999999999993,
    1.000000000008,0.999999999992,1.000000000006,0.999999999997,
    1.000000000002,0.999999999999,1.,1.,1.,1.000000000001,0.999999999998
    ,1.000000000003,0.999999999996,1.000000000004,0.999999999997,
    1.000000000002,0.999999999999,1.,1.,1.,1.,1.,0.999999999999,
    1.000000000002,0.999999999998,1.000000000003,0.999999999997,
    1.000000000002,0.999999999999,1.,1.,1.,0.999999999999,1.000000000002
    ,0.999999999997,1.000000000005,0.999999999994,1.000000000005,
    0.999999999996,1.000000000002,0.999999999999,1.,1.,1.,0.999999999999
    ,1.000000000002,0.999999999996,1.000000000006,0.999999999993,
    1.000000000006,0.999999999995,1.000000000003,0.999999999998,
    1.000000000001,1.,1.,0.999999999998,1.000000000007,0.999999999987,
    1.000000000019,0.999999999977,1.000000000021,0.999999999984,
    1.00000000001,0.999999999995,1.000000000002,1.,1.,1.,0.999999999999,
    1.000000000002,0.999999999997,1.000000000004,0.999999999996,
    1.000000000003,0.999999999998,1.000000000001,0.999999999999,1.,1.,
    1.000000000001,0.999999999996,1.000000000008,0.999999999988,
    1.000000000015,0.999999999986,1.000000000011,0.999999999993,
    1.000000000003,0.999999999999,1.,1.,0.999999999999,1.000000000002,
    0.999999999995,1.000000000007,0.999999999991,1.000000000009,
    0.999999999993,1.000000000004,0.999999999998,1.000000000001,1.,1.,1.
,1.,1.,1.,1.,1.,1.000000000001,1.,1.,1.,1.,1.)) REPRESENTATION_ITEM('') 
  );
#3947 = CARTESIAN_POINT('',(44.,-1.,11.196152422707));
#3948 = CARTESIAN_POINT('',(44.,-0.913540472843,11.046400128873));
#3949 = CARTESIAN_POINT('',(43.99190251843,-0.833835550024,
    10.894350370016));
#3950 = CARTESIAN_POINT('',(43.977775337725,-0.761137470473,
    10.739832946795));
#3951 = CARTESIAN_POINT('',(43.959334388371,-0.695451118037,
    10.583665682952));
#3952 = CARTESIAN_POINT('',(43.938029658464,-0.636497164327,
    10.426704639799));
#3953 = CARTESIAN_POINT('',(43.915007139123,-0.583749448419,
    10.269792977902));
#3954 = CARTESIAN_POINT('',(43.891073806113,-0.536528095956,
    10.113885339767));
#3955 = CARTESIAN_POINT('',(43.866731741443,-0.494119963504,
    9.959958647127));
#3956 = CARTESIAN_POINT('',(43.84228660284,-0.45588807727,9.808654227196
    ));
#3957 = CARTESIAN_POINT('',(43.817974752327,-0.421321818745,
    9.659930202073));
#3958 = CARTESIAN_POINT('',(43.793992459214,-0.389969692934,
    9.513337096079));
#3959 = CARTESIAN_POINT('',(43.770249696306,-0.361186598386,
    9.36986363586));
#3960 = CARTESIAN_POINT('',(43.733414806141,-0.319972322453,
    9.170691582307));
#3961 = CARTESIAN_POINT('',(43.720347303279,-0.30590205079,
    9.111745234511));
#3962 = CARTESIAN_POINT('',(43.707391410383,-0.292568172689,
    9.054092540137));
#3963 = CARTESIAN_POINT('',(43.694686910694,-0.280036895906,
    8.996528682811));
#3964 = CARTESIAN_POINT('',(43.682143174272,-0.26812266884,
    8.939263504402));
#3965 = CARTESIAN_POINT('',(43.669687902165,-0.256704442559,
    8.882586155708));
#3966 = CARTESIAN_POINT('',(43.657312055699,-0.245758357003,
    8.826534663361));
#3967 = CARTESIAN_POINT('',(43.645031486572,-0.235286516839,
    8.771009381936));
#3968 = CARTESIAN_POINT('',(43.632845285707,-0.225257605319,8.7159506839
    ));
#3969 = CARTESIAN_POINT('',(43.62073037345,-0.215611168818,
    8.661382623821));
#3970 = CARTESIAN_POINT('',(43.608671355827,-0.206313487571,
    8.607305696968));
#3971 = CARTESIAN_POINT('',(43.596684176002,-0.197389032301,
    8.553603196112));
#3972 = CARTESIAN_POINT('',(43.553300254902,-0.166116314288,
    8.359831607981));
#3973 = CARTESIAN_POINT('',(43.522248999485,-0.145735045399,
    8.222110696172));
#3974 = CARTESIAN_POINT('',(43.491496514598,-0.127304089997,
    8.086660409444));
#3975 = CARTESIAN_POINT('',(43.460966706457,-0.110577742025,
    7.953089320627));
#3976 = CARTESIAN_POINT('',(43.430604017409,-9.538015449462E-02,
    7.821084426171));
#3977 = CARTESIAN_POINT('',(43.400369081507,-8.158510106073E-02,
    7.690397510835));
#3978 = CARTESIAN_POINT('',(43.370234717331,-6.909962688413E-02,
    7.560831935532));
#3979 = CARTESIAN_POINT('',(43.340182258409,-5.785158889379E-02,
    7.432229848338));
#3980 = CARTESIAN_POINT('',(43.310198220832,-4.778108530397E-02,
    7.304459818686));
#3981 = CARTESIAN_POINT('',(43.280271308458,-3.883577453559E-02,
    7.177404894685));
#3982 = CARTESIAN_POINT('',(43.250389755375,-3.097008341453E-02,
    7.050951083661));
#3983 = CARTESIAN_POINT('',(43.220539005863,-2.414830473847E-02,
    6.924976255812));
#3984 = CARTESIAN_POINT('',(43.183354754084,-1.692471355918E-02,
    6.768413806879));
#3985 = CARTESIAN_POINT('',(43.176010896826,-1.555967486709E-02,
    6.737510377571));
#3986 = CARTESIAN_POINT('',(43.168668134821,-1.425620860714E-02,
    6.706628250184));
#3987 = CARTESIAN_POINT('',(43.16132644296,-1.30140553101E-02,
    6.675766491787));
#3988 = CARTESIAN_POINT('',(43.153985796142,-1.183295549799E-02,
    6.644924169405));
#3989 = CARTESIAN_POINT('',(43.146646169253,-1.071264970999E-02,
    6.614100350144));
#3990 = CARTESIAN_POINT('',(43.139307537195,-9.652878457937E-03,
    6.583294100991));
#3991 = CARTESIAN_POINT('',(43.131969874853,-8.653382289644E-03,
    6.552504489077));
#3992 = CARTESIAN_POINT('',(43.124633157126,-7.713901713595E-03,
    6.521730581387));
#3993 = CARTESIAN_POINT('',(43.117297358905,-6.834177273962E-03,
    6.49097144503));
#3994 = CARTESIAN_POINT('',(43.109962455083,-6.013949488212E-03,
    6.460226147028));
#3995 = CARTESIAN_POINT('',(43.102628420555,-5.252958890091E-03,
    6.429493754453));
#3996 = CARTESIAN_POINT('',(43.091628635042,-4.199939563098E-03,
    6.383413124304));
#3997 = CARTESIAN_POINT('',(43.08796222017,-3.863705066457E-03,
    6.368055794393));
#3998 = CARTESIAN_POINT('',(43.084295976796,-3.542226446934E-03,
    6.352701210173));
#3999 = CARTESIAN_POINT('',(43.080629896122,-3.235487644102E-03,
    6.337349237206));
#4000 = CARTESIAN_POINT('',(43.076963969344,-2.943472578507E-03,
    6.321999741036));
#4001 = CARTESIAN_POINT('',(43.073298187671,-2.666165206162E-03,
    6.306652587236));
#4002 = CARTESIAN_POINT('',(43.069632542288,-2.403549428775E-03,
    6.29130764134));
#4003 = CARTESIAN_POINT('',(43.065967024415,-2.155609217164E-03,
    6.275964768925));
#4004 = CARTESIAN_POINT('',(43.062301625232,-1.922328468817E-03,
    6.260623835527));
#4005 = CARTESIAN_POINT('',(43.058636335956,-1.703691145909E-03,
    6.245284706716));
#4006 = CARTESIAN_POINT('',(43.054971147775,-1.499681163603E-03,
    6.22994724804));
#4007 = CARTESIAN_POINT('',(43.051306051895,-1.310282464704E-03,
    6.214611325057));
#4008 = CARTESIAN_POINT('',(43.044603105847,-9.905841362784E-04,
    6.186565997725));
#4009 = CARTESIAN_POINT('',(43.041565229581,-8.557196660921E-04,
    6.173856155772));
#4010 = CARTESIAN_POINT('',(43.038527405918,-7.308820888035E-04,
    6.161147202814));
#4011 = CARTESIAN_POINT('',(43.035489630049,-6.160679262806E-04,
    6.148439064209));
#4012 = CARTESIAN_POINT('',(43.032451897188,-5.11273697218E-04,
    6.135731665295));
#4013 = CARTESIAN_POINT('',(43.029414202508,-4.164959253169E-04,
    6.12302493145));
#4014 = CARTESIAN_POINT('',(43.026376541242,-3.317311271121E-04,
    6.110318787991));
#4015 = CARTESIAN_POINT('',(43.02333890855,-2.569758282114E-04,
    6.09761316031));
#4016 = CARTESIAN_POINT('',(43.020301299666,-1.922265443443E-04,
    6.084907973723));
#4017 = CARTESIAN_POINT('',(43.017263709761,-1.374798003035E-04,
    6.07220315361));
#4018 = CARTESIAN_POINT('',(43.014226134051,-9.273211397533E-05,
    6.059498625307));
#4019 = CARTESIAN_POINT('',(43.011188567725,-5.798000754743E-05,
    6.046794314174));
#4020 = CARTESIAN_POINT('',(43.007837505017,-3.066456789969E-05,
    6.032778972481));
#4021 = CARTESIAN_POINT('',(43.007524004127,-2.821561866207E-05,
    6.031467801054));
#4022 = CARTESIAN_POINT('',(43.007210503315,-2.587315223202E-05,
    6.030156631208));
#4023 = CARTESIAN_POINT('',(43.006897002577,-2.363716890708E-05,
    6.028845462885));
#4024 = CARTESIAN_POINT('',(43.006583501916,-2.150766504694E-05,
    6.027534295992));
#4025 = CARTESIAN_POINT('',(43.006270001323,-1.948464545332E-05,
    6.026223130503));
#4026 = CARTESIAN_POINT('',(43.005956500803,-1.756810039922E-05,
    6.02491196629));
#4027 = CARTESIAN_POINT('',(43.005643000347,-1.575804053456E-05,
    6.023600803351));
#4028 = CARTESIAN_POINT('',(43.005329499959,-1.405445305647E-05,
    6.022289641556));
#4029 = CARTESIAN_POINT('',(43.005015999633,-1.245734734779E-05,
    6.020978480883));
#4030 = CARTESIAN_POINT('',(43.004702499369,-1.096671561008E-05,
    6.019667321234));
#4031 = CARTESIAN_POINT('',(43.004388999163,-9.58256080908E-06,
    6.018356162556));
#4032 = CARTESIAN_POINT('',(43.003918748941,-7.66604048386E-06,
    6.016389425882));
#4033 = CARTESIAN_POINT('',(43.003761998881,-7.05381940325E-06,
    6.015733847215));
#4034 = CARTESIAN_POINT('',(43.003605248833,-6.46821640405E-06,
    6.01507826876));
#4035 = CARTESIAN_POINT('',(43.003448498803,-5.90923369015E-06,
    6.014422690509));
#4036 = CARTESIAN_POINT('',(43.003291748774,-5.37686690827E-06,
    6.01376711245));
#4037 = CARTESIAN_POINT('',(43.003134998774,-4.87112256354E-06,
    6.013111534574));
#4038 = CARTESIAN_POINT('',(43.002978248762,-4.39199234082E-06,
    6.012455956871));
#4039 = CARTESIAN_POINT('',(43.002821498786,-3.93948494482E-06,
    6.01180037933));
#4040 = CARTESIAN_POINT('',(43.002664748796,-3.5135924501E-06,
    6.011144801943));
#4041 = CARTESIAN_POINT('',(43.002507998832,-3.11432076783E-06,
    6.010489224696));
#4042 = CARTESIAN_POINT('',(43.002351248867,-2.74166613479E-06,
    6.009833647582));
#4043 = CARTESIAN_POINT('',(43.002194498914,-2.3956302907E-06,
    6.00917807059));
#4044 = CARTESIAN_POINT('',(43.001959373993,-1.91650374226E-06,
    6.00819470527));
#4045 = CARTESIAN_POINT('',(43.001880999021,-1.76344928538E-06,
    6.007866916857));
#4046 = CARTESIAN_POINT('',(43.001802624051,-1.61705018398E-06,
    6.007539128474));
#4047 = CARTESIAN_POINT('',(43.001724249081,-1.47730358602E-06,
    6.007211340106));
#4048 = CARTESIAN_POINT('',(43.001645874116,-1.34421539644E-06,
    6.006883551782));
#4049 = CARTESIAN_POINT('',(43.001567499148,-1.21777616613E-06,
    6.006555763451));
#4050 = CARTESIAN_POINT('',(43.001489124185,-1.09799797155E-06,
    6.006227975176));
#4051 = CARTESIAN_POINT('',(43.00141074922,-9.8486822309E-07,
    6.005900186889));
#4052 = CARTESIAN_POINT('',(43.001332374259,-8.7839768281E-07,
    6.005572398644));
#4053 = CARTESIAN_POINT('',(43.001253999298,-7.7857880931E-07,
    6.005244610403));
#4054 = CARTESIAN_POINT('',(43.001175624337,-6.8541585496E-07,
    6.004916822184));
#4055 = CARTESIAN_POINT('',(43.001097249378,-5.9890694848E-07,
    6.004589033979));
#4056 = CARTESIAN_POINT('',(43.000940499461,-4.3919838666E-07,
    6.003933457595));
#4057 = CARTESIAN_POINT('',(43.000820653608,-3.6599871367E-07,
    6.003626404866));
#4058 = CARTESIAN_POINT('',(43.0010778159,-2.9945317803E-07,
    6.003130848073));
#4059 = CARTESIAN_POINT('',(42.999646735717,-2.3956327255E-07,
    6.003479412538));
#4060 = CARTESIAN_POINT('',(43.003091555737,-1.8632566057E-07,
    6.001390026896));
#4061 = CARTESIAN_POINT('',(42.996505212342,-1.3974604618E-07,
    6.004316222993));
#4062 = CARTESIAN_POINT('',(43.005322344499,-9.981669635E-08,
    5.999540681294));
#4063 = CARTESIAN_POINT('',(42.996078901689,-6.654602713E-08,
    6.003795427113));
#4064 = CARTESIAN_POINT('',(43.003136536672,-3.992661834E-08,
    5.999899634018));
#4065 = CARTESIAN_POINT('',(42.998911826405,-1.99637914E-08,
    6.001645013566));
#4066 = CARTESIAN_POINT('',(43.000571458783,-6.65443556E-09,
    6.000448221786));
#4067 = CARTESIAN_POINT('',(43.000007282024,-1.688E-14,6.00036333458));
#4068 = CARTESIAN_POINT('',(43.000000000002,1.78E-15,6.000000000004));
#4069 = PCURVE('',#3110,#4070);
#4070 = DEFINITIONAL_REPRESENTATION('',(#4071),#4218);
#4071 = B_SPLINE_CURVE_WITH_KNOTS('',9,(#4072,#4073,#4074,#4075,#4076,
    #4077,#4078,#4079,#4080,#4081,#4082,#4083,#4084,#4085,#4086,#4087,
    #4088,#4089,#4090,#4091,#4092,#4093,#4094,#4095,#4096,#4097,#4098,
    #4099,#4100,#4101,#4102,#4103,#4104,#4105,#4106,#4107,#4108,#4109,
    #4110,#4111,#4112,#4113,#4114,#4115,#4116,#4117,#4118,#4119,#4120,
    #4121,#4122,#4123,#4124,#4125,#4126,#4127,#4128,#4129,#4130,#4131,
    #4132,#4133,#4134,#4135,#4136,#4137,#4138,#4139,#4140,#4141,#4142,
    #4143,#4144,#4145,#4146,#4147,#4148,#4149,#4150,#4151,#4152,#4153,
    #4154,#4155,#4156,#4157,#4158,#4159,#4160,#4161,#4162,#4163,#4164,
    #4165,#4166,#4167,#4168,#4169,#4170,#4171,#4172,#4173,#4174,#4175,
    #4176,#4177,#4178,#4179,#4180,#4181,#4182,#4183,#4184,#4185,#4186,
    #4187,#4188,#4189,#4190,#4191,#4192,#4193,#4194,#4195,#4196,#4197,
    #4198,#4199,#4200,#4201,#4202,#4203,#4204,#4205,#4206,#4207,#4208,
    #4209,#4210,#4211,#4212,#4213,#4214,#4215,#4216,#4217),
  .UNSPECIFIED.,.F.,.F.,(10,8,8,8,8,8,8,8,8,8,8,8,8,8,8,8,8,8,10),(
    9.045954789351,10.141661336938,10.278624655387,10.312865484999,
    10.347106314611,10.415587973835,10.689514610732,11.237367884526,
    12.333074432113,12.880927705907,13.154854342803,13.291817661252,
    13.360299320476,13.394540150088,13.411660564894,13.420220772297,
    13.424500875999,13.426640927849,13.4287809797),.UNSPECIFIED.);
#4072 = CARTESIAN_POINT('',(1.4E-15,1.196152422707));
#4073 = CARTESIAN_POINT('',(0.107456823787,1.010031744287));
#4074 = CARTESIAN_POINT('',(0.20408483549,0.820227062067));
#4075 = CARTESIAN_POINT('',(0.291091624794,0.626361911151));
#4076 = CARTESIAN_POINT('',(0.369162138601,0.431155878795));
#4077 = CARTESIAN_POINT('',(0.439073169404,0.235796001764));
#4078 = CARTESIAN_POINT('',(0.502130851676,4.285588932159E-02));
#4079 = CARTESIAN_POINT('',(0.559566106296,-0.145415300758));
#4080 = CARTESIAN_POINT('',(0.611841968215,-0.331119716036));
#4081 = CARTESIAN_POINT('',(0.6667461977,-0.532637895054));
#4082 = CARTESIAN_POINT('',(0.672792564007,-0.554925313265));
#4083 = CARTESIAN_POINT('',(0.678787891174,-0.577102648931));
#4084 = CARTESIAN_POINT('',(0.684735730559,-0.599160858019));
#4085 = CARTESIAN_POINT('',(0.690640120383,-0.621088444439));
#4086 = CARTESIAN_POINT('',(0.696505585731,-0.642871460046));
#4087 = CARTESIAN_POINT('',(0.702337138551,-0.664493504636));
#4088 = CARTESIAN_POINT('',(0.708140277653,-0.685935725952));
#4089 = CARTESIAN_POINT('',(0.715366166478,-0.712487093109));
#4090 = CARTESIAN_POINT('',(0.716809941452,-0.717784800409));
#4091 = CARTESIAN_POINT('',(0.718252420438,-0.7230695403));
#4092 = CARTESIAN_POINT('',(0.719693710235,-0.728340911502));
#4093 = CARTESIAN_POINT('',(0.721133917646,-0.733598512737));
#4094 = CARTESIAN_POINT('',(0.72257314947,-0.738841942727));
#4095 = CARTESIAN_POINT('',(0.724011512509,-0.744070800193));
#4096 = CARTESIAN_POINT('',(0.725449113564,-0.749284683857));
#4097 = CARTESIAN_POINT('',(0.728323005308,-0.759681701023));
#4098 = CARTESIAN_POINT('',(0.729762516517,-0.764849968304));
#4099 = CARTESIAN_POINT('',(0.731179577807,-0.770103246328));
#4100 = CARTESIAN_POINT('',(0.732652155593,-0.775083990904));
#4101 = CARTESIAN_POINT('',(0.734079207274,-0.780252202974));
#4102 = CARTESIAN_POINT('',(0.735542936223,-0.785233917487));
#4103 = CARTESIAN_POINT('',(0.736995076962,-0.79024734852));
#4104 = CARTESIAN_POINT('',(0.73845368977,-0.795210615423));
#4105 = CARTESIAN_POINT('',(0.74283368242,-0.8100178378));
#4106 = CARTESIAN_POINT('',(0.745761147798,-0.819770302755));
#4107 = CARTESIAN_POINT('',(0.748692066056,-0.829420162287));
#4108 = CARTESIAN_POINT('',(0.751622945702,-0.838981977468));
#4109 = CARTESIAN_POINT('',(0.754550821152,-0.84846845924));
#4110 = CARTESIAN_POINT('',(0.757473252728,-0.85789046841));
#4111 = CARTESIAN_POINT('',(0.760388326659,-0.867257015654));
#4112 = CARTESIAN_POINT('',(0.763294655083,-0.876575261514));
#4113 = CARTESIAN_POINT('',(0.777778259886,-0.922951535947));
#4114 = CARTESIAN_POINT('',(0.789207106501,-0.959377474091));
#4115 = CARTESIAN_POINT('',(0.800413122329,-0.995501249042));
#4116 = CARTESIAN_POINT('',(0.811396510148,-1.031433984099));
#4117 = CARTESIAN_POINT('',(0.822181842477,-1.067170441093));
#4118 = CARTESIAN_POINT('',(0.832792407416,-1.102684684086));
#4119 = CARTESIAN_POINT('',(0.843239526912,-1.137975973371));
#4120 = CARTESIAN_POINT('',(0.853526847444,-1.173064889737));
#4121 = CARTESIAN_POINT('',(0.883955114582,-1.277689287592));
#4122 = CARTESIAN_POINT('',(0.903656286952,-1.346599814037));
#4123 = CARTESIAN_POINT('',(0.92284130825,-1.414717512184));
#4124 = CARTESIAN_POINT('',(0.941626723295,-1.482033246595));
#4125 = CARTESIAN_POINT('',(0.959923758957,-1.548889775388));
#4126 = CARTESIAN_POINT('',(0.977953123789,-1.61491140815));
#4127 = CARTESIAN_POINT('',(0.995602843802,-1.680522600746));
#4128 = CARTESIAN_POINT('',(1.012980146848,-1.745577155377));
#4129 = CARTESIAN_POINT('',(1.064306874581,-1.939369381256));
#4130 = CARTESIAN_POINT('',(1.097466549999,-2.066704809936));
#4131 = CARTESIAN_POINT('',(1.129776304417,-2.192514018047));
#4132 = CARTESIAN_POINT('',(1.161391758979,-2.317055731946));
#4133 = CARTESIAN_POINT('',(1.192427662896,-2.440529865978));
#4134 = CARTESIAN_POINT('',(1.222969622436,-2.56309315208));
#4135 = CARTESIAN_POINT('',(1.253085829923,-2.684874769428));
#4136 = CARTESIAN_POINT('',(1.282838792718,-2.805991974037));
#4137 = CARTESIAN_POINT('',(1.327026196977,-2.986852605575));
#4138 = CARTESIAN_POINT('',(1.341681459452,-3.047006962389));
#4139 = CARTESIAN_POINT('',(1.35626816173,-3.107028326334));
#4140 = CARTESIAN_POINT('',(1.370796757451,-3.16695382302));
#4141 = CARTESIAN_POINT('',(1.385274483532,-3.226800843369));
#4142 = CARTESIAN_POINT('',(1.399705029337,-3.286566354104));
#4143 = CARTESIAN_POINT('',(1.414091801657,-3.346250003877));
#4144 = CARTESIAN_POINT('',(1.428440353903,-3.405868177337));
#4145 = CARTESIAN_POINT('',(1.449913144838,-3.495205135551));
#4146 = CARTESIAN_POINT('',(1.457062360796,-3.524968851652));
#4147 = CARTESIAN_POINT('',(1.464203810467,-3.554718418171));
#4148 = CARTESIAN_POINT('',(1.471338108584,-3.584454955492));
#4149 = CARTESIAN_POINT('',(1.478465869881,-3.614179584003));
#4150 = CARTESIAN_POINT('',(1.485587709089,-3.643893424091));
#4151 = CARTESIAN_POINT('',(1.492704240943,-3.673597596143));
#4152 = CARTESIAN_POINT('',(1.499816080175,-3.703293220544));
#4153 = CARTESIAN_POINT('',(1.510477722189,-3.747825516251));
#4154 = CARTESIAN_POINT('',(1.514030582003,-3.762667767393));
#4155 = CARTESIAN_POINT('',(1.517582494999,-3.777508306701));
#4156 = CARTESIAN_POINT('',(1.521133535215,-3.79234726977));
#4157 = CARTESIAN_POINT('',(1.52468377669,-3.807184792196));
#4158 = CARTESIAN_POINT('',(1.528233293465,-3.822021009573));
#4159 = CARTESIAN_POINT('',(1.531782159575,-3.836856057495));
#4160 = CARTESIAN_POINT('',(1.535330449061,-3.851690071558));
#4161 = CARTESIAN_POINT('',(1.540652129412,-3.873939745255));
#4162 = CARTESIAN_POINT('',(1.542425896899,-3.881356077948));
#4163 = CARTESIAN_POINT('',(1.544199547597,-3.888772202203));
#4164 = CARTESIAN_POINT('',(1.54597309068,-3.896188134795));
#4165 = CARTESIAN_POINT('',(1.547746535322,-3.903603892489));
#4166 = CARTESIAN_POINT('',(1.549519890699,-3.91101949206));
#4167 = CARTESIAN_POINT('',(1.551293165983,-3.918434950275));
#4168 = CARTESIAN_POINT('',(1.55306637035,-3.925850283906));
#4169 = CARTESIAN_POINT('',(1.555726084286,-3.936973122631));
#4170 = CARTESIAN_POINT('',(1.556612640175,-3.940680708631));
#4171 = CARTESIAN_POINT('',(1.557499181779,-3.944388269798));
#4172 = CARTESIAN_POINT('',(1.558385710244,-3.948095808206));
#4173 = CARTESIAN_POINT('',(1.559272226707,-3.951803325931));
#4174 = CARTESIAN_POINT('',(1.560158732312,-3.955510825047));
#4175 = CARTESIAN_POINT('',(1.561045228199,-3.959218307628));
#4176 = CARTESIAN_POINT('',(1.56193171551,-3.96292577575));
#4177 = CARTESIAN_POINT('',(1.563261435324,-3.968486959357));
#4178 = CARTESIAN_POINT('',(1.563704673335,-3.970340683862));
#4179 = CARTESIAN_POINT('',(1.564147909551,-3.972194405223));
#4180 = CARTESIAN_POINT('',(1.564591144106,-3.974048123658));
#4181 = CARTESIAN_POINT('',(1.56503437713,-3.975901839388));
#4182 = CARTESIAN_POINT('',(1.565477608759,-3.977755552631));
#4183 = CARTESIAN_POINT('',(1.565920839123,-3.979609263607));
#4184 = CARTESIAN_POINT('',(1.566364068355,-3.981462972535));
#4185 = CARTESIAN_POINT('',(1.567028910706,-3.984243533185));
#4186 = CARTESIAN_POINT('',(1.567250524574,-3.985170386281));
#4187 = CARTESIAN_POINT('',(1.56747213821,-3.986097238954));
#4188 = CARTESIAN_POINT('',(1.567693751634,-3.987024091241));
#4189 = CARTESIAN_POINT('',(1.567915364861,-3.987950943167));
#4190 = CARTESIAN_POINT('',(1.56813697791,-3.988877794773));
#4191 = CARTESIAN_POINT('',(1.568358590799,-3.989804646083));
#4192 = CARTESIAN_POINT('',(1.568580203546,-3.990731497134));
#4193 = CARTESIAN_POINT('',(1.568912622479,-3.99212177337));
#4194 = CARTESIAN_POINT('',(1.569022426781,-3.992585699715));
#4195 = CARTESIAN_POINT('',(1.569133401887,-3.993049040592));
#4196 = CARTESIAN_POINT('',(1.56924546865,-3.993511835577));
#4197 = CARTESIAN_POINT('',(1.569357390568,-3.993974702931));
#4198 = CARTESIAN_POINT('',(1.569467868372,-3.994438292287));
#4199 = CARTESIAN_POINT('',(1.569576634633,-3.994902737372));
#4200 = CARTESIAN_POINT('',(1.569685548348,-3.995367108688));
#4201 = CARTESIAN_POINT('',(1.569856760142,-3.996059744999));
#4202 = CARTESIAN_POINT('',(1.569902889852,-3.996296094204));
#4203 = CARTESIAN_POINT('',(1.569969339615,-3.996522283374));
#4204 = CARTESIAN_POINT('',(1.570025929604,-3.996753402425));
#4205 = CARTESIAN_POINT('',(1.570071428638,-3.996990066944));
#4206 = CARTESIAN_POINT('',(1.570126526843,-3.997221931874));
#4207 = CARTESIAN_POINT('',(1.57019292488,-3.99744814688));
#4208 = CARTESIAN_POINT('',(1.57024207319,-3.997682986745));
#4209 = CARTESIAN_POINT('',(1.570352115965,-3.99814679339));
#4210 = CARTESIAN_POINT('',(1.570420213545,-3.998372158611));
#4211 = CARTESIAN_POINT('',(1.570407493145,-3.99863793282));
#4212 = CARTESIAN_POINT('',(1.57068393926,-3.998759123763));
#4213 = CARTESIAN_POINT('',(1.570293589214,-3.999213712792));
#4214 = CARTESIAN_POINT('',(1.570916600953,-3.999161620919));
#4215 = CARTESIAN_POINT('',(1.570514940696,-3.999621865049));
#4216 = CARTESIAN_POINT('',(1.570791179152,-3.999743159818));
#4217 = CARTESIAN_POINT('',(1.570796326793,-3.999999999996));
#4218 = ( GEOMETRIC_REPRESENTATION_CONTEXT(2) 
PARAMETRIC_REPRESENTATION_CONTEXT() REPRESENTATION_CONTEXT('2D SPACE',''
  ) );
#4219 = PCURVE('',#4220,#4587);
#4220 = ( BOUNDED_SURFACE() B_SPLINE_SURFACE(2,13,(
    (#4221,#4222,#4223,#4224,#4225,#4226,#4227,#4228,#4229,#4230,#4231
      ,#4232,#4233,#4234,#4235,#4236,#4237,#4238,#4239,#4240,#4241,#4242
      ,#4243,#4244,#4245,#4246,#4247,#4248,#4249,#4250,#4251,#4252,#4253
      ,#4254,#4255,#4256,#4257,#4258,#4259,#4260,#4261,#4262,#4263,#4264
      ,#4265,#4266,#4267,#4268,#4269,#4270,#4271,#4272,#4273,#4274,#4275
      ,#4276,#4277,#4278,#4279,#4280,#4281,#4282,#4283,#4284,#4285,#4286
      ,#4287,#4288,#4289,#4290,#4291,#4292,#4293,#4294,#4295,#4296,#4297
      ,#4298,#4299,#4300,#4301,#4302,#4303,#4304,#4305,#4306,#4307,#4308
      ,#4309,#4310,#4311,#4312,#4313,#4314,#4315,#4316,#4317,#4318,#4319
      ,#4320,#4321,#4322,#4323,#4324,#4325,#4326,#4327,#4328,#4329,#4330
      ,#4331,#4332,#4333,#4334,#4335,#4336,#4337,#4338,#4339,#4340,#4341
      ,#4342)
    ,(#4343,#4344,#4345,#4346,#4347,#4348,#4349,#4350,#4351,#4352,#4353
      ,#4354,#4355,#4356,#4357,#4358,#4359,#4360,#4361,#4362,#4363,#4364
      ,#4365,#4366,#4367,#4368,#4369,#4370,#4371,#4372,#4373,#4374,#4375
      ,#4376,#4377,#4378,#4379,#4380,#4381,#4382,#4383,#4384,#4385,#4386
      ,#4387,#4388,#4389,#4390,#4391,#4392,#4393,#4394,#4395,#4396,#4397
      ,#4398,#4399,#4400,#4401,#4402,#4403,#4404,#4405,#4406,#4407,#4408
      ,#4409,#4410,#4411,#4412,#4413,#4414,#4415,#4416,#4417,#4418,#4419
      ,#4420,#4421,#4422,#4423,#4424,#4425,#4426,#4427,#4428,#4429,#4430
      ,#4431,#4432,#4433,#4434,#4435,#4436,#4437,#4438,#4439,#4440,#4441
      ,#4442,#4443,#4444,#4445,#4446,#4447,#4448,#4449,#4450,#4451,#4452
      ,#4453,#4454,#4455,#4456,#4457,#4458,#4459,#4460,#4461,#4462,#4463
      ,#4464)
    ,(#4465,#4466,#4467,#4468,#4469,#4470,#4471,#4472,#4473,#4474,#4475
      ,#4476,#4477,#4478,#4479,#4480,#4481,#4482,#4483,#4484,#4485,#4486
      ,#4487,#4488,#4489,#4490,#4491,#4492,#4493,#4494,#4495,#4496,#4497
      ,#4498,#4499,#4500,#4501,#4502,#4503,#4504,#4505,#4506,#4507,#4508
      ,#4509,#4510,#4511,#4512,#4513,#4514,#4515,#4516,#4517,#4518,#4519
      ,#4520,#4521,#4522,#4523,#4524,#4525,#4526,#4527,#4528,#4529,#4530
      ,#4531,#4532,#4533,#4534,#4535,#4536,#4537,#4538,#4539,#4540,#4541
      ,#4542,#4543,#4544,#4545,#4546,#4547,#4548,#4549,#4550,#4551,#4552
      ,#4553,#4554,#4555,#4556,#4557,#4558,#4559,#4560,#4561,#4562,#4563
      ,#4564,#4565,#4566,#4567,#4568,#4569,#4570,#4571,#4572,#4573,#4574
      ,#4575,#4576,#4577,#4578,#4579,#4580,#4581,#4582,#4583,#4584,#4585
,#4586
    )),.UNSPECIFIED.,.F.,.F.,.F.) B_SPLINE_SURFACE_WITH_KNOTS((3,3),(14,
    12,12,12,12,12,12,12,12,12,14),(0.,4.382826190349),(9.045954789351,
    10.319381503328,10.949664231938,12.610933589512,13.019857284606,
    13.224319132153,13.393797831312,13.411289405506,13.420035192603,
    13.424408086152,13.4287809797),.UNSPECIFIED.) 
GEOMETRIC_REPRESENTATION_ITEM() RATIONAL_B_SPLINE_SURFACE((
    (1.,1.,1.000000000001,0.999999999997,1.000000000005,0.999999999993
      ,1.000000000008,0.999999999992,1.000000000006,0.999999999997
      ,1.000000000002,0.999999999999,1.,1.,1.,1.000000000001
      ,0.999999999998,1.000000000003,0.999999999996,1.000000000004
      ,0.999999999997,1.000000000002,0.999999999999,1.,1.,1.,1.,1.
      ,0.999999999999,1.000000000002,0.999999999998,1.000000000003
      ,0.999999999997,1.000000000002,0.999999999999,1.,1.,1.
      ,0.999999999999,1.000000000002,0.999999999997,1.000000000005
      ,0.999999999994,1.000000000005,0.999999999996,1.000000000002
      ,0.999999999999,1.,1.,1.,0.999999999999,1.000000000002
      ,0.999999999996,1.000000000006,0.999999999993,1.000000000006
      ,0.999999999995,1.000000000003,0.999999999998,1.000000000001,1.,1.
      ,0.999999999998,1.000000000007,0.999999999987,1.000000000019
      ,0.999999999977,1.000000000021,0.999999999984,1.00000000001
      ,0.999999999995,1.000000000002,1.,1.,1.,0.999999999999
      ,1.000000000002,0.999999999997,1.000000000004,0.999999999996
      ,1.000000000003,0.999999999998,1.000000000001,0.999999999999,1.,1.
      ,1.000000000001,0.999999999996,1.000000000008,0.999999999988
      ,1.000000000015,0.999999999986,1.000000000011,0.999999999993
      ,1.000000000003,0.999999999999,1.,1.,0.999999999999,1.000000000002
      ,0.999999999995,1.000000000007,0.999999999991,1.000000000009
      ,0.999999999993,1.000000000004,0.999999999998,1.000000000001,1.,1.
      ,1.,1.,1.,1.,1.,1.,1.000000000001,1.,1.,1.,1.,1.)
    ,(0.707106781187,0.722390810674,0.7375563041,0.752671122152
      ,0.767684044271,0.782491506879,0.796966540739,0.810980318168
      ,0.8244293534,0.837264028954,0.849496754063,0.86115069064
      ,0.872092615047,0.886419468371,0.890342793535,0.894190698596
      ,0.898058105891,0.901873985858,0.90558992582,0.909207430341
      ,0.912743208497,0.916197064702,0.91955236659,0.922804425186
      ,0.925977479743,0.937171455731,0.944654429762,0.951529667837
      ,0.957827189711,0.963579055099,0.968816563946,0.973568231616
      ,0.977858538799,0.981707456419,0.985130745212,0.988141030298
      ,0.990749650478,0.99351564785,0.994038385217,0.994537588306
      ,0.995013350855,0.995465766651,0.995894929399,0.996300932915
      ,0.996683870889,0.997043837132,0.997380925357,0.997695229344
      ,0.997986842835,0.998390367965,0.998519217863,0.998642415193
      ,0.998759965853,0.99887187577,0.998978150821,0.999078796952
      ,0.99917382003,0.999263225999,0.999347020738,0.999425210174
      ,0.999497800204,0.999620330258,0.999672019771,0.999719866577
      ,0.999763871916,0.999804037157,0.999840363448,0.999872852244
      ,0.999901504647,0.999926322099,0.999947305767,0.999964457003
      ,0.999977777058,0.999988246687,0.999989185336,0.999990083171
      ,0.999990940193,0.999991756402,0.999992531799,0.999993266382
      ,0.999993960156,0.999994613116,0.999995225267,0.999995796605
      ,0.999996327133,0.999997061709,0.999997296367,0.999997520816
      ,0.999997735077,0.999997939108,0.999998132977,0.999998316596
      ,0.999998490057,0.999998653281,0.999998806325,0.999998949155
      ,0.999999081787,0.99999926543,0.999999324093,0.999999380208
      ,0.999999433765,0.999999484787,0.999999533234,0.99999957916
      ,0.999999622507,0.999999663326,0.999999701579,0.99999973729
      ,0.999999770447,0.999999831661,0.999999859717,0.999999885225
      ,0.999999908176,0.999999928588,0.999999946433,0.999999961746
      ,0.99999997449,0.999999984699,0.999999992347,0.99999999745,1.,1.)
    ,(1.,1.,1.000000000001,0.999999999997,1.000000000005,0.999999999993
      ,1.000000000008,0.999999999992,1.000000000006,0.999999999997
      ,1.000000000002,0.999999999999,1.,1.,1.,1.000000000001
      ,0.999999999998,1.000000000003,0.999999999996,1.000000000004
      ,0.999999999997,1.000000000002,0.999999999999,1.,1.,1.,1.,1.
      ,0.999999999999,1.000000000002,0.999999999998,1.000000000003
      ,0.999999999997,1.000000000002,0.999999999999,1.,1.,1.
      ,0.999999999999,1.000000000002,0.999999999997,1.000000000005
      ,0.999999999994,1.000000000005,0.999999999996,1.000000000002
      ,0.999999999999,1.,1.,1.,0.999999999999,1.000000000002
      ,0.999999999996,1.000000000006,0.999999999993,1.000000000006
      ,0.999999999995,1.000000000003,0.999999999998,1.000000000001,1.,1.
      ,0.999999999998,1.000000000007,0.999999999987,1.000000000019
      ,0.999999999977,1.000000000021,0.999999999984,1.00000000001
      ,0.999999999995,1.000000000002,1.,1.,1.,0.999999999999
      ,1.000000000002,0.999999999997,1.000000000004,0.999999999996
      ,1.000000000003,0.999999999998,1.000000000001,0.999999999999,1.,1.
      ,1.000000000001,0.999999999996,1.000000000008,0.999999999988
      ,1.000000000015,0.999999999986,1.000000000011,0.999999999993
      ,1.000000000003,0.999999999999,1.,1.,0.999999999999,1.000000000002
      ,0.999999999995,1.000000000007,0.999999999991,1.000000000009
      ,0.999999999993,1.000000000004,0.999999999998,1.000000000001,1.,1.
      ,1.,1.,1.,1.,1.,1.,1.000000000001,1.,1.,1.,1.,1.
))) REPRESENTATION_ITEM('') SURFACE() );
#4221 = CARTESIAN_POINT('',(44.,-1.,11.196152422707));
#4222 = CARTESIAN_POINT('',(44.,-0.913540472843,11.046400128873));
#4223 = CARTESIAN_POINT('',(43.99190251843,-0.833835550024,
    10.894350370016));
#4224 = CARTESIAN_POINT('',(43.977775337725,-0.761137470473,
    10.739832946795));
#4225 = CARTESIAN_POINT('',(43.959334388371,-0.695451118037,
    10.583665682952));
#4226 = CARTESIAN_POINT('',(43.938029658464,-0.636497164327,
    10.426704639799));
#4227 = CARTESIAN_POINT('',(43.915007139123,-0.583749448419,
    10.269792977902));
#4228 = CARTESIAN_POINT('',(43.891073806113,-0.536528095956,
    10.113885339767));
#4229 = CARTESIAN_POINT('',(43.866731741443,-0.494119963504,
    9.959958647127));
#4230 = CARTESIAN_POINT('',(43.84228660284,-0.45588807727,9.808654227196
    ));
#4231 = CARTESIAN_POINT('',(43.817974752327,-0.421321818745,
    9.659930202073));
#4232 = CARTESIAN_POINT('',(43.793992459214,-0.389969692934,
    9.513337096079));
#4233 = CARTESIAN_POINT('',(43.770249696306,-0.361186598386,
    9.36986363586));
#4234 = CARTESIAN_POINT('',(43.733414806141,-0.319972322453,
    9.170691582307));
#4235 = CARTESIAN_POINT('',(43.720347303279,-0.30590205079,
    9.111745234511));
#4236 = CARTESIAN_POINT('',(43.707391410383,-0.292568172689,
    9.054092540137));
#4237 = CARTESIAN_POINT('',(43.694686910694,-0.280036895906,
    8.996528682811));
#4238 = CARTESIAN_POINT('',(43.682143174272,-0.26812266884,
    8.939263504402));
#4239 = CARTESIAN_POINT('',(43.669687902165,-0.256704442559,
    8.882586155708));
#4240 = CARTESIAN_POINT('',(43.657312055699,-0.245758357003,
    8.826534663361));
#4241 = CARTESIAN_POINT('',(43.645031486572,-0.235286516839,
    8.771009381936));
#4242 = CARTESIAN_POINT('',(43.632845285707,-0.225257605319,8.7159506839
    ));
#4243 = CARTESIAN_POINT('',(43.62073037345,-0.215611168818,
    8.661382623821));
#4244 = CARTESIAN_POINT('',(43.608671355827,-0.206313487571,
    8.607305696968));
#4245 = CARTESIAN_POINT('',(43.596684176002,-0.197389032301,
    8.553603196112));
#4246 = CARTESIAN_POINT('',(43.553300254902,-0.166116314288,
    8.359831607981));
#4247 = CARTESIAN_POINT('',(43.522248999485,-0.145735045399,
    8.222110696172));
#4248 = CARTESIAN_POINT('',(43.491496514598,-0.127304089997,
    8.086660409444));
#4249 = CARTESIAN_POINT('',(43.460966706457,-0.110577742025,
    7.953089320627));
#4250 = CARTESIAN_POINT('',(43.430604017409,-9.538015449462E-02,
    7.821084426171));
#4251 = CARTESIAN_POINT('',(43.400369081507,-8.158510106073E-02,
    7.690397510835));
#4252 = CARTESIAN_POINT('',(43.370234717331,-6.909962688413E-02,
    7.560831935532));
#4253 = CARTESIAN_POINT('',(43.340182258409,-5.785158889379E-02,
    7.432229848338));
#4254 = CARTESIAN_POINT('',(43.310198220832,-4.778108530397E-02,
    7.304459818686));
#4255 = CARTESIAN_POINT('',(43.280271308458,-3.883577453559E-02,
    7.177404894685));
#4256 = CARTESIAN_POINT('',(43.250389755375,-3.097008341453E-02,
    7.050951083661));
#4257 = CARTESIAN_POINT('',(43.220539005863,-2.414830473847E-02,
    6.924976255812));
#4258 = CARTESIAN_POINT('',(43.183354754084,-1.692471355918E-02,
    6.768413806879));
#4259 = CARTESIAN_POINT('',(43.176010896826,-1.555967486709E-02,
    6.737510377571));
#4260 = CARTESIAN_POINT('',(43.168668134821,-1.425620860714E-02,
    6.706628250184));
#4261 = CARTESIAN_POINT('',(43.16132644296,-1.30140553101E-02,
    6.675766491787));
#4262 = CARTESIAN_POINT('',(43.153985796142,-1.183295549799E-02,
    6.644924169405));
#4263 = CARTESIAN_POINT('',(43.146646169253,-1.071264970999E-02,
    6.614100350144));
#4264 = CARTESIAN_POINT('',(43.139307537195,-9.652878457937E-03,
    6.583294100991));
#4265 = CARTESIAN_POINT('',(43.131969874853,-8.653382289644E-03,
    6.552504489077));
#4266 = CARTESIAN_POINT('',(43.124633157126,-7.713901713595E-03,
    6.521730581387));
#4267 = CARTESIAN_POINT('',(43.117297358905,-6.834177273962E-03,
    6.49097144503));
#4268 = CARTESIAN_POINT('',(43.109962455083,-6.013949488212E-03,
    6.460226147028));
#4269 = CARTESIAN_POINT('',(43.102628420555,-5.252958890091E-03,
    6.429493754453));
#4270 = CARTESIAN_POINT('',(43.091628635042,-4.199939563098E-03,
    6.383413124304));
#4271 = CARTESIAN_POINT('',(43.08796222017,-3.863705066457E-03,
    6.368055794393));
#4272 = CARTESIAN_POINT('',(43.084295976796,-3.542226446934E-03,
    6.352701210173));
#4273 = CARTESIAN_POINT('',(43.080629896122,-3.235487644102E-03,
    6.337349237206));
#4274 = CARTESIAN_POINT('',(43.076963969344,-2.943472578507E-03,
    6.321999741036));
#4275 = CARTESIAN_POINT('',(43.073298187671,-2.666165206162E-03,
    6.306652587236));
#4276 = CARTESIAN_POINT('',(43.069632542288,-2.403549428775E-03,
    6.29130764134));
#4277 = CARTESIAN_POINT('',(43.065967024415,-2.155609217164E-03,
    6.275964768925));
#4278 = CARTESIAN_POINT('',(43.062301625232,-1.922328468817E-03,
    6.260623835527));
#4279 = CARTESIAN_POINT('',(43.058636335956,-1.703691145909E-03,
    6.245284706716));
#4280 = CARTESIAN_POINT('',(43.054971147775,-1.499681163603E-03,
    6.22994724804));
#4281 = CARTESIAN_POINT('',(43.051306051895,-1.310282464704E-03,
    6.214611325057));
#4282 = CARTESIAN_POINT('',(43.044603105847,-9.905841362784E-04,
    6.186565997725));
#4283 = CARTESIAN_POINT('',(43.041565229581,-8.557196660921E-04,
    6.173856155772));
#4284 = CARTESIAN_POINT('',(43.038527405918,-7.308820888035E-04,
    6.161147202814));
#4285 = CARTESIAN_POINT('',(43.035489630049,-6.160679262806E-04,
    6.148439064209));
#4286 = CARTESIAN_POINT('',(43.032451897188,-5.11273697218E-04,
    6.135731665295));
#4287 = CARTESIAN_POINT('',(43.029414202508,-4.164959253169E-04,
    6.12302493145));
#4288 = CARTESIAN_POINT('',(43.026376541242,-3.317311271121E-04,
    6.110318787991));
#4289 = CARTESIAN_POINT('',(43.02333890855,-2.569758282114E-04,
    6.09761316031));
#4290 = CARTESIAN_POINT('',(43.020301299666,-1.922265443443E-04,
    6.084907973723));
#4291 = CARTESIAN_POINT('',(43.017263709761,-1.374798003035E-04,
    6.07220315361));
#4292 = CARTESIAN_POINT('',(43.014226134051,-9.273211397533E-05,
    6.059498625307));
#4293 = CARTESIAN_POINT('',(43.011188567725,-5.798000754743E-05,
    6.046794314174));
#4294 = CARTESIAN_POINT('',(43.007837505017,-3.066456789969E-05,
    6.032778972481));
#4295 = CARTESIAN_POINT('',(43.007524004127,-2.821561866207E-05,
    6.031467801054));
#4296 = CARTESIAN_POINT('',(43.007210503315,-2.587315223202E-05,
    6.030156631208));
#4297 = CARTESIAN_POINT('',(43.006897002577,-2.363716890708E-05,
    6.028845462885));
#4298 = CARTESIAN_POINT('',(43.006583501916,-2.150766504694E-05,
    6.027534295992));
#4299 = CARTESIAN_POINT('',(43.006270001323,-1.948464545332E-05,
    6.026223130503));
#4300 = CARTESIAN_POINT('',(43.005956500803,-1.756810039922E-05,
    6.02491196629));
#4301 = CARTESIAN_POINT('',(43.005643000347,-1.575804053456E-05,
    6.023600803351));
#4302 = CARTESIAN_POINT('',(43.005329499959,-1.405445305647E-05,
    6.022289641556));
#4303 = CARTESIAN_POINT('',(43.005015999633,-1.245734734779E-05,
    6.020978480883));
#4304 = CARTESIAN_POINT('',(43.004702499369,-1.096671561008E-05,
    6.019667321234));
#4305 = CARTESIAN_POINT('',(43.004388999163,-9.58256080908E-06,
    6.018356162556));
#4306 = CARTESIAN_POINT('',(43.003918748941,-7.66604048386E-06,
    6.016389425882));
#4307 = CARTESIAN_POINT('',(43.003761998881,-7.05381940325E-06,
    6.015733847215));
#4308 = CARTESIAN_POINT('',(43.003605248833,-6.46821640405E-06,
    6.01507826876));
#4309 = CARTESIAN_POINT('',(43.003448498803,-5.90923369015E-06,
    6.014422690509));
#4310 = CARTESIAN_POINT('',(43.003291748774,-5.37686690827E-06,
    6.01376711245));
#4311 = CARTESIAN_POINT('',(43.003134998774,-4.87112256354E-06,
    6.013111534574));
#4312 = CARTESIAN_POINT('',(43.002978248762,-4.39199234082E-06,
    6.012455956871));
#4313 = CARTESIAN_POINT('',(43.002821498786,-3.93948494482E-06,
    6.01180037933));
#4314 = CARTESIAN_POINT('',(43.002664748796,-3.5135924501E-06,
    6.011144801943));
#4315 = CARTESIAN_POINT('',(43.002507998832,-3.11432076783E-06,
    6.010489224696));
#4316 = CARTESIAN_POINT('',(43.002351248867,-2.74166613479E-06,
    6.009833647582));
#4317 = CARTESIAN_POINT('',(43.002194498914,-2.3956302907E-06,
    6.00917807059));
#4318 = CARTESIAN_POINT('',(43.001959373993,-1.91650374226E-06,
    6.00819470527));
#4319 = CARTESIAN_POINT('',(43.001880999021,-1.76344928538E-06,
    6.007866916857));
#4320 = CARTESIAN_POINT('',(43.001802624051,-1.61705018398E-06,
    6.007539128474));
#4321 = CARTESIAN_POINT('',(43.001724249081,-1.47730358602E-06,
    6.007211340106));
#4322 = CARTESIAN_POINT('',(43.001645874116,-1.34421539644E-06,
    6.006883551782));
#4323 = CARTESIAN_POINT('',(43.001567499148,-1.21777616613E-06,
    6.006555763451));
#4324 = CARTESIAN_POINT('',(43.001489124185,-1.09799797155E-06,
    6.006227975176));
#4325 = CARTESIAN_POINT('',(43.00141074922,-9.8486822309E-07,
    6.005900186889));
#4326 = CARTESIAN_POINT('',(43.001332374259,-8.7839768281E-07,
    6.005572398644));
#4327 = CARTESIAN_POINT('',(43.001253999298,-7.7857880931E-07,
    6.005244610403));
#4328 = CARTESIAN_POINT('',(43.001175624337,-6.8541585496E-07,
    6.004916822184));
#4329 = CARTESIAN_POINT('',(43.001097249378,-5.9890694848E-07,
    6.004589033979));
#4330 = CARTESIAN_POINT('',(43.000940499461,-4.3919838666E-07,
    6.003933457595));
#4331 = CARTESIAN_POINT('',(43.000820653608,-3.6599871367E-07,
    6.003626404866));
#4332 = CARTESIAN_POINT('',(43.0010778159,-2.9945317803E-07,
    6.003130848073));
#4333 = CARTESIAN_POINT('',(42.999646735717,-2.3956327255E-07,
    6.003479412538));
#4334 = CARTESIAN_POINT('',(43.003091555737,-1.8632566057E-07,
    6.001390026896));
#4335 = CARTESIAN_POINT('',(42.996505212342,-1.3974604618E-07,
    6.004316222993));
#4336 = CARTESIAN_POINT('',(43.005322344499,-9.981669635E-08,
    5.999540681294));
#4337 = CARTESIAN_POINT('',(42.996078901689,-6.654602713E-08,
    6.003795427113));
#4338 = CARTESIAN_POINT('',(43.003136536672,-3.992661834E-08,
    5.999899634018));
#4339 = CARTESIAN_POINT('',(42.998911826405,-1.99637914E-08,
    6.001645013566));
#4340 = CARTESIAN_POINT('',(43.000571458783,-6.65443556E-09,
    6.000448221786));
#4341 = CARTESIAN_POINT('',(43.000007282024,-1.688E-14,6.00036333458));
#4342 = CARTESIAN_POINT('',(43.000000000002,1.78E-15,6.000000000004));
#4343 = CARTESIAN_POINT('',(44.,-1.999999999998,9.464101615136));
#4344 = CARTESIAN_POINT('',(44.084630254216,-1.915369745795,
    9.415240315091));
#4345 = CARTESIAN_POINT('',(44.155426592642,-1.831645432428,
    9.363915248829));
#4346 = CARTESIAN_POINT('',(44.214587532987,-1.748912982187,
    9.310130538649));
#4347 = CARTESIAN_POINT('',(44.263353682208,-1.667305188496,
    9.253914127937));
#4348 = CARTESIAN_POINT('',(44.302508504219,-1.586910405867,
    9.195300086526));
#4349 = CARTESIAN_POINT('',(44.332640739858,-1.507785816141,
    9.134297339974));
#4350 = CARTESIAN_POINT('',(44.354290418084,-1.430013617865,
    9.070904911099));
#4351 = CARTESIAN_POINT('',(44.368035142968,-1.353758515341,
    9.005181687413));
#4352 = CARTESIAN_POINT('',(44.374532111503,-1.279285938231,
    8.937325817736));
#4353 = CARTESIAN_POINT('',(44.374499987336,-1.206885930038,
    8.867661565888));
#4354 = CARTESIAN_POINT('',(44.368594365913,-1.136620940899,
    8.796366191147));
#4355 = CARTESIAN_POINT('',(44.357096268584,-1.06778068926,
    8.722694431611));
#4356 = CARTESIAN_POINT('',(44.330619824058,-0.963844615473,
    8.604738160067));
#4357 = CARTESIAN_POINT('',(44.319337054248,-0.92695094899,
    8.561831517016));
#4358 = CARTESIAN_POINT('',(44.306758476326,-0.891084026262,
    8.518968772903));
#4359 = CARTESIAN_POINT('',(44.293304104743,-0.856731285768,
    8.47672560497));
#4360 = CARTESIAN_POINT('',(44.279070717032,-0.823532620116,
    8.434721436824));
#4361 = CARTESIAN_POINT('',(44.264095191431,-0.791257315561,
    8.392705760121));
#4362 = CARTESIAN_POINT('',(44.248434567696,-0.759925796574,
    8.350709101433));
#4363 = CARTESIAN_POINT('',(44.232159258693,-0.729612245712,
    8.308835191796));
#4364 = CARTESIAN_POINT('',(44.21532791243,-0.700278262194,
    8.267074727158));
#4365 = CARTESIAN_POINT('',(44.19798256606,-0.67179578002,8.225318379985
    ));
#4366 = CARTESIAN_POINT('',(44.18016950785,-0.644121259674,8.18353765216
    ));
#4367 = CARTESIAN_POINT('',(44.161953518989,-0.617383584136,
    8.141886086629));
#4368 = CARTESIAN_POINT('',(44.094901856806,-0.523896996114,
    7.991817219782));
#4369 = CARTESIAN_POINT('',(44.043778702883,-0.461834150596,
    7.883455167041));
#4370 = CARTESIAN_POINT('',(43.990570798878,-0.404847231451,
    7.77511930028));
#4371 = CARTESIAN_POINT('',(43.935693511662,-0.352585443257,
    7.666776585795));
#4372 = CARTESIAN_POINT('',(43.879441600996,-0.304752114165,
    7.558408630162));
#4373 = CARTESIAN_POINT('',(43.822031110354,-0.261098689179,
    7.450011868712));
#4374 = CARTESIAN_POINT('',(43.763630363482,-0.22141837134,
    7.341595225948));
#4375 = CARTESIAN_POINT('',(43.704381209563,-0.185539744664,
    7.233175911133));
#4376 = CARTESIAN_POINT('',(43.644411457757,-0.153320600044,
    7.124773963643));
#4377 = CARTESIAN_POINT('',(43.583839278109,-0.124642100396,
    7.016406128909));
#4378 = CARTESIAN_POINT('',(43.522770215072,-9.940335177495E-02,
    6.908079624667));
#4379 = CARTESIAN_POINT('',(43.461287352428,-7.751638718053E-02,
    6.799786340814));
#4380 = CARTESIAN_POINT('',(43.384252442598,-5.433219440217E-02,
    6.664916898389));
#4381 = CARTESIAN_POINT('',(43.369045302091,-4.995927164456E-02,
    6.638331259339));
#4382 = CARTESIAN_POINT('',(43.353814987552,-4.578199155686E-02,
    6.611741553214));
#4383 = CARTESIAN_POINT('',(43.338562831186,-4.179963101975E-02,
    6.585148250919));
#4384 = CARTESIAN_POINT('',(43.323290165244,-3.801149741903E-02,
    6.558551831914));
#4385 = CARTESIAN_POINT('',(43.30799832236,-3.441692819124E-02,
    6.531952784402));
#4386 = CARTESIAN_POINT('',(43.292688635868,-3.101529047503E-02,
    6.505351605275));
#4387 = CARTESIAN_POINT('',(43.277362440146,-2.780598064295E-02,
    6.478748800416));
#4388 = CARTESIAN_POINT('',(43.262021070921,-2.478842400335E-02,
    6.452144884571));
#4389 = CARTESIAN_POINT('',(43.246665865608,-2.196207435575E-02,
    6.42554038167));
#4390 = CARTESIAN_POINT('',(43.231298163609,-1.932641369243E-02,
    6.398935824755));
#4391 = CARTESIAN_POINT('',(43.215919306646,-1.688095181563E-02,
    6.372331756209));
#4392 = CARTESIAN_POINT('',(43.192839415131,-1.349781898076E-02,
    6.332432589735));
#4393 = CARTESIAN_POINT('',(43.185145371193,-1.241776332137E-02,
    6.31913610415));
#4394 = CARTESIAN_POINT('',(43.177448647886,-1.138501233691E-02,
    6.30583930475));
#4395 = CARTESIAN_POINT('',(43.16974938588,-1.039952097586E-02,
    6.292542225548));
#4396 = CARTESIAN_POINT('',(43.162047725845,-9.461245832876E-03,
    6.279244900809));
#4397 = CARTESIAN_POINT('',(43.154343808539,-8.57014514883E-03,
    6.265947365153));
#4398 = CARTESIAN_POINT('',(43.146637774687,-7.726178796204E-03,
    6.252649653401));
#4399 = CARTESIAN_POINT('',(43.138929765163,-6.92930828192E-03,
    6.239351800775));
#4400 = CARTESIAN_POINT('',(43.131219920802,-6.179496735116E-03,
    6.22605384269));
#4401 = CARTESIAN_POINT('',(43.123508382591,-5.476708904283E-03,
    6.21275581494));
#4402 = CARTESIAN_POINT('',(43.115795291536,-4.820911152258E-03,
    6.199457753567));
#4403 = CARTESIAN_POINT('',(43.108080788758,-4.212071448757E-03,
    6.18615969494));
#4404 = CARTESIAN_POINT('',(43.093970184596,-3.18444678338E-03,
    6.16184028092));
#4405 = CARTESIAN_POINT('',(43.087574369876,-2.750962667313E-03,
    6.150818723368));
#4406 = CARTESIAN_POINT('',(43.081177649759,-2.349694962792E-03,
    6.13979702244));
#4407 = CARTESIAN_POINT('',(43.074780102695,-1.980632353156E-03,
    6.128775197559));
#4408 = CARTESIAN_POINT('',(43.06838180715,-1.643764286379E-03,
    6.117753268195));
#4409 = CARTESIAN_POINT('',(43.061982841558,-1.339080922371E-03,
    6.106731253874));
#4410 = CARTESIAN_POINT('',(43.05558328441,-1.06657321641E-03,
    6.095709174171));
#4411 = CARTESIAN_POINT('',(43.049183214143,-8.26232803383E-04,
    6.084687048709));
#4412 = CARTESIAN_POINT('',(43.042782709269,-6.180521287433E-04,
    6.073664897177));
#4413 = CARTESIAN_POINT('',(43.03638184826,-4.420243198014E-04,
    6.062642739301));
#4414 = CARTESIAN_POINT('',(43.029980709644,-2.981432896437E-04,
    6.051620594875));
#4415 = CARTESIAN_POINT('',(43.023579371947,-1.864036646681E-04,
    6.040598483742));
#4416 = CARTESIAN_POINT('',(43.01651723832,-9.858525281371E-05,
    6.028438872076));
#4417 = CARTESIAN_POINT('',(43.015856561104,-9.07120152649E-05,
    6.027301318025));
#4418 = CARTESIAN_POINT('',(43.015195882177,-8.318111189743E-05,
    6.026163763682));
#4419 = CARTESIAN_POINT('',(43.014535201626,-7.599253346636E-05,
    6.025026209084));
#4420 = CARTESIAN_POINT('',(43.013874519557,-6.914629264232E-05,
    6.023888654255));
#4421 = CARTESIAN_POINT('',(43.013213836039,-6.264236259568E-05,
    6.022751099241));
#4422 = CARTESIAN_POINT('',(43.012553151197,-5.64807747665E-05,
    6.02161354406));
#4423 = CARTESIAN_POINT('',(43.011892465088,-5.066148992439E-05,
    6.020475988762));
#4424 = CARTESIAN_POINT('',(43.011231777839,-4.518454071545E-05,
    6.019338433363));
#4425 = CARTESIAN_POINT('',(43.010571089514,-4.004989905704E-05,
    6.018200877911));
#4426 = CARTESIAN_POINT('',(43.009910400226,-3.525757962042E-05,
    6.017063322429));
#4427 = CARTESIAN_POINT('',(43.009249710058,-3.080757282925E-05,
    6.015925766955));
#4428 = CARTESIAN_POINT('',(43.008258673871,-2.464603511976E-05,
    6.014219434221));
#4429 = CARTESIAN_POINT('',(43.00792832842,-2.267776849385E-05,
    6.013650656896));
#4430 = CARTESIAN_POINT('',(43.007597982763,-2.079507891084E-05,
    6.013081879548));
#4431 = CARTESIAN_POINT('',(43.00726763691,-1.899796976257E-05,
    6.012513102181));
#4432 = CARTESIAN_POINT('',(43.006937290876,-1.728643310351E-05,
    6.011944324795));
#4433 = CARTESIAN_POINT('',(43.006606944662,-1.566048192237E-05,
    6.011375547396));
#4434 = CARTESIAN_POINT('',(43.006276598293,-1.412009841118E-05,
    6.010806769985));
#4435 = CARTESIAN_POINT('',(43.005946251763,-1.266530189093E-05,
    6.010237992563));
#4436 = CARTESIAN_POINT('',(43.0056159051,-1.129607459905E-05,
    6.009669215138));
#4437 = CARTESIAN_POINT('',(43.005285558301,-1.00124296023E-05,
    6.009100437707));
#4438 = CARTESIAN_POINT('',(43.004955211385,-8.814358754E-06,
    6.008531660277));
#4439 = CARTESIAN_POINT('',(43.004624864358,-7.70186583232E-06,
    6.007962882848));
#4440 = CARTESIAN_POINT('',(43.004129343703,-6.16149118815E-06,
    6.007109716765));
#4441 = CARTESIAN_POINT('',(43.003964170144,-5.66942721281E-06,
    6.006825328102));
#4442 = CARTESIAN_POINT('',(43.003798996559,-5.19875748506E-06,
    6.006540939436));
#4443 = CARTESIAN_POINT('',(43.00363382295,-4.74948156004E-06,
    6.006256550767));
#4444 = CARTESIAN_POINT('',(43.003468649318,-4.3216005744E-06,
    6.005972162097));
#4445 = CARTESIAN_POINT('',(43.003303475664,-3.91511231257E-06,
    6.005687773422));
#4446 = CARTESIAN_POINT('',(43.003138301989,-3.53002014686E-06,
    6.005403384752));
#4447 = CARTESIAN_POINT('',(43.002973128295,-3.16631985364E-06,
    6.00511899607));
#4448 = CARTESIAN_POINT('',(43.002807954584,-2.82401572505E-06,
    6.004834607398));
#4449 = CARTESIAN_POINT('',(43.002642780855,-2.50310418315E-06,
    6.004550218717));
#4450 = CARTESIAN_POINT('',(43.002477607113,-2.20358759828E-06,
    6.004265830041));
#4451 = CARTESIAN_POINT('',(43.002312433356,-1.92546473954E-06,
    6.003981441362));
#4452 = CARTESIAN_POINT('',(43.001982085827,-1.41200737236E-06,
    6.003412664024));
#4453 = CARTESIAN_POINT('',(43.001747165535,-1.17667278943E-06,
    6.00316314862));
#4454 = CARTESIAN_POINT('',(43.00214630447,-9.6273217498E-07,
    6.002596603595));
#4455 = CARTESIAN_POINT('',(42.999706126188,-7.7018580502E-07,
    6.00344971717));
#4456 = CARTESIAN_POINT('',(43.005466326241,-5.9903343519E-07,
    6.000202641572));
#4457 = CARTESIAN_POINT('',(42.99435593207,-4.4927469223E-07,
    6.005390863078));
#4458 = CARTESIAN_POINT('',(43.009151384571,-3.2091124247E-07,
    5.997626161248));
#4459 = CARTESIAN_POINT('',(42.993572232441,-2.1393989858E-07,
    6.005048761725));
#4460 = CARTESIAN_POINT('',(43.005408530156,-1.2836470054E-07,
    5.998763637282));
#4461 = CARTESIAN_POINT('',(42.998269974093,-6.418192933E-08,
    6.001965939723));
#4462 = CARTESIAN_POINT('',(43.001027812611,-2.13941137E-08,
    6.000220044875));
#4463 = CARTESIAN_POINT('',(43.000045608458,1.221E-14,6.000344171363));
#4464 = CARTESIAN_POINT('',(43.000000000004,1.33E-15,6.000000000003));
#4465 = CARTESIAN_POINT('',(46.,-2.000000000041,9.464101615162));
#4466 = CARTESIAN_POINT('',(46.,-1.913540472694,9.414184183775));
#4467 = CARTESIAN_POINT('',(45.987833897989,-1.828450524925,
    9.36189005314));
#4468 = CARTESIAN_POINT('',(45.965426151573,-1.744725777625,
    9.307430267444));
#4469 = CARTESIAN_POINT('',(45.934131651346,-1.66250082448,
    9.250591227457));
#4470 = CARTESIAN_POINT('',(45.895090140629,-1.581892834553,
    9.191489114968));
#4471 = CARTESIAN_POINT('',(45.849373485604,-1.50290417626,
    9.130328622598));
#4472 = CARTESIAN_POINT('',(45.797984187712,-1.425495491215,
    9.067106906953));
#4473 = CARTESIAN_POINT('',(45.741774823462,-1.349800069143,
    9.001715975635));
#4474 = CARTESIAN_POINT('',(45.681369388499,-1.27630979781,
    8.934409010575));
#4475 = CARTESIAN_POINT('',(45.617178816641,-1.205722384839,
    8.866108422975));
#4476 = CARTESIAN_POINT('',(45.549614235949,-1.137998970824,
    8.797545726918));
#4477 = CARTESIAN_POINT('',(45.479612817737,-1.070040676218,
    8.725735611556));
#4478 = CARTESIAN_POINT('',(45.374950683449,-0.952255604009,
    8.591284687739));
#4479 = CARTESIAN_POINT('',(45.341769920095,-0.900261547094,
    8.530460638655));
#4480 = CARTESIAN_POINT('',(45.30685199392,-0.851309450681,
    8.470040120501));
#4481 = CARTESIAN_POINT('',(45.270314818802,-0.807164536082,
    8.412705323901));
#4482 = CARTESIAN_POINT('',(45.232899155839,-0.766133604256,
    8.357296896088));
#4483 = CARTESIAN_POINT('',(45.195013970502,-0.727144893317,
    8.302879842966));
#4484 = CARTESIAN_POINT('',(45.156703962513,-0.690213375235,
    8.249439524449));
#4485 = CARTESIAN_POINT('',(45.117932968923,-0.655588467159,
    8.197252066695));
#4486 = CARTESIAN_POINT('',(45.078796975203,-0.623056593356,
    8.146263996335));
#4487 = CARTESIAN_POINT('',(45.039500502545,-0.592046494781,
    8.096106384321));
#4488 = CARTESIAN_POINT('',(45.000150174174,-0.562360643834,
    8.046659268462));
#4489 = CARTESIAN_POINT('',(44.960639296798,-0.534531582844,
    7.998372606119));
#4490 = CARTESIAN_POINT('',(44.816947194043,-0.437987380778,
    7.825557590802));
#4491 = CARTESIAN_POINT('',(44.712594289624,-0.3776368403,7.706138313073
    ));
#4492 = CARTESIAN_POINT('',(44.608751375307,-0.325039178973,
    7.591645730511));
#4493 = CARTESIAN_POINT('',(44.505766543709,-0.278803884993,
    7.481270733388));
#4494 = CARTESIAN_POINT('',(44.403757619819,-0.237918536915,
    7.374325461013));
#4495 = CARTESIAN_POINT('',(44.302705179297,-0.201648584535,
    7.270234405706));
#4496 = CARTESIAN_POINT('',(44.202524184496,-0.169454973569,
    7.168523188433));
#4497 = CARTESIAN_POINT('',(44.103114238238,-0.140929614061,
    7.06880500617));
#4498 = CARTESIAN_POINT('',(44.004388455314,-0.115748692624,
    6.970764750924));
#4499 = CARTESIAN_POINT('',(43.906280951716,-9.364382838678E-02,
    6.874140800465));
#4500 = CARTESIAN_POINT('',(43.80873295162,-7.439107277404E-02,
    6.778704480741));
#4501 = CARTESIAN_POINT('',(43.711657512086,-5.781775301275E-02,
    6.684237199988));
#4502 = CARTESIAN_POINT('',(43.591061655603,-4.038335594612E-02,
    6.567433009614));
#4503 = CARTESIAN_POINT('',(43.567261444657,-3.709453649165E-02,
    6.544406580605));
#4504 = CARTESIAN_POINT('',(43.543481352111,-3.395943311071E-02,
    6.521423802858));
#4505 = CARTESIAN_POINT('',(43.519720497415,-3.097677784332E-02,
    6.498482511758));
#4506 = CARTESIAN_POINT('',(43.495978000008,-2.814530271224E-02,
    6.475580542625));
#4507 = CARTESIAN_POINT('',(43.472252979346,-2.546373977301E-02,
    6.452715730899));
#4508 = CARTESIAN_POINT('',(43.448544554862,-2.293082103051E-02,
    6.429885911841));
#4509 = CARTESIAN_POINT('',(43.424851846014,-2.054527855452E-02,
    6.407088920932));
#4510 = CARTESIAN_POINT('',(43.401173972238,-1.830584434551E-02,
    6.384322593427));
#4511 = CARTESIAN_POINT('',(43.377510052987,-1.621125046551E-02,
    6.361584764776));
#4512 = CARTESIAN_POINT('',(43.353859207702,-1.426022893145E-02,
    6.338873270288));
#4513 = CARTESIAN_POINT('',(43.330220555831,-1.24515117871E-02,
    6.316185945356));
#4514 = CARTESIAN_POINT('',(43.294779547313,-9.949990701881E-03,
    6.282187965323));
#4515 = CARTESIAN_POINT('',(43.282968604132,-9.151572107509E-03,
    6.270860788288));
#4516 = CARTESIAN_POINT('',(43.271160260894,-8.388500905166E-03,
    6.259538838276));
#4517 = CARTESIAN_POINT('',(43.259354391222,-7.660702724061E-03,
    6.248221859344));
#4518 = CARTESIAN_POINT('',(43.247550868721,-6.968103183417E-03,
    6.236909595527));
#4519 = CARTESIAN_POINT('',(43.235749567035,-6.310627920381E-03,
    6.225601790899));
#4520 = CARTESIAN_POINT('',(43.223950359745,-5.688202545366E-03,
    6.214298189473));
#4521 = CARTESIAN_POINT('',(43.212153120514,-5.10075270213E-03,
    6.202998535346));
#4522 = CARTESIAN_POINT('',(43.200357722917,-4.548203999641E-03,
    6.191702572517));
#4523 = CARTESIAN_POINT('',(43.188564040608,-4.030482077096E-03,
    6.180410045078));
#4524 = CARTESIAN_POINT('',(43.176771947181,-3.547512552029E-03,
    6.16912069705));
#4525 = CARTESIAN_POINT('',(43.164981316268,-3.099221054546E-03,
    6.157834272499));
#4526 = CARTESIAN_POINT('',(43.143419859251,-2.342626800092E-03,
    6.137197394157));
#4527 = CARTESIAN_POINT('',(43.133648616097,-2.023507140674E-03,
    6.127846111758));
#4528 = CARTESIAN_POINT('',(43.123878221165,-1.728158164468E-03,
    6.118496527888));
#4529 = CARTESIAN_POINT('',(43.114108603613,-1.456563805548E-03,
    6.109148502187));
#4530 = CARTESIAN_POINT('',(43.104339692571,-1.208707997512E-03,
    6.099801894247));
#4531 = CARTESIAN_POINT('',(43.094571417217,-9.845746744943E-04,
    6.090456563743));
#4532 = CARTESIAN_POINT('',(43.084803706664,-7.841477699684E-04,
    6.08111237023));
#4533 = CARTESIAN_POINT('',(43.075036490097,-6.074112182553E-04,
    6.071769173411));
#4534 = CARTESIAN_POINT('',(43.065269696634,-4.543489527063E-04,
    6.062426832834));
#4535 = CARTESIAN_POINT('',(43.055503255446,-3.249449075596E-04,
    6.053085208184));
#4536 = CARTESIAN_POINT('',(43.045737095668,-2.191830164725E-04,
    6.043744159045));
#4537 = CARTESIAN_POINT('',(43.035971146455,-1.370472132797E-04,
    6.034403545061));
#4538 = CARTESIAN_POINT('',(43.02519742633,-7.248109738701E-05,
    6.024099229268));
#4539 = CARTESIAN_POINT('',(43.024189517296,-6.669247809199E-05,
    6.023135235941));
#4540 = CARTESIAN_POINT('',(43.023181609783,-6.115557154663E-05,
    6.022171245729));
#4541 = CARTESIAN_POINT('',(43.022173703728,-5.587037013278E-05,
    6.021207258476));
#4542 = CARTESIAN_POINT('',(43.021165799057,-5.083687830532E-05,
    6.020243274065));
#4543 = CARTESIAN_POINT('',(43.020157895712,-4.605507840528E-05,
    6.019279292311));
#4544 = CARTESIAN_POINT('',(43.019149993616,-4.152498554977E-05,
    6.018315313128));
#4545 = CARTESIAN_POINT('',(43.018142092712,-3.72465746914E-05,
    6.01735133631));
#4546 = CARTESIAN_POINT('',(43.017134192922,-3.321986182781E-05,
    6.01638736177));
#4547 = CARTESIAN_POINT('',(43.016126294189,-2.944482799694E-05,
    6.015423389325));
#4548 = CARTESIAN_POINT('',(43.015118396439,-2.592147881731E-05,
    6.014459418855));
#4549 = CARTESIAN_POINT('',(43.014110499608,-2.264980595646E-05,
    6.013495450207));
#4550 = CARTESIAN_POINT('',(43.012598655638,-1.811980777578E-05,
    6.012049499758));
#4551 = CARTESIAN_POINT('',(43.01209470786,-1.667272749295E-05,
    6.011567516694));
#4552 = CARTESIAN_POINT('',(43.011590760284,-1.528856464306E-05,
    6.011085534033));
#4553 = CARTESIAN_POINT('',(43.011086812903,-1.396732330561E-05,
    6.010603551751));
#4554 = CARTESIAN_POINT('',(43.010582865701,-1.270899415407E-05,
    6.010121569834));
#4555 = CARTESIAN_POINT('',(43.010078918681,-1.151359169216E-05,
    6.009639588259));
#4556 = CARTESIAN_POINT('',(43.009574971813,-1.03810964599E-05,
    6.009157607008));
#4557 = CARTESIAN_POINT('',(43.009071025113,-9.31152867434E-06,
    6.008675626067));
#4558 = CARTESIAN_POINT('',(43.008567078545,-8.30487017134E-06,
    6.008193645405));
#4559 = CARTESIAN_POINT('',(43.008063132123,-7.36113361932E-06,
    6.007711665018));
#4560 = CARTESIAN_POINT('',(43.00755918582,-6.48031119233E-06,
    6.007229684875));
#4561 = CARTESIAN_POINT('',(43.007055239635,-5.66240620337E-06,
    6.006747704963));
#4562 = CARTESIAN_POINT('',(43.006299320518,-4.52992260969E-06,
    6.006024735409));
#4563 = CARTESIAN_POINT('',(43.006047347504,-4.16815726045E-06,
    6.00578374561));
#4564 = CARTESIAN_POINT('',(43.005795374518,-3.82212063865E-06,
    6.005542755862));
#4565 = CARTESIAN_POINT('',(43.005543401551,-3.49181382986E-06,
    6.00530176616));
#4566 = CARTESIAN_POINT('',(43.005291428616,-3.17723466892E-06,
    6.005060776506));
#4567 = CARTESIAN_POINT('',(43.005039455689,-2.87838656965E-06,
    6.004819786891));
#4568 = CARTESIAN_POINT('',(43.004787482799,-2.59526495339E-06,
    6.00457879732));
#4569 = CARTESIAN_POINT('',(43.004535509911,-2.3278749195E-06,
    6.004337807784));
#4570 = CARTESIAN_POINT('',(43.004283537055,-2.07621159576E-06,
    6.004096818285));
#4571 = CARTESIAN_POINT('',(43.004031564206,-1.84027890438E-06,
    6.00385582882));
#4572 = CARTESIAN_POINT('',(43.003779591378,-1.62007408966E-06,
    6.003614839384));
#4573 = CARTESIAN_POINT('',(43.003527618562,-1.41559877343E-06,
    6.003373849978));
#4574 = CARTESIAN_POINT('',(43.003023672957,-1.03810544538E-06,
    6.002891871217));
#4575 = CARTESIAN_POINT('',(43.002673678049,-8.6508837294E-07,
    6.002699892922));
#4576 = CARTESIAN_POINT('',(43.00321479332,-7.0779764572E-07,
    6.002062359564));
#4577 = CARTESIAN_POINT('',(42.99976551728,-5.6624216771E-07,
    6.003420021899));
#4578 = CARTESIAN_POINT('',(43.007841096296,-4.4040373315E-07,
    5.999015256706));
#4579 = CARTESIAN_POINT('',(42.992206652675,-3.3031178759E-07,
    6.00646550289));
#4580 = CARTESIAN_POINT('',(43.012980424027,-2.3592736564E-07,
    5.995711641558));
#4581 = CARTESIAN_POINT('',(42.991065563623,-1.5729320613E-07,
    6.006302096167));
#4582 = CARTESIAN_POINT('',(43.007680523477,-9.437022452E-08,
    5.997627640619));
#4583 = CARTESIAN_POINT('',(42.997628121824,-4.718808599E-08,
    6.002286865859));
#4584 = CARTESIAN_POINT('',(43.00148416643,-1.572831509E-08,
    5.999991867963));
#4585 = CARTESIAN_POINT('',(43.000083934893,-1.199E-13,6.000325008146));
#4586 = CARTESIAN_POINT('',(43.000000000002,1.78E-15,6.000000000004));
#4587 = DEFINITIONAL_REPRESENTATION('',(#4588),#4592);
#4588 = LINE('',#4589,#4590);
#4589 = CARTESIAN_POINT('',(0.,0.));
#4590 = VECTOR('',#4591,1.);
#4591 = DIRECTION('',(0.,1.));
#4592 = ( GEOMETRIC_REPRESENTATION_CONTEXT(2) 
PARAMETRIC_REPRESENTATION_CONTEXT() REPRESENTATION_CONTEXT('2D SPACE',''
  ) );
#4593 = ORIENTED_EDGE('',*,*,#4594,.T.);
#4594 = EDGE_CURVE('',#3943,#4595,#4597,.T.);
#4595 = VERTEX_POINT('',#4596);
#4596 = CARTESIAN_POINT('',(43.,-2.E-15,15.5));
#4597 = SURFACE_CURVE('',#4598,(#4602,#4609),.PCURVE_S1.);
#4598 = LINE('',#4599,#4600);
#4599 = CARTESIAN_POINT('',(43.,1.78E-15,10.));
#4600 = VECTOR('',#4601,1.);
#4601 = DIRECTION('',(0.,0.,1.));
#4602 = PCURVE('',#3110,#4603);
#4603 = DEFINITIONAL_REPRESENTATION('',(#4604),#4608);
#4604 = LINE('',#4605,#4606);
#4605 = CARTESIAN_POINT('',(1.570796326795,0.));
#4606 = VECTOR('',#4607,1.);
#4607 = DIRECTION('',(0.,1.));
#4608 = ( GEOMETRIC_REPRESENTATION_CONTEXT(2) 
PARAMETRIC_REPRESENTATION_CONTEXT() REPRESENTATION_CONTEXT('2D SPACE',''
  ) );
#4609 = PCURVE('',#100,#4610);
#4610 = DEFINITIONAL_REPRESENTATION('',(#4611),#4615);
#4611 = LINE('',#4612,#4613);
#4612 = CARTESIAN_POINT('',(-43.,1.846716430077));
#4613 = VECTOR('',#4614,1.);
#4614 = DIRECTION('',(0.,1.));
#4615 = ( GEOMETRIC_REPRESENTATION_CONTEXT(2) 
PARAMETRIC_REPRESENTATION_CONTEXT() REPRESENTATION_CONTEXT('2D SPACE',''
  ) );
#4616 = ORIENTED_EDGE('',*,*,#4617,.F.);
#4617 = EDGE_CURVE('',#3095,#4595,#4618,.T.);
#4618 = SURFACE_CURVE('',#4619,(#4624,#4631),.PCURVE_S1.);
#4619 = CIRCLE('',#4620,1.);
#4620 = AXIS2_PLACEMENT_3D('',#4621,#4622,#4623);
#4621 = CARTESIAN_POINT('',(43.,-1.,15.5));
#4622 = DIRECTION('',(0.,0.,1.));
#4623 = DIRECTION('',(1.,0.,0.));
#4624 = PCURVE('',#3110,#4625);
#4625 = DEFINITIONAL_REPRESENTATION('',(#4626),#4630);
#4626 = LINE('',#4627,#4628);
#4627 = CARTESIAN_POINT('',(0.,5.5));
#4628 = VECTOR('',#4629,1.);
#4629 = DIRECTION('',(1.,0.));
#4630 = ( GEOMETRIC_REPRESENTATION_CONTEXT(2) 
PARAMETRIC_REPRESENTATION_CONTEXT() REPRESENTATION_CONTEXT('2D SPACE',''
  ) );
#4631 = PCURVE('',#4632,#4637);
#4632 = TOROIDAL_SURFACE('',#4633,1.,1.);
#4633 = AXIS2_PLACEMENT_3D('',#4634,#4635,#4636);
#4634 = CARTESIAN_POINT('',(42.,-1.,15.5));
#4635 = DIRECTION('',(0.,1.,0.));
#4636 = DIRECTION('',(1.,0.,-7.8E-16));
#4637 = DEFINITIONAL_REPRESENTATION('',(#4638),#4642);
#4638 = LINE('',#4639,#4640);
#4639 = CARTESIAN_POINT('',(-0.,0.));
#4640 = VECTOR('',#4641,1.);
#4641 = DIRECTION('',(-0.,1.));
#4642 = ( GEOMETRIC_REPRESENTATION_CONTEXT(2) 
PARAMETRIC_REPRESENTATION_CONTEXT() REPRESENTATION_CONTEXT('2D SPACE',''
  ) );
#4643 = ADVANCED_FACE('',(#4644),#3351,.F.);
#4644 = FACE_BOUND('',#4645,.F.);
#4645 = EDGE_LOOP('',(#4646,#4668,#4669,#4700));
#4646 = ORIENTED_EDGE('',*,*,#4647,.F.);
#4647 = EDGE_CURVE('',#3305,#3705,#4648,.T.);
#4648 = SURFACE_CURVE('',#4649,(#4654,#4661),.PCURVE_S1.);
#4649 = CIRCLE('',#4650,2.);
#4650 = AXIS2_PLACEMENT_3D('',#4651,#4652,#4653);
#4651 = CARTESIAN_POINT('',(46.,-4.,12.));
#4652 = DIRECTION('',(-0.,-1.,-0.));
#4653 = DIRECTION('',(-1.,0.,0.));
#4654 = PCURVE('',#3351,#4655);
#4655 = DEFINITIONAL_REPRESENTATION('',(#4656),#4660);
#4656 = LINE('',#4657,#4658);
#4657 = CARTESIAN_POINT('',(0.,1.570796326795));
#4658 = VECTOR('',#4659,1.);
#4659 = DIRECTION('',(0.,1.));
#4660 = ( GEOMETRIC_REPRESENTATION_CONTEXT(2) 
PARAMETRIC_REPRESENTATION_CONTEXT() REPRESENTATION_CONTEXT('2D SPACE',''
  ) );
#4661 = PCURVE('',#3320,#4662);
#4662 = DEFINITIONAL_REPRESENTATION('',(#4663),#4667);
#4663 = LINE('',#4664,#4665);
#4664 = CARTESIAN_POINT('',(-0.,6.951559686955));
#4665 = VECTOR('',#4666,1.);
#4666 = DIRECTION('',(-1.,0.));
#4667 = ( GEOMETRIC_REPRESENTATION_CONTEXT(2) 
PARAMETRIC_REPRESENTATION_CONTEXT() REPRESENTATION_CONTEXT('2D SPACE',''
  ) );
#4668 = ORIENTED_EDGE('',*,*,#3332,.T.);
#4669 = ORIENTED_EDGE('',*,*,#4670,.T.);
#4670 = EDGE_CURVE('',#3093,#4671,#4673,.T.);
#4671 = VERTEX_POINT('',#4672);
#4672 = CARTESIAN_POINT('',(46.,-2.,9.464101615138));
#4673 = SURFACE_CURVE('',#4674,(#4679,#4686),.PCURVE_S1.);
#4674 = CIRCLE('',#4675,2.);
#4675 = AXIS2_PLACEMENT_3D('',#4676,#4677,#4678);
#4676 = CARTESIAN_POINT('',(46.,-1.,11.196152422707));
#4677 = DIRECTION('',(0.,-0.866025403784,0.5));
#4678 = DIRECTION('',(0.,0.5,0.866025403784));
#4679 = PCURVE('',#3351,#4680);
#4680 = DEFINITIONAL_REPRESENTATION('',(#4681),#4685);
#4681 = LINE('',#4682,#4683);
#4682 = CARTESIAN_POINT('',(0.523598775598,0.));
#4683 = VECTOR('',#4684,1.);
#4684 = DIRECTION('',(0.,1.));
#4685 = ( GEOMETRIC_REPRESENTATION_CONTEXT(2) 
PARAMETRIC_REPRESENTATION_CONTEXT() REPRESENTATION_CONTEXT('2D SPACE',''
  ) );
#4686 = PCURVE('',#4220,#4687);
#4687 = DEFINITIONAL_REPRESENTATION('',(#4688),#4699);
#4688 = B_SPLINE_CURVE_WITH_KNOTS('',9,(#4689,#4690,#4691,#4692,#4693,
    #4694,#4695,#4696,#4697,#4698),.UNSPECIFIED.,.F.,.F.,(10,10),(
    1.570796326795,3.14159265359),.PIECEWISE_BEZIER_KNOTS.);
#4689 = CARTESIAN_POINT('',(4.4E-16,9.045954789351));
#4690 = CARTESIAN_POINT('',(0.540899547278,9.045954789351));
#4691 = CARTESIAN_POINT('',(1.037807811367,9.045954789351));
#4692 = CARTESIAN_POINT('',(1.508770891769,9.045954789351));
#4693 = CARTESIAN_POINT('',(1.965356277261,9.045954789352));
#4694 = CARTESIAN_POINT('',(2.417469913088,9.045954789351));
#4695 = CARTESIAN_POINT('',(2.87405529858,9.045954789351));
#4696 = CARTESIAN_POINT('',(3.345018378982,9.045954789351));
#4697 = CARTESIAN_POINT('',(3.841926643071,9.045954789351));
#4698 = CARTESIAN_POINT('',(4.382826190349,9.045954789351));
#4699 = ( GEOMETRIC_REPRESENTATION_CONTEXT(2) 
PARAMETRIC_REPRESENTATION_CONTEXT() REPRESENTATION_CONTEXT('2D SPACE',''
  ) );
#4700 = ORIENTED_EDGE('',*,*,#4701,.F.);
#4701 = EDGE_CURVE('',#3705,#4671,#4702,.T.);
#4702 = SURFACE_CURVE('',#4703,(#4708,#4715),.PCURVE_S1.);
#4703 = CIRCLE('',#4704,4.);
#4704 = AXIS2_PLACEMENT_3D('',#4705,#4706,#4707);
#4705 = CARTESIAN_POINT('',(46.,-4.,6.));
#4706 = DIRECTION('',(-1.,0.,0.));
#4707 = DIRECTION('',(0.,-1.1E-16,1.));
#4708 = PCURVE('',#3351,#4709);
#4709 = DEFINITIONAL_REPRESENTATION('',(#4710),#4714);
#4710 = LINE('',#4711,#4712);
#4711 = CARTESIAN_POINT('',(0.,3.14159265359));
#4712 = VECTOR('',#4713,1.);
#4713 = DIRECTION('',(1.,0.));
#4714 = ( GEOMETRIC_REPRESENTATION_CONTEXT(2) 
PARAMETRIC_REPRESENTATION_CONTEXT() REPRESENTATION_CONTEXT('2D SPACE',''
  ) );
#4715 = PCURVE('',#3662,#4716);
#4716 = DEFINITIONAL_REPRESENTATION('',(#4717),#4721);
#4717 = LINE('',#4718,#4719);
#4718 = CARTESIAN_POINT('',(1.570796326795,2.));
#4719 = VECTOR('',#4720,1.);
#4720 = DIRECTION('',(-1.,-0.));
#4721 = ( GEOMETRIC_REPRESENTATION_CONTEXT(2) 
PARAMETRIC_REPRESENTATION_CONTEXT() REPRESENTATION_CONTEXT('2D SPACE',''
  ) );
#4722 = ADVANCED_FACE('',(#4723),#3138,.T.);
#4723 = FACE_BOUND('',#4724,.F.);
#4724 = EDGE_LOOP('',(#4725,#4726,#4753,#4776));
#4725 = ORIENTED_EDGE('',*,*,#3122,.F.);
#4726 = ORIENTED_EDGE('',*,*,#4727,.T.);
#4727 = EDGE_CURVE('',#3123,#4728,#4730,.T.);
#4728 = VERTEX_POINT('',#4729);
#4729 = CARTESIAN_POINT('',(42.,-6.,17.5));
#4730 = SURFACE_CURVE('',#4731,(#4736,#4746),.PCURVE_S1.);
#4731 = ELLIPSE('',#4732,3.452996154313,2.);
#4732 = AXIS2_PLACEMENT_3D('',#4733,#4734,#4735);
#4733 = CARTESIAN_POINT('',(42.,-8.814814814815,15.5));
#4734 = DIRECTION('',(-2.36E-15,-0.579207132189,0.815180408266));
#4735 = DIRECTION('',(-1.67E-15,0.815180408266,0.579207132189));
#4736 = PCURVE('',#3138,#4737);
#4737 = DEFINITIONAL_REPRESENTATION('',(#4738),#4745);
#4738 = B_SPLINE_CURVE_WITH_KNOTS('',5,(#4739,#4740,#4741,#4742,#4743,
    #4744),.UNSPECIFIED.,.F.,.F.,(6,6),(4.712388980385,6.28318530718),
  .PIECEWISE_BEZIER_KNOTS.);
#4739 = CARTESIAN_POINT('',(-1.1E-16,-2.814814814815));
#4740 = CARTESIAN_POINT('',(-0.314159265359,-1.930514660471));
#4741 = CARTESIAN_POINT('',(-0.628319347796,-1.04544257624));
#4742 = CARTESIAN_POINT('',(-0.942496100875,-0.34624091532));
#4743 = CARTESIAN_POINT('',(-1.256637061436,-6.059E-14));
#4744 = CARTESIAN_POINT('',(-1.570796326795,-5.684E-14));
#4745 = ( GEOMETRIC_REPRESENTATION_CONTEXT(2) 
PARAMETRIC_REPRESENTATION_CONTEXT() REPRESENTATION_CONTEXT('2D SPACE',''
  ) );
#4746 = PCURVE('',#212,#4747);
#4747 = DEFINITIONAL_REPRESENTATION('',(#4748),#4752);
#4748 = ELLIPSE('',#4749,3.452996154313,2.);
#4749 = AXIS2_PLACEMENT_2D('',#4750,#4751);
#4750 = CARTESIAN_POINT('',(-12.63044814531,42.));
#4751 = DIRECTION('',(-1.,-1.67E-15));
#4752 = ( GEOMETRIC_REPRESENTATION_CONTEXT(2) 
PARAMETRIC_REPRESENTATION_CONTEXT() REPRESENTATION_CONTEXT('2D SPACE',''
  ) );
#4753 = ORIENTED_EDGE('',*,*,#4754,.T.);
#4754 = EDGE_CURVE('',#4728,#4755,#4757,.T.);
#4755 = VERTEX_POINT('',#4756);
#4756 = CARTESIAN_POINT('',(42.,-1.,17.5));
#4757 = SURFACE_CURVE('',#4758,(#4762,#4769),.PCURVE_S1.);
#4758 = LINE('',#4759,#4760);
#4759 = CARTESIAN_POINT('',(42.,-6.,17.5));
#4760 = VECTOR('',#4761,1.);
#4761 = DIRECTION('',(0.,1.,-4.4E-16));
#4762 = PCURVE('',#3138,#4763);
#4763 = DEFINITIONAL_REPRESENTATION('',(#4764),#4768);
#4764 = LINE('',#4765,#4766);
#4765 = CARTESIAN_POINT('',(-1.570796326795,0.));
#4766 = VECTOR('',#4767,1.);
#4767 = DIRECTION('',(-0.,1.));
#4768 = ( GEOMETRIC_REPRESENTATION_CONTEXT(2) 
PARAMETRIC_REPRESENTATION_CONTEXT() REPRESENTATION_CONTEXT('2D SPACE',''
  ) );
#4769 = PCURVE('',#608,#4770);
#4770 = DEFINITIONAL_REPRESENTATION('',(#4771),#4775);
#4771 = LINE('',#4772,#4773);
#4772 = CARTESIAN_POINT('',(2.,-3.552713678801E-15));
#4773 = VECTOR('',#4774,1.);
#4774 = DIRECTION('',(0.,-1.));
#4775 = ( GEOMETRIC_REPRESENTATION_CONTEXT(2) 
PARAMETRIC_REPRESENTATION_CONTEXT() REPRESENTATION_CONTEXT('2D SPACE',''
  ) );
#4776 = ORIENTED_EDGE('',*,*,#4777,.F.);
#4777 = EDGE_CURVE('',#3095,#4755,#4778,.T.);
#4778 = SURFACE_CURVE('',#4779,(#4784,#4791),.PCURVE_S1.);
#4779 = CIRCLE('',#4780,2.);
#4780 = AXIS2_PLACEMENT_3D('',#4781,#4782,#4783);
#4781 = CARTESIAN_POINT('',(42.,-1.,15.5));
#4782 = DIRECTION('',(0.,-1.,0.));
#4783 = DIRECTION('',(1.,0.,-7.8E-16));
#4784 = PCURVE('',#3138,#4785);
#4785 = DEFINITIONAL_REPRESENTATION('',(#4786),#4790);
#4786 = LINE('',#4787,#4788);
#4787 = CARTESIAN_POINT('',(-0.,5.));
#4788 = VECTOR('',#4789,1.);
#4789 = DIRECTION('',(-1.,0.));
#4790 = ( GEOMETRIC_REPRESENTATION_CONTEXT(2) 
PARAMETRIC_REPRESENTATION_CONTEXT() REPRESENTATION_CONTEXT('2D SPACE',''
  ) );
#4791 = PCURVE('',#4632,#4792);
#4792 = DEFINITIONAL_REPRESENTATION('',(#4793),#4797);
#4793 = LINE('',#4794,#4795);
#4794 = CARTESIAN_POINT('',(-0.,0.));
#4795 = VECTOR('',#4796,1.);
#4796 = DIRECTION('',(-1.,0.));
#4797 = ( GEOMETRIC_REPRESENTATION_CONTEXT(2) 
PARAMETRIC_REPRESENTATION_CONTEXT() REPRESENTATION_CONTEXT('2D SPACE',''
  ) );
#4798 = ADVANCED_FACE('',(#4799),#3320,.F.);
#4799 = FACE_BOUND('',#4800,.T.);
#4800 = EDGE_LOOP('',(#4801,#4802,#4803,#4804,#4805));
#4801 = ORIENTED_EDGE('',*,*,#3904,.T.);
#4802 = ORIENTED_EDGE('',*,*,#3849,.T.);
#4803 = ORIENTED_EDGE('',*,*,#3727,.T.);
#4804 = ORIENTED_EDGE('',*,*,#4647,.F.);
#4805 = ORIENTED_EDGE('',*,*,#3304,.F.);
#4806 = ADVANCED_FACE('',(#4807),#2709,.T.);
#4807 = FACE_BOUND('',#4808,.F.);
#4808 = EDGE_LOOP('',(#4809,#4810,#4811,#4812));
#4809 = ORIENTED_EDGE('',*,*,#2692,.T.);
#4810 = ORIENTED_EDGE('',*,*,#3454,.T.);
#4811 = ORIENTED_EDGE('',*,*,#3417,.F.);
#4812 = ORIENTED_EDGE('',*,*,#3824,.F.);
#4813 = ADVANCED_FACE('',(#4814),#1097,.T.);
#4814 = FACE_BOUND('',#4815,.F.);
#4815 = EDGE_LOOP('',(#4816,#4839,#4931,#4952));
#4816 = ORIENTED_EDGE('',*,*,#4817,.F.);
#4817 = EDGE_CURVE('',#4818,#1074,#4820,.T.);
#4818 = VERTEX_POINT('',#4819);
#4819 = CARTESIAN_POINT('',(3.198349336576,-5.,11.583768965865));
#4820 = SURFACE_CURVE('',#4821,(#4825,#4832),.PCURVE_S1.);
#4821 = LINE('',#4822,#4823);
#4822 = CARTESIAN_POINT('',(2.,-5.,13.));
#4823 = VECTOR('',#4824,1.);
#4824 = DIRECTION('',(0.645942241466,0.,-0.763386285369));
#4825 = PCURVE('',#1097,#4826);
#4826 = DEFINITIONAL_REPRESENTATION('',(#4827),#4831);
#4827 = LINE('',#4828,#4829);
#4828 = CARTESIAN_POINT('',(-0.,0.));
#4829 = VECTOR('',#4830,1.);
#4830 = DIRECTION('',(-0.,1.));
#4831 = ( GEOMETRIC_REPRESENTATION_CONTEXT(2) 
PARAMETRIC_REPRESENTATION_CONTEXT() REPRESENTATION_CONTEXT('2D SPACE',''
  ) );
#4832 = PCURVE('',#1208,#4833);
#4833 = DEFINITIONAL_REPRESENTATION('',(#4834),#4838);
#4834 = LINE('',#4835,#4836);
#4835 = CARTESIAN_POINT('',(-6.494744389305E-16,-5.));
#4836 = VECTOR('',#4837,1.);
#4837 = DIRECTION('',(1.,1.7E-16));
#4838 = ( GEOMETRIC_REPRESENTATION_CONTEXT(2) 
PARAMETRIC_REPRESENTATION_CONTEXT() REPRESENTATION_CONTEXT('2D SPACE',''
  ) );
#4839 = ORIENTED_EDGE('',*,*,#4840,.T.);
#4840 = EDGE_CURVE('',#4818,#4841,#4843,.T.);
#4841 = VERTEX_POINT('',#4842);
#4842 = CARTESIAN_POINT('',(2.463798951225,-6.,14.));
#4843 = SURFACE_CURVE('',#4844,(#4859,#4881),.PCURVE_S1.);
#4844 = ( BOUNDED_CURVE() B_SPLINE_CURVE(13,(#4845,#4846,#4847,#4848,
    #4849,#4850,#4851,#4852,#4853,#4854,#4855,#4856,#4857,#4858),
.UNSPECIFIED.,.F.,.F.) B_SPLINE_CURVE_WITH_KNOTS((14,14),(7.60854487188,
9.260681119238),.PIECEWISE_BEZIER_KNOTS.) CURVE() 
GEOMETRIC_REPRESENTATION_ITEM() RATIONAL_B_SPLINE_CURVE((1.,1.,
    1.000000000001,0.999999999997,1.000000000006,0.999999999991,
    1.000000000011,0.99999999999,1.000000000007,0.999999999996,
1.000000000002,0.999999999999,1.,1.)) REPRESENTATION_ITEM('') );
#4845 = CARTESIAN_POINT('',(3.198349336576,-5.,11.583768965865));
#4846 = CARTESIAN_POINT('',(3.198349336576,-5.224796584004,
    11.583768965864));
#4847 = CARTESIAN_POINT('',(3.17232049427,-5.449687607496,
    11.699761566799));
#4848 = CARTESIAN_POINT('',(3.118346628824,-5.638890699803,
    11.928892114899));
#4849 = CARTESIAN_POINT('',(3.049740485402,-5.766783910269,
    12.239189968882));
#4850 = CARTESIAN_POINT('',(2.918522554369,-5.790732661969,
    12.517920258227));
#4851 = CARTESIAN_POINT('',(2.891065123993,-5.898716466506,
    12.680602335531));
#4852 = CARTESIAN_POINT('',(2.783072834762,-5.896156915502,
    12.961210582975));
#4853 = CARTESIAN_POINT('',(2.742104807713,-5.952751607949,
    13.10315250555));
#4854 = CARTESIAN_POINT('',(2.673472306332,-5.96396368182,
    13.315572953712));
#4855 = CARTESIAN_POINT('',(2.621398141752,-5.984504204227,
    13.482835496603));
#4856 = CARTESIAN_POINT('',(2.567647712629,-5.994482701606,
    13.658452136896));
#4857 = CARTESIAN_POINT('',(2.515760117405,-6.,13.829078869472));
#4858 = CARTESIAN_POINT('',(2.463798951225,-6.,14.));
#4859 = PCURVE('',#1097,#4860);
#4860 = DEFINITIONAL_REPRESENTATION('',(#4861),#4880);
#4861 = B_SPLINE_CURVE_WITH_KNOTS('',9,(#4862,#4863,#4864,#4865,#4866,
    #4867,#4868,#4869,#4870,#4871,#4872,#4873,#4874,#4875,#4876,#4877,
    #4878,#4879),.UNSPECIFIED.,.F.,.F.,(10,8,10),(7.60854487188,
    8.434612995559,9.260681119238),.UNSPECIFIED.);
#4862 = CARTESIAN_POINT('',(-1.13E-15,1.8551958049));
#4863 = CARTESIAN_POINT('',(-0.162353088448,1.8551958049));
#4864 = CARTESIAN_POINT('',(-0.324727881094,1.798037247029));
#4865 = CARTESIAN_POINT('',(-0.478417667164,1.684949761791));
#4866 = CARTESIAN_POINT('',(-0.615970231561,1.523725219079));
#4867 = CARTESIAN_POINT('',(-0.729300446953,1.347960622954));
#4868 = CARTESIAN_POINT('',(-0.828597247213,1.175020057021));
#4869 = CARTESIAN_POINT('',(-0.914703912562,1.007589234472));
#4870 = CARTESIAN_POINT('',(-0.991904792404,0.848573611092));
#4871 = CARTESIAN_POINT('',(-1.132529966428,0.546425985021));
#4872 = CARTESIAN_POINT('',(-1.195983402165,0.403385010991));
#4873 = CARTESIAN_POINT('',(-1.254944782203,0.267901080865));
#4874 = CARTESIAN_POINT('',(-1.310742845586,0.139451498529));
#4875 = CARTESIAN_POINT('',(-1.364768548648,1.366818591508E-02));
#4876 = CARTESIAN_POINT('',(-1.417019040634,-0.107045050892));
#4877 = CARTESIAN_POINT('',(-1.468635049376,-0.226922004758));
#4878 = CARTESIAN_POINT('',(-1.519707239299,-0.345323625225));
#4879 = CARTESIAN_POINT('',(-1.570796326795,-0.463798951225));
#4880 = ( GEOMETRIC_REPRESENTATION_CONTEXT(2) 
PARAMETRIC_REPRESENTATION_CONTEXT() REPRESENTATION_CONTEXT('2D SPACE',''
  ) );
#4881 = PCURVE('',#4882,#4925);
#4882 = ( BOUNDED_SURFACE() B_SPLINE_SURFACE(2,13,(
    (#4883,#4884,#4885,#4886,#4887,#4888,#4889,#4890,#4891,#4892,#4893
      ,#4894,#4895,#4896)
    ,(#4897,#4898,#4899,#4900,#4901,#4902,#4903,#4904,#4905,#4906,#4907
      ,#4908,#4909,#4910)
    ,(#4911,#4912,#4913,#4914,#4915,#4916,#4917,#4918,#4919,#4920,#4921
      ,#4922,#4923,#4924
)),.UNSPECIFIED.,.F.,.F.,.F.) B_SPLINE_SURFACE_WITH_KNOTS((3,3),(14,14),
  (0.,1.652136247358),(7.60854487188,9.260681119238),
.PIECEWISE_BEZIER_KNOTS.) GEOMETRIC_REPRESENTATION_ITEM() 
RATIONAL_B_SPLINE_SURFACE((
    (1.,1.,1.000000000001,0.999999999997,1.000000000006,0.999999999991
      ,1.000000000011,0.99999999999,1.000000000007,0.999999999996
      ,1.000000000002,0.999999999999,1.,1.)
    ,(0.907177557446,0.907177557445,0.915618640191,0.932084900476
      ,0.954245884362,0.969840261662,0.972386436328,0.988441453655
      ,0.987549706303,0.995194372402,0.996842846122,0.999078403797,1.,1.
      )
    ,(1.,1.,1.000000000001,0.999999999997,1.000000000006,0.999999999991
      ,1.000000000011,0.99999999999,1.000000000007,0.999999999996
,1.000000000002,0.999999999999,1.,1.
  ))) REPRESENTATION_ITEM('') SURFACE() );
#4883 = CARTESIAN_POINT('',(3.198349336576,-5.,11.583768965865));
#4884 = CARTESIAN_POINT('',(3.198349336576,-5.224796584004,
    11.583768965864));
#4885 = CARTESIAN_POINT('',(3.17232049427,-5.449687607496,
    11.699761566799));
#4886 = CARTESIAN_POINT('',(3.118346628824,-5.638890699803,
    11.928892114899));
#4887 = CARTESIAN_POINT('',(3.049740485402,-5.766783910269,
    12.239189968882));
#4888 = CARTESIAN_POINT('',(2.918522554369,-5.790732661969,
    12.517920258227));
#4889 = CARTESIAN_POINT('',(2.891065123993,-5.898716466506,
    12.680602335531));
#4890 = CARTESIAN_POINT('',(2.783072834762,-5.896156915502,
    12.961210582975));
#4891 = CARTESIAN_POINT('',(2.742104807713,-5.952751607949,
    13.10315250555));
#4892 = CARTESIAN_POINT('',(2.673472306332,-5.96396368182,
    13.315572953712));
#4893 = CARTESIAN_POINT('',(2.621398141752,-5.984504204227,
    13.482835496603));
#4894 = CARTESIAN_POINT('',(2.567647712629,-5.994482701606,
    13.658452136896));
#4895 = CARTESIAN_POINT('',(2.515760117405,-6.,13.829078869472));
#4896 = CARTESIAN_POINT('',(2.463798951225,-6.,14.));
#4897 = CARTESIAN_POINT('',(2.,-5.,13.));
#4898 = CARTESIAN_POINT('',(2.,-5.120829933531,13.));
#4899 = CARTESIAN_POINT('',(2.001765962756,-5.239388668034,
    13.00380760403));
#4900 = CARTESIAN_POINT('',(2.006429973167,-5.361000168074,
    13.013863707859));
#4901 = CARTESIAN_POINT('',(2.01348108939,-5.485374604871,
    13.029066666408));
#4902 = CARTESIAN_POINT('',(2.050415780782,-5.638217152774,
    13.108701799858));
#4903 = CARTESIAN_POINT('',(2.097918445648,-5.697334301833,
    13.211122611224));
#4904 = CARTESIAN_POINT('',(2.132862864013,-5.812268674501,
    13.286466503737));
#4905 = CARTESIAN_POINT('',(2.192977032934,-5.86124281902,
    13.416079062791));
#4906 = CARTESIAN_POINT('',(2.239655769984,-5.9230890758,13.516723397805
    ));
#4907 = CARTESIAN_POINT('',(2.296518286927,-5.960076562117,
    13.63932504838));
#4908 = CARTESIAN_POINT('',(2.351532747398,-5.98695200281,
    13.757942092082));
#4909 = CARTESIAN_POINT('',(2.407758154777,-6.,13.879170066469));
#4910 = CARTESIAN_POINT('',(2.463798951225,-6.,14.));
#4911 = CARTESIAN_POINT('',(0.1448041951,-5.,13.));
#4912 = CARTESIAN_POINT('',(0.144804195099,-5.224796584005,13.));
#4913 = CARTESIAN_POINT('',(0.250164484599,-5.449687607496,
    13.055054459401));
#4914 = CARTESIAN_POINT('',(0.459943602206,-5.638890699804,
    13.161856650577));
#4915 = CARTESIAN_POINT('',(0.741136334369,-5.766783910268,
    13.309918152926));
#4916 = CARTESIAN_POINT('',(1.038674419082,-5.790732661971,
    13.389791851834));
#4917 = CARTESIAN_POINT('',(1.180599599861,-5.898716466504,
    13.473914451731));
#4918 = CARTESIAN_POINT('',(1.464568868931,-5.896156915504,
    13.572731339512));
#4919 = CARTESIAN_POINT('',(1.599388365123,-5.952751607947,
    13.633143193172));
#4920 = CARTESIAN_POINT('',(1.80587985379,-5.963963681821,
    13.717961423291));
#4921 = CARTESIAN_POINT('',(1.967202687666,-5.984504204227,
    13.786250662104));
#4922 = CARTESIAN_POINT('',(2.135985695021,-5.994482701607,
    13.858656527946));
#4923 = CARTESIAN_POINT('',(2.299756192149,-6.,13.929261263466));
#4924 = CARTESIAN_POINT('',(2.463798951225,-6.,14.));
#4925 = DEFINITIONAL_REPRESENTATION('',(#4926),#4930);
#4926 = LINE('',#4927,#4928);
#4927 = CARTESIAN_POINT('',(0.,0.));
#4928 = VECTOR('',#4929,1.);
#4929 = DIRECTION('',(0.,1.));
#4930 = ( GEOMETRIC_REPRESENTATION_CONTEXT(2) 
PARAMETRIC_REPRESENTATION_CONTEXT() REPRESENTATION_CONTEXT('2D SPACE',''
  ) );
#4931 = ORIENTED_EDGE('',*,*,#4932,.T.);
#4932 = EDGE_CURVE('',#4841,#954,#4933,.T.);
#4933 = SURFACE_CURVE('',#4934,(#4938,#4945),.PCURVE_S1.);
#4934 = LINE('',#4935,#4936);
#4935 = CARTESIAN_POINT('',(2.763386285369,-6.,13.645942241466));
#4936 = VECTOR('',#4937,1.);
#4937 = DIRECTION('',(0.645942241466,0.,-0.763386285369));
#4938 = PCURVE('',#1097,#4939);
#4939 = DEFINITIONAL_REPRESENTATION('',(#4940),#4944);
#4940 = LINE('',#4941,#4942);
#4941 = CARTESIAN_POINT('',(-1.570796326795,0.));
#4942 = VECTOR('',#4943,1.);
#4943 = DIRECTION('',(-0.,1.));
#4944 = ( GEOMETRIC_REPRESENTATION_CONTEXT(2) 
PARAMETRIC_REPRESENTATION_CONTEXT() REPRESENTATION_CONTEXT('2D SPACE',''
  ) );
#4945 = PCURVE('',#668,#4946);
#4946 = DEFINITIONAL_REPRESENTATION('',(#4947),#4951);
#4947 = LINE('',#4948,#4949);
#4948 = CARTESIAN_POINT('',(2.763386285369,2.552836392941));
#4949 = VECTOR('',#4950,1.);
#4950 = DIRECTION('',(0.645942241466,-0.763386285369));
#4951 = ( GEOMETRIC_REPRESENTATION_CONTEXT(2) 
PARAMETRIC_REPRESENTATION_CONTEXT() REPRESENTATION_CONTEXT('2D SPACE',''
  ) );
#4952 = ORIENTED_EDGE('',*,*,#1073,.T.);
#4953 = ADVANCED_FACE('',(#4954),#3522,.T.);
#4954 = FACE_BOUND('',#4955,.F.);
#4955 = EDGE_LOOP('',(#4956,#4979,#4980,#5003));
#4956 = ORIENTED_EDGE('',*,*,#4957,.T.);
#4957 = EDGE_CURVE('',#4958,#1193,#4960,.T.);
#4958 = VERTEX_POINT('',#4959);
#4959 = CARTESIAN_POINT('',(3.198349336576,-4.,11.583768965865));
#4960 = SURFACE_CURVE('',#4961,(#4965,#4972),.PCURVE_S1.);
#4961 = LINE('',#4962,#4963);
#4962 = CARTESIAN_POINT('',(2.,-4.,13.));
#4963 = VECTOR('',#4964,1.);
#4964 = DIRECTION('',(0.645942241466,0.,-0.763386285369));
#4965 = PCURVE('',#3522,#4966);
#4966 = DEFINITIONAL_REPRESENTATION('',(#4967),#4971);
#4967 = LINE('',#4968,#4969);
#4968 = CARTESIAN_POINT('',(-1.570796326795,0.));
#4969 = VECTOR('',#4970,1.);
#4970 = DIRECTION('',(-0.,1.));
#4971 = ( GEOMETRIC_REPRESENTATION_CONTEXT(2) 
PARAMETRIC_REPRESENTATION_CONTEXT() REPRESENTATION_CONTEXT('2D SPACE',''
  ) );
#4972 = PCURVE('',#1208,#4973);
#4973 = DEFINITIONAL_REPRESENTATION('',(#4974),#4978);
#4974 = LINE('',#4975,#4976);
#4975 = CARTESIAN_POINT('',(-1.249758408363E-15,-4.));
#4976 = VECTOR('',#4977,1.);
#4977 = DIRECTION('',(1.,1.7E-16));
#4978 = ( GEOMETRIC_REPRESENTATION_CONTEXT(2) 
PARAMETRIC_REPRESENTATION_CONTEXT() REPRESENTATION_CONTEXT('2D SPACE',''
  ) );
#4979 = ORIENTED_EDGE('',*,*,#3501,.T.);
#4980 = ORIENTED_EDGE('',*,*,#4981,.F.);
#4981 = EDGE_CURVE('',#4982,#2499,#4984,.T.);
#4982 = VERTEX_POINT('',#4983);
#4983 = CARTESIAN_POINT('',(3.8551958049,-3.E-15,17.));
#4984 = SURFACE_CURVE('',#4985,(#4989,#4996),.PCURVE_S1.);
#4985 = LINE('',#4986,#4987);
#4986 = CARTESIAN_POINT('',(5.053545141476,1.42E-15,15.583768965865));
#4987 = VECTOR('',#4988,1.);
#4988 = DIRECTION('',(0.645942241466,0.,-0.763386285369));
#4989 = PCURVE('',#3522,#4990);
#4990 = DEFINITIONAL_REPRESENTATION('',(#4991),#4995);
#4991 = LINE('',#4992,#4993);
#4992 = CARTESIAN_POINT('',(-0.,0.));
#4993 = VECTOR('',#4994,1.);
#4994 = DIRECTION('',(-0.,1.));
#4995 = ( GEOMETRIC_REPRESENTATION_CONTEXT(2) 
PARAMETRIC_REPRESENTATION_CONTEXT() REPRESENTATION_CONTEXT('2D SPACE',''
  ) );
#4996 = PCURVE('',#100,#4997);
#4997 = DEFINITIONAL_REPRESENTATION('',(#4998),#5002);
#4998 = LINE('',#4999,#5000);
#4999 = CARTESIAN_POINT('',(-5.053545141476,7.430485395942));
#5000 = VECTOR('',#5001,1.);
#5001 = DIRECTION('',(-0.645942241466,-0.763386285369));
#5002 = ( GEOMETRIC_REPRESENTATION_CONTEXT(2) 
PARAMETRIC_REPRESENTATION_CONTEXT() REPRESENTATION_CONTEXT('2D SPACE',''
  ) );
#5003 = ORIENTED_EDGE('',*,*,#5004,.T.);
#5004 = EDGE_CURVE('',#4982,#4958,#5005,.T.);
#5005 = SURFACE_CURVE('',#5006,(#5017,#5031),.PCURVE_S1.);
#5006 = ( BOUNDED_CURVE() B_SPLINE_CURVE(9,(#5007,#5008,#5009,#5010,
    #5011,#5012,#5013,#5014,#5015,#5016),.UNSPECIFIED.,.F.,.F.) 
B_SPLINE_CURVE_WITH_KNOTS((10,10),(0.,6.60854487188),
.PIECEWISE_BEZIER_KNOTS.) CURVE() GEOMETRIC_REPRESENTATION_ITEM() 
RATIONAL_B_SPLINE_CURVE((1.,1.,1.,1.,1.,1.,1.,1.,1.,1.)) 
REPRESENTATION_ITEM('') );
#5007 = CARTESIAN_POINT('',(3.855195985366,1.11E-15,16.999999786723));
#5008 = CARTESIAN_POINT('',(3.757797460598,-3.95475124E-09,
    16.196870579229));
#5009 = CARTESIAN_POINT('',(3.660214696722,-9.896707641033E-02,
    15.39296409706));
#5010 = CARTESIAN_POINT('',(3.565704082349,-0.296989012561,
    14.605423259694));
#5011 = CARTESIAN_POINT('',(3.470803233579,-0.59726740047,
    13.820735502538));
#5012 = CARTESIAN_POINT('',(3.389021597059,-1.020710633136,
    13.113012569835));
#5013 = CARTESIAN_POINT('',(3.305309423137,-1.549916729532,
    12.402930254974));
#5014 = CARTESIAN_POINT('',(3.233192722133,-2.304060087636,
    11.854786760588));
#5015 = CARTESIAN_POINT('',(3.198349336576,-3.151697458868,
    11.583768965865));
#5016 = CARTESIAN_POINT('',(3.198349336576,-4.,11.583768965865));
#5017 = PCURVE('',#3522,#5018);
#5018 = DEFINITIONAL_REPRESENTATION('',(#5019),#5030);
#5019 = B_SPLINE_CURVE_WITH_KNOTS('',9,(#5020,#5021,#5022,#5023,#5024,
    #5025,#5026,#5027,#5028,#5029),.UNSPECIFIED.,.F.,.F.,(10,10),(0.,
    6.60854487188),.PIECEWISE_BEZIER_KNOTS.);
#5020 = CARTESIAN_POINT('',(-6.66763289E-09,-1.855195583022));
#5021 = CARTESIAN_POINT('',(-0.148281941041,-1.305011537839));
#5022 = CARTESIAN_POINT('',(-0.29659035138,-0.754310028982));
#5023 = CARTESIAN_POINT('',(-0.447365590563,-0.214388090952));
#5024 = CARTESIAN_POINT('',(-0.603711391218,0.323876420632));
#5025 = CARTESIAN_POINT('',(-0.768464895112,0.810561850676));
#5026 = CARTESIAN_POINT('',(-0.94508165951,1.299188518342));
#5027 = CARTESIAN_POINT('',(-1.146721719569,1.670745262819));
#5028 = CARTESIAN_POINT('',(-1.358720691512,1.8551958049));
#5029 = CARTESIAN_POINT('',(-1.570796326795,1.8551958049));
#5030 = ( GEOMETRIC_REPRESENTATION_CONTEXT(2) 
PARAMETRIC_REPRESENTATION_CONTEXT() REPRESENTATION_CONTEXT('2D SPACE',''
  ) );
#5031 = PCURVE('',#5032,#5063);
#5032 = ( BOUNDED_SURFACE() B_SPLINE_SURFACE(2,9,(
    (#5033,#5034,#5035,#5036,#5037,#5038,#5039,#5040,#5041,#5042)
    ,(#5043,#5044,#5045,#5046,#5047,#5048,#5049,#5050,#5051,#5052)
    ,(#5053,#5054,#5055,#5056,#5057,#5058,#5059,#5060,#5061,#5062
)),.UNSPECIFIED.,.F.,.F.,.F.) B_SPLINE_SURFACE_WITH_KNOTS((3,3),(10,10),
  (0.,6.60854487188),(0.,6.60854487188),.PIECEWISE_BEZIER_KNOTS.) 
GEOMETRIC_REPRESENTATION_ITEM() RATIONAL_B_SPLINE_SURFACE((
    (1.,1.,1.,1.,1.,1.,1.,1.,1.,1.)
    ,(1.,1.,0.995565821955,0.987146893323,0.973173542252,0.958247012494
      ,0.93613704886,0.916685709832,0.907177557446,0.907177557446)
,(1.,1.,1.,1.,1.,1.,1.,1.,1.,1.))) REPRESENTATION_ITEM('') SURFACE() );
#5033 = CARTESIAN_POINT('',(3.855195985366,1.11E-15,16.999999786723));
#5034 = CARTESIAN_POINT('',(3.757797460598,-3.95475124E-09,
    16.196870579229));
#5035 = CARTESIAN_POINT('',(3.660214696722,-9.896707641033E-02,
    15.39296409706));
#5036 = CARTESIAN_POINT('',(3.565704082349,-0.296989012561,
    14.605423259694));
#5037 = CARTESIAN_POINT('',(3.470803233579,-0.59726740047,
    13.820735502538));
#5038 = CARTESIAN_POINT('',(3.389021597059,-1.020710633136,
    13.113012569835));
#5039 = CARTESIAN_POINT('',(3.305309423137,-1.549916729532,
    12.402930254974));
#5040 = CARTESIAN_POINT('',(3.233192722133,-2.304060087636,
    11.854786760588));
#5041 = CARTESIAN_POINT('',(3.198349336576,-3.151697458868,
    11.583768965865));
#5042 = CARTESIAN_POINT('',(3.198349336576,-4.,11.583768965865));
#5043 = CARTESIAN_POINT('',(3.85519589328,0.,16.999999829432));
#5044 = CARTESIAN_POINT('',(3.531404630408,-1.343431528E-08,
    16.301871336436));
#5045 = CARTESIAN_POINT('',(3.205001019859,-0.13448301072,
    15.598114004237));
#5046 = CARTESIAN_POINT('',(2.888955698298,-0.407419146183,
    14.916675611096));
#5047 = CARTESIAN_POINT('',(2.605644016762,-0.814216734638,
    14.305843071936));
#5048 = CARTESIAN_POINT('',(2.355982402402,-1.334212544829,
    13.767528072873));
#5049 = CARTESIAN_POINT('',(2.174924221049,-1.970538789659,
    13.377159043164));
#5050 = CARTESIAN_POINT('',(2.060273125214,-2.61781891137,
    13.129954437624));
#5051 = CARTESIAN_POINT('',(2.,-3.301871507004,13.));
#5052 = CARTESIAN_POINT('',(2.,-4.,13.));
#5053 = CARTESIAN_POINT('',(3.8551958049,1.11E-15,17.));
#5054 = CARTESIAN_POINT('',(3.305011800218,-2.29138831E-08,
    16.406872093643));
#5055 = CARTESIAN_POINT('',(2.754350662666,-9.896700531356E-02,
    15.813102886007));
#5056 = CARTESIAN_POINT('',(2.214209478532,-0.296989149677,
    15.232245039531));
#5057 = CARTESIAN_POINT('',(1.676476872076,-0.597267237963,
    14.652942187158));
#5058 = CARTESIAN_POINT('',(1.189050337509,-1.020710755016,
    14.13335693274));
#5059 = CARTESIAN_POINT('',(0.701047957877,-1.549916674686,
    13.610783991278));
#5060 = CARTESIAN_POINT('',(0.329189241586,-2.304060099486,
    13.20166052922));
#5061 = CARTESIAN_POINT('',(0.1448041951,-3.151697458868,13.));
#5062 = CARTESIAN_POINT('',(0.1448041951,-4.,13.));
#5063 = DEFINITIONAL_REPRESENTATION('',(#5064),#5068);
#5064 = LINE('',#5065,#5066);
#5065 = CARTESIAN_POINT('',(0.,0.));
#5066 = VECTOR('',#5067,1.);
#5067 = DIRECTION('',(0.,1.));
#5068 = ( GEOMETRIC_REPRESENTATION_CONTEXT(2) 
PARAMETRIC_REPRESENTATION_CONTEXT() REPRESENTATION_CONTEXT('2D SPACE',''
  ) );
#5069 = ADVANCED_FACE('',(#5070),#1208,.F.);
#5070 = FACE_BOUND('',#5071,.F.);
#5071 = EDGE_LOOP('',(#5072,#5073,#5074,#5075));
#5072 = ORIENTED_EDGE('',*,*,#4817,.T.);
#5073 = ORIENTED_EDGE('',*,*,#1192,.T.);
#5074 = ORIENTED_EDGE('',*,*,#4957,.F.);
#5075 = ORIENTED_EDGE('',*,*,#5076,.T.);
#5076 = EDGE_CURVE('',#4958,#4818,#5077,.T.);
#5077 = SURFACE_CURVE('',#5078,(#5082,#5089),.PCURVE_S1.);
#5078 = LINE('',#5079,#5080);
#5079 = CARTESIAN_POINT('',(3.198349336576,-4.,11.583768965865));
#5080 = VECTOR('',#5081,1.);
#5081 = DIRECTION('',(0.,-1.,4.4E-16));
#5082 = PCURVE('',#1208,#5083);
#5083 = DEFINITIONAL_REPRESENTATION('',(#5084),#5088);
#5084 = LINE('',#5085,#5086);
#5085 = CARTESIAN_POINT('',(1.8551958049,-4.));
#5086 = VECTOR('',#5087,1.);
#5087 = DIRECTION('',(-1.658899655624E-16,-1.));
#5088 = ( GEOMETRIC_REPRESENTATION_CONTEXT(2) 
PARAMETRIC_REPRESENTATION_CONTEXT() REPRESENTATION_CONTEXT('2D SPACE',''
  ) );
#5089 = PCURVE('',#5090,#5095);
#5090 = CYLINDRICAL_SURFACE('',#5091,4.);
#5091 = AXIS2_PLACEMENT_3D('',#5092,#5093,#5094);
#5092 = CARTESIAN_POINT('',(0.1448041951,-4.,9.));
#5093 = DIRECTION('',(0.,-1.,4.4E-16));
#5094 = DIRECTION('',(0.763386285369,2.842145862451E-16,0.645942241466)
  );
#5095 = DEFINITIONAL_REPRESENTATION('',(#5096),#5100);
#5096 = LINE('',#5097,#5098);
#5097 = CARTESIAN_POINT('',(0.,0.));
#5098 = VECTOR('',#5099,1.);
#5099 = DIRECTION('',(0.,1.));
#5100 = ( GEOMETRIC_REPRESENTATION_CONTEXT(2) 
PARAMETRIC_REPRESENTATION_CONTEXT() REPRESENTATION_CONTEXT('2D SPACE',''
  ) );
#5101 = ADVANCED_FACE('',(#5102),#3662,.T.);
#5102 = FACE_BOUND('',#5103,.T.);
#5103 = EDGE_LOOP('',(#5104,#5125,#5397,#5398,#5399));
#5104 = ORIENTED_EDGE('',*,*,#5105,.F.);
#5105 = EDGE_CURVE('',#3943,#2000,#5106,.T.);
#5106 = SURFACE_CURVE('',#5107,(#5111,#5118),.PCURVE_S1.);
#5107 = LINE('',#5108,#5109);
#5108 = CARTESIAN_POINT('',(44.,8.9E-16,6.));
#5109 = VECTOR('',#5110,1.);
#5110 = DIRECTION('',(1.,0.,0.));
#5111 = PCURVE('',#3662,#5112);
#5112 = DEFINITIONAL_REPRESENTATION('',(#5113),#5117);
#5113 = LINE('',#5114,#5115);
#5114 = CARTESIAN_POINT('',(0.,0.));
#5115 = VECTOR('',#5116,1.);
#5116 = DIRECTION('',(0.,1.));
#5117 = ( GEOMETRIC_REPRESENTATION_CONTEXT(2) 
PARAMETRIC_REPRESENTATION_CONTEXT() REPRESENTATION_CONTEXT('2D SPACE',''
  ) );
#5118 = PCURVE('',#100,#5119);
#5119 = DEFINITIONAL_REPRESENTATION('',(#5120),#5124);
#5120 = LINE('',#5121,#5122);
#5121 = CARTESIAN_POINT('',(-44.,-2.153283569923));
#5122 = VECTOR('',#5123,1.);
#5123 = DIRECTION('',(-1.,0.));
#5124 = ( GEOMETRIC_REPRESENTATION_CONTEXT(2) 
PARAMETRIC_REPRESENTATION_CONTEXT() REPRESENTATION_CONTEXT('2D SPACE',''
  ) );
#5125 = ORIENTED_EDGE('',*,*,#5126,.F.);
#5126 = EDGE_CURVE('',#4671,#3943,#5127,.T.);
#5127 = SURFACE_CURVE('',#5128,(#5251,#5390),.PCURVE_S1.);
#5128 = ( BOUNDED_CURVE() B_SPLINE_CURVE(13,(#5129,#5130,#5131,#5132,
    #5133,#5134,#5135,#5136,#5137,#5138,#5139,#5140,#5141,#5142,#5143,
    #5144,#5145,#5146,#5147,#5148,#5149,#5150,#5151,#5152,#5153,#5154,
    #5155,#5156,#5157,#5158,#5159,#5160,#5161,#5162,#5163,#5164,#5165,
    #5166,#5167,#5168,#5169,#5170,#5171,#5172,#5173,#5174,#5175,#5176,
    #5177,#5178,#5179,#5180,#5181,#5182,#5183,#5184,#5185,#5186,#5187,
    #5188,#5189,#5190,#5191,#5192,#5193,#5194,#5195,#5196,#5197,#5198,
    #5199,#5200,#5201,#5202,#5203,#5204,#5205,#5206,#5207,#5208,#5209,
    #5210,#5211,#5212,#5213,#5214,#5215,#5216,#5217,#5218,#5219,#5220,
    #5221,#5222,#5223,#5224,#5225,#5226,#5227,#5228,#5229,#5230,#5231,
    #5232,#5233,#5234,#5235,#5236,#5237,#5238,#5239,#5240,#5241,#5242,
    #5243,#5244,#5245,#5246,#5247,#5248,#5249,#5250),.UNSPECIFIED.,.F.,
.F.) B_SPLINE_CURVE_WITH_KNOTS((14,12,12,12,12,12,12,12,12,12,14),(
    9.045954789351,10.319381503328,10.949664231938,12.610933589512,
    13.019857284606,13.224319132153,13.393797831312,13.411289405506,
13.420035192603,13.424408086152,13.4287809797),.UNSPECIFIED.) CURVE() 
GEOMETRIC_REPRESENTATION_ITEM() RATIONAL_B_SPLINE_CURVE((1.,1.,
    1.000000000001,0.999999999997,1.000000000005,0.999999999993,
    1.000000000008,0.999999999992,1.000000000006,0.999999999997,
    1.000000000002,0.999999999999,1.,1.,1.,1.000000000001,0.999999999998
    ,1.000000000003,0.999999999996,1.000000000004,0.999999999997,
    1.000000000002,0.999999999999,1.,1.,1.,1.,1.,0.999999999999,
    1.000000000002,0.999999999998,1.000000000003,0.999999999997,
    1.000000000002,0.999999999999,1.,1.,1.,0.999999999999,1.000000000002
    ,0.999999999997,1.000000000005,0.999999999994,1.000000000005,
    0.999999999996,1.000000000002,0.999999999999,1.,1.,1.,0.999999999999
    ,1.000000000002,0.999999999996,1.000000000006,0.999999999993,
    1.000000000006,0.999999999995,1.000000000003,0.999999999998,
    1.000000000001,1.,1.,0.999999999998,1.000000000007,0.999999999987,
    1.000000000019,0.999999999977,1.000000000021,0.999999999984,
    1.00000000001,0.999999999995,1.000000000002,1.,1.,1.,0.999999999999,
    1.000000000002,0.999999999997,1.000000000004,0.999999999996,
    1.000000000003,0.999999999998,1.000000000001,0.999999999999,1.,1.,
    1.000000000001,0.999999999996,1.000000000008,0.999999999988,
    1.000000000015,0.999999999986,1.000000000011,0.999999999993,
    1.000000000003,0.999999999999,1.,1.,0.999999999999,1.000000000002,
    0.999999999995,1.000000000007,0.999999999991,1.000000000009,
    0.999999999993,1.000000000004,0.999999999998,1.000000000001,1.,1.,1.
,1.,1.,1.,1.,1.,1.000000000001,1.,1.,1.,1.,1.)) REPRESENTATION_ITEM('') 
  );
#5129 = CARTESIAN_POINT('',(46.,-2.000000000041,9.464101615162));
#5130 = CARTESIAN_POINT('',(46.,-1.913540472694,9.414184183775));
#5131 = CARTESIAN_POINT('',(45.987833897989,-1.828450524925,
    9.36189005314));
#5132 = CARTESIAN_POINT('',(45.965426151573,-1.744725777625,
    9.307430267444));
#5133 = CARTESIAN_POINT('',(45.934131651346,-1.66250082448,
    9.250591227457));
#5134 = CARTESIAN_POINT('',(45.895090140629,-1.581892834553,
    9.191489114968));
#5135 = CARTESIAN_POINT('',(45.849373485604,-1.50290417626,
    9.130328622598));
#5136 = CARTESIAN_POINT('',(45.797984187712,-1.425495491215,
    9.067106906953));
#5137 = CARTESIAN_POINT('',(45.741774823462,-1.349800069143,
    9.001715975635));
#5138 = CARTESIAN_POINT('',(45.681369388499,-1.27630979781,
    8.934409010575));
#5139 = CARTESIAN_POINT('',(45.617178816641,-1.205722384839,
    8.866108422975));
#5140 = CARTESIAN_POINT('',(45.549614235949,-1.137998970824,
    8.797545726918));
#5141 = CARTESIAN_POINT('',(45.479612817737,-1.070040676218,
    8.725735611556));
#5142 = CARTESIAN_POINT('',(45.374950683449,-0.952255604009,
    8.591284687739));
#5143 = CARTESIAN_POINT('',(45.341769920095,-0.900261547094,
    8.530460638655));
#5144 = CARTESIAN_POINT('',(45.30685199392,-0.851309450681,
    8.470040120501));
#5145 = CARTESIAN_POINT('',(45.270314818802,-0.807164536082,
    8.412705323901));
#5146 = CARTESIAN_POINT('',(45.232899155839,-0.766133604256,
    8.357296896088));
#5147 = CARTESIAN_POINT('',(45.195013970502,-0.727144893317,
    8.302879842966));
#5148 = CARTESIAN_POINT('',(45.156703962513,-0.690213375235,
    8.249439524449));
#5149 = CARTESIAN_POINT('',(45.117932968923,-0.655588467159,
    8.197252066695));
#5150 = CARTESIAN_POINT('',(45.078796975203,-0.623056593356,
    8.146263996335));
#5151 = CARTESIAN_POINT('',(45.039500502545,-0.592046494781,
    8.096106384321));
#5152 = CARTESIAN_POINT('',(45.000150174174,-0.562360643834,
    8.046659268462));
#5153 = CARTESIAN_POINT('',(44.960639296798,-0.534531582844,
    7.998372606119));
#5154 = CARTESIAN_POINT('',(44.816947194043,-0.437987380778,
    7.825557590802));
#5155 = CARTESIAN_POINT('',(44.712594289624,-0.3776368403,7.706138313073
    ));
#5156 = CARTESIAN_POINT('',(44.608751375307,-0.325039178973,
    7.591645730511));
#5157 = CARTESIAN_POINT('',(44.505766543709,-0.278803884993,
    7.481270733388));
#5158 = CARTESIAN_POINT('',(44.403757619819,-0.237918536915,
    7.374325461013));
#5159 = CARTESIAN_POINT('',(44.302705179297,-0.201648584535,
    7.270234405706));
#5160 = CARTESIAN_POINT('',(44.202524184496,-0.169454973569,
    7.168523188433));
#5161 = CARTESIAN_POINT('',(44.103114238238,-0.140929614061,
    7.06880500617));
#5162 = CARTESIAN_POINT('',(44.004388455314,-0.115748692624,
    6.970764750924));
#5163 = CARTESIAN_POINT('',(43.906280951716,-9.364382838678E-02,
    6.874140800465));
#5164 = CARTESIAN_POINT('',(43.80873295162,-7.439107277404E-02,
    6.778704480741));
#5165 = CARTESIAN_POINT('',(43.711657512086,-5.781775301275E-02,
    6.684237199988));
#5166 = CARTESIAN_POINT('',(43.591061655603,-4.038335594612E-02,
    6.567433009614));
#5167 = CARTESIAN_POINT('',(43.567261444657,-3.709453649165E-02,
    6.544406580605));
#5168 = CARTESIAN_POINT('',(43.543481352111,-3.395943311071E-02,
    6.521423802858));
#5169 = CARTESIAN_POINT('',(43.519720497415,-3.097677784332E-02,
    6.498482511758));
#5170 = CARTESIAN_POINT('',(43.495978000008,-2.814530271224E-02,
    6.475580542625));
#5171 = CARTESIAN_POINT('',(43.472252979346,-2.546373977301E-02,
    6.452715730899));
#5172 = CARTESIAN_POINT('',(43.448544554862,-2.293082103051E-02,
    6.429885911841));
#5173 = CARTESIAN_POINT('',(43.424851846014,-2.054527855452E-02,
    6.407088920932));
#5174 = CARTESIAN_POINT('',(43.401173972238,-1.830584434551E-02,
    6.384322593427));
#5175 = CARTESIAN_POINT('',(43.377510052987,-1.621125046551E-02,
    6.361584764776));
#5176 = CARTESIAN_POINT('',(43.353859207702,-1.426022893145E-02,
    6.338873270288));
#5177 = CARTESIAN_POINT('',(43.330220555831,-1.24515117871E-02,
    6.316185945356));
#5178 = CARTESIAN_POINT('',(43.294779547313,-9.949990701881E-03,
    6.282187965323));
#5179 = CARTESIAN_POINT('',(43.282968604132,-9.151572107509E-03,
    6.270860788288));
#5180 = CARTESIAN_POINT('',(43.271160260894,-8.388500905166E-03,
    6.259538838276));
#5181 = CARTESIAN_POINT('',(43.259354391222,-7.660702724061E-03,
    6.248221859344));
#5182 = CARTESIAN_POINT('',(43.247550868721,-6.968103183417E-03,
    6.236909595527));
#5183 = CARTESIAN_POINT('',(43.235749567035,-6.310627920381E-03,
    6.225601790899));
#5184 = CARTESIAN_POINT('',(43.223950359745,-5.688202545366E-03,
    6.214298189473));
#5185 = CARTESIAN_POINT('',(43.212153120514,-5.10075270213E-03,
    6.202998535346));
#5186 = CARTESIAN_POINT('',(43.200357722917,-4.548203999641E-03,
    6.191702572517));
#5187 = CARTESIAN_POINT('',(43.188564040608,-4.030482077096E-03,
    6.180410045078));
#5188 = CARTESIAN_POINT('',(43.176771947181,-3.547512552029E-03,
    6.16912069705));
#5189 = CARTESIAN_POINT('',(43.164981316268,-3.099221054546E-03,
    6.157834272499));
#5190 = CARTESIAN_POINT('',(43.143419859251,-2.342626800092E-03,
    6.137197394157));
#5191 = CARTESIAN_POINT('',(43.133648616097,-2.023507140674E-03,
    6.127846111758));
#5192 = CARTESIAN_POINT('',(43.123878221165,-1.728158164468E-03,
    6.118496527888));
#5193 = CARTESIAN_POINT('',(43.114108603613,-1.456563805548E-03,
    6.109148502187));
#5194 = CARTESIAN_POINT('',(43.104339692571,-1.208707997512E-03,
    6.099801894247));
#5195 = CARTESIAN_POINT('',(43.094571417217,-9.845746744943E-04,
    6.090456563743));
#5196 = CARTESIAN_POINT('',(43.084803706664,-7.841477699684E-04,
    6.08111237023));
#5197 = CARTESIAN_POINT('',(43.075036490097,-6.074112182553E-04,
    6.071769173411));
#5198 = CARTESIAN_POINT('',(43.065269696634,-4.543489527063E-04,
    6.062426832834));
#5199 = CARTESIAN_POINT('',(43.055503255446,-3.249449075596E-04,
    6.053085208184));
#5200 = CARTESIAN_POINT('',(43.045737095668,-2.191830164725E-04,
    6.043744159045));
#5201 = CARTESIAN_POINT('',(43.035971146455,-1.370472132797E-04,
    6.034403545061));
#5202 = CARTESIAN_POINT('',(43.02519742633,-7.248109738701E-05,
    6.024099229268));
#5203 = CARTESIAN_POINT('',(43.024189517296,-6.669247809199E-05,
    6.023135235941));
#5204 = CARTESIAN_POINT('',(43.023181609783,-6.115557154663E-05,
    6.022171245729));
#5205 = CARTESIAN_POINT('',(43.022173703728,-5.587037013278E-05,
    6.021207258476));
#5206 = CARTESIAN_POINT('',(43.021165799057,-5.083687830532E-05,
    6.020243274065));
#5207 = CARTESIAN_POINT('',(43.020157895712,-4.605507840528E-05,
    6.019279292311));
#5208 = CARTESIAN_POINT('',(43.019149993616,-4.152498554977E-05,
    6.018315313128));
#5209 = CARTESIAN_POINT('',(43.018142092712,-3.72465746914E-05,
    6.01735133631));
#5210 = CARTESIAN_POINT('',(43.017134192922,-3.321986182781E-05,
    6.01638736177));
#5211 = CARTESIAN_POINT('',(43.016126294189,-2.944482799694E-05,
    6.015423389325));
#5212 = CARTESIAN_POINT('',(43.015118396439,-2.592147881731E-05,
    6.014459418855));
#5213 = CARTESIAN_POINT('',(43.014110499608,-2.264980595646E-05,
    6.013495450207));
#5214 = CARTESIAN_POINT('',(43.012598655638,-1.811980777578E-05,
    6.012049499758));
#5215 = CARTESIAN_POINT('',(43.01209470786,-1.667272749295E-05,
    6.011567516694));
#5216 = CARTESIAN_POINT('',(43.011590760284,-1.528856464306E-05,
    6.011085534033));
#5217 = CARTESIAN_POINT('',(43.011086812903,-1.396732330561E-05,
    6.010603551751));
#5218 = CARTESIAN_POINT('',(43.010582865701,-1.270899415407E-05,
    6.010121569834));
#5219 = CARTESIAN_POINT('',(43.010078918681,-1.151359169216E-05,
    6.009639588259));
#5220 = CARTESIAN_POINT('',(43.009574971813,-1.03810964599E-05,
    6.009157607008));
#5221 = CARTESIAN_POINT('',(43.009071025113,-9.31152867434E-06,
    6.008675626067));
#5222 = CARTESIAN_POINT('',(43.008567078545,-8.30487017134E-06,
    6.008193645405));
#5223 = CARTESIAN_POINT('',(43.008063132123,-7.36113361932E-06,
    6.007711665018));
#5224 = CARTESIAN_POINT('',(43.00755918582,-6.48031119233E-06,
    6.007229684875));
#5225 = CARTESIAN_POINT('',(43.007055239635,-5.66240620337E-06,
    6.006747704963));
#5226 = CARTESIAN_POINT('',(43.006299320518,-4.52992260969E-06,
    6.006024735409));
#5227 = CARTESIAN_POINT('',(43.006047347504,-4.16815726045E-06,
    6.00578374561));
#5228 = CARTESIAN_POINT('',(43.005795374518,-3.82212063865E-06,
    6.005542755862));
#5229 = CARTESIAN_POINT('',(43.005543401551,-3.49181382986E-06,
    6.00530176616));
#5230 = CARTESIAN_POINT('',(43.005291428616,-3.17723466892E-06,
    6.005060776506));
#5231 = CARTESIAN_POINT('',(43.005039455689,-2.87838656965E-06,
    6.004819786891));
#5232 = CARTESIAN_POINT('',(43.004787482799,-2.59526495339E-06,
    6.00457879732));
#5233 = CARTESIAN_POINT('',(43.004535509911,-2.3278749195E-06,
    6.004337807784));
#5234 = CARTESIAN_POINT('',(43.004283537055,-2.07621159576E-06,
    6.004096818285));
#5235 = CARTESIAN_POINT('',(43.004031564206,-1.84027890438E-06,
    6.00385582882));
#5236 = CARTESIAN_POINT('',(43.003779591378,-1.62007408966E-06,
    6.003614839384));
#5237 = CARTESIAN_POINT('',(43.003527618562,-1.41559877343E-06,
    6.003373849978));
#5238 = CARTESIAN_POINT('',(43.003023672957,-1.03810544538E-06,
    6.002891871217));
#5239 = CARTESIAN_POINT('',(43.002673678049,-8.6508837294E-07,
    6.002699892922));
#5240 = CARTESIAN_POINT('',(43.00321479332,-7.0779764572E-07,
    6.002062359564));
#5241 = CARTESIAN_POINT('',(42.99976551728,-5.6624216771E-07,
    6.003420021899));
#5242 = CARTESIAN_POINT('',(43.007841096296,-4.4040373315E-07,
    5.999015256706));
#5243 = CARTESIAN_POINT('',(42.992206652675,-3.3031178759E-07,
    6.00646550289));
#5244 = CARTESIAN_POINT('',(43.012980424027,-2.3592736564E-07,
    5.995711641558));
#5245 = CARTESIAN_POINT('',(42.991065563623,-1.5729320613E-07,
    6.006302096167));
#5246 = CARTESIAN_POINT('',(43.007680523477,-9.437022452E-08,
    5.997627640619));
#5247 = CARTESIAN_POINT('',(42.997628121824,-4.718808599E-08,
    6.002286865859));
#5248 = CARTESIAN_POINT('',(43.00148416643,-1.572831509E-08,
    5.999991867963));
#5249 = CARTESIAN_POINT('',(43.000083934893,-1.199E-13,6.000325008146));
#5250 = CARTESIAN_POINT('',(43.000000000002,1.78E-15,6.000000000004));
#5251 = PCURVE('',#3662,#5252);
#5252 = DEFINITIONAL_REPRESENTATION('',(#5253),#5389);
#5253 = B_SPLINE_CURVE_WITH_KNOTS('',8,(#5254,#5255,#5256,#5257,#5258,
    #5259,#5260,#5261,#5262,#5263,#5264,#5265,#5266,#5267,#5268,#5269,
    #5270,#5271,#5272,#5273,#5274,#5275,#5276,#5277,#5278,#5279,#5280,
    #5281,#5282,#5283,#5284,#5285,#5286,#5287,#5288,#5289,#5290,#5291,
    #5292,#5293,#5294,#5295,#5296,#5297,#5298,#5299,#5300,#5301,#5302,
    #5303,#5304,#5305,#5306,#5307,#5308,#5309,#5310,#5311,#5312,#5313,
    #5314,#5315,#5316,#5317,#5318,#5319,#5320,#5321,#5322,#5323,#5324,
    #5325,#5326,#5327,#5328,#5329,#5330,#5331,#5332,#5333,#5334,#5335,
    #5336,#5337,#5338,#5339,#5340,#5341,#5342,#5343,#5344,#5345,#5346,
    #5347,#5348,#5349,#5350,#5351,#5352,#5353,#5354,#5355,#5356,#5357,
    #5358,#5359,#5360,#5361,#5362,#5363,#5364,#5365,#5366,#5367,#5368,
    #5369,#5370,#5371,#5372,#5373,#5374,#5375,#5376,#5377,#5378,#5379,
    #5380,#5381,#5382,#5383,#5384,#5385,#5386,#5387,#5388),
  .UNSPECIFIED.,.F.,.F.,(9,7,7,7,7,7,7,7,7,7,7,7,7,7,7,7,7,7,7,9),(
    9.045954789351,10.141661336938,10.278624655387,10.312865484999,
    10.347106314611,10.415587973835,10.689514610732,10.963441247629,
    11.237367884526,12.333074432113,12.880927705907,13.154854342803,
    13.291817661252,13.360299320476,13.394540150088,13.411660564894,
    13.420220772297,13.424500875999,13.426640927849,13.4287809797),
  .UNSPECIFIED.);
#5254 = CARTESIAN_POINT('',(1.047197551208,2.));
#5255 = CARTESIAN_POINT('',(1.012299923928,1.999999999999));
#5256 = CARTESIAN_POINT('',(0.977397392363,1.974913264802));
#5257 = CARTESIAN_POINT('',(0.94253476376,1.930968931469));
#5258 = CARTESIAN_POINT('',(0.907512489713,1.871331043334));
#5259 = CARTESIAN_POINT('',(0.872927883494,1.799573832824));
#5260 = CARTESIAN_POINT('',(0.837338888782,1.718916297287));
#5261 = CARTESIAN_POINT('',(0.803985210136,1.629587252376));
#5262 = CARTESIAN_POINT('',(0.764081191882,1.523248760154));
#5263 = CARTESIAN_POINT('',(0.759613811266,1.511352394797));
#5264 = CARTESIAN_POINT('',(0.755105240669,1.499381360244));
#5265 = CARTESIAN_POINT('',(0.75054510943,1.487343139099));
#5266 = CARTESIAN_POINT('',(0.745920265396,1.475246388435));
#5267 = CARTESIAN_POINT('',(0.741214774925,1.463100939793));
#5268 = CARTESIAN_POINT('',(0.736409922883,1.450917799183));
#5269 = CARTESIAN_POINT('',(0.730252785086,1.435656984058));
#5270 = CARTESIAN_POINT('',(0.729013811664,1.432603223633));
#5271 = CARTESIAN_POINT('',(0.727766899298,1.429548080876));
#5272 = CARTESIAN_POINT('',(0.726511654905,1.426491770852));
#5273 = CARTESIAN_POINT('',(0.725247685403,1.423434508627));
#5274 = CARTESIAN_POINT('',(0.72397459771,1.420376509269));
#5275 = CARTESIAN_POINT('',(0.722691998743,1.417317987843));
#5276 = CARTESIAN_POINT('',(0.720106992096,1.411200330987));
#5277 = CARTESIAN_POINT('',(0.718797320235,1.408143784586));
#5278 = CARTESIAN_POINT('',(0.717546592536,1.405061870863));
#5279 = CARTESIAN_POINT('',(0.716058112832,1.402064569666));
#5280 = CARTESIAN_POINT('',(0.714730818738,1.399000735662));
#5281 = CARTESIAN_POINT('',(0.713255329671,1.395986947291));
#5282 = CARTESIAN_POINT('',(0.711794606074,1.392960840047));
#5283 = CARTESIAN_POINT('',(0.707320751838,1.383896089867));
#5284 = CARTESIAN_POINT('',(0.704243813821,1.377860139728));
#5285 = CARTESIAN_POINT('',(0.701096283118,1.371819714572));
#5286 = CARTESIAN_POINT('',(0.69789845065,1.365765254204));
#5287 = CARTESIAN_POINT('',(0.694667122414,1.359689329899));
#5288 = CARTESIAN_POINT('',(0.691415619484,1.353586644398));
#5289 = CARTESIAN_POINT('',(0.688153778013,1.347454031914));
#5290 = CARTESIAN_POINT('',(0.671824634109,1.316636162969));
#5291 = CARTESIAN_POINT('',(0.658717276332,1.291471992374));
#5292 = CARTESIAN_POINT('',(0.646024456869,1.265698238825));
#5293 = CARTESIAN_POINT('',(0.63376023237,1.239440620529));
#5294 = CARTESIAN_POINT('',(0.62182431127,1.2128464566));
#5295 = CARTESIAN_POINT('',(0.610173335631,1.185988601037));
#5296 = CARTESIAN_POINT('',(0.598833268731,1.158877135471));
#5297 = CARTESIAN_POINT('',(0.576672508052,1.10428050593));
#5298 = CARTESIAN_POINT('',(0.565858302902,1.076791470294));
#5299 = CARTESIAN_POINT('',(0.555293256054,1.049146682469));
#5300 = CARTESIAN_POINT('',(0.544948091696,1.021398602906));
#5301 = CARTESIAN_POINT('',(0.534808198306,0.993583977067));
#5302 = CARTESIAN_POINT('',(0.524877363376,0.965716016732));
#5303 = CARTESIAN_POINT('',(0.515158319634,0.937801969343));
#5304 = CARTESIAN_POINT('',(0.496061885896,0.881970181478));
#5305 = CARTESIAN_POINT('',(0.486696085303,0.854045546595));
#5306 = CARTESIAN_POINT('',(0.477501836889,0.826126724179));
#5307 = CARTESIAN_POINT('',(0.46846896204,0.798226334301));
#5308 = CARTESIAN_POINT('',(0.459587967621,0.770355063675));
#5309 = CARTESIAN_POINT('',(0.450850045984,0.742521665669));
#5310 = CARTESIAN_POINT('',(0.442247074961,0.714732960295));
#5311 = CARTESIAN_POINT('',(0.399869789482,0.576037329895));
#5312 = CARTESIAN_POINT('',(0.368004332538,0.465902988612));
#5313 = CARTESIAN_POINT('',(0.337703501619,0.356865028694));
#5314 = CARTESIAN_POINT('',(0.308623220392,0.248964943807));
#5315 = CARTESIAN_POINT('',(0.280516734764,0.14209582643));
#5316 = CARTESIAN_POINT('',(0.253204266043,3.608669132549E-02));
#5317 = CARTESIAN_POINT('',(0.226542664098,-6.92132009919E-02));
#5318 = CARTESIAN_POINT('',(0.18732125873,-0.226168430674));
#5319 = CARTESIAN_POINT('',(0.174376790323,-0.278324035528));
#5320 = CARTESIAN_POINT('',(0.161545046377,-0.330341939978));
#5321 = CARTESIAN_POINT('',(0.148811216081,-0.382242902871));
#5322 = CARTESIAN_POINT('',(0.136162286735,-0.434043337263));
#5323 = CARTESIAN_POINT('',(0.12358704375,-0.485755310422));
#5324 = CARTESIAN_POINT('',(0.111076070649,-0.537386543825));
#5325 = CARTESIAN_POINT('',(9.23945882676E-02,-0.614717347826));
#5326 = CARTESIAN_POINT('',(8.61812058191E-02,-0.640475738839));
#5327 = CARTESIAN_POINT('',(7.998040576527E-02,-0.66621716345));
#5328 = CARTESIAN_POINT('',(7.379099215566E-02,-0.691943198911));
#5329 = CARTESIAN_POINT('',(6.761176903975E-02,-0.717655422475));
#5330 = CARTESIAN_POINT('',(6.14415404671E-02,-0.743355411394));
#5331 = CARTESIAN_POINT('',(5.527911048722E-02,-0.769044742921));
#5332 = CARTESIAN_POINT('',(4.604536948084E-02,-0.80756512));
#5333 = CARTESIAN_POINT('',(4.296911734336E-02,-0.820402989009));
#5334 = CARTESIAN_POINT('',(3.989438625467E-02,-0.833238792913));
#5335 = CARTESIAN_POINT('',(3.682103573224E-02,-0.846072723288));
#5336 = CARTESIAN_POINT('',(3.374892529354E-02,-0.858904971713));
#5337 = CARTESIAN_POINT('',(3.067791445605E-02,-0.871735729764));
#5338 = CARTESIAN_POINT('',(2.760786273723E-02,-0.88456518902));
#5339 = CARTESIAN_POINT('',(2.300401311324E-02,-0.903807717077));
#5340 = CARTESIAN_POINT('',(2.14696019015E-02,-0.910221616275));
#5341 = CARTESIAN_POINT('',(1.993537865526E-02,-0.916635262546));
#5342 = CARTESIAN_POINT('',(1.84013260104E-02,-0.92304867979));
#5343 = CARTESIAN_POINT('',(1.686742660283E-02,-0.929461891901));
#5344 = CARTESIAN_POINT('',(1.533366306844E-02,-0.935874922777));
#5345 = CARTESIAN_POINT('',(1.380001804313E-02,-0.942287796314));
#5346 = CARTESIAN_POINT('',(1.149970222263E-02,-0.951906906458));
#5347 = CARTESIAN_POINT('',(1.073295555959E-02,-0.95511324317));
#5348 = CARTESIAN_POINT('',(9.966232012218E-03,-0.958319549502));
#5349 = CARTESIAN_POINT('',(9.199529419066E-03,-0.961525828411));
#5350 = CARTESIAN_POINT('',(8.432845618682E-03,-0.964732082852));
#5351 = CARTESIAN_POINT('',(7.666178449612E-03,-0.96793831578));
#5352 = CARTESIAN_POINT('',(6.899525750405E-03,-0.971144530153));
#5353 = CARTESIAN_POINT('',(5.749565164207E-03,-0.975953828312));
#5354 = CARTESIAN_POINT('',(5.366248125904E-03,-0.977556923538));
#5355 = CARTESIAN_POINT('',(4.982933987766E-03,-0.979160014924));
#5356 = CARTESIAN_POINT('',(4.599622492864E-03,-0.980763102791));
#5357 = CARTESIAN_POINT('',(4.216313384265E-03,-0.982366187461));
#5358 = CARTESIAN_POINT('',(3.833006405043E-03,-0.983969269255));
#5359 = CARTESIAN_POINT('',(3.449701298265E-03,-0.985572348495));
#5360 = CARTESIAN_POINT('',(2.874746061369E-03,-0.987976964003));
#5361 = CARTESIAN_POINT('',(2.683094718971E-03,-0.98877850195));
#5362 = CARTESIAN_POINT('',(2.491443746281E-03,-0.989580039388));
#5363 = CARTESIAN_POINT('',(2.299793109774E-03,-0.990381576361));
#5364 = CARTESIAN_POINT('',(2.108142775923E-03,-0.991183112917));
#5365 = CARTESIAN_POINT('',(1.916492711203E-03,-0.991984649102));
#5366 = CARTESIAN_POINT('',(1.724842882088E-03,-0.992786184961));
#5367 = CARTESIAN_POINT('',(1.437368441536E-03,-0.993988488329));
#5368 = CARTESIAN_POINT('',(1.341890715247E-03,-0.994392032344));
#5369 = CARTESIAN_POINT('',(1.24626770521E-03,-0.994794413656));
#5370 = CARTESIAN_POINT('',(1.15026472549E-03,-0.995193754816));
#5371 = CARTESIAN_POINT('',(1.053904775199E-03,-0.995590239858));
#5372 = CARTESIAN_POINT('',(9.574685384918E-04,-0.995986114293));
#5373 = CARTESIAN_POINT('',(8.614943845683E-04,-0.996385685116));
#5374 = CARTESIAN_POINT('',(7.194203592247E-04,-0.997000138641));
#5375 = CARTESIAN_POINT('',(6.706532634516E-04,-0.997193683725));
#5376 = CARTESIAN_POINT('',(6.222920257702E-04,-0.99739047562));
#5377 = CARTESIAN_POINT('',(5.746739117884E-04,-0.997593212455));
#5378 = CARTESIAN_POINT('',(5.273095776425E-04,-0.997797979484));
#5379 = CARTESIAN_POINT('',(4.795341403354E-04,-0.997999457649));
#5380 = CARTESIAN_POINT('',(4.311582480741E-04,-0.99819613214));
#5381 = CARTESIAN_POINT('',(3.350800531417E-04,-0.998594869778));
#5382 = CARTESIAN_POINT('',(2.777333964196E-04,-0.998719778094));
#5383 = CARTESIAN_POINT('',(2.836655353489E-04,-0.999350916749));
#5384 = CARTESIAN_POINT('',(1.068791330245E-04,-0.998520307057));
#5385 = CARTESIAN_POINT('',(2.341122166402E-04,-1.000121853233));
#5386 = CARTESIAN_POINT('',(4.052838916942E-05,-0.999156864115));
#5387 = CARTESIAN_POINT('',(6.461643752068E-05,-0.999933249995));
#5388 = CARTESIAN_POINT('',(5.9998E-13,-0.999999999994));
#5389 = ( GEOMETRIC_REPRESENTATION_CONTEXT(2) 
PARAMETRIC_REPRESENTATION_CONTEXT() REPRESENTATION_CONTEXT('2D SPACE',''
  ) );
#5390 = PCURVE('',#4220,#5391);
#5391 = DEFINITIONAL_REPRESENTATION('',(#5392),#5396);
#5392 = LINE('',#5393,#5394);
#5393 = CARTESIAN_POINT('',(4.382826190349,0.));
#5394 = VECTOR('',#5395,1.);
#5395 = DIRECTION('',(0.,1.));
#5396 = ( GEOMETRIC_REPRESENTATION_CONTEXT(2) 
PARAMETRIC_REPRESENTATION_CONTEXT() REPRESENTATION_CONTEXT('2D SPACE',''
  ) );
#5397 = ORIENTED_EDGE('',*,*,#4701,.F.);
#5398 = ORIENTED_EDGE('',*,*,#3704,.T.);
#5399 = ORIENTED_EDGE('',*,*,#3631,.F.);
#5400 = ADVANCED_FACE('',(#5401),#4632,.T.);
#5401 = FACE_BOUND('',#5402,.F.);
#5402 = EDGE_LOOP('',(#5403,#5404,#5405,#5434));
#5403 = ORIENTED_EDGE('',*,*,#4617,.F.);
#5404 = ORIENTED_EDGE('',*,*,#4777,.T.);
#5405 = ORIENTED_EDGE('',*,*,#5406,.T.);
#5406 = EDGE_CURVE('',#4755,#5407,#5409,.T.);
#5407 = VERTEX_POINT('',#5408);
#5408 = CARTESIAN_POINT('',(42.,-3.E-15,16.5));
#5409 = SURFACE_CURVE('',#5410,(#5415,#5422),.PCURVE_S1.);
#5410 = CIRCLE('',#5411,1.);
#5411 = AXIS2_PLACEMENT_3D('',#5412,#5413,#5414);
#5412 = CARTESIAN_POINT('',(42.,-1.,16.5));
#5413 = DIRECTION('',(-1.,0.,8.4E-16));
#5414 = DIRECTION('',(8.4E-16,0.,1.));
#5415 = PCURVE('',#4632,#5416);
#5416 = DEFINITIONAL_REPRESENTATION('',(#5417),#5421);
#5417 = LINE('',#5418,#5419);
#5418 = CARTESIAN_POINT('',(-1.570796326795,0.));
#5419 = VECTOR('',#5420,1.);
#5420 = DIRECTION('',(-0.,1.));
#5421 = ( GEOMETRIC_REPRESENTATION_CONTEXT(2) 
PARAMETRIC_REPRESENTATION_CONTEXT() REPRESENTATION_CONTEXT('2D SPACE',''
  ) );
#5422 = PCURVE('',#5423,#5428);
#5423 = CYLINDRICAL_SURFACE('',#5424,1.);
#5424 = AXIS2_PLACEMENT_3D('',#5425,#5426,#5427);
#5425 = CARTESIAN_POINT('',(42.,-1.,16.5));
#5426 = DIRECTION('',(-1.,0.,0.));
#5427 = DIRECTION('',(0.,4.4E-16,1.));
#5428 = DEFINITIONAL_REPRESENTATION('',(#5429),#5433);
#5429 = LINE('',#5430,#5431);
#5430 = CARTESIAN_POINT('',(0.,0.));
#5431 = VECTOR('',#5432,1.);
#5432 = DIRECTION('',(1.,0.));
#5433 = ( GEOMETRIC_REPRESENTATION_CONTEXT(2) 
PARAMETRIC_REPRESENTATION_CONTEXT() REPRESENTATION_CONTEXT('2D SPACE',''
  ) );
#5434 = ORIENTED_EDGE('',*,*,#5435,.F.);
#5435 = EDGE_CURVE('',#4595,#5407,#5436,.T.);
#5436 = SURFACE_CURVE('',#5437,(#5442,#5449),.PCURVE_S1.);
#5437 = CIRCLE('',#5438,1.);
#5438 = AXIS2_PLACEMENT_3D('',#5439,#5440,#5441);
#5439 = CARTESIAN_POINT('',(42.,1.01E-15,15.5));
#5440 = DIRECTION('',(0.,-1.,0.));
#5441 = DIRECTION('',(1.,0.,-7.8E-16));
#5442 = PCURVE('',#4632,#5443);
#5443 = DEFINITIONAL_REPRESENTATION('',(#5444),#5448);
#5444 = LINE('',#5445,#5446);
#5445 = CARTESIAN_POINT('',(-0.,1.570796326795));
#5446 = VECTOR('',#5447,1.);
#5447 = DIRECTION('',(-1.,0.));
#5448 = ( GEOMETRIC_REPRESENTATION_CONTEXT(2) 
PARAMETRIC_REPRESENTATION_CONTEXT() REPRESENTATION_CONTEXT('2D SPACE',''
  ) );
#5449 = PCURVE('',#100,#5450);
#5450 = DEFINITIONAL_REPRESENTATION('',(#5451),#5459);
#5451 = ( BOUNDED_CURVE() B_SPLINE_CURVE(2,(#5452,#5453,#5454,#5455,
#5456,#5457,#5458),.UNSPECIFIED.,.T.,.F.) B_SPLINE_CURVE_WITH_KNOTS((1,2
    ,2,2,2,1),(-2.094395102393,0.,2.094395102393,4.188790204786,
6.28318530718,8.377580409573),.UNSPECIFIED.) CURVE() 
GEOMETRIC_REPRESENTATION_ITEM() RATIONAL_B_SPLINE_CURVE((1.,0.5,1.,0.5,
1.,0.5,1.)) REPRESENTATION_ITEM('') );
#5452 = CARTESIAN_POINT('',(-43.,7.346716430077));
#5453 = CARTESIAN_POINT('',(-43.,9.078767237646));
#5454 = CARTESIAN_POINT('',(-41.5,8.212741833862));
#5455 = CARTESIAN_POINT('',(-40.,7.346716430077));
#5456 = CARTESIAN_POINT('',(-41.5,6.480691026293));
#5457 = CARTESIAN_POINT('',(-43.,5.614665622508));
#5458 = CARTESIAN_POINT('',(-43.,7.346716430077));
#5459 = ( GEOMETRIC_REPRESENTATION_CONTEXT(2) 
PARAMETRIC_REPRESENTATION_CONTEXT() REPRESENTATION_CONTEXT('2D SPACE',''
  ) );
#5460 = ADVANCED_FACE('',(#5461),#5423,.T.);
#5461 = FACE_BOUND('',#5462,.T.);
#5462 = EDGE_LOOP('',(#5463,#5464,#5487,#5524));
#5463 = ORIENTED_EDGE('',*,*,#5406,.T.);
#5464 = ORIENTED_EDGE('',*,*,#5465,.T.);
#5465 = EDGE_CURVE('',#5407,#5466,#5468,.T.);
#5466 = VERTEX_POINT('',#5467);
#5467 = CARTESIAN_POINT('',(15.917237469702,-3.E-15,16.5));
#5468 = SURFACE_CURVE('',#5469,(#5473,#5480),.PCURVE_S1.);
#5469 = LINE('',#5470,#5471);
#5470 = CARTESIAN_POINT('',(42.,7.8E-16,16.5));
#5471 = VECTOR('',#5472,1.);
#5472 = DIRECTION('',(-1.,0.,0.));
#5473 = PCURVE('',#5423,#5474);
#5474 = DEFINITIONAL_REPRESENTATION('',(#5475),#5479);
#5475 = LINE('',#5476,#5477);
#5476 = CARTESIAN_POINT('',(1.570796326795,0.));
#5477 = VECTOR('',#5478,1.);
#5478 = DIRECTION('',(0.,1.));
#5479 = ( GEOMETRIC_REPRESENTATION_CONTEXT(2) 
PARAMETRIC_REPRESENTATION_CONTEXT() REPRESENTATION_CONTEXT('2D SPACE',''
  ) );
#5480 = PCURVE('',#100,#5481);
#5481 = DEFINITIONAL_REPRESENTATION('',(#5482),#5486);
#5482 = LINE('',#5483,#5484);
#5483 = CARTESIAN_POINT('',(-42.,8.346716430077));
#5484 = VECTOR('',#5485,1.);
#5485 = DIRECTION('',(1.,0.));
#5486 = ( GEOMETRIC_REPRESENTATION_CONTEXT(2) 
PARAMETRIC_REPRESENTATION_CONTEXT() REPRESENTATION_CONTEXT('2D SPACE',''
  ) );
#5487 = ORIENTED_EDGE('',*,*,#5488,.F.);
#5488 = EDGE_CURVE('',#5489,#5466,#5491,.T.);
#5489 = VERTEX_POINT('',#5490);
#5490 = CARTESIAN_POINT('',(16.,-1.,17.5));
#5491 = SURFACE_CURVE('',#5492,(#5497,#5508),.PCURVE_S1.);
#5492 = ELLIPSE('',#5493,1.003418973521,1.);
#5493 = AXIS2_PLACEMENT_3D('',#5494,#5495,#5496);
#5494 = CARTESIAN_POINT('',(15.917237469702,-1.,16.5));
#5495 = DIRECTION('',(-0.99659267603,0.,8.248053154489E-02));
#5496 = DIRECTION('',(-8.248053154489E-02,0.,-0.99659267603));
#5497 = PCURVE('',#5423,#5498);
#5498 = DEFINITIONAL_REPRESENTATION('',(#5499),#5507);
#5499 = B_SPLINE_CURVE_WITH_KNOTS('',6,(#5500,#5501,#5502,#5503,#5504,
    #5505,#5506),.UNSPECIFIED.,.F.,.F.,(7,7),(3.14159265359,
    4.712388980385),.PIECEWISE_BEZIER_KNOTS.);
#5500 = CARTESIAN_POINT('',(2.2E-16,26.));
#5501 = CARTESIAN_POINT('',(0.261799387799,26.));
#5502 = CARTESIAN_POINT('',(0.523598760791,26.006805510348));
#5503 = CARTESIAN_POINT('',(0.785398170908,26.020426653113));
#5504 = CARTESIAN_POINT('',(1.047197560652,26.039429825923));
#5505 = CARTESIAN_POINT('',(1.308996938996,26.061095350533));
#5506 = CARTESIAN_POINT('',(1.570796326795,26.082762530298));
#5507 = ( GEOMETRIC_REPRESENTATION_CONTEXT(2) 
PARAMETRIC_REPRESENTATION_CONTEXT() REPRESENTATION_CONTEXT('2D SPACE',''
  ) );
#5508 = PCURVE('',#5509,#5514);
#5509 = CYLINDRICAL_SURFACE('',#5510,1.);
#5510 = AXIS2_PLACEMENT_3D('',#5511,#5512,#5513);
#5511 = CARTESIAN_POINT('',(12.835601012695,-1.,17.013606076168));
#5512 = DIRECTION('',(0.986393923832,0.,-0.164398987305));
#5513 = DIRECTION('',(0.,1.,0.));
#5514 = DEFINITIONAL_REPRESENTATION('',(#5515),#5523);
#5515 = B_SPLINE_CURVE_WITH_KNOTS('',6,(#5516,#5517,#5518,#5519,#5520,
    #5521,#5522),.UNSPECIFIED.,.F.,.F.,(7,7),(3.14159265359,
    4.712388980385),.PIECEWISE_BEZIER_KNOTS.);
#5516 = CARTESIAN_POINT('',(1.570796326795,3.041381265149));
#5517 = CARTESIAN_POINT('',(1.308996938996,3.041381265149));
#5518 = CARTESIAN_POINT('',(1.047197566003,3.048186775497));
#5519 = CARTESIAN_POINT('',(0.785398155887,3.061807918263));
#5520 = CARTESIAN_POINT('',(0.523598766143,3.080811091072));
#5521 = CARTESIAN_POINT('',(0.261799387799,3.102476615683));
#5522 = CARTESIAN_POINT('',(1.3E-16,3.124143795447));
#5523 = ( GEOMETRIC_REPRESENTATION_CONTEXT(2) 
PARAMETRIC_REPRESENTATION_CONTEXT() REPRESENTATION_CONTEXT('2D SPACE',''
  ) );
#5524 = ORIENTED_EDGE('',*,*,#5525,.F.);
#5525 = EDGE_CURVE('',#4755,#5489,#5526,.T.);
#5526 = SURFACE_CURVE('',#5527,(#5531,#5538),.PCURVE_S1.);
#5527 = LINE('',#5528,#5529);
#5528 = CARTESIAN_POINT('',(42.,-1.,17.5));
#5529 = VECTOR('',#5530,1.);
#5530 = DIRECTION('',(-1.,0.,0.));
#5531 = PCURVE('',#5423,#5532);
#5532 = DEFINITIONAL_REPRESENTATION('',(#5533),#5537);
#5533 = LINE('',#5534,#5535);
#5534 = CARTESIAN_POINT('',(0.,0.));
#5535 = VECTOR('',#5536,1.);
#5536 = DIRECTION('',(0.,1.));
#5537 = ( GEOMETRIC_REPRESENTATION_CONTEXT(2) 
PARAMETRIC_REPRESENTATION_CONTEXT() REPRESENTATION_CONTEXT('2D SPACE',''
  ) );
#5538 = PCURVE('',#608,#5539);
#5539 = DEFINITIONAL_REPRESENTATION('',(#5540),#5544);
#5540 = LINE('',#5541,#5542);
#5541 = CARTESIAN_POINT('',(2.,-5.));
#5542 = VECTOR('',#5543,1.);
#5543 = DIRECTION('',(1.,0.));
#5544 = ( GEOMETRIC_REPRESENTATION_CONTEXT(2) 
PARAMETRIC_REPRESENTATION_CONTEXT() REPRESENTATION_CONTEXT('2D SPACE',''
  ) );
#5545 = ADVANCED_FACE('',(#5546),#5509,.T.);
#5546 = FACE_BOUND('',#5547,.T.);
#5547 = EDGE_LOOP('',(#5548,#5588,#5614,#5615));
#5548 = ORIENTED_EDGE('',*,*,#5549,.T.);
#5549 = EDGE_CURVE('',#5550,#5552,#5554,.T.);
#5550 = VERTEX_POINT('',#5551);
#5551 = CARTESIAN_POINT('',(6.917237469702,-3.E-15,18.));
#5552 = VERTEX_POINT('',#5553);
#5553 = CARTESIAN_POINT('',(13.,-1.,18.));
#5554 = SURFACE_CURVE('',#5555,(#5560,#5572),.PCURVE_S1.);
#5555 = ELLIPSE('',#5556,6.082762530298,1.);
#5556 = AXIS2_PLACEMENT_3D('',#5557,#5558,#5559);
#5557 = CARTESIAN_POINT('',(6.917237469702,-1.,18.));
#5558 = DIRECTION('',(0.,-4.4E-16,-1.));
#5559 = DIRECTION('',(1.,7.E-17,-3.08E-32));
#5560 = PCURVE('',#5509,#5561);
#5561 = DEFINITIONAL_REPRESENTATION('',(#5562),#5571);
#5562 = B_SPLINE_CURVE_WITH_KNOTS('',7,(#5563,#5564,#5565,#5566,#5567,
    #5568,#5569,#5570),.UNSPECIFIED.,.F.,.F.,(8,8),(4.712388980385,
    6.28318530718),.PIECEWISE_BEZIER_KNOTS.);
#5563 = CARTESIAN_POINT('',(-1.1E-16,-6.));
#5564 = CARTESIAN_POINT('',(0.224399475256,-4.653603148462));
#5565 = CARTESIAN_POINT('',(0.448818997028,-3.307221964162));
#5566 = CARTESIAN_POINT('',(0.673139017433,-2.071490646886));
#5567 = CARTESIAN_POINT('',(0.897661733701,-1.05745618499));
#5568 = CARTESIAN_POINT('',(1.121972799911,-0.352478552506));
#5569 = CARTESIAN_POINT('',(1.346396851539,7.82E-15));
#5570 = CARTESIAN_POINT('',(1.570796326795,1.55E-15));
#5571 = ( GEOMETRIC_REPRESENTATION_CONTEXT(2) 
PARAMETRIC_REPRESENTATION_CONTEXT() REPRESENTATION_CONTEXT('2D SPACE',''
  ) );
#5572 = PCURVE('',#5573,#5578);
#5573 = PLANE('',#5574);
#5574 = AXIS2_PLACEMENT_3D('',#5575,#5576,#5577);
#5575 = CARTESIAN_POINT('',(-2.51E-15,-3.115937739045,18.));
#5576 = DIRECTION('',(0.,2.5E-16,1.));
#5577 = DIRECTION('',(0.,-1.,2.5E-16));
#5578 = DEFINITIONAL_REPRESENTATION('',(#5579),#5587);
#5579 = ( BOUNDED_CURVE() B_SPLINE_CURVE(2,(#5580,#5581,#5582,#5583,
#5584,#5585,#5586),.UNSPECIFIED.,.T.,.F.) B_SPLINE_CURVE_WITH_KNOTS((1,2
    ,2,2,2,1),(-2.094395102393,0.,2.094395102393,4.188790204786,
6.28318530718,8.377580409573),.UNSPECIFIED.) CURVE() 
GEOMETRIC_REPRESENTATION_ITEM() RATIONAL_B_SPLINE_CURVE((1.,0.5,1.,0.5,
1.,0.5,1.)) REPRESENTATION_ITEM('') );
#5580 = CARTESIAN_POINT('',(-2.115937739045,13.));
#5581 = CARTESIAN_POINT('',(-0.383886931476,13.));
#5582 = CARTESIAN_POINT('',(-1.24991233526,3.875856204553));
#5583 = CARTESIAN_POINT('',(-2.115937739045,-5.248287590895));
#5584 = CARTESIAN_POINT('',(-2.981963142829,3.875856204553));
#5585 = CARTESIAN_POINT('',(-3.847988546614,13.));
#5586 = CARTESIAN_POINT('',(-2.115937739045,13.));
#5587 = ( GEOMETRIC_REPRESENTATION_CONTEXT(2) 
PARAMETRIC_REPRESENTATION_CONTEXT() REPRESENTATION_CONTEXT('2D SPACE',''
  ) );
#5588 = ORIENTED_EDGE('',*,*,#5589,.T.);
#5589 = EDGE_CURVE('',#5552,#5489,#5590,.T.);
#5590 = SURFACE_CURVE('',#5591,(#5595,#5602),.PCURVE_S1.);
#5591 = LINE('',#5592,#5593);
#5592 = CARTESIAN_POINT('',(13.,-1.,18.));
#5593 = VECTOR('',#5594,1.);
#5594 = DIRECTION('',(0.986393923832,0.,-0.164398987305));
#5595 = PCURVE('',#5509,#5596);
#5596 = DEFINITIONAL_REPRESENTATION('',(#5597),#5601);
#5597 = LINE('',#5598,#5599);
#5598 = CARTESIAN_POINT('',(1.570796326795,0.));
#5599 = VECTOR('',#5600,1.);
#5600 = DIRECTION('',(0.,1.));
#5601 = ( GEOMETRIC_REPRESENTATION_CONTEXT(2) 
PARAMETRIC_REPRESENTATION_CONTEXT() REPRESENTATION_CONTEXT('2D SPACE',''
  ) );
#5602 = PCURVE('',#5603,#5608);
#5603 = PLANE('',#5604);
#5604 = AXIS2_PLACEMENT_3D('',#5605,#5606,#5607);
#5605 = CARTESIAN_POINT('',(13.,3.99E-15,18.));
#5606 = DIRECTION('',(0.164398987305,2.2E-16,0.986393923832));
#5607 = DIRECTION('',(0.986393923832,-3.E-17,-0.164398987305));
#5608 = DEFINITIONAL_REPRESENTATION('',(#5609),#5613);
#5609 = LINE('',#5610,#5611);
#5610 = CARTESIAN_POINT('',(3.E-17,-1.));
#5611 = VECTOR('',#5612,1.);
#5612 = DIRECTION('',(1.,3.E-17));
#5613 = ( GEOMETRIC_REPRESENTATION_CONTEXT(2) 
PARAMETRIC_REPRESENTATION_CONTEXT() REPRESENTATION_CONTEXT('2D SPACE',''
  ) );
#5614 = ORIENTED_EDGE('',*,*,#5488,.T.);
#5615 = ORIENTED_EDGE('',*,*,#5616,.F.);
#5616 = EDGE_CURVE('',#5550,#5466,#5617,.T.);
#5617 = SURFACE_CURVE('',#5618,(#5622,#5629),.PCURVE_S1.);
#5618 = LINE('',#5619,#5620);
#5619 = CARTESIAN_POINT('',(12.835601012695,1.E-15,17.013606076168));
#5620 = VECTOR('',#5621,1.);
#5621 = DIRECTION('',(0.986393923832,0.,-0.164398987305));
#5622 = PCURVE('',#5509,#5623);
#5623 = DEFINITIONAL_REPRESENTATION('',(#5624),#5628);
#5624 = LINE('',#5625,#5626);
#5625 = CARTESIAN_POINT('',(0.,0.));
#5626 = VECTOR('',#5627,1.);
#5627 = DIRECTION('',(0.,1.));
#5628 = ( GEOMETRIC_REPRESENTATION_CONTEXT(2) 
PARAMETRIC_REPRESENTATION_CONTEXT() REPRESENTATION_CONTEXT('2D SPACE',''
  ) );
#5629 = PCURVE('',#100,#5630);
#5630 = DEFINITIONAL_REPRESENTATION('',(#5631),#5635);
#5631 = LINE('',#5632,#5633);
#5632 = CARTESIAN_POINT('',(-12.83560101269,8.860322506245));
#5633 = VECTOR('',#5634,1.);
#5634 = DIRECTION('',(-0.986393923832,-0.164398987305));
#5635 = ( GEOMETRIC_REPRESENTATION_CONTEXT(2) 
PARAMETRIC_REPRESENTATION_CONTEXT() REPRESENTATION_CONTEXT('2D SPACE',''
  ) );
#5636 = ADVANCED_FACE('',(#5637),#4220,.T.);
#5637 = FACE_BOUND('',#5638,.T.);
#5638 = EDGE_LOOP('',(#5639,#5640,#5641));
#5639 = ORIENTED_EDGE('',*,*,#4670,.T.);
#5640 = ORIENTED_EDGE('',*,*,#5126,.T.);
#5641 = ORIENTED_EDGE('',*,*,#3942,.F.);
#5642 = ADVANCED_FACE('',(#5643),#608,.T.);
#5643 = FACE_BOUND('',#5644,.T.);
#5644 = EDGE_LOOP('',(#5645,#5646,#5647,#5668,#5689,#5690));
#5645 = ORIENTED_EDGE('',*,*,#4754,.T.);
#5646 = ORIENTED_EDGE('',*,*,#5525,.T.);
#5647 = ORIENTED_EDGE('',*,*,#5648,.T.);
#5648 = EDGE_CURVE('',#5489,#646,#5649,.T.);
#5649 = SURFACE_CURVE('',#5650,(#5654,#5661),.PCURVE_S1.);
#5650 = LINE('',#5651,#5652);
#5651 = CARTESIAN_POINT('',(16.,3.88E-15,17.5));
#5652 = VECTOR('',#5653,1.);
#5653 = DIRECTION('',(0.,-1.,2.2E-16));
#5654 = PCURVE('',#608,#5655);
#5655 = DEFINITIONAL_REPRESENTATION('',(#5656),#5660);
#5656 = LINE('',#5657,#5658);
#5657 = CARTESIAN_POINT('',(28.,-6.));
#5658 = VECTOR('',#5659,1.);
#5659 = DIRECTION('',(0.,1.));
#5660 = ( GEOMETRIC_REPRESENTATION_CONTEXT(2) 
PARAMETRIC_REPRESENTATION_CONTEXT() REPRESENTATION_CONTEXT('2D SPACE',''
  ) );
#5661 = PCURVE('',#5603,#5662);
#5662 = DEFINITIONAL_REPRESENTATION('',(#5663),#5667);
#5663 = LINE('',#5664,#5665);
#5664 = CARTESIAN_POINT('',(3.041381265149,-1.875856204553E-17));
#5665 = VECTOR('',#5666,1.);
#5666 = DIRECTION('',(-6.167777207179E-18,-1.));
#5667 = ( GEOMETRIC_REPRESENTATION_CONTEXT(2) 
PARAMETRIC_REPRESENTATION_CONTEXT() REPRESENTATION_CONTEXT('2D SPACE',''
  ) );
#5668 = ORIENTED_EDGE('',*,*,#5669,.F.);
#5669 = EDGE_CURVE('',#169,#646,#5670,.T.);
#5670 = SURFACE_CURVE('',#5671,(#5675,#5682),.PCURVE_S1.);
#5671 = LINE('',#5672,#5673);
#5672 = CARTESIAN_POINT('',(44.,-6.,17.5));
#5673 = VECTOR('',#5674,1.);
#5674 = DIRECTION('',(-1.,0.,0.));
#5675 = PCURVE('',#608,#5676);
#5676 = DEFINITIONAL_REPRESENTATION('',(#5677),#5681);
#5677 = LINE('',#5678,#5679);
#5678 = CARTESIAN_POINT('',(0.,7.993605777301E-15));
#5679 = VECTOR('',#5680,1.);
#5680 = DIRECTION('',(1.,0.));
#5681 = ( GEOMETRIC_REPRESENTATION_CONTEXT(2) 
PARAMETRIC_REPRESENTATION_CONTEXT() REPRESENTATION_CONTEXT('2D SPACE',''
  ) );
#5682 = PCURVE('',#212,#5683);
#5683 = DEFINITIONAL_REPRESENTATION('',(#5684),#5688);
#5684 = LINE('',#5685,#5686);
#5685 = CARTESIAN_POINT('',(-16.08344429963,44.));
#5686 = VECTOR('',#5687,1.);
#5687 = DIRECTION('',(0.,-1.));
#5688 = ( GEOMETRIC_REPRESENTATION_CONTEXT(2) 
PARAMETRIC_REPRESENTATION_CONTEXT() REPRESENTATION_CONTEXT('2D SPACE',''
  ) );
#5689 = ORIENTED_EDGE('',*,*,#594,.F.);
#5690 = ORIENTED_EDGE('',*,*,#5691,.F.);
#5691 = EDGE_CURVE('',#4728,#376,#5692,.T.);
#5692 = SURFACE_CURVE('',#5693,(#5697,#5704),.PCURVE_S1.);
#5693 = LINE('',#5694,#5695);
#5694 = CARTESIAN_POINT('',(44.,-6.,17.5));
#5695 = VECTOR('',#5696,1.);
#5696 = DIRECTION('',(-1.,0.,0.));
#5697 = PCURVE('',#608,#5698);
#5698 = DEFINITIONAL_REPRESENTATION('',(#5699),#5703);
#5699 = LINE('',#5700,#5701);
#5700 = CARTESIAN_POINT('',(0.,7.993605777301E-15));
#5701 = VECTOR('',#5702,1.);
#5702 = DIRECTION('',(1.,0.));
#5703 = ( GEOMETRIC_REPRESENTATION_CONTEXT(2) 
PARAMETRIC_REPRESENTATION_CONTEXT() REPRESENTATION_CONTEXT('2D SPACE',''
  ) );
#5704 = PCURVE('',#212,#5705);
#5705 = DEFINITIONAL_REPRESENTATION('',(#5706),#5710);
#5706 = LINE('',#5707,#5708);
#5707 = CARTESIAN_POINT('',(-16.08344429963,44.));
#5708 = VECTOR('',#5709,1.);
#5709 = DIRECTION('',(0.,-1.));
#5710 = ( GEOMETRIC_REPRESENTATION_CONTEXT(2) 
PARAMETRIC_REPRESENTATION_CONTEXT() REPRESENTATION_CONTEXT('2D SPACE',''
  ) );
#5711 = ADVANCED_FACE('',(#5712),#5603,.T.);
#5712 = FACE_BOUND('',#5713,.T.);
#5713 = EDGE_LOOP('',(#5714,#5737,#5758,#5759));
#5714 = ORIENTED_EDGE('',*,*,#5715,.T.);
#5715 = EDGE_CURVE('',#5552,#5716,#5718,.T.);
#5716 = VERTEX_POINT('',#5717);
#5717 = CARTESIAN_POINT('',(13.,-6.,18.));
#5718 = SURFACE_CURVE('',#5719,(#5723,#5730),.PCURVE_S1.);
#5719 = LINE('',#5720,#5721);
#5720 = CARTESIAN_POINT('',(13.,3.99E-15,18.));
#5721 = VECTOR('',#5722,1.);
#5722 = DIRECTION('',(0.,-1.,2.2E-16));
#5723 = PCURVE('',#5603,#5724);
#5724 = DEFINITIONAL_REPRESENTATION('',(#5725),#5729);
#5725 = LINE('',#5726,#5727);
#5726 = CARTESIAN_POINT('',(0.,0.));
#5727 = VECTOR('',#5728,1.);
#5728 = DIRECTION('',(-6.167777207179E-18,-1.));
#5729 = ( GEOMETRIC_REPRESENTATION_CONTEXT(2) 
PARAMETRIC_REPRESENTATION_CONTEXT() REPRESENTATION_CONTEXT('2D SPACE',''
  ) );
#5730 = PCURVE('',#5573,#5731);
#5731 = DEFINITIONAL_REPRESENTATION('',(#5732),#5736);
#5732 = LINE('',#5733,#5734);
#5733 = CARTESIAN_POINT('',(-3.115937739045,13.));
#5734 = VECTOR('',#5735,1.);
#5735 = DIRECTION('',(1.,0.));
#5736 = ( GEOMETRIC_REPRESENTATION_CONTEXT(2) 
PARAMETRIC_REPRESENTATION_CONTEXT() REPRESENTATION_CONTEXT('2D SPACE',''
  ) );
#5737 = ORIENTED_EDGE('',*,*,#5738,.T.);
#5738 = EDGE_CURVE('',#5716,#646,#5739,.T.);
#5739 = SURFACE_CURVE('',#5740,(#5744,#5751),.PCURVE_S1.);
#5740 = LINE('',#5741,#5742);
#5741 = CARTESIAN_POINT('',(13.,-6.,18.));
#5742 = VECTOR('',#5743,1.);
#5743 = DIRECTION('',(0.986393923832,4.E-17,-0.164398987305));
#5744 = PCURVE('',#5603,#5745);
#5745 = DEFINITIONAL_REPRESENTATION('',(#5746),#5750);
#5746 = LINE('',#5747,#5748);
#5747 = CARTESIAN_POINT('',(1.8E-16,-6.));
#5748 = VECTOR('',#5749,1.);
#5749 = DIRECTION('',(1.,7.E-17));
#5750 = ( GEOMETRIC_REPRESENTATION_CONTEXT(2) 
PARAMETRIC_REPRESENTATION_CONTEXT() REPRESENTATION_CONTEXT('2D SPACE',''
  ) );
#5751 = PCURVE('',#668,#5752);
#5752 = DEFINITIONAL_REPRESENTATION('',(#5753),#5757);
#5753 = LINE('',#5754,#5755);
#5754 = CARTESIAN_POINT('',(13.,6.906894151475));
#5755 = VECTOR('',#5756,1.);
#5756 = DIRECTION('',(0.986393923832,-0.164398987305));
#5757 = ( GEOMETRIC_REPRESENTATION_CONTEXT(2) 
PARAMETRIC_REPRESENTATION_CONTEXT() REPRESENTATION_CONTEXT('2D SPACE',''
  ) );
#5758 = ORIENTED_EDGE('',*,*,#5648,.F.);
#5759 = ORIENTED_EDGE('',*,*,#5589,.F.);
#5760 = ADVANCED_FACE('',(#5761),#4882,.F.);
#5761 = FACE_BOUND('',#5762,.F.);
#5762 = EDGE_LOOP('',(#5763,#5802,#5861));
#5763 = ORIENTED_EDGE('',*,*,#5764,.T.);
#5764 = EDGE_CURVE('',#4818,#5765,#5767,.T.);
#5765 = VERTEX_POINT('',#5766);
#5766 = CARTESIAN_POINT('',(0.1448041951,-5.,13.));
#5767 = SURFACE_CURVE('',#5768,(#5773,#5795),.PCURVE_S1.);
#5768 = CIRCLE('',#5769,4.);
#5769 = AXIS2_PLACEMENT_3D('',#5770,#5771,#5772);
#5770 = CARTESIAN_POINT('',(0.1448041951,-5.,9.));
#5771 = DIRECTION('',(2.465190328816E-32,-1.,4.4E-16));
#5772 = DIRECTION('',(0.763386285369,2.842145862451E-16,0.645942241466)
  );
#5773 = PCURVE('',#4882,#5774);
#5774 = DEFINITIONAL_REPRESENTATION('',(#5775),#5794);
#5775 = B_SPLINE_CURVE_WITH_KNOTS('',5,(#5776,#5777,#5778,#5779,#5780,
    #5781,#5782,#5783,#5784,#5785,#5786,#5787,#5788,#5789,#5790,#5791,
    #5792,#5793),.UNSPECIFIED.,.F.,.F.,(6,4,4,4,6),(0.,0.217134848821,
    0.434269697643,0.651404546464,0.868539395286),.UNSPECIFIED.);
#5776 = CARTESIAN_POINT('',(-1.1E-16,7.60854487188));
#5777 = CARTESIAN_POINT('',(8.526157095047E-02,7.60854487188));
#5778 = CARTESIAN_POINT('',(0.169502090987,7.60854487188));
#5779 = CARTESIAN_POINT('',(0.252913411963,7.60854487188));
#5780 = CARTESIAN_POINT('',(0.335670601485,7.60854487188));
#5781 = CARTESIAN_POINT('',(0.500211278494,7.60854487188));
#5782 = CARTESIAN_POINT('',(0.581995054643,7.60854487188));
#5783 = CARTESIAN_POINT('',(0.663459130881,7.60854487188));
#5784 = CARTESIAN_POINT('',(0.74476364602,7.60854487188));
#5785 = CARTESIAN_POINT('',(0.907372601338,7.60854487188));
#5786 = CARTESIAN_POINT('',(0.988677116477,7.60854487188));
#5787 = CARTESIAN_POINT('',(1.070141192714,7.60854487188));
#5788 = CARTESIAN_POINT('',(1.151924968864,7.60854487188));
#5789 = CARTESIAN_POINT('',(1.316465645873,7.60854487188));
#5790 = CARTESIAN_POINT('',(1.399222835394,7.60854487188));
#5791 = CARTESIAN_POINT('',(1.48263415637,7.60854487188));
#5792 = CARTESIAN_POINT('',(1.566874676407,7.60854487188));
#5793 = CARTESIAN_POINT('',(1.652136247358,7.60854487188));
#5794 = ( GEOMETRIC_REPRESENTATION_CONTEXT(2) 
PARAMETRIC_REPRESENTATION_CONTEXT() REPRESENTATION_CONTEXT('2D SPACE',''
  ) );
#5795 = PCURVE('',#5090,#5796);
#5796 = DEFINITIONAL_REPRESENTATION('',(#5797),#5801);
#5797 = LINE('',#5798,#5799);
#5798 = CARTESIAN_POINT('',(0.,1.));
#5799 = VECTOR('',#5800,1.);
#5800 = DIRECTION('',(1.,0.));
#5801 = ( GEOMETRIC_REPRESENTATION_CONTEXT(2) 
PARAMETRIC_REPRESENTATION_CONTEXT() REPRESENTATION_CONTEXT('2D SPACE',''
  ) );
#5802 = ORIENTED_EDGE('',*,*,#5803,.T.);
#5803 = EDGE_CURVE('',#5765,#4841,#5804,.T.);
#5804 = SURFACE_CURVE('',#5805,(#5820,#5827),.PCURVE_S1.);
#5805 = ( BOUNDED_CURVE() B_SPLINE_CURVE(13,(#5806,#5807,#5808,#5809,
    #5810,#5811,#5812,#5813,#5814,#5815,#5816,#5817,#5818,#5819),
.UNSPECIFIED.,.F.,.F.) B_SPLINE_CURVE_WITH_KNOTS((14,14),(7.60854487188,
9.260681119238),.PIECEWISE_BEZIER_KNOTS.) CURVE() 
GEOMETRIC_REPRESENTATION_ITEM() RATIONAL_B_SPLINE_CURVE((1.,1.,
    1.000000000001,0.999999999997,1.000000000006,0.999999999991,
    1.000000000011,0.99999999999,1.000000000007,0.999999999996,
1.000000000002,0.999999999999,1.,1.)) REPRESENTATION_ITEM('') );
#5806 = CARTESIAN_POINT('',(0.1448041951,-5.,13.));
#5807 = CARTESIAN_POINT('',(0.144804195099,-5.224796584005,13.));
#5808 = CARTESIAN_POINT('',(0.250164484599,-5.449687607496,
    13.055054459401));
#5809 = CARTESIAN_POINT('',(0.459943602206,-5.638890699804,
    13.161856650577));
#5810 = CARTESIAN_POINT('',(0.741136334369,-5.766783910268,
    13.309918152926));
#5811 = CARTESIAN_POINT('',(1.038674419082,-5.790732661971,
    13.389791851834));
#5812 = CARTESIAN_POINT('',(1.180599599861,-5.898716466504,
    13.473914451731));
#5813 = CARTESIAN_POINT('',(1.464568868931,-5.896156915504,
    13.572731339512));
#5814 = CARTESIAN_POINT('',(1.599388365123,-5.952751607947,
    13.633143193172));
#5815 = CARTESIAN_POINT('',(1.80587985379,-5.963963681821,
    13.717961423291));
#5816 = CARTESIAN_POINT('',(1.967202687666,-5.984504204227,
    13.786250662104));
#5817 = CARTESIAN_POINT('',(2.135985695021,-5.994482701607,
    13.858656527946));
#5818 = CARTESIAN_POINT('',(2.299756192149,-6.,13.929261263466));
#5819 = CARTESIAN_POINT('',(2.463798951225,-6.,14.));
#5820 = PCURVE('',#4882,#5821);
#5821 = DEFINITIONAL_REPRESENTATION('',(#5822),#5826);
#5822 = LINE('',#5823,#5824);
#5823 = CARTESIAN_POINT('',(1.652136247358,0.));
#5824 = VECTOR('',#5825,1.);
#5825 = DIRECTION('',(0.,1.));
#5826 = ( GEOMETRIC_REPRESENTATION_CONTEXT(2) 
PARAMETRIC_REPRESENTATION_CONTEXT() REPRESENTATION_CONTEXT('2D SPACE',''
  ) );
#5827 = PCURVE('',#5828,#5833);
#5828 = CYLINDRICAL_SURFACE('',#5829,1.);
#5829 = AXIS2_PLACEMENT_3D('',#5830,#5831,#5832);
#5830 = CARTESIAN_POINT('',(0.,-5.,14.));
#5831 = DIRECTION('',(1.,0.,0.));
#5832 = DIRECTION('',(0.,-1.,4.5E-16));
#5833 = DEFINITIONAL_REPRESENTATION('',(#5834),#5860);
#5834 = B_SPLINE_CURVE_WITH_KNOTS('',3,(#5835,#5836,#5837,#5838,#5839,
    #5840,#5841,#5842,#5843,#5844,#5845,#5846,#5847,#5848,#5849,#5850,
    #5851,#5852,#5853,#5854,#5855,#5856,#5857,#5858,#5859),
  .UNSPECIFIED.,.F.,.F.,(4,1,1,1,1,1,1,1,1,1,1,1,1,1,1,1,1,1,1,1,1,1,4),
  (7.60854487188,7.683641974033,7.758739076186,7.833836178338,
    7.908933280491,7.984030382643,8.059127484796,8.134224586949,
    8.209321689101,8.284418791254,8.359515893407,8.434612995559,
    8.509710097712,8.584807199864,8.659904302017,8.73500140417,
    8.810098506322,8.885195608475,8.960292710628,9.03538981278,
    9.110486914933,9.185584017085,9.260681119238),
  .QUASI_UNIFORM_KNOTS.);
#5835 = CARTESIAN_POINT('',(1.570796326795,0.1448041951));
#5836 = CARTESIAN_POINT('',(1.526482472509,0.14462169673));
#5837 = CARTESIAN_POINT('',(1.437978088176,0.156272590674));
#5838 = CARTESIAN_POINT('',(1.308316600078,0.206085250431));
#5839 = CARTESIAN_POINT('',(1.184700592487,0.285300795463));
#5840 = CARTESIAN_POINT('',(1.069291990064,0.38826307347));
#5841 = CARTESIAN_POINT('',(0.96340003484,0.508492108168));
#5842 = CARTESIAN_POINT('',(0.867380000698,0.639444989321));
#5843 = CARTESIAN_POINT('',(0.780810262682,0.77544846663));
#5844 = CARTESIAN_POINT('',(0.702756779289,0.91216089304));
#5845 = CARTESIAN_POINT('',(0.632043765204,1.046669397356));
#5846 = CARTESIAN_POINT('',(0.567462807247,1.177299503545));
#5847 = CARTESIAN_POINT('',(0.507902339568,1.303297598146));
#5848 = CARTESIAN_POINT('',(0.452405070526,1.424512968625));
#5849 = CARTESIAN_POINT('',(0.400175222496,1.541152198774));
#5850 = CARTESIAN_POINT('',(0.350560042114,1.653619405749));
#5851 = CARTESIAN_POINT('',(0.303025152701,1.762419004608));
#5852 = CARTESIAN_POINT('',(0.257134064789,1.868090569634));
#5853 = CARTESIAN_POINT('',(0.21253236763,1.971161143163));
#5854 = CARTESIAN_POINT('',(0.168930995832,2.072120498086));
#5855 = CARTESIAN_POINT('',(0.126084776645,2.171427672262));
#5856 = CARTESIAN_POINT('',(8.377226789096E-02,2.26953410959));
#5857 = CARTESIAN_POINT('',(4.179604351491E-02,2.366871966049));
#5858 = CARTESIAN_POINT('',(1.39309540564E-02,2.431492712205));
#5859 = CARTESIAN_POINT('',(0.,2.463798951225));
#5860 = ( GEOMETRIC_REPRESENTATION_CONTEXT(2) 
PARAMETRIC_REPRESENTATION_CONTEXT() REPRESENTATION_CONTEXT('2D SPACE',''
  ) );
#5861 = ORIENTED_EDGE('',*,*,#4840,.F.);
#5862 = ADVANCED_FACE('',(#5863),#5032,.F.);
#5863 = FACE_BOUND('',#5864,.F.);
#5864 = EDGE_LOOP('',(#5865,#5922,#5948));
#5865 = ORIENTED_EDGE('',*,*,#5866,.T.);
#5866 = EDGE_CURVE('',#4982,#5867,#5869,.T.);
#5867 = VERTEX_POINT('',#5868);
#5868 = CARTESIAN_POINT('',(0.1448041951,-4.,13.));
#5869 = SURFACE_CURVE('',#5870,(#5881,#5888),.PCURVE_S1.);
#5870 = ( BOUNDED_CURVE() B_SPLINE_CURVE(9,(#5871,#5872,#5873,#5874,
    #5875,#5876,#5877,#5878,#5879,#5880),.UNSPECIFIED.,.F.,.F.) 
B_SPLINE_CURVE_WITH_KNOTS((10,10),(0.,6.60854487188),
.PIECEWISE_BEZIER_KNOTS.) CURVE() GEOMETRIC_REPRESENTATION_ITEM() 
RATIONAL_B_SPLINE_CURVE((1.,1.,1.,1.,1.,1.,1.,1.,1.,1.)) 
REPRESENTATION_ITEM('') );
#5871 = CARTESIAN_POINT('',(3.8551958049,1.11E-15,17.));
#5872 = CARTESIAN_POINT('',(3.305011800218,-2.29138831E-08,
    16.406872093643));
#5873 = CARTESIAN_POINT('',(2.754350662666,-9.896700531356E-02,
    15.813102886007));
#5874 = CARTESIAN_POINT('',(2.214209478532,-0.296989149677,
    15.232245039531));
#5875 = CARTESIAN_POINT('',(1.676476872076,-0.597267237963,
    14.652942187158));
#5876 = CARTESIAN_POINT('',(1.189050337509,-1.020710755016,
    14.13335693274));
#5877 = CARTESIAN_POINT('',(0.701047957877,-1.549916674686,
    13.610783991278));
#5878 = CARTESIAN_POINT('',(0.329189241586,-2.304060099486,
    13.20166052922));
#5879 = CARTESIAN_POINT('',(0.1448041951,-3.151697458868,13.));
#5880 = CARTESIAN_POINT('',(0.1448041951,-4.,13.));
#5881 = PCURVE('',#5032,#5882);
#5882 = DEFINITIONAL_REPRESENTATION('',(#5883),#5887);
#5883 = LINE('',#5884,#5885);
#5884 = CARTESIAN_POINT('',(6.60854487188,0.));
#5885 = VECTOR('',#5886,1.);
#5886 = DIRECTION('',(0.,1.));
#5887 = ( GEOMETRIC_REPRESENTATION_CONTEXT(2) 
PARAMETRIC_REPRESENTATION_CONTEXT() REPRESENTATION_CONTEXT('2D SPACE',''
  ) );
#5888 = PCURVE('',#5889,#5894);
#5889 = CYLINDRICAL_SURFACE('',#5890,4.);
#5890 = AXIS2_PLACEMENT_3D('',#5891,#5892,#5893);
#5891 = CARTESIAN_POINT('',(0.,-4.,17.));
#5892 = DIRECTION('',(1.,0.,0.));
#5893 = DIRECTION('',(0.,1.,-0.));
#5894 = DEFINITIONAL_REPRESENTATION('',(#5895),#5921);
#5895 = B_SPLINE_CURVE_WITH_KNOTS('',3,(#5896,#5897,#5898,#5899,#5900,
    #5901,#5902,#5903,#5904,#5905,#5906,#5907,#5908,#5909,#5910,#5911,
    #5912,#5913,#5914,#5915,#5916,#5917,#5918,#5919,#5920),
  .UNSPECIFIED.,.F.,.F.,(4,1,1,1,1,1,1,1,1,1,1,1,1,1,1,1,1,1,1,1,1,1,4),
  (0.,0.300388403267,0.600776806535,0.901165209802,1.201553613069,
    1.501942016336,1.802330419604,2.102718822871,2.403107226138,
    2.703495629406,3.003884032673,3.30427243594,3.604660839207,
    3.905049242475,4.205437645742,4.505826049009,4.806214452277,
    5.106602855544,5.406991258811,5.707379662079,6.007768065346,
    6.308156468613,6.60854487188),.QUASI_UNIFORM_KNOTS.);
#5896 = CARTESIAN_POINT('',(0.,3.8551958049));
#5897 = CARTESIAN_POINT('',(-2.02225897262E-02,3.780165222483));
#5898 = CARTESIAN_POINT('',(-6.066590002618E-02,3.630104778902));
#5899 = CARTESIAN_POINT('',(-0.121451931226,3.405364594058));
#5900 = CARTESIAN_POINT('',(-0.182480427984,3.18132818203));
#5901 = CARTESIAN_POINT('',(-0.243891247001,2.958331420795));
#5902 = CARTESIAN_POINT('',(-0.305823103719,2.736759300509));
#5903 = CARTESIAN_POINT('',(-0.368418068368,2.517052653595));
#5904 = CARTESIAN_POINT('',(-0.431824676606,2.299718868672));
#5905 = CARTESIAN_POINT('',(-0.496201600672,2.085344920078));
#5906 = CARTESIAN_POINT('',(-0.561718575316,1.874621257889));
#5907 = CARTESIAN_POINT('',(-0.628554259953,1.668376230234));
#5908 = CARTESIAN_POINT('',(-0.696890967117,1.467618138587));
#5909 = CARTESIAN_POINT('',(-0.766906682277,1.273578952646));
#5910 = CARTESIAN_POINT('',(-0.838764834343,1.087751965888));
#5911 = CARTESIAN_POINT('',(-0.912602174885,0.911914734824));
#5912 = CARTESIAN_POINT('',(-0.988514979012,0.748128767242));
#5913 = CARTESIAN_POINT('',(-1.066543770131,0.598708116928));
#5914 = CARTESIAN_POINT('',(-1.146657110969,0.466152013155));
#5915 = CARTESIAN_POINT('',(-1.228735716887,0.35303555853));
#5916 = CARTESIAN_POINT('',(-1.312559821815,0.261871035964));
#5917 = CARTESIAN_POINT('',(-1.397803362098,0.194902149718));
#5918 = CARTESIAN_POINT('',(-1.484044994841,0.154004218154));
#5919 = CARTESIAN_POINT('',(-1.541875719324,0.144737897039));
#5920 = CARTESIAN_POINT('',(-1.570796326795,0.1448041951));
#5921 = ( GEOMETRIC_REPRESENTATION_CONTEXT(2) 
PARAMETRIC_REPRESENTATION_CONTEXT() REPRESENTATION_CONTEXT('2D SPACE',''
  ) );
#5922 = ORIENTED_EDGE('',*,*,#5923,.F.);
#5923 = EDGE_CURVE('',#4958,#5867,#5924,.T.);
#5924 = SURFACE_CURVE('',#5925,(#5929,#5936),.PCURVE_S1.);
#5925 = ( BOUNDED_CURVE() B_SPLINE_CURVE(2,(#5926,#5927,#5928),
.UNSPECIFIED.,.F.,.F.) B_SPLINE_CURVE_WITH_KNOTS((3,3),(0.,6.60854487188
),.PIECEWISE_BEZIER_KNOTS.) CURVE() GEOMETRIC_REPRESENTATION_ITEM() 
RATIONAL_B_SPLINE_CURVE((1.,0.907177557446,1.)) REPRESENTATION_ITEM('') 
  );
#5926 = CARTESIAN_POINT('',(3.198349336576,-4.,11.583768965865));
#5927 = CARTESIAN_POINT('',(2.,-4.,13.));
#5928 = CARTESIAN_POINT('',(0.1448041951,-4.,13.));
#5929 = PCURVE('',#5032,#5930);
#5930 = DEFINITIONAL_REPRESENTATION('',(#5931),#5935);
#5931 = LINE('',#5932,#5933);
#5932 = CARTESIAN_POINT('',(0.,6.60854487188));
#5933 = VECTOR('',#5934,1.);
#5934 = DIRECTION('',(1.,0.));
#5935 = ( GEOMETRIC_REPRESENTATION_CONTEXT(2) 
PARAMETRIC_REPRESENTATION_CONTEXT() REPRESENTATION_CONTEXT('2D SPACE',''
  ) );
#5936 = PCURVE('',#5090,#5937);
#5937 = DEFINITIONAL_REPRESENTATION('',(#5938),#5947);
#5938 = B_SPLINE_CURVE_WITH_KNOTS('',7,(#5939,#5940,#5941,#5942,#5943,
    #5944,#5945,#5946),.UNSPECIFIED.,.F.,.F.,(8,8),(0.,6.60854487188),
  .PIECEWISE_BEZIER_KNOTS.);
#5939 = CARTESIAN_POINT('',(0.,-6.3E-16));
#5940 = CARTESIAN_POINT('',(0.120213714205,-5.4E-16));
#5941 = CARTESIAN_POINT('',(0.244147023461,-4.5E-16));
#5942 = CARTESIAN_POINT('',(0.37058751639,-3.6E-16));
#5943 = CARTESIAN_POINT('',(0.497951878896,-2.7E-16));
#5944 = CARTESIAN_POINT('',(0.624392371825,-1.8E-16));
#5945 = CARTESIAN_POINT('',(0.748325681081,-9.E-17));
#5946 = CARTESIAN_POINT('',(0.868539395286,0.));
#5947 = ( GEOMETRIC_REPRESENTATION_CONTEXT(2) 
PARAMETRIC_REPRESENTATION_CONTEXT() REPRESENTATION_CONTEXT('2D SPACE',''
  ) );
#5948 = ORIENTED_EDGE('',*,*,#5004,.F.);
#5949 = ADVANCED_FACE('',(#5950),#5090,.F.);
#5950 = FACE_BOUND('',#5951,.F.);
#5951 = EDGE_LOOP('',(#5952,#5953,#5979,#5980));
#5952 = ORIENTED_EDGE('',*,*,#5923,.T.);
#5953 = ORIENTED_EDGE('',*,*,#5954,.T.);
#5954 = EDGE_CURVE('',#5867,#5765,#5955,.T.);
#5955 = SURFACE_CURVE('',#5956,(#5960,#5967),.PCURVE_S1.);
#5956 = LINE('',#5957,#5958);
#5957 = CARTESIAN_POINT('',(0.1448041951,-4.,13.));
#5958 = VECTOR('',#5959,1.);
#5959 = DIRECTION('',(0.,-1.,4.4E-16));
#5960 = PCURVE('',#5090,#5961);
#5961 = DEFINITIONAL_REPRESENTATION('',(#5962),#5966);
#5962 = LINE('',#5963,#5964);
#5963 = CARTESIAN_POINT('',(0.868539395286,0.));
#5964 = VECTOR('',#5965,1.);
#5965 = DIRECTION('',(0.,1.));
#5966 = ( GEOMETRIC_REPRESENTATION_CONTEXT(2) 
PARAMETRIC_REPRESENTATION_CONTEXT() REPRESENTATION_CONTEXT('2D SPACE',''
  ) );
#5967 = PCURVE('',#5968,#5973);
#5968 = PLANE('',#5969);
#5969 = AXIS2_PLACEMENT_3D('',#5970,#5971,#5972);
#5970 = CARTESIAN_POINT('',(-1.95E-15,-4.5,13.));
#5971 = DIRECTION('',(-0.,2.2E-16,-1.));
#5972 = DIRECTION('',(0.,1.,2.2E-16));
#5973 = DEFINITIONAL_REPRESENTATION('',(#5974),#5978);
#5974 = LINE('',#5975,#5976);
#5975 = CARTESIAN_POINT('',(0.5,0.1448041951));
#5976 = VECTOR('',#5977,1.);
#5977 = DIRECTION('',(-1.,0.));
#5978 = ( GEOMETRIC_REPRESENTATION_CONTEXT(2) 
PARAMETRIC_REPRESENTATION_CONTEXT() REPRESENTATION_CONTEXT('2D SPACE',''
  ) );
#5979 = ORIENTED_EDGE('',*,*,#5764,.F.);
#5980 = ORIENTED_EDGE('',*,*,#5076,.F.);
#5981 = ADVANCED_FACE('',(#5982),#156,.F.);
#5982 = FACE_BOUND('',#5983,.F.);
#5983 = EDGE_LOOP('',(#5984,#5985,#5986,#5987));
#5984 = ORIENTED_EDGE('',*,*,#421,.F.);
#5985 = ORIENTED_EDGE('',*,*,#515,.T.);
#5986 = ORIENTED_EDGE('',*,*,#140,.T.);
#5987 = ORIENTED_EDGE('',*,*,#621,.F.);
#5988 = ADVANCED_FACE('',(#5989,#6645,#6648),#725,.T.);
#5989 = FACE_BOUND('',#5990,.T.);
#5990 = EDGE_LOOP('',(#5991,#5992,#5993,#5994,#6017,#6045,#6074,#6102,
    #6130,#6159,#6187,#6215,#6243,#6276,#6304,#6332,#6400,#6428,#6501,
    #6554,#6582,#6610,#6631,#6632,#6633,#6634,#6635,#6636,#6637,#6638,
    #6639,#6640,#6641,#6642,#6643,#6644));
#5991 = ORIENTED_EDGE('',*,*,#2872,.T.);
#5992 = ORIENTED_EDGE('',*,*,#2924,.T.);
#5993 = ORIENTED_EDGE('',*,*,#3259,.T.);
#5994 = ORIENTED_EDGE('',*,*,#5995,.F.);
#5995 = EDGE_CURVE('',#5996,#3231,#5998,.T.);
#5996 = VERTEX_POINT('',#5997);
#5997 = CARTESIAN_POINT('',(-44.,-24.,-1.2E-14));
#5998 = SURFACE_CURVE('',#5999,(#6003,#6010),.PCURVE_S1.);
#5999 = LINE('',#6000,#6001);
#6000 = CARTESIAN_POINT('',(0.,-24.,3.55E-15));
#6001 = VECTOR('',#6002,1.);
#6002 = DIRECTION('',(1.,0.,0.));
#6003 = PCURVE('',#725,#6004);
#6004 = DEFINITIONAL_REPRESENTATION('',(#6005),#6009);
#6005 = LINE('',#6006,#6007);
#6006 = CARTESIAN_POINT('',(-18.27642703219,-1.66E-15));
#6007 = VECTOR('',#6008,1.);
#6008 = DIRECTION('',(0.,1.));
#6009 = ( GEOMETRIC_REPRESENTATION_CONTEXT(2) 
PARAMETRIC_REPRESENTATION_CONTEXT() REPRESENTATION_CONTEXT('2D SPACE',''
  ) );
#6010 = PCURVE('',#3247,#6011);
#6011 = DEFINITIONAL_REPRESENTATION('',(#6012),#6016);
#6012 = LINE('',#6013,#6014);
#6013 = CARTESIAN_POINT('',(1.570796326795,0.));
#6014 = VECTOR('',#6015,1.);
#6015 = DIRECTION('',(0.,1.));
#6016 = ( GEOMETRIC_REPRESENTATION_CONTEXT(2) 
PARAMETRIC_REPRESENTATION_CONTEXT() REPRESENTATION_CONTEXT('2D SPACE',''
  ) );
#6017 = ORIENTED_EDGE('',*,*,#6018,.F.);
#6018 = EDGE_CURVE('',#6019,#5996,#6021,.T.);
#6019 = VERTEX_POINT('',#6020);
#6020 = CARTESIAN_POINT('',(-44.,-17.74030635777,-6.E-15));
#6021 = SURFACE_CURVE('',#6022,(#6026,#6033),.PCURVE_S1.);
#6022 = LINE('',#6023,#6024);
#6023 = CARTESIAN_POINT('',(-44.,-6.,-8.42E-15));
#6024 = VECTOR('',#6025,1.);
#6025 = DIRECTION('',(-2.2E-16,-1.,2.2E-16));
#6026 = PCURVE('',#725,#6027);
#6027 = DEFINITIONAL_REPRESENTATION('',(#6028),#6032);
#6028 = LINE('',#6029,#6030);
#6029 = CARTESIAN_POINT('',(-0.276427032199,-44.));
#6030 = VECTOR('',#6031,1.);
#6031 = DIRECTION('',(-1.,-2.2E-16));
#6032 = ( GEOMETRIC_REPRESENTATION_CONTEXT(2) 
PARAMETRIC_REPRESENTATION_CONTEXT() REPRESENTATION_CONTEXT('2D SPACE',''
  ) );
#6033 = PCURVE('',#6034,#6039);
#6034 = PLANE('',#6035);
#6035 = AXIS2_PLACEMENT_3D('',#6036,#6037,#6038);
#6036 = CARTESIAN_POINT('',(-44.,-10.44444656075,6.815704335929));
#6037 = DIRECTION('',(-1.,2.2E-16,-2.2E-16));
#6038 = DIRECTION('',(2.2E-16,1.,2.2E-16));
#6039 = DEFINITIONAL_REPRESENTATION('',(#6040),#6044);
#6040 = LINE('',#6041,#6042);
#6041 = CARTESIAN_POINT('',(4.444446560754,6.815704335929));
#6042 = VECTOR('',#6043,1.);
#6043 = DIRECTION('',(-1.,-4.4E-16));
#6044 = ( GEOMETRIC_REPRESENTATION_CONTEXT(2) 
PARAMETRIC_REPRESENTATION_CONTEXT() REPRESENTATION_CONTEXT('2D SPACE',''
  ) );
#6045 = ORIENTED_EDGE('',*,*,#6046,.F.);
#6046 = EDGE_CURVE('',#6047,#6019,#6049,.T.);
#6047 = VERTEX_POINT('',#6048);
#6048 = CARTESIAN_POINT('',(-45.72360793617,-15.75949656704,-1.5E-14));
#6049 = SURFACE_CURVE('',#6050,(#6055,#6062),.PCURVE_S1.);
#6050 = CIRCLE('',#6051,2.);
#6051 = AXIS2_PLACEMENT_3D('',#6052,#6053,#6054);
#6052 = CARTESIAN_POINT('',(-46.,-17.74030635777,-7.36E-15));
#6053 = DIRECTION('',(2.2E-16,0.,-1.));
#6054 = DIRECTION('',(-2.2E-16,-1.,-4.84E-32));
#6055 = PCURVE('',#725,#6056);
#6056 = DEFINITIONAL_REPRESENTATION('',(#6057),#6061);
#6057 = CIRCLE('',#6058,2.);
#6058 = AXIS2_PLACEMENT_2D('',#6059,#6060);
#6059 = CARTESIAN_POINT('',(-12.01673338997,-46.));
#6060 = DIRECTION('',(-1.,-2.2E-16));
#6061 = ( GEOMETRIC_REPRESENTATION_CONTEXT(2) 
PARAMETRIC_REPRESENTATION_CONTEXT() REPRESENTATION_CONTEXT('2D SPACE',''
  ) );
#6062 = PCURVE('',#6063,#6068);
#6063 = CYLINDRICAL_SURFACE('',#6064,2.);
#6064 = AXIS2_PLACEMENT_3D('',#6065,#6066,#6067);
#6065 = CARTESIAN_POINT('',(-46.,-17.74030635777,-1.11E-14));
#6066 = DIRECTION('',(-2.2E-16,0.,1.));
#6067 = DIRECTION('',(0.138196031911,0.990404895365,3.040312702052E-17)
  );
#6068 = DEFINITIONAL_REPRESENTATION('',(#6069),#6073);
#6069 = LINE('',#6070,#6071);
#6070 = CARTESIAN_POINT('',(3.280232390724,3.51E-15));
#6071 = VECTOR('',#6072,1.);
#6072 = DIRECTION('',(-1.,0.));
#6073 = ( GEOMETRIC_REPRESENTATION_CONTEXT(2) 
PARAMETRIC_REPRESENTATION_CONTEXT() REPRESENTATION_CONTEXT('2D SPACE',''
  ) );
#6074 = ORIENTED_EDGE('',*,*,#6075,.F.);
#6075 = EDGE_CURVE('',#6076,#6047,#6078,.T.);
#6076 = VERTEX_POINT('',#6077);
#6077 = CARTESIAN_POINT('',(-87.,-10.,-2.2E-14));
#6078 = SURFACE_CURVE('',#6079,(#6083,#6090),.PCURVE_S1.);
#6079 = LINE('',#6080,#6081);
#6080 = CARTESIAN_POINT('',(-87.,-10.,-2.239E-14));
#6081 = VECTOR('',#6082,1.);
#6082 = DIRECTION('',(0.990404895365,-0.138196031911,1.9E-16));
#6083 = PCURVE('',#725,#6084);
#6084 = DEFINITIONAL_REPRESENTATION('',(#6085),#6089);
#6085 = LINE('',#6086,#6087);
#6086 = CARTESIAN_POINT('',(-4.276427032199,-87.));
#6087 = VECTOR('',#6088,1.);
#6088 = DIRECTION('',(-0.138196031911,0.990404895365));
#6089 = ( GEOMETRIC_REPRESENTATION_CONTEXT(2) 
PARAMETRIC_REPRESENTATION_CONTEXT() REPRESENTATION_CONTEXT('2D SPACE',''
  ) );
#6090 = PCURVE('',#6091,#6096);
#6091 = PLANE('',#6092);
#6092 = AXIS2_PLACEMENT_3D('',#6093,#6094,#6095);
#6093 = CARTESIAN_POINT('',(-87.,-10.,-2.017E-14));
#6094 = DIRECTION('',(-0.138196031911,-0.990404895365,-3.E-17));
#6095 = DIRECTION('',(-0.990404895365,0.138196031911,-2.2E-16));
#6096 = DEFINITIONAL_REPRESENTATION('',(#6097),#6101);
#6097 = LINE('',#6098,#6099);
#6098 = CARTESIAN_POINT('',(4.884E-31,2.22E-15));
#6099 = VECTOR('',#6100,1.);
#6100 = DIRECTION('',(-1.,3.E-17));
#6101 = ( GEOMETRIC_REPRESENTATION_CONTEXT(2) 
PARAMETRIC_REPRESENTATION_CONTEXT() REPRESENTATION_CONTEXT('2D SPACE',''
  ) );
#6102 = ORIENTED_EDGE('',*,*,#6103,.F.);
#6103 = EDGE_CURVE('',#6104,#6076,#6106,.T.);
#6104 = VERTEX_POINT('',#6105);
#6105 = CARTESIAN_POINT('',(-87.,27.,-1.4E-14));
#6106 = SURFACE_CURVE('',#6107,(#6111,#6118),.PCURVE_S1.);
#6107 = LINE('',#6108,#6109);
#6108 = CARTESIAN_POINT('',(-87.,28.,-1.396E-14));
#6109 = VECTOR('',#6110,1.);
#6110 = DIRECTION('',(-2.2E-16,-1.,-2.2E-16));
#6111 = PCURVE('',#725,#6112);
#6112 = DEFINITIONAL_REPRESENTATION('',(#6113),#6117);
#6113 = LINE('',#6114,#6115);
#6114 = CARTESIAN_POINT('',(33.723572967801,-87.));
#6115 = VECTOR('',#6116,1.);
#6116 = DIRECTION('',(-1.,-2.2E-16));
#6117 = ( GEOMETRIC_REPRESENTATION_CONTEXT(2) 
PARAMETRIC_REPRESENTATION_CONTEXT() REPRESENTATION_CONTEXT('2D SPACE',''
  ) );
#6118 = PCURVE('',#6119,#6124);
#6119 = PLANE('',#6120);
#6120 = AXIS2_PLACEMENT_3D('',#6121,#6122,#6123);
#6121 = CARTESIAN_POINT('',(-87.,28.,-2.017E-14));
#6122 = DIRECTION('',(-1.,2.2E-16,-2.2E-16));
#6123 = DIRECTION('',(2.2E-16,1.,0.));
#6124 = DEFINITIONAL_REPRESENTATION('',(#6125),#6129);
#6125 = LINE('',#6126,#6127);
#6126 = CARTESIAN_POINT('',(-0.,-6.21E-15));
#6127 = VECTOR('',#6128,1.);
#6128 = DIRECTION('',(-1.,2.2E-16));
#6129 = ( GEOMETRIC_REPRESENTATION_CONTEXT(2) 
PARAMETRIC_REPRESENTATION_CONTEXT() REPRESENTATION_CONTEXT('2D SPACE',''
  ) );
#6130 = ORIENTED_EDGE('',*,*,#6131,.T.);
#6131 = EDGE_CURVE('',#6104,#6132,#6134,.T.);
#6132 = VERTEX_POINT('',#6133);
#6133 = CARTESIAN_POINT('',(-86.,28.,-1.4E-14));
#6134 = SURFACE_CURVE('',#6135,(#6140,#6147),.PCURVE_S1.);
#6135 = CIRCLE('',#6136,1.);
#6136 = AXIS2_PLACEMENT_3D('',#6137,#6138,#6139);
#6137 = CARTESIAN_POINT('',(-86.,27.,-2.147E-14));
#6138 = DIRECTION('',(2.2E-16,0.,-1.));
#6139 = DIRECTION('',(-2.2E-16,-1.,-4.84E-32));
#6140 = PCURVE('',#725,#6141);
#6141 = DEFINITIONAL_REPRESENTATION('',(#6142),#6146);
#6142 = CIRCLE('',#6143,1.);
#6143 = AXIS2_PLACEMENT_2D('',#6144,#6145);
#6144 = CARTESIAN_POINT('',(32.723572967801,-86.));
#6145 = DIRECTION('',(-1.,-2.2E-16));
#6146 = ( GEOMETRIC_REPRESENTATION_CONTEXT(2) 
PARAMETRIC_REPRESENTATION_CONTEXT() REPRESENTATION_CONTEXT('2D SPACE',''
  ) );
#6147 = PCURVE('',#6148,#6153);
#6148 = CYLINDRICAL_SURFACE('',#6149,1.);
#6149 = AXIS2_PLACEMENT_3D('',#6150,#6151,#6152);
#6150 = CARTESIAN_POINT('',(-86.,27.,-1.995E-14));
#6151 = DIRECTION('',(-2.2E-16,0.,1.));
#6152 = DIRECTION('',(-1.,2.2E-16,-2.2E-16));
#6153 = DEFINITIONAL_REPRESENTATION('',(#6154),#6158);
#6154 = LINE('',#6155,#6156);
#6155 = CARTESIAN_POINT('',(1.570796326795,-1.52E-15));
#6156 = VECTOR('',#6157,1.);
#6157 = DIRECTION('',(-1.,0.));
#6158 = ( GEOMETRIC_REPRESENTATION_CONTEXT(2) 
PARAMETRIC_REPRESENTATION_CONTEXT() REPRESENTATION_CONTEXT('2D SPACE',''
  ) );
#6159 = ORIENTED_EDGE('',*,*,#6160,.F.);
#6160 = EDGE_CURVE('',#6161,#6132,#6163,.T.);
#6161 = VERTEX_POINT('',#6162);
#6162 = CARTESIAN_POINT('',(-83.4,28.,-1.3E-14));
#6163 = SURFACE_CURVE('',#6164,(#6168,#6175),.PCURVE_S1.);
#6164 = LINE('',#6165,#6166);
#6165 = CARTESIAN_POINT('',(-83.4,28.,-1.316E-14));
#6166 = VECTOR('',#6167,1.);
#6167 = DIRECTION('',(-1.,2.2E-16,-2.2E-16));
#6168 = PCURVE('',#725,#6169);
#6169 = DEFINITIONAL_REPRESENTATION('',(#6170),#6174);
#6170 = LINE('',#6171,#6172);
#6171 = CARTESIAN_POINT('',(33.723572967801,-83.4));
#6172 = VECTOR('',#6173,1.);
#6173 = DIRECTION('',(2.2E-16,-1.));
#6174 = ( GEOMETRIC_REPRESENTATION_CONTEXT(2) 
PARAMETRIC_REPRESENTATION_CONTEXT() REPRESENTATION_CONTEXT('2D SPACE',''
  ) );
#6175 = PCURVE('',#6176,#6181);
#6176 = PLANE('',#6177);
#6177 = AXIS2_PLACEMENT_3D('',#6178,#6179,#6180);
#6178 = CARTESIAN_POINT('',(-83.4,28.,-1.937E-14));
#6179 = DIRECTION('',(2.2E-16,1.,0.));
#6180 = DIRECTION('',(1.,-2.2E-16,2.2E-16));
#6181 = DEFINITIONAL_REPRESENTATION('',(#6182),#6186);
#6182 = LINE('',#6183,#6184);
#6183 = CARTESIAN_POINT('',(1.3662E-30,-6.21E-15));
#6184 = VECTOR('',#6185,1.);
#6185 = DIRECTION('',(-1.,0.));
#6186 = ( GEOMETRIC_REPRESENTATION_CONTEXT(2) 
PARAMETRIC_REPRESENTATION_CONTEXT() REPRESENTATION_CONTEXT('2D SPACE',''
  ) );
#6187 = ORIENTED_EDGE('',*,*,#6188,.F.);
#6188 = EDGE_CURVE('',#6189,#6161,#6191,.T.);
#6189 = VERTEX_POINT('',#6190);
#6190 = CARTESIAN_POINT('',(-83.4,19.,-1.6E-14));
#6191 = SURFACE_CURVE('',#6192,(#6196,#6203),.PCURVE_S1.);
#6192 = LINE('',#6193,#6194);
#6193 = CARTESIAN_POINT('',(-83.4,20.,-1.937E-14));
#6194 = VECTOR('',#6195,1.);
#6195 = DIRECTION('',(2.2E-16,1.,0.));
#6196 = PCURVE('',#725,#6197);
#6197 = DEFINITIONAL_REPRESENTATION('',(#6198),#6202);
#6198 = LINE('',#6199,#6200);
#6199 = CARTESIAN_POINT('',(25.723572967801,-83.4));
#6200 = VECTOR('',#6201,1.);
#6201 = DIRECTION('',(1.,2.2E-16));
#6202 = ( GEOMETRIC_REPRESENTATION_CONTEXT(2) 
PARAMETRIC_REPRESENTATION_CONTEXT() REPRESENTATION_CONTEXT('2D SPACE',''
  ) );
#6203 = PCURVE('',#6204,#6209);
#6204 = PLANE('',#6205);
#6205 = AXIS2_PLACEMENT_3D('',#6206,#6207,#6208);
#6206 = CARTESIAN_POINT('',(-83.4,20.595454545455,5.795454545455));
#6207 = DIRECTION('',(1.,-2.2E-16,2.2E-16));
#6208 = DIRECTION('',(-2.2E-16,-1.,-2.2E-16));
#6209 = DEFINITIONAL_REPRESENTATION('',(#6210),#6214);
#6210 = LINE('',#6211,#6212);
#6211 = CARTESIAN_POINT('',(0.595454545455,5.795454545455));
#6212 = VECTOR('',#6213,1.);
#6213 = DIRECTION('',(-1.,2.2E-16));
#6214 = ( GEOMETRIC_REPRESENTATION_CONTEXT(2) 
PARAMETRIC_REPRESENTATION_CONTEXT() REPRESENTATION_CONTEXT('2D SPACE',''
  ) );
#6215 = ORIENTED_EDGE('',*,*,#6216,.F.);
#6216 = EDGE_CURVE('',#6217,#6189,#6219,.T.);
#6217 = VERTEX_POINT('',#6218);
#6218 = CARTESIAN_POINT('',(-79.2,19.,-1.5E-14));
#6219 = SURFACE_CURVE('',#6220,(#6224,#6231),.PCURVE_S1.);
#6220 = LINE('',#6221,#6222);
#6221 = CARTESIAN_POINT('',(-79.2,19.,-1.892E-14));
#6222 = VECTOR('',#6223,1.);
#6223 = DIRECTION('',(-1.,2.2E-16,-2.2E-16));
#6224 = PCURVE('',#725,#6225);
#6225 = DEFINITIONAL_REPRESENTATION('',(#6226),#6230);
#6226 = LINE('',#6227,#6228);
#6227 = CARTESIAN_POINT('',(24.723572967801,-79.2));
#6228 = VECTOR('',#6229,1.);
#6229 = DIRECTION('',(2.2E-16,-1.));
#6230 = ( GEOMETRIC_REPRESENTATION_CONTEXT(2) 
PARAMETRIC_REPRESENTATION_CONTEXT() REPRESENTATION_CONTEXT('2D SPACE',''
  ) );
#6231 = PCURVE('',#6232,#6237);
#6232 = CYLINDRICAL_SURFACE('',#6233,1.);
#6233 = AXIS2_PLACEMENT_3D('',#6234,#6235,#6236);
#6234 = CARTESIAN_POINT('',(-79.2,19.,1.));
#6235 = DIRECTION('',(-1.,2.2E-16,-2.2E-16));
#6236 = DIRECTION('',(2.2E-16,-1.2E-16,-1.));
#6237 = DEFINITIONAL_REPRESENTATION('',(#6238),#6242);
#6238 = LINE('',#6239,#6240);
#6239 = CARTESIAN_POINT('',(-0.,0.));
#6240 = VECTOR('',#6241,1.);
#6241 = DIRECTION('',(-0.,1.));
#6242 = ( GEOMETRIC_REPRESENTATION_CONTEXT(2) 
PARAMETRIC_REPRESENTATION_CONTEXT() REPRESENTATION_CONTEXT('2D SPACE',''
  ) );
#6243 = ORIENTED_EDGE('',*,*,#6244,.F.);
#6244 = EDGE_CURVE('',#6245,#6217,#6247,.T.);
#6245 = VERTEX_POINT('',#6246);
#6246 = CARTESIAN_POINT('',(-76.,15.799993938869,-1.3E-14));
#6247 = SURFACE_CURVE('',#6248,(#6253,#6264),.PCURVE_S1.);
#6248 = CIRCLE('',#6249,3.2);
#6249 = AXIS2_PLACEMENT_3D('',#6250,#6251,#6252);
#6250 = CARTESIAN_POINT('',(-79.2,15.8,-1.865E-14));
#6251 = DIRECTION('',(-2.2E-16,1.2E-16,1.));
#6252 = DIRECTION('',(0.999999999999,-1.44312645277E-06,
    2.200001731749E-16));
#6253 = PCURVE('',#725,#6254);
#6254 = DEFINITIONAL_REPRESENTATION('',(#6255),#6263);
#6255 = ( BOUNDED_CURVE() B_SPLINE_CURVE(2,(#6256,#6257,#6258,#6259,
#6260,#6261,#6262),.UNSPECIFIED.,.T.,.F.) B_SPLINE_CURVE_WITH_KNOTS((1,2
    ,2,2,2,1),(-2.094395102393,0.,2.094395102393,4.188790204786,
6.28318530718,8.377580409573),.UNSPECIFIED.) CURVE() 
GEOMETRIC_REPRESENTATION_ITEM() RATIONAL_B_SPLINE_CURVE((1.,0.5,1.,0.5,
1.,0.5,1.)) REPRESENTATION_ITEM('') );
#6256 = CARTESIAN_POINT('',(21.523568349797,-76.));
#6257 = CARTESIAN_POINT('',(27.066130934011,-75.99999200138));
#6258 = CARTESIAN_POINT('',(24.294856568911,-80.79999600068));
#6259 = CARTESIAN_POINT('',(21.52358220381,-85.59999999999));
#6260 = CARTESIAN_POINT('',(18.752293984696,-80.8000039993));
#6261 = CARTESIAN_POINT('',(15.981005765582,-76.00000799862));
#6262 = CARTESIAN_POINT('',(21.523568349797,-76.));
#6263 = ( GEOMETRIC_REPRESENTATION_CONTEXT(2) 
PARAMETRIC_REPRESENTATION_CONTEXT() REPRESENTATION_CONTEXT('2D SPACE',''
  ) );
#6264 = PCURVE('',#6265,#6270);
#6265 = TOROIDAL_SURFACE('',#6266,3.2,1.);
#6266 = AXIS2_PLACEMENT_3D('',#6267,#6268,#6269);
#6267 = CARTESIAN_POINT('',(-79.2,15.8,1.));
#6268 = DIRECTION('',(-2.2E-16,1.2E-16,1.));
#6269 = DIRECTION('',(0.999999999999,-1.44312645277E-06,
    2.200001731749E-16));
#6270 = DEFINITIONAL_REPRESENTATION('',(#6271),#6275);
#6271 = LINE('',#6272,#6273);
#6272 = CARTESIAN_POINT('',(0.,4.712388980385));
#6273 = VECTOR('',#6274,1.);
#6274 = DIRECTION('',(1.,0.));
#6275 = ( GEOMETRIC_REPRESENTATION_CONTEXT(2) 
PARAMETRIC_REPRESENTATION_CONTEXT() REPRESENTATION_CONTEXT('2D SPACE',''
  ) );
#6276 = ORIENTED_EDGE('',*,*,#6277,.F.);
#6277 = EDGE_CURVE('',#6278,#6245,#6280,.T.);
#6278 = VERTEX_POINT('',#6279);
#6279 = CARTESIAN_POINT('',(-76.,-1.,-1.6E-14));
#6280 = SURFACE_CURVE('',#6281,(#6285,#6292),.PCURVE_S1.);
#6281 = LINE('',#6282,#6283);
#6282 = CARTESIAN_POINT('',(-76.,1.699E-14,-1.621E-14));
#6283 = VECTOR('',#6284,1.);
#6284 = DIRECTION('',(2.2E-16,1.,0.));
#6285 = PCURVE('',#725,#6286);
#6286 = DEFINITIONAL_REPRESENTATION('',(#6287),#6291);
#6287 = LINE('',#6288,#6289);
#6288 = CARTESIAN_POINT('',(5.723572967801,-76.));
#6289 = VECTOR('',#6290,1.);
#6290 = DIRECTION('',(1.,2.2E-16));
#6291 = ( GEOMETRIC_REPRESENTATION_CONTEXT(2) 
PARAMETRIC_REPRESENTATION_CONTEXT() REPRESENTATION_CONTEXT('2D SPACE',''
  ) );
#6292 = PCURVE('',#6293,#6298);
#6293 = CYLINDRICAL_SURFACE('',#6294,1.);
#6294 = AXIS2_PLACEMENT_3D('',#6295,#6296,#6297);
#6295 = CARTESIAN_POINT('',(-76.,1.699E-14,1.));
#6296 = DIRECTION('',(2.2E-16,1.,0.));
#6297 = DIRECTION('',(2.2E-16,-4.84E-32,-1.));
#6298 = DEFINITIONAL_REPRESENTATION('',(#6299),#6303);
#6299 = LINE('',#6300,#6301);
#6300 = CARTESIAN_POINT('',(-0.,0.));
#6301 = VECTOR('',#6302,1.);
#6302 = DIRECTION('',(-0.,1.));
#6303 = ( GEOMETRIC_REPRESENTATION_CONTEXT(2) 
PARAMETRIC_REPRESENTATION_CONTEXT() REPRESENTATION_CONTEXT('2D SPACE',''
  ) );
#6304 = ORIENTED_EDGE('',*,*,#6305,.F.);
#6305 = EDGE_CURVE('',#6306,#6278,#6308,.T.);
#6306 = VERTEX_POINT('',#6307);
#6307 = CARTESIAN_POINT('',(-17.39573529167,-0.999997841063,-3.E-15));
#6308 = SURFACE_CURVE('',#6309,(#6313,#6320),.PCURVE_S1.);
#6309 = LINE('',#6310,#6311);
#6310 = CARTESIAN_POINT('',(-18.23981118951,-1.,-3.38E-15));
#6311 = VECTOR('',#6312,1.);
#6312 = DIRECTION('',(-1.,2.2E-16,-2.2E-16));
#6313 = PCURVE('',#725,#6314);
#6314 = DEFINITIONAL_REPRESENTATION('',(#6315),#6319);
#6315 = LINE('',#6316,#6317);
#6316 = CARTESIAN_POINT('',(4.723572967801,-18.23981118951));
#6317 = VECTOR('',#6318,1.);
#6318 = DIRECTION('',(2.2E-16,-1.));
#6319 = ( GEOMETRIC_REPRESENTATION_CONTEXT(2) 
PARAMETRIC_REPRESENTATION_CONTEXT() REPRESENTATION_CONTEXT('2D SPACE',''
  ) );
#6320 = PCURVE('',#6321,#6326);
#6321 = CYLINDRICAL_SURFACE('',#6322,1.);
#6322 = AXIS2_PLACEMENT_3D('',#6323,#6324,#6325);
#6323 = CARTESIAN_POINT('',(-18.23981118951,-1.,1.));
#6324 = DIRECTION('',(-1.,2.2E-16,-2.2E-16));
#6325 = DIRECTION('',(2.2E-16,-1.2E-16,-1.));
#6326 = DEFINITIONAL_REPRESENTATION('',(#6327),#6331);
#6327 = LINE('',#6328,#6329);
#6328 = CARTESIAN_POINT('',(-0.,0.));
#6329 = VECTOR('',#6330,1.);
#6330 = DIRECTION('',(-0.,1.));
#6331 = ( GEOMETRIC_REPRESENTATION_CONTEXT(2) 
PARAMETRIC_REPRESENTATION_CONTEXT() REPRESENTATION_CONTEXT('2D SPACE',''
  ) );
#6332 = ORIENTED_EDGE('',*,*,#6333,.F.);
#6333 = EDGE_CURVE('',#6334,#6306,#6336,.T.);
#6334 = VERTEX_POINT('',#6335);
#6335 = CARTESIAN_POINT('',(-13.46379895122,-4.,-4.E-15));
#6336 = SURFACE_CURVE('',#6337,(#6348,#6362),.PCURVE_S1.);
#6337 = ( BOUNDED_CURVE() B_SPLINE_CURVE(9,(#6338,#6339,#6340,#6341,
    #6342,#6343,#6344,#6345,#6346,#6347),.UNSPECIFIED.,.F.,.F.) 
B_SPLINE_CURVE_WITH_KNOTS((10,10),(4.512455278565,10.953761452775),
.PIECEWISE_BEZIER_KNOTS.) CURVE() GEOMETRIC_REPRESENTATION_ITEM() 
RATIONAL_B_SPLINE_CURVE((1.,1.,1.,1.,1.,1.,1.,1.,1.,1.)) 
REPRESENTATION_ITEM('') );
#6338 = CARTESIAN_POINT('',(-13.46379895122,-4.,-1.74E-15));
#6339 = CARTESIAN_POINT('',(-13.46379895122,-3.469045686217,-6.5E-16));
#6340 = CARTESIAN_POINT('',(-13.60184823985,-2.900709610738,-5.33E-15));
#6341 = CARTESIAN_POINT('',(-13.90904259551,-2.333435722438,3.28E-15));
#6342 = CARTESIAN_POINT('',(-14.39042662863,-1.853376067223,-5.83E-15));
#6343 = CARTESIAN_POINT('',(-14.94774509468,-1.493900588961,-4.54E-15));
#6344 = CARTESIAN_POINT('',(-15.54899864043,-1.242297544097,2.43E-15));
#6345 = CARTESIAN_POINT('',(-16.15088538504,-1.084085912917,-6.05E-15));
#6346 = CARTESIAN_POINT('',(-16.76328237796,-0.999630305181,-1.78E-15));
#6347 = CARTESIAN_POINT('',(-17.39573529167,-0.999997841063,-2.97E-15));
#6348 = PCURVE('',#725,#6349);
#6349 = DEFINITIONAL_REPRESENTATION('',(#6350),#6361);
#6350 = ( BOUNDED_CURVE() B_SPLINE_CURVE(9,(#6351,#6352,#6353,#6354,
    #6355,#6356,#6357,#6358,#6359,#6360),.UNSPECIFIED.,.F.,.F.) 
B_SPLINE_CURVE_WITH_KNOTS((10,10),(4.512455278565,10.953761452775),
.PIECEWISE_BEZIER_KNOTS.) CURVE() GEOMETRIC_REPRESENTATION_ITEM() 
RATIONAL_B_SPLINE_CURVE((1.,1.,1.,1.,1.,1.,1.,1.,1.,1.)) 
REPRESENTATION_ITEM('') );
#6351 = CARTESIAN_POINT('',(1.723572967801,-13.46379895122));
#6352 = CARTESIAN_POINT('',(2.254527281584,-13.46379895122));
#6353 = CARTESIAN_POINT('',(2.822863357063,-13.60184823985));
#6354 = CARTESIAN_POINT('',(3.390137245363,-13.90904259551));
#6355 = CARTESIAN_POINT('',(3.870196900579,-14.39042662863));
#6356 = CARTESIAN_POINT('',(4.22967237884,-14.94774509468));
#6357 = CARTESIAN_POINT('',(4.481275423704,-15.54899864043));
#6358 = CARTESIAN_POINT('',(4.639487054884,-16.15088538504));
#6359 = CARTESIAN_POINT('',(4.72394266262,-16.76328237796));
#6360 = CARTESIAN_POINT('',(4.723575126738,-17.39573529167));
#6361 = ( GEOMETRIC_REPRESENTATION_CONTEXT(2) 
PARAMETRIC_REPRESENTATION_CONTEXT() REPRESENTATION_CONTEXT('2D SPACE',''
  ) );
#6362 = PCURVE('',#6363,#6394);
#6363 = ( BOUNDED_SURFACE() B_SPLINE_SURFACE(2,9,(
    (#6364,#6365,#6366,#6367,#6368,#6369,#6370,#6371,#6372,#6373)
    ,(#6374,#6375,#6376,#6377,#6378,#6379,#6380,#6381,#6382,#6383)
    ,(#6384,#6385,#6386,#6387,#6388,#6389,#6390,#6391,#6392,#6393
)),.UNSPECIFIED.,.F.,.F.,.F.) B_SPLINE_SURFACE_WITH_KNOTS((3,3),(10,10),
  (0.,6.44130617421),(4.512455278565,10.953761452775),
.PIECEWISE_BEZIER_KNOTS.) GEOMETRIC_REPRESENTATION_ITEM() 
RATIONAL_B_SPLINE_SURFACE((
    (1.,1.,1.,1.,1.,1.,1.,1.,1.,1.)
    ,(0.907177557446,0.907177557446,0.901318682832,0.889055501693
      ,0.870663431847,0.845896453707,0.815164416785,0.78232756323
      ,0.746489032652,0.707106781187)
,(1.,1.,1.,1.,1.,1.,1.,1.,1.,1.))) REPRESENTATION_ITEM('') SURFACE() );
#6364 = CARTESIAN_POINT('',(-13.46379895122,-4.,-1.74E-15));
#6365 = CARTESIAN_POINT('',(-13.46379895122,-3.469045686217,-6.5E-16));
#6366 = CARTESIAN_POINT('',(-13.60184823985,-2.900709610738,-5.33E-15));
#6367 = CARTESIAN_POINT('',(-13.90904259551,-2.333435722438,3.28E-15));
#6368 = CARTESIAN_POINT('',(-14.39042662863,-1.853376067223,-5.83E-15));
#6369 = CARTESIAN_POINT('',(-14.94774509468,-1.493900588961,-4.54E-15));
#6370 = CARTESIAN_POINT('',(-15.54899864043,-1.242297544097,2.43E-15));
#6371 = CARTESIAN_POINT('',(-16.15088538504,-1.084085912917,-6.05E-15));
#6372 = CARTESIAN_POINT('',(-16.76328237796,-0.999630305181,-1.78E-15));
#6373 = CARTESIAN_POINT('',(-17.39573529167,-0.999997841063,-2.97E-15));
#6374 = CARTESIAN_POINT('',(-13.,-4.,-2.5E-15));
#6375 = CARTESIAN_POINT('',(-13.,-3.3739568104,-5.63E-15));
#6376 = CARTESIAN_POINT('',(-13.1439830636,-2.710955007656,1.23E-14));
#6377 = CARTESIAN_POINT('',(-13.46100839198,-2.042061628462,-2.01E-14));
#6378 = CARTESIAN_POINT('',(-13.96489189348,-1.447684234804,8.85E-15));
#6379 = CARTESIAN_POINT('',(-14.56476846131,-0.970453296234,-1.022E-14)
  );
#6380 = CARTESIAN_POINT('',(-15.21467406595,-0.593011654943,9.15E-15));
#6381 = CARTESIAN_POINT('',(-15.89969539746,-0.307006310839,-1.104E-14)
  );
#6382 = CARTESIAN_POINT('',(-16.62724702135,-0.105513047663,1.5E-15));
#6383 = CARTESIAN_POINT('',(-17.39365734336,5.19E-15,-4.08E-15));
#6384 = CARTESIAN_POINT('',(-12.70041266585,-4.,0.354057758534));
#6385 = CARTESIAN_POINT('',(-12.70041266585,-3.312534888817,
    0.354057758534));
#6386 = CARTESIAN_POINT('',(-12.85659932757,-2.602133421644,
    0.375301551359));
#6387 = CARTESIAN_POINT('',(-13.18670415965,-1.900160454308,
    0.419908816054));
#6388 = CARTESIAN_POINT('',(-13.7024536466,-1.27590216309,0.485585008564
    ));
#6389 = CARTESIAN_POINT('',(-14.32987596811,-0.768922906936,
    0.573122343112));
#6390 = CARTESIAN_POINT('',(-15.04424705633,-0.387813826986,
    0.675682265806));
#6391 = CARTESIAN_POINT('',(-15.79748678762,-0.133992658429,
    0.780245448247));
#6392 = CARTESIAN_POINT('',(-16.58433040197,2.08E-14,0.888610171723));
#6393 = CARTESIAN_POINT('',(-17.39365734336,5.42E-15,1.));
#6394 = DEFINITIONAL_REPRESENTATION('',(#6395),#6399);
#6395 = LINE('',#6396,#6397);
#6396 = CARTESIAN_POINT('',(0.,0.));
#6397 = VECTOR('',#6398,1.);
#6398 = DIRECTION('',(0.,1.));
#6399 = ( GEOMETRIC_REPRESENTATION_CONTEXT(2) 
PARAMETRIC_REPRESENTATION_CONTEXT() REPRESENTATION_CONTEXT('2D SPACE',''
  ) );
#6400 = ORIENTED_EDGE('',*,*,#6401,.F.);
#6401 = EDGE_CURVE('',#6402,#6334,#6404,.T.);
#6402 = VERTEX_POINT('',#6403);
#6403 = CARTESIAN_POINT('',(-13.46379895122,-5.,-3.E-15));
#6404 = SURFACE_CURVE('',#6405,(#6409,#6416),.PCURVE_S1.);
#6405 = LINE('',#6406,#6407);
#6406 = CARTESIAN_POINT('',(-13.46379895122,-5.,-2.99E-15));
#6407 = VECTOR('',#6408,1.);
#6408 = DIRECTION('',(2.2E-16,1.,-4.4E-16));
#6409 = PCURVE('',#725,#6410);
#6410 = DEFINITIONAL_REPRESENTATION('',(#6411),#6415);
#6411 = LINE('',#6412,#6413);
#6412 = CARTESIAN_POINT('',(0.723572967801,-13.46379895122));
#6413 = VECTOR('',#6414,1.);
#6414 = DIRECTION('',(1.,2.2E-16));
#6415 = ( GEOMETRIC_REPRESENTATION_CONTEXT(2) 
PARAMETRIC_REPRESENTATION_CONTEXT() REPRESENTATION_CONTEXT('2D SPACE',''
  ) );
#6416 = PCURVE('',#6417,#6422);
#6417 = CYLINDRICAL_SURFACE('',#6418,1.);
#6418 = AXIS2_PLACEMENT_3D('',#6419,#6420,#6421);
#6419 = CARTESIAN_POINT('',(-13.46379895122,-5.,1.));
#6420 = DIRECTION('',(2.2E-16,1.,-4.4E-16));
#6421 = DIRECTION('',(2.2E-16,-4.4E-16,-1.));
#6422 = DEFINITIONAL_REPRESENTATION('',(#6423),#6427);
#6423 = LINE('',#6424,#6425);
#6424 = CARTESIAN_POINT('',(-0.,0.));
#6425 = VECTOR('',#6426,1.);
#6426 = DIRECTION('',(-0.,1.));
#6427 = ( GEOMETRIC_REPRESENTATION_CONTEXT(2) 
PARAMETRIC_REPRESENTATION_CONTEXT() REPRESENTATION_CONTEXT('2D SPACE',''
  ) );
#6428 = ORIENTED_EDGE('',*,*,#6429,.F.);
#6429 = EDGE_CURVE('',#6430,#6402,#6432,.T.);
#6430 = VERTEX_POINT('',#6431);
#6431 = CARTESIAN_POINT('',(-13.93428561706,-5.117592895958,-3.E-15));
#6432 = SURFACE_CURVE('',#6433,(#6445,#6460),.PCURVE_S1.);
#6433 = ( BOUNDED_CURVE() B_SPLINE_CURVE(10,(#6434,#6435,#6436,#6437,
    #6438,#6439,#6440,#6441,#6442,#6443,#6444),.UNSPECIFIED.,.F.,.F.) 
B_SPLINE_CURVE_WITH_KNOTS((11,11),(2.397390399193,3.512455278565),
.PIECEWISE_BEZIER_KNOTS.) CURVE() GEOMETRIC_REPRESENTATION_ITEM() 
RATIONAL_B_SPLINE_CURVE((1.,1.,1.,1.,1.,1.,1.,1.,1.,1.,1.)) 
REPRESENTATION_ITEM('') );
#6434 = CARTESIAN_POINT('',(-13.93428561706,-5.117592895958,-1.72E-15));
#6435 = CARTESIAN_POINT('',(-13.85705993194,-5.15758342835,-2.E-15));
#6436 = CARTESIAN_POINT('',(-13.78179124389,-5.178153653098,-6.6E-16));
#6437 = CARTESIAN_POINT('',(-13.71022003502,-5.18577714553,-2.42E-15));
#6438 = CARTESIAN_POINT('',(-13.64489844097,-5.180266835614,-1.18E-15));
#6439 = CARTESIAN_POINT('',(-13.58714476602,-5.16554986028,-5.E-16));
#6440 = CARTESIAN_POINT('',(-13.53900615891,-5.141380512674,-3.59E-15));
#6441 = CARTESIAN_POINT('',(-13.50165820302,-5.110854418861,-8.E-16));
#6442 = CARTESIAN_POINT('',(-13.47642448356,-5.075429062092,-1.34E-15));
#6443 = CARTESIAN_POINT('',(-13.46379895122,-5.037718246112,-1.67E-15));
#6444 = CARTESIAN_POINT('',(-13.46379895122,-5.,-1.63E-15));
#6445 = PCURVE('',#725,#6446);
#6446 = DEFINITIONAL_REPRESENTATION('',(#6447),#6459);
#6447 = ( BOUNDED_CURVE() B_SPLINE_CURVE(10,(#6448,#6449,#6450,#6451,
    #6452,#6453,#6454,#6455,#6456,#6457,#6458),.UNSPECIFIED.,.F.,.F.) 
B_SPLINE_CURVE_WITH_KNOTS((11,11),(2.397390399193,3.512455278565),
.PIECEWISE_BEZIER_KNOTS.) CURVE() GEOMETRIC_REPRESENTATION_ITEM() 
RATIONAL_B_SPLINE_CURVE((1.,1.,1.,1.,1.,1.,1.,1.,1.,1.,1.)) 
REPRESENTATION_ITEM('') );
#6448 = CARTESIAN_POINT('',(0.605980071843,-13.93428561706));
#6449 = CARTESIAN_POINT('',(0.565989539452,-13.85705993194));
#6450 = CARTESIAN_POINT('',(0.545419314703,-13.78179124389));
#6451 = CARTESIAN_POINT('',(0.537795822271,-13.71022003502));
#6452 = CARTESIAN_POINT('',(0.543306132187,-13.64489844097));
#6453 = CARTESIAN_POINT('',(0.558023107522,-13.58714476602));
#6454 = CARTESIAN_POINT('',(0.582192455127,-13.53900615891));
#6455 = CARTESIAN_POINT('',(0.61271854894,-13.50165820302));
#6456 = CARTESIAN_POINT('',(0.648143905709,-13.47642448356));
#6457 = CARTESIAN_POINT('',(0.685854721689,-13.46379895122));
#6458 = CARTESIAN_POINT('',(0.723572967801,-13.46379895122));
#6459 = ( GEOMETRIC_REPRESENTATION_CONTEXT(2) 
PARAMETRIC_REPRESENTATION_CONTEXT() REPRESENTATION_CONTEXT('2D SPACE',''
  ) );
#6460 = PCURVE('',#6461,#6495);
#6461 = ( BOUNDED_SURFACE() B_SPLINE_SURFACE(2,10,(
    (#6462,#6463,#6464,#6465,#6466,#6467,#6468,#6469,#6470,#6471,#6472)
    ,(#6473,#6474,#6475,#6476,#6477,#6478,#6479,#6480,#6481,#6482,#6483)
    ,(#6484,#6485,#6486,#6487,#6488,#6489,#6490,#6491,#6492,#6493,#6494
)),.UNSPECIFIED.,.F.,.F.,.F.) B_SPLINE_SURFACE_WITH_KNOTS((3,3),(11,11),
  (0.,1.115064879372),(2.397390399193,3.512455278565),
.PIECEWISE_BEZIER_KNOTS.) GEOMETRIC_REPRESENTATION_ITEM() 
RATIONAL_B_SPLINE_SURFACE((
    (1.,1.,1.,1.,1.,1.,1.,1.,1.,1.,1.)
    ,(0.707106781187,0.764160235974,0.799697250655,0.833080441682
      ,0.853292751182,0.874930037911,0.886595412068,0.897684119643
      ,0.903864217774,0.907177557446,0.907177557446)
,(1.,1.,1.,1.,1.,1.,1.,1.,1.,1.,1.
  ))) REPRESENTATION_ITEM('') SURFACE() );
#6462 = CARTESIAN_POINT('',(-13.93428561706,-5.117592895958,-1.72E-15));
#6463 = CARTESIAN_POINT('',(-13.85705993194,-5.15758342835,-2.E-15));
#6464 = CARTESIAN_POINT('',(-13.78179124389,-5.178153653098,-6.6E-16));
#6465 = CARTESIAN_POINT('',(-13.71022003502,-5.18577714553,-2.42E-15));
#6466 = CARTESIAN_POINT('',(-13.64489844097,-5.180266835614,-1.18E-15));
#6467 = CARTESIAN_POINT('',(-13.58714476602,-5.16554986028,-5.E-16));
#6468 = CARTESIAN_POINT('',(-13.53900615891,-5.141380512674,-3.59E-15));
#6469 = CARTESIAN_POINT('',(-13.50165820302,-5.110854418861,-8.E-16));
#6470 = CARTESIAN_POINT('',(-13.47642448356,-5.075429062092,-1.34E-15));
#6471 = CARTESIAN_POINT('',(-13.46379895122,-5.037718246112,-1.67E-15));
#6472 = CARTESIAN_POINT('',(-13.46379895122,-5.,-1.63E-15));
#6473 = CARTESIAN_POINT('',(-13.46379895122,-6.,-7.7E-16));
#6474 = CARTESIAN_POINT('',(-13.39319048282,-5.868236080747,8.9E-16));
#6475 = CARTESIAN_POINT('',(-13.31103821843,-5.771940522508,-1.1371E-13)
  );
#6476 = CARTESIAN_POINT('',(-13.24081701502,-5.670980536643,3.2043E-13)
  );
#6477 = CARTESIAN_POINT('',(-13.1698664184,-5.580760891908,-4.9688E-13)
  );
#6478 = CARTESIAN_POINT('',(-13.11717269542,-5.481251514908,4.9553E-13)
  );
#6479 = CARTESIAN_POINT('',(-13.06812231619,-5.387500427203,-3.3905E-13)
  );
#6480 = CARTESIAN_POINT('',(-13.03489336999,-5.289645140995,1.3826E-13)
  );
#6481 = CARTESIAN_POINT('',(-13.01134246495,-5.192957557706,-3.18E-14));
#6482 = CARTESIAN_POINT('',(-13.,-5.096110844847,-6.9E-16));
#6483 = CARTESIAN_POINT('',(-13.,-5.,-1.44E-15));
#6484 = CARTESIAN_POINT('',(-13.46379895122,-6.,1.));
#6485 = CARTESIAN_POINT('',(-13.31157022682,-6.,0.838628460919));
#6486 = CARTESIAN_POINT('',(-13.17499493469,-5.946220022562,
    0.723788011436));
#6487 = CARTESIAN_POINT('',(-13.05192578549,-5.871176194716,
    0.61768331329));
#6488 = CARTESIAN_POINT('',(-12.94928228978,-5.766094327412,
    0.543485998065));
#6489 = CARTESIAN_POINT('',(-12.86304501899,-5.655262641244,
    0.472360039383));
#6490 = CARTESIAN_POINT('',(-12.79756881653,-5.528285537387,
    0.427236833972));
#6491 = CARTESIAN_POINT('',(-12.74847133684,-5.400366448868,
    0.388976689981));
#6492 = CARTESIAN_POINT('',(-12.71648779964,-5.26759143886,
    0.365996040934));
#6493 = CARTESIAN_POINT('',(-12.70041266585,-5.133829090958,
    0.354057758534));
#6494 = CARTESIAN_POINT('',(-12.70041266585,-5.,0.354057758534));
#6495 = DEFINITIONAL_REPRESENTATION('',(#6496),#6500);
#6496 = LINE('',#6497,#6498);
#6497 = CARTESIAN_POINT('',(0.,0.));
#6498 = VECTOR('',#6499,1.);
#6499 = DIRECTION('',(0.,1.));
#6500 = ( GEOMETRIC_REPRESENTATION_CONTEXT(2) 
PARAMETRIC_REPRESENTATION_CONTEXT() REPRESENTATION_CONTEXT('2D SPACE',''
  ) );
#6501 = ORIENTED_EDGE('',*,*,#6502,.F.);
#6502 = EDGE_CURVE('',#6503,#6430,#6505,.T.);
#6503 = VERTEX_POINT('',#6504);
#6504 = CARTESIAN_POINT('',(-14.30995279737,-5.,-3.E-15));
#6505 = SURFACE_CURVE('',#6506,(#6514,#6525),.PCURVE_S1.);
#6506 = ( BOUNDED_CURVE() B_SPLINE_CURVE(6,(#6507,#6508,#6509,#6510,
#6511,#6512,#6513),.UNSPECIFIED.,.F.,.F.) B_SPLINE_CURVE_WITH_KNOTS((7,7
),(1.690047202621,2.397390399193),.PIECEWISE_BEZIER_KNOTS.) CURVE() 
GEOMETRIC_REPRESENTATION_ITEM() RATIONAL_B_SPLINE_CURVE((1.,1.,1.,1.,1.,
1.,1.)) REPRESENTATION_ITEM('') );
#6507 = CARTESIAN_POINT('',(-14.30995279737,-5.,-1.81E-15));
#6508 = CARTESIAN_POINT('',(-14.25441428958,-5.,-2.83E-15));
#6509 = CARTESIAN_POINT('',(-14.19885030249,-5.007218600955,5.6E-16));
#6510 = CARTESIAN_POINT('',(-14.1419378025,-5.021669015742,-5.14E-15));
#6511 = CARTESIAN_POINT('',(-14.08166332314,-5.043926242625,8.6E-16));
#6512 = CARTESIAN_POINT('',(-14.01593267932,-5.075312798573,-2.35E-15));
#6513 = CARTESIAN_POINT('',(-13.93428561706,-5.117592895958,-1.72E-15));
#6514 = PCURVE('',#725,#6515);
#6515 = DEFINITIONAL_REPRESENTATION('',(#6516),#6524);
#6516 = ( BOUNDED_CURVE() B_SPLINE_CURVE(6,(#6517,#6518,#6519,#6520,
#6521,#6522,#6523),.UNSPECIFIED.,.F.,.F.) B_SPLINE_CURVE_WITH_KNOTS((7,7
),(1.690047202621,2.397390399193),.PIECEWISE_BEZIER_KNOTS.) CURVE() 
GEOMETRIC_REPRESENTATION_ITEM() RATIONAL_B_SPLINE_CURVE((1.,1.,1.,1.,1.,
1.,1.)) REPRESENTATION_ITEM('') );
#6517 = CARTESIAN_POINT('',(0.723572967801,-14.30995279737));
#6518 = CARTESIAN_POINT('',(0.723572967801,-14.25441428958));
#6519 = CARTESIAN_POINT('',(0.716354366846,-14.19885030249));
#6520 = CARTESIAN_POINT('',(0.70190395206,-14.1419378025));
#6521 = CARTESIAN_POINT('',(0.679646725176,-14.08166332314));
#6522 = CARTESIAN_POINT('',(0.648260169228,-14.01593267932));
#6523 = CARTESIAN_POINT('',(0.605980071843,-13.93428561706));
#6524 = ( GEOMETRIC_REPRESENTATION_CONTEXT(2) 
PARAMETRIC_REPRESENTATION_CONTEXT() REPRESENTATION_CONTEXT('2D SPACE',''
  ) );
#6525 = PCURVE('',#6526,#6548);
#6526 = ( BOUNDED_SURFACE() B_SPLINE_SURFACE(2,6,(
    (#6527,#6528,#6529,#6530,#6531,#6532,#6533)
    ,(#6534,#6535,#6536,#6537,#6538,#6539,#6540)
    ,(#6541,#6542,#6543,#6544,#6545,#6546,#6547
)),.UNSPECIFIED.,.F.,.F.,.F.) B_SPLINE_SURFACE_WITH_KNOTS((3,3),(7,7),(
    0.,0.707343196572),(1.690047202621,2.397390399193),
.PIECEWISE_BEZIER_KNOTS.) GEOMETRIC_REPRESENTATION_ITEM() 
RATIONAL_B_SPLINE_SURFACE((
    (1.,1.,1.,1.,1.,1.,1.)
    ,(0.707106781187,0.707106781187,0.707106781187,0.707106781187
      ,0.707106781187,0.707106781187,0.707106781187)
,(1.,1.,1.,1.,1.,1.,1.))) REPRESENTATION_ITEM('') SURFACE() );
#6527 = CARTESIAN_POINT('',(-14.30995279737,-5.,-1.81E-15));
#6528 = CARTESIAN_POINT('',(-14.25441428958,-5.,-2.83E-15));
#6529 = CARTESIAN_POINT('',(-14.19885030249,-5.007218600955,5.6E-16));
#6530 = CARTESIAN_POINT('',(-14.1419378025,-5.021669015742,-5.14E-15));
#6531 = CARTESIAN_POINT('',(-14.08166332314,-5.043926242625,8.6E-16));
#6532 = CARTESIAN_POINT('',(-14.01593267932,-5.075312798573,-2.35E-15));
#6533 = CARTESIAN_POINT('',(-13.93428561706,-5.117592895958,-1.72E-15));
#6534 = CARTESIAN_POINT('',(-14.30995279737,-6.,-1.85E-15));
#6535 = CARTESIAN_POINT('',(-14.17684397704,-6.,-1.48E-15));
#6536 = CARTESIAN_POINT('',(-14.04371026768,-6.,-2.45E-15));
#6537 = CARTESIAN_POINT('',(-13.90885811518,-6.,-1.65E-15));
#6538 = CARTESIAN_POINT('',(-13.76994130235,-6.,-1.39E-15));
#6539 = CARTESIAN_POINT('',(-13.62474317745,-6.,-2.03E-15));
#6540 = CARTESIAN_POINT('',(-13.46379895122,-6.,-1.99E-15));
#6541 = CARTESIAN_POINT('',(-14.30995279737,-6.,1.));
#6542 = CARTESIAN_POINT('',(-14.17684397704,-6.,1.));
#6543 = CARTESIAN_POINT('',(-14.04371026768,-6.,1.));
#6544 = CARTESIAN_POINT('',(-13.90885811518,-6.,1.));
#6545 = CARTESIAN_POINT('',(-13.76994130235,-6.,1.));
#6546 = CARTESIAN_POINT('',(-13.62474317745,-6.,1.));
#6547 = CARTESIAN_POINT('',(-13.46379895122,-6.,1.));
#6548 = DEFINITIONAL_REPRESENTATION('',(#6549),#6553);
#6549 = LINE('',#6550,#6551);
#6550 = CARTESIAN_POINT('',(0.,0.));
#6551 = VECTOR('',#6552,1.);
#6552 = DIRECTION('',(0.,1.));
#6553 = ( GEOMETRIC_REPRESENTATION_CONTEXT(2) 
PARAMETRIC_REPRESENTATION_CONTEXT() REPRESENTATION_CONTEXT('2D SPACE',''
  ) );
#6554 = ORIENTED_EDGE('',*,*,#6555,.F.);
#6555 = EDGE_CURVE('',#6556,#6503,#6558,.T.);
#6556 = VERTEX_POINT('',#6557);
#6557 = CARTESIAN_POINT('',(-16.,-5.,-4.E-15));
#6558 = SURFACE_CURVE('',#6559,(#6563,#6570),.PCURVE_S1.);
#6559 = LINE('',#6560,#6561);
#6560 = CARTESIAN_POINT('',(-16.,-5.,-2.66E-15));
#6561 = VECTOR('',#6562,1.);
#6562 = DIRECTION('',(1.,-2.2E-16,2.2E-16));
#6563 = PCURVE('',#725,#6564);
#6564 = DEFINITIONAL_REPRESENTATION('',(#6565),#6569);
#6565 = LINE('',#6566,#6567);
#6566 = CARTESIAN_POINT('',(0.723572967801,-16.));
#6567 = VECTOR('',#6568,1.);
#6568 = DIRECTION('',(-2.2E-16,1.));
#6569 = ( GEOMETRIC_REPRESENTATION_CONTEXT(2) 
PARAMETRIC_REPRESENTATION_CONTEXT() REPRESENTATION_CONTEXT('2D SPACE',''
  ) );
#6570 = PCURVE('',#6571,#6576);
#6571 = CYLINDRICAL_SURFACE('',#6572,1.);
#6572 = AXIS2_PLACEMENT_3D('',#6573,#6574,#6575);
#6573 = CARTESIAN_POINT('',(-16.,-5.,1.));
#6574 = DIRECTION('',(1.,-2.2E-16,2.2E-16));
#6575 = DIRECTION('',(2.2E-16,-1.2E-16,-1.));
#6576 = DEFINITIONAL_REPRESENTATION('',(#6577),#6581);
#6577 = LINE('',#6578,#6579);
#6578 = CARTESIAN_POINT('',(-0.,0.));
#6579 = VECTOR('',#6580,1.);
#6580 = DIRECTION('',(-0.,1.));
#6581 = ( GEOMETRIC_REPRESENTATION_CONTEXT(2) 
PARAMETRIC_REPRESENTATION_CONTEXT() REPRESENTATION_CONTEXT('2D SPACE',''
  ) );
#6582 = ORIENTED_EDGE('',*,*,#6583,.F.);
#6583 = EDGE_CURVE('',#6584,#6556,#6586,.T.);
#6584 = VERTEX_POINT('',#6585);
#6585 = CARTESIAN_POINT('',(-16.,-23.5,-5.E-15));
#6586 = SURFACE_CURVE('',#6587,(#6591,#6598),.PCURVE_S1.);
#6587 = LINE('',#6588,#6589);
#6588 = CARTESIAN_POINT('',(-16.,-9.573547671547,-1.67E-15));
#6589 = VECTOR('',#6590,1.);
#6590 = DIRECTION('',(2.2E-16,1.,-1.2E-16));
#6591 = PCURVE('',#725,#6592);
#6592 = DEFINITIONAL_REPRESENTATION('',(#6593),#6597);
#6593 = LINE('',#6594,#6595);
#6594 = CARTESIAN_POINT('',(-3.849974703746,-16.));
#6595 = VECTOR('',#6596,1.);
#6596 = DIRECTION('',(1.,2.2E-16));
#6597 = ( GEOMETRIC_REPRESENTATION_CONTEXT(2) 
PARAMETRIC_REPRESENTATION_CONTEXT() REPRESENTATION_CONTEXT('2D SPACE',''
  ) );
#6598 = PCURVE('',#6599,#6604);
#6599 = PLANE('',#6600);
#6600 = AXIS2_PLACEMENT_3D('',#6601,#6602,#6603);
#6601 = CARTESIAN_POINT('',(-16.,-13.49005524916,6.451931010403));
#6602 = DIRECTION('',(1.,-2.2E-16,2.2E-16));
#6603 = DIRECTION('',(-2.2E-16,-1.,-2.2E-16));
#6604 = DEFINITIONAL_REPRESENTATION('',(#6605),#6609);
#6605 = LINE('',#6606,#6607);
#6606 = CARTESIAN_POINT('',(-3.916507577621,6.451931010403));
#6607 = VECTOR('',#6608,1.);
#6608 = DIRECTION('',(-1.,3.4E-16));
#6609 = ( GEOMETRIC_REPRESENTATION_CONTEXT(2) 
PARAMETRIC_REPRESENTATION_CONTEXT() REPRESENTATION_CONTEXT('2D SPACE',''
  ) );
#6610 = ORIENTED_EDGE('',*,*,#6611,.T.);
#6611 = EDGE_CURVE('',#6584,#710,#6612,.T.);
#6612 = SURFACE_CURVE('',#6613,(#6617,#6624),.PCURVE_S1.);
#6613 = LINE('',#6614,#6615);
#6614 = CARTESIAN_POINT('',(-16.,-23.5,3.3E-16));
#6615 = VECTOR('',#6616,1.);
#6616 = DIRECTION('',(1.,-2.2E-16,0.));
#6617 = PCURVE('',#725,#6618);
#6618 = DEFINITIONAL_REPRESENTATION('',(#6619),#6623);
#6619 = LINE('',#6620,#6621);
#6620 = CARTESIAN_POINT('',(-17.77642703219,-16.));
#6621 = VECTOR('',#6622,1.);
#6622 = DIRECTION('',(-2.2E-16,1.));
#6623 = ( GEOMETRIC_REPRESENTATION_CONTEXT(2) 
PARAMETRIC_REPRESENTATION_CONTEXT() REPRESENTATION_CONTEXT('2D SPACE',''
  ) );
#6624 = PCURVE('',#758,#6625);
#6625 = DEFINITIONAL_REPRESENTATION('',(#6626),#6630);
#6626 = LINE('',#6627,#6628);
#6627 = CARTESIAN_POINT('',(-0.,32.));
#6628 = VECTOR('',#6629,1.);
#6629 = DIRECTION('',(-0.,-1.));
#6630 = ( GEOMETRIC_REPRESENTATION_CONTEXT(2) 
PARAMETRIC_REPRESENTATION_CONTEXT() REPRESENTATION_CONTEXT('2D SPACE',''
  ) );
#6631 = ORIENTED_EDGE('',*,*,#709,.T.);
#6632 = ORIENTED_EDGE('',*,*,#928,.T.);
#6633 = ORIENTED_EDGE('',*,*,#1040,.T.);
#6634 = ORIENTED_EDGE('',*,*,#1151,.T.);
#6635 = ORIENTED_EDGE('',*,*,#1354,.T.);
#6636 = ORIENTED_EDGE('',*,*,#3542,.T.);
#6637 = ORIENTED_EDGE('',*,*,#2522,.T.);
#6638 = ORIENTED_EDGE('',*,*,#1441,.T.);
#6639 = ORIENTED_EDGE('',*,*,#1920,.T.);
#6640 = ORIENTED_EDGE('',*,*,#2622,.T.);
#6641 = ORIENTED_EDGE('',*,*,#2752,.T.);
#6642 = ORIENTED_EDGE('',*,*,#3476,.T.);
#6643 = ORIENTED_EDGE('',*,*,#3366,.F.);
#6644 = ORIENTED_EDGE('',*,*,#3040,.T.);
#6645 = FACE_BOUND('',#6646,.T.);
#6646 = EDGE_LOOP('',(#6647));
#6647 = ORIENTED_EDGE('',*,*,#3580,.F.);
#6648 = FACE_BOUND('',#6649,.T.);
#6649 = EDGE_LOOP('',(#6650));
#6650 = ORIENTED_EDGE('',*,*,#6651,.T.);
#6651 = EDGE_CURVE('',#6652,#6652,#6654,.T.);
#6652 = VERTEX_POINT('',#6653);
#6653 = CARTESIAN_POINT('',(-81.7,15.8,-1.5E-14));
#6654 = SURFACE_CURVE('',#6655,(#6660,#6671),.PCURVE_S1.);
#6655 = CIRCLE('',#6656,2.5);
#6656 = AXIS2_PLACEMENT_3D('',#6657,#6658,#6659);
#6657 = CARTESIAN_POINT('',(-79.2,15.8,-1.493E-14));
#6658 = DIRECTION('',(-2.2E-16,-2.2E-16,1.));
#6659 = DIRECTION('',(-1.,2.2E-16,-2.2E-16));
#6660 = PCURVE('',#725,#6661);
#6661 = DEFINITIONAL_REPRESENTATION('',(#6662),#6670);
#6662 = ( BOUNDED_CURVE() B_SPLINE_CURVE(2,(#6663,#6664,#6665,#6666,
#6667,#6668,#6669),.UNSPECIFIED.,.T.,.F.) B_SPLINE_CURVE_WITH_KNOTS((1,2
    ,2,2,2,1),(-2.094395102393,0.,2.094395102393,4.188790204786,
6.28318530718,8.377580409573),.UNSPECIFIED.) CURVE() 
GEOMETRIC_REPRESENTATION_ITEM() RATIONAL_B_SPLINE_CURVE((1.,0.5,1.,0.5,
1.,0.5,1.)) REPRESENTATION_ITEM('') );
#6663 = CARTESIAN_POINT('',(21.523572967801,-81.7));
#6664 = CARTESIAN_POINT('',(17.193445948879,-81.7));
#6665 = CARTESIAN_POINT('',(19.35850945834,-77.95));
#6666 = CARTESIAN_POINT('',(21.523572967801,-74.2));
#6667 = CARTESIAN_POINT('',(23.688636477262,-77.95));
#6668 = CARTESIAN_POINT('',(25.853699986723,-81.7));
#6669 = CARTESIAN_POINT('',(21.523572967801,-81.7));
#6670 = ( GEOMETRIC_REPRESENTATION_CONTEXT(2) 
PARAMETRIC_REPRESENTATION_CONTEXT() REPRESENTATION_CONTEXT('2D SPACE',''
  ) );
#6671 = PCURVE('',#6672,#6677);
#6672 = CYLINDRICAL_SURFACE('',#6673,2.5);
#6673 = AXIS2_PLACEMENT_3D('',#6674,#6675,#6676);
#6674 = CARTESIAN_POINT('',(-79.2,15.8,-1.844E-14));
#6675 = DIRECTION('',(2.2E-16,0.,-1.));
#6676 = DIRECTION('',(-1.,2.2E-16,-2.2E-16));
#6677 = DEFINITIONAL_REPRESENTATION('',(#6678),#6682);
#6678 = LINE('',#6679,#6680);
#6679 = CARTESIAN_POINT('',(-0.,0.));
#6680 = VECTOR('',#6681,1.);
#6681 = DIRECTION('',(-1.,0.));
#6682 = ( GEOMETRIC_REPRESENTATION_CONTEXT(2) 
PARAMETRIC_REPRESENTATION_CONTEXT() REPRESENTATION_CONTEXT('2D SPACE',''
  ) );
#6683 = ADVANCED_FACE('',(#6684),#6698,.T.);
#6684 = FACE_BOUND('',#6685,.F.);
#6685 = EDGE_LOOP('',(#6686,#6721,#6749,#6772,#6800,#6828,#6856,#6879));
#6686 = ORIENTED_EDGE('',*,*,#6687,.T.);
#6687 = EDGE_CURVE('',#6688,#6690,#6692,.T.);
#6688 = VERTEX_POINT('',#6689);
#6689 = CARTESIAN_POINT('',(-18.5,-22.5,4.776315789474));
#6690 = VERTEX_POINT('',#6691);
#6691 = CARTESIAN_POINT('',(-18.5,-22.5,2.5));
#6692 = SURFACE_CURVE('',#6693,(#6697,#6709),.PCURVE_S1.);
#6693 = LINE('',#6694,#6695);
#6694 = CARTESIAN_POINT('',(-18.5,-22.5,5.776315789474));
#6695 = VECTOR('',#6696,1.);
#6696 = DIRECTION('',(2.2E-16,2.2E-16,-1.));
#6697 = PCURVE('',#6698,#6703);
#6698 = PLANE('',#6699);
#6699 = AXIS2_PLACEMENT_3D('',#6700,#6701,#6702);
#6700 = CARTESIAN_POINT('',(-18.5,-10.51113748844,7.879550444517));
#6701 = DIRECTION('',(-1.,2.2E-16,-2.2E-16));
#6702 = DIRECTION('',(2.2E-16,1.,2.2E-16));
#6703 = DEFINITIONAL_REPRESENTATION('',(#6704),#6708);
#6704 = LINE('',#6705,#6706);
#6705 = CARTESIAN_POINT('',(-11.98886251155,2.103234655043));
#6706 = VECTOR('',#6707,1.);
#6707 = DIRECTION('',(4.930380657631E-32,1.));
#6708 = ( GEOMETRIC_REPRESENTATION_CONTEXT(2) 
PARAMETRIC_REPRESENTATION_CONTEXT() REPRESENTATION_CONTEXT('2D SPACE',''
  ) );
#6709 = PCURVE('',#6710,#6715);
#6710 = PLANE('',#6711);
#6711 = AXIS2_PLACEMENT_3D('',#6712,#6713,#6714);
#6712 = CARTESIAN_POINT('',(-18.5,-22.5,5.776315789474));
#6713 = DIRECTION('',(2.2E-16,1.,0.));
#6714 = DIRECTION('',(-4.4E-16,9.68E-32,1.));
#6715 = DEFINITIONAL_REPRESENTATION('',(#6716),#6720);
#6716 = LINE('',#6717,#6718);
#6717 = CARTESIAN_POINT('',(-5.329070518201E-15,-3.552713678801E-15));
#6718 = VECTOR('',#6719,1.);
#6719 = DIRECTION('',(-1.,-2.2E-16));
#6720 = ( GEOMETRIC_REPRESENTATION_CONTEXT(2) 
PARAMETRIC_REPRESENTATION_CONTEXT() REPRESENTATION_CONTEXT('2D SPACE',''
  ) );
#6721 = ORIENTED_EDGE('',*,*,#6722,.T.);
#6722 = EDGE_CURVE('',#6690,#6723,#6725,.T.);
#6723 = VERTEX_POINT('',#6724);
#6724 = CARTESIAN_POINT('',(-18.5,6.E-15,2.5));
#6725 = SURFACE_CURVE('',#6726,(#6730,#6737),.PCURVE_S1.);
#6726 = LINE('',#6727,#6728);
#6727 = CARTESIAN_POINT('',(-18.5,-6.,2.5));
#6728 = VECTOR('',#6729,1.);
#6729 = DIRECTION('',(2.2E-16,1.,-2.2E-16));
#6730 = PCURVE('',#6698,#6731);
#6731 = DEFINITIONAL_REPRESENTATION('',(#6732),#6736);
#6732 = LINE('',#6733,#6734);
#6733 = CARTESIAN_POINT('',(4.511137488441,5.379550444517));
#6734 = VECTOR('',#6735,1.);
#6735 = DIRECTION('',(1.,4.4E-16));
#6736 = ( GEOMETRIC_REPRESENTATION_CONTEXT(2) 
PARAMETRIC_REPRESENTATION_CONTEXT() REPRESENTATION_CONTEXT('2D SPACE',''
  ) );
#6737 = PCURVE('',#6738,#6743);
#6738 = PLANE('',#6739);
#6739 = AXIS2_PLACEMENT_3D('',#6740,#6741,#6742);
#6740 = CARTESIAN_POINT('',(-30.,-12.78301886792,2.5));
#6741 = DIRECTION('',(-2.2E-16,2.4E-16,1.));
#6742 = DIRECTION('',(2.2E-16,1.,-2.4E-16));
#6743 = DEFINITIONAL_REPRESENTATION('',(#6744),#6748);
#6744 = LINE('',#6745,#6746);
#6745 = CARTESIAN_POINT('',(6.783018867925,-11.5));
#6746 = VECTOR('',#6747,1.);
#6747 = DIRECTION('',(1.,3.496193423687E-33));
#6748 = ( GEOMETRIC_REPRESENTATION_CONTEXT(2) 
PARAMETRIC_REPRESENTATION_CONTEXT() REPRESENTATION_CONTEXT('2D SPACE',''
  ) );
#6749 = ORIENTED_EDGE('',*,*,#6750,.F.);
#6750 = EDGE_CURVE('',#6751,#6723,#6753,.T.);
#6751 = VERTEX_POINT('',#6752);
#6752 = CARTESIAN_POINT('',(-18.5,3.E-15,15.));
#6753 = SURFACE_CURVE('',#6754,(#6758,#6765),.PCURVE_S1.);
#6754 = LINE('',#6755,#6756);
#6755 = CARTESIAN_POINT('',(-18.5,3.44E-15,15.));
#6756 = VECTOR('',#6757,1.);
#6757 = DIRECTION('',(2.2E-16,2.2E-16,-1.));
#6758 = PCURVE('',#6698,#6759);
#6759 = DEFINITIONAL_REPRESENTATION('',(#6760),#6764);
#6760 = LINE('',#6761,#6762);
#6761 = CARTESIAN_POINT('',(10.511137488441,-7.120449555483));
#6762 = VECTOR('',#6763,1.);
#6763 = DIRECTION('',(4.930380657631E-32,1.));
#6764 = ( GEOMETRIC_REPRESENTATION_CONTEXT(2) 
PARAMETRIC_REPRESENTATION_CONTEXT() REPRESENTATION_CONTEXT('2D SPACE',''
  ) );
#6765 = PCURVE('',#100,#6766);
#6766 = DEFINITIONAL_REPRESENTATION('',(#6767),#6771);
#6767 = LINE('',#6768,#6769);
#6768 = CARTESIAN_POINT('',(18.5,6.846716430077));
#6769 = VECTOR('',#6770,1.);
#6770 = DIRECTION('',(-2.2E-16,-1.));
#6771 = ( GEOMETRIC_REPRESENTATION_CONTEXT(2) 
PARAMETRIC_REPRESENTATION_CONTEXT() REPRESENTATION_CONTEXT('2D SPACE',''
  ) );
#6772 = ORIENTED_EDGE('',*,*,#6773,.F.);
#6773 = EDGE_CURVE('',#6774,#6751,#6776,.T.);
#6774 = VERTEX_POINT('',#6775);
#6775 = CARTESIAN_POINT('',(-18.5,-4.,15.));
#6776 = SURFACE_CURVE('',#6777,(#6781,#6788),.PCURVE_S1.);
#6777 = LINE('',#6778,#6779);
#6778 = CARTESIAN_POINT('',(-18.5,-6.,15.));
#6779 = VECTOR('',#6780,1.);
#6780 = DIRECTION('',(2.2E-16,1.,-2.2E-16));
#6781 = PCURVE('',#6698,#6782);
#6782 = DEFINITIONAL_REPRESENTATION('',(#6783),#6787);
#6783 = LINE('',#6784,#6785);
#6784 = CARTESIAN_POINT('',(4.511137488441,-7.120449555483));
#6785 = VECTOR('',#6786,1.);
#6786 = DIRECTION('',(1.,4.4E-16));
#6787 = ( GEOMETRIC_REPRESENTATION_CONTEXT(2) 
PARAMETRIC_REPRESENTATION_CONTEXT() REPRESENTATION_CONTEXT('2D SPACE',''
  ) );
#6788 = PCURVE('',#6789,#6794);
#6789 = PLANE('',#6790);
#6790 = AXIS2_PLACEMENT_3D('',#6791,#6792,#6793);
#6791 = CARTESIAN_POINT('',(-41.5,-6.,15.));
#6792 = DIRECTION('',(-2.2E-16,2.2E-16,1.));
#6793 = DIRECTION('',(-1.,2.2E-16,-2.2E-16));
#6794 = DEFINITIONAL_REPRESENTATION('',(#6795),#6799);
#6795 = LINE('',#6796,#6797);
#6796 = CARTESIAN_POINT('',(-23.,-6.191079014994E-16));
#6797 = VECTOR('',#6798,1.);
#6798 = DIRECTION('',(4.84E-32,-1.));
#6799 = ( GEOMETRIC_REPRESENTATION_CONTEXT(2) 
PARAMETRIC_REPRESENTATION_CONTEXT() REPRESENTATION_CONTEXT('2D SPACE',''
  ) );
#6800 = ORIENTED_EDGE('',*,*,#6801,.T.);
#6801 = EDGE_CURVE('',#6774,#6802,#6804,.T.);
#6802 = VERTEX_POINT('',#6803);
#6803 = CARTESIAN_POINT('',(-18.5,-6.,17.));
#6804 = SURFACE_CURVE('',#6805,(#6809,#6816),.PCURVE_S1.);
#6805 = LINE('',#6806,#6807);
#6806 = CARTESIAN_POINT('',(-18.5,-4.34767198324,15.34767198324));
#6807 = VECTOR('',#6808,1.);
#6808 = DIRECTION('',(-3.1E-16,-0.707106781187,0.707106781187));
#6809 = PCURVE('',#6698,#6810);
#6810 = DEFINITIONAL_REPRESENTATION('',(#6811),#6815);
#6811 = LINE('',#6812,#6813);
#6812 = CARTESIAN_POINT('',(6.163465505202,-7.468121538722));
#6813 = VECTOR('',#6814,1.);
#6814 = DIRECTION('',(-0.707106781187,-0.707106781187));
#6815 = ( GEOMETRIC_REPRESENTATION_CONTEXT(2) 
PARAMETRIC_REPRESENTATION_CONTEXT() REPRESENTATION_CONTEXT('2D SPACE',''
  ) );
#6816 = PCURVE('',#6817,#6822);
#6817 = PLANE('',#6818);
#6818 = AXIS2_PLACEMENT_3D('',#6819,#6820,#6821);
#6819 = CARTESIAN_POINT('',(-41.5,-5.,16.));
#6820 = DIRECTION('',(0.,0.707106781187,0.707106781187));
#6821 = DIRECTION('',(-1.,2.2E-16,-2.2E-16));
#6822 = DEFINITIONAL_REPRESENTATION('',(#6823),#6827);
#6823 = LINE('',#6824,#6825);
#6824 = CARTESIAN_POINT('',(-23.,-0.922531128418));
#6825 = VECTOR('',#6826,1.);
#6826 = DIRECTION('',(-1.126983722081E-18,1.));
#6827 = ( GEOMETRIC_REPRESENTATION_CONTEXT(2) 
PARAMETRIC_REPRESENTATION_CONTEXT() REPRESENTATION_CONTEXT('2D SPACE',''
  ) );
#6828 = ORIENTED_EDGE('',*,*,#6829,.F.);
#6829 = EDGE_CURVE('',#6830,#6802,#6832,.T.);
#6830 = VERTEX_POINT('',#6831);
#6831 = CARTESIAN_POINT('',(-18.5,-6.,17.5));
#6832 = SURFACE_CURVE('',#6833,(#6837,#6844),.PCURVE_S1.);
#6833 = LINE('',#6834,#6835);
#6834 = CARTESIAN_POINT('',(-18.5,-6.,8.75));
#6835 = VECTOR('',#6836,1.);
#6836 = DIRECTION('',(2.2E-16,0.,-1.));
#6837 = PCURVE('',#6698,#6838);
#6838 = DEFINITIONAL_REPRESENTATION('',(#6839),#6843);
#6839 = LINE('',#6840,#6841);
#6840 = CARTESIAN_POINT('',(4.511137488441,-0.870449555483));
#6841 = VECTOR('',#6842,1.);
#6842 = DIRECTION('',(-2.2E-16,1.));
#6843 = ( GEOMETRIC_REPRESENTATION_CONTEXT(2) 
PARAMETRIC_REPRESENTATION_CONTEXT() REPRESENTATION_CONTEXT('2D SPACE',''
  ) );
#6844 = PCURVE('',#6845,#6850);
#6845 = PLANE('',#6846);
#6846 = AXIS2_PLACEMENT_3D('',#6847,#6848,#6849);
#6847 = CARTESIAN_POINT('',(-23.6064365193,-6.,9.824937693295));
#6848 = DIRECTION('',(-2.2E-16,-1.,2.3E-16));
#6849 = DIRECTION('',(2.2E-16,-2.3E-16,-1.));
#6850 = DEFINITIONAL_REPRESENTATION('',(#6851),#6855);
#6851 = LINE('',#6852,#6853);
#6852 = CARTESIAN_POINT('',(1.074937693295,5.1064365193));
#6853 = VECTOR('',#6854,1.);
#6854 = DIRECTION('',(1.,-4.930380657631E-32));
#6855 = ( GEOMETRIC_REPRESENTATION_CONTEXT(2) 
PARAMETRIC_REPRESENTATION_CONTEXT() REPRESENTATION_CONTEXT('2D SPACE',''
  ) );
#6856 = ORIENTED_EDGE('',*,*,#6857,.T.);
#6857 = EDGE_CURVE('',#6830,#6858,#6860,.T.);
#6858 = VERTEX_POINT('',#6859);
#6859 = CARTESIAN_POINT('',(-18.5,-23.31518040826,5.197108657285));
#6860 = SURFACE_CURVE('',#6861,(#6865,#6872),.PCURVE_S1.);
#6861 = LINE('',#6862,#6863);
#6862 = CARTESIAN_POINT('',(-18.5,-16.21310834558,10.243317754456));
#6863 = VECTOR('',#6864,1.);
#6864 = DIRECTION('',(-5.E-17,-0.815180408266,-0.579207132189));
#6865 = PCURVE('',#6698,#6866);
#6866 = DEFINITIONAL_REPRESENTATION('',(#6867),#6871);
#6867 = LINE('',#6868,#6869);
#6868 = CARTESIAN_POINT('',(-5.701970857139,-2.363767309939));
#6869 = VECTOR('',#6870,1.);
#6870 = DIRECTION('',(-0.815180408266,0.579207132189));
#6871 = ( GEOMETRIC_REPRESENTATION_CONTEXT(2) 
PARAMETRIC_REPRESENTATION_CONTEXT() REPRESENTATION_CONTEXT('2D SPACE',''
  ) );
#6872 = PCURVE('',#212,#6873);
#6873 = DEFINITIONAL_REPRESENTATION('',(#6874),#6878);
#6874 = LINE('',#6875,#6876);
#6875 = CARTESIAN_POINT('',(-3.554796356164,-18.5));
#6876 = VECTOR('',#6877,1.);
#6877 = DIRECTION('',(1.,-5.E-17));
#6878 = ( GEOMETRIC_REPRESENTATION_CONTEXT(2) 
PARAMETRIC_REPRESENTATION_CONTEXT() REPRESENTATION_CONTEXT('2D SPACE',''
  ) );
#6879 = ORIENTED_EDGE('',*,*,#6880,.T.);
#6880 = EDGE_CURVE('',#6858,#6688,#6881,.T.);
#6881 = SURFACE_CURVE('',#6882,(#6886,#6893),.PCURVE_S1.);
#6882 = LINE('',#6883,#6884);
#6883 = CARTESIAN_POINT('',(-18.5,-18.60299482905,2.764697299718));
#6884 = VECTOR('',#6885,1.);
#6885 = DIRECTION('',(3.E-16,0.888596402252,-0.458689910403));
#6886 = PCURVE('',#6698,#6887);
#6887 = DEFINITIONAL_REPRESENTATION('',(#6888),#6892);
#6888 = LINE('',#6889,#6890);
#6889 = CARTESIAN_POINT('',(-8.091857340614,5.1148531448));
#6890 = VECTOR('',#6891,1.);
#6891 = DIRECTION('',(0.888596402252,0.458689910403));
#6892 = ( GEOMETRIC_REPRESENTATION_CONTEXT(2) 
PARAMETRIC_REPRESENTATION_CONTEXT() REPRESENTATION_CONTEXT('2D SPACE',''
  ) );
#6893 = PCURVE('',#6894,#6899);
#6894 = PLANE('',#6895);
#6895 = AXIS2_PLACEMENT_3D('',#6896,#6897,#6898);
#6896 = CARTESIAN_POINT('',(-18.5,-22.90759020413,4.986712223379));
#6897 = DIRECTION('',(2.43E-15,0.458689910403,0.888596402252));
#6898 = DIRECTION('',(1.,-1.472381022296E-15,-1.974612632189E-15));
#6899 = DEFINITIONAL_REPRESENTATION('',(#6900),#6904);
#6900 = LINE('',#6901,#6902);
#6901 = CARTESIAN_POINT('',(-1.950385801751E-15,4.844263789691));
#6902 = VECTOR('',#6903,1.);
#6903 = DIRECTION('',(-1.026175878163E-16,1.));
#6904 = ( GEOMETRIC_REPRESENTATION_CONTEXT(2) 
PARAMETRIC_REPRESENTATION_CONTEXT() REPRESENTATION_CONTEXT('2D SPACE',''
  ) );
#6905 = ADVANCED_FACE('',(#6906),#6738,.T.);
#6906 = FACE_BOUND('',#6907,.F.);
#6907 = EDGE_LOOP('',(#6908,#6909,#6932,#6960));
#6908 = ORIENTED_EDGE('',*,*,#6722,.F.);
#6909 = ORIENTED_EDGE('',*,*,#6910,.T.);
#6910 = EDGE_CURVE('',#6690,#6911,#6913,.T.);
#6911 = VERTEX_POINT('',#6912);
#6912 = CARTESIAN_POINT('',(-41.5,-22.5,2.5));
#6913 = SURFACE_CURVE('',#6914,(#6918,#6925),.PCURVE_S1.);
#6914 = LINE('',#6915,#6916);
#6915 = CARTESIAN_POINT('',(-18.5,-22.5,2.5));
#6916 = VECTOR('',#6917,1.);
#6917 = DIRECTION('',(-1.,2.2E-16,-4.4E-16));
#6918 = PCURVE('',#6738,#6919);
#6919 = DEFINITIONAL_REPRESENTATION('',(#6920),#6924);
#6920 = LINE('',#6921,#6922);
#6921 = CARTESIAN_POINT('',(-9.716981132075,-11.5));
#6922 = VECTOR('',#6923,1.);
#6923 = DIRECTION('',(1.021038065763E-31,1.));
#6924 = ( GEOMETRIC_REPRESENTATION_CONTEXT(2) 
PARAMETRIC_REPRESENTATION_CONTEXT() REPRESENTATION_CONTEXT('2D SPACE',''
  ) );
#6925 = PCURVE('',#6710,#6926);
#6926 = DEFINITIONAL_REPRESENTATION('',(#6927),#6931);
#6927 = LINE('',#6928,#6929);
#6928 = CARTESIAN_POINT('',(-3.276315789474,-1.441578947368E-15));
#6929 = VECTOR('',#6930,1.);
#6930 = DIRECTION('',(-0.,-1.));
#6931 = ( GEOMETRIC_REPRESENTATION_CONTEXT(2) 
PARAMETRIC_REPRESENTATION_CONTEXT() REPRESENTATION_CONTEXT('2D SPACE',''
  ) );
#6932 = ORIENTED_EDGE('',*,*,#6933,.F.);
#6933 = EDGE_CURVE('',#6934,#6911,#6936,.T.);
#6934 = VERTEX_POINT('',#6935);
#6935 = CARTESIAN_POINT('',(-41.5,1.1E-14,2.5));
#6936 = SURFACE_CURVE('',#6937,(#6941,#6948),.PCURVE_S1.);
#6937 = LINE('',#6938,#6939);
#6938 = CARTESIAN_POINT('',(-41.5,-15.5,2.5));
#6939 = VECTOR('',#6940,1.);
#6940 = DIRECTION('',(-2.2E-16,-1.,-0.));
#6941 = PCURVE('',#6738,#6942);
#6942 = DEFINITIONAL_REPRESENTATION('',(#6943),#6947);
#6943 = LINE('',#6944,#6945);
#6944 = CARTESIAN_POINT('',(-2.716981132075,11.5));
#6945 = VECTOR('',#6946,1.);
#6946 = DIRECTION('',(-1.,4.580761315263E-32));
#6947 = ( GEOMETRIC_REPRESENTATION_CONTEXT(2) 
PARAMETRIC_REPRESENTATION_CONTEXT() REPRESENTATION_CONTEXT('2D SPACE',''
  ) );
#6948 = PCURVE('',#6949,#6954);
#6949 = PLANE('',#6950);
#6950 = AXIS2_PLACEMENT_3D('',#6951,#6952,#6953);
#6951 = CARTESIAN_POINT('',(-41.5,-10.51113748844,7.879550444517));
#6952 = DIRECTION('',(1.,-2.2E-16,2.2E-16));
#6953 = DIRECTION('',(-2.2E-16,-1.,-2.2E-16));
#6954 = DEFINITIONAL_REPRESENTATION('',(#6955),#6959);
#6955 = LINE('',#6956,#6957);
#6956 = CARTESIAN_POINT('',(4.988862511559,5.379550444517));
#6957 = VECTOR('',#6958,1.);
#6958 = DIRECTION('',(1.,-2.2E-16));
#6959 = ( GEOMETRIC_REPRESENTATION_CONTEXT(2) 
PARAMETRIC_REPRESENTATION_CONTEXT() REPRESENTATION_CONTEXT('2D SPACE',''
  ) );
#6960 = ORIENTED_EDGE('',*,*,#6961,.F.);
#6961 = EDGE_CURVE('',#6723,#6934,#6962,.T.);
#6962 = SURFACE_CURVE('',#6963,(#6967,#6974),.PCURVE_S1.);
#6963 = LINE('',#6964,#6965);
#6964 = CARTESIAN_POINT('',(-18.5,6.22E-15,2.5));
#6965 = VECTOR('',#6966,1.);
#6966 = DIRECTION('',(-1.,2.2E-16,-2.2E-16));
#6967 = PCURVE('',#6738,#6968);
#6968 = DEFINITIONAL_REPRESENTATION('',(#6969),#6973);
#6969 = LINE('',#6970,#6971);
#6970 = CARTESIAN_POINT('',(12.783018867925,-11.5));
#6971 = VECTOR('',#6972,1.);
#6972 = DIRECTION('',(5.28E-32,1.));
#6973 = ( GEOMETRIC_REPRESENTATION_CONTEXT(2) 
PARAMETRIC_REPRESENTATION_CONTEXT() REPRESENTATION_CONTEXT('2D SPACE',''
  ) );
#6974 = PCURVE('',#100,#6975);
#6975 = DEFINITIONAL_REPRESENTATION('',(#6976),#6980);
#6976 = LINE('',#6977,#6978);
#6977 = CARTESIAN_POINT('',(18.5,-5.653283569923));
#6978 = VECTOR('',#6979,1.);
#6979 = DIRECTION('',(1.,-2.2E-16));
#6980 = ( GEOMETRIC_REPRESENTATION_CONTEXT(2) 
PARAMETRIC_REPRESENTATION_CONTEXT() REPRESENTATION_CONTEXT('2D SPACE',''
  ) );
#6981 = ADVANCED_FACE('',(#6982),#6949,.T.);
#6982 = FACE_BOUND('',#6983,.F.);
#6983 = EDGE_LOOP('',(#6984,#7007,#7030,#7053,#7076,#7099,#7122,#7143));
#6984 = ORIENTED_EDGE('',*,*,#6985,.T.);
#6985 = EDGE_CURVE('',#6911,#6986,#6988,.T.);
#6986 = VERTEX_POINT('',#6987);
#6987 = CARTESIAN_POINT('',(-41.5,-22.5,4.776315789474));
#6988 = SURFACE_CURVE('',#6989,(#6993,#7000),.PCURVE_S1.);
#6989 = LINE('',#6990,#6991);
#6990 = CARTESIAN_POINT('',(-41.5,-22.5,6.827933116995));
#6991 = VECTOR('',#6992,1.);
#6992 = DIRECTION('',(-2.2E-16,0.,1.));
#6993 = PCURVE('',#6949,#6994);
#6994 = DEFINITIONAL_REPRESENTATION('',(#6995),#6999);
#6995 = LINE('',#6996,#6997);
#6996 = CARTESIAN_POINT('',(11.988862511559,1.051617327522));
#6997 = VECTOR('',#6998,1.);
#6998 = DIRECTION('',(-2.2E-16,-1.));
#6999 = ( GEOMETRIC_REPRESENTATION_CONTEXT(2) 
PARAMETRIC_REPRESENTATION_CONTEXT() REPRESENTATION_CONTEXT('2D SPACE',''
  ) );
#7000 = PCURVE('',#6710,#7001);
#7001 = DEFINITIONAL_REPRESENTATION('',(#7002),#7006);
#7002 = LINE('',#7003,#7004);
#7003 = CARTESIAN_POINT('',(1.051617327522,-23.));
#7004 = VECTOR('',#7005,1.);
#7005 = DIRECTION('',(1.,2.2E-16));
#7006 = ( GEOMETRIC_REPRESENTATION_CONTEXT(2) 
PARAMETRIC_REPRESENTATION_CONTEXT() REPRESENTATION_CONTEXT('2D SPACE',''
  ) );
#7007 = ORIENTED_EDGE('',*,*,#7008,.F.);
#7008 = EDGE_CURVE('',#7009,#6986,#7011,.T.);
#7009 = VERTEX_POINT('',#7010);
#7010 = CARTESIAN_POINT('',(-41.5,-23.31518040826,5.197108657285));
#7011 = SURFACE_CURVE('',#7012,(#7016,#7023),.PCURVE_S1.);
#7012 = LINE('',#7013,#7014);
#7013 = CARTESIAN_POINT('',(-41.5,-18.60299482905,2.764697299718));
#7014 = VECTOR('',#7015,1.);
#7015 = DIRECTION('',(3.E-16,0.888596402252,-0.458689910403));
#7016 = PCURVE('',#6949,#7017);
#7017 = DEFINITIONAL_REPRESENTATION('',(#7018),#7022);
#7018 = LINE('',#7019,#7020);
#7019 = CARTESIAN_POINT('',(8.091857340614,5.114853144799));
#7020 = VECTOR('',#7021,1.);
#7021 = DIRECTION('',(-0.888596402252,0.458689910403));
#7022 = ( GEOMETRIC_REPRESENTATION_CONTEXT(2) 
PARAMETRIC_REPRESENTATION_CONTEXT() REPRESENTATION_CONTEXT('2D SPACE',''
  ) );
#7023 = PCURVE('',#6894,#7024);
#7024 = DEFINITIONAL_REPRESENTATION('',(#7025),#7029);
#7025 = LINE('',#7026,#7027);
#7026 = CARTESIAN_POINT('',(-23.,4.844263789691));
#7027 = VECTOR('',#7028,1.);
#7028 = DIRECTION('',(-1.026175878163E-16,1.));
#7029 = ( GEOMETRIC_REPRESENTATION_CONTEXT(2) 
PARAMETRIC_REPRESENTATION_CONTEXT() REPRESENTATION_CONTEXT('2D SPACE',''
  ) );
#7030 = ORIENTED_EDGE('',*,*,#7031,.F.);
#7031 = EDGE_CURVE('',#7032,#7009,#7034,.T.);
#7032 = VERTEX_POINT('',#7033);
#7033 = CARTESIAN_POINT('',(-41.5,-6.,17.5));
#7034 = SURFACE_CURVE('',#7035,(#7039,#7046),.PCURVE_S1.);
#7035 = LINE('',#7036,#7037);
#7036 = CARTESIAN_POINT('',(-41.5,-19.04118729866,8.233893235159));
#7037 = VECTOR('',#7038,1.);
#7038 = DIRECTION('',(-5.E-17,-0.815180408266,-0.579207132189));
#7039 = PCURVE('',#6949,#7040);
#7040 = DEFINITIONAL_REPRESENTATION('',(#7041),#7045);
#7041 = LINE('',#7042,#7043);
#7042 = CARTESIAN_POINT('',(8.530049810224,-0.354342790642));
#7043 = VECTOR('',#7044,1.);
#7044 = DIRECTION('',(0.815180408266,0.579207132189));
#7045 = ( GEOMETRIC_REPRESENTATION_CONTEXT(2) 
PARAMETRIC_REPRESENTATION_CONTEXT() REPRESENTATION_CONTEXT('2D SPACE',''
  ) );
#7046 = PCURVE('',#212,#7047);
#7047 = DEFINITIONAL_REPRESENTATION('',(#7048),#7052);
#7048 = LINE('',#7049,#7050);
#7049 = CARTESIAN_POINT('',(-8.552878740678E-02,-41.5));
#7050 = VECTOR('',#7051,1.);
#7051 = DIRECTION('',(1.,-5.E-17));
#7052 = ( GEOMETRIC_REPRESENTATION_CONTEXT(2) 
PARAMETRIC_REPRESENTATION_CONTEXT() REPRESENTATION_CONTEXT('2D SPACE',''
  ) );
#7053 = ORIENTED_EDGE('',*,*,#7054,.F.);
#7054 = EDGE_CURVE('',#7055,#7032,#7057,.T.);
#7055 = VERTEX_POINT('',#7056);
#7056 = CARTESIAN_POINT('',(-41.5,-6.,17.));
#7057 = SURFACE_CURVE('',#7058,(#7062,#7069),.PCURVE_S1.);
#7058 = LINE('',#7059,#7060);
#7059 = CARTESIAN_POINT('',(-41.5,-6.,10.));
#7060 = VECTOR('',#7061,1.);
#7061 = DIRECTION('',(-2.2E-16,0.,1.));
#7062 = PCURVE('',#6949,#7063);
#7063 = DEFINITIONAL_REPRESENTATION('',(#7064),#7068);
#7064 = LINE('',#7065,#7066);
#7065 = CARTESIAN_POINT('',(-4.511137488441,-2.120449555483));
#7066 = VECTOR('',#7067,1.);
#7067 = DIRECTION('',(-2.2E-16,-1.));
#7068 = ( GEOMETRIC_REPRESENTATION_CONTEXT(2) 
PARAMETRIC_REPRESENTATION_CONTEXT() REPRESENTATION_CONTEXT('2D SPACE',''
  ) );
#7069 = PCURVE('',#6845,#7070);
#7070 = DEFINITIONAL_REPRESENTATION('',(#7071),#7075);
#7071 = LINE('',#7072,#7073);
#7072 = CARTESIAN_POINT('',(-0.175062306705,-17.8935634807));
#7073 = VECTOR('',#7074,1.);
#7074 = DIRECTION('',(-1.,4.930380657631E-32));
#7075 = ( GEOMETRIC_REPRESENTATION_CONTEXT(2) 
PARAMETRIC_REPRESENTATION_CONTEXT() REPRESENTATION_CONTEXT('2D SPACE',''
  ) );
#7076 = ORIENTED_EDGE('',*,*,#7077,.F.);
#7077 = EDGE_CURVE('',#7078,#7055,#7080,.T.);
#7078 = VERTEX_POINT('',#7079);
#7079 = CARTESIAN_POINT('',(-41.5,-4.,15.));
#7080 = SURFACE_CURVE('',#7081,(#7085,#7092),.PCURVE_S1.);
#7081 = LINE('',#7082,#7083);
#7082 = CARTESIAN_POINT('',(-41.5,-4.34767198324,15.34767198324));
#7083 = VECTOR('',#7084,1.);
#7084 = DIRECTION('',(-3.1E-16,-0.707106781187,0.707106781187));
#7085 = PCURVE('',#6949,#7086);
#7086 = DEFINITIONAL_REPRESENTATION('',(#7087),#7091);
#7087 = LINE('',#7088,#7089);
#7088 = CARTESIAN_POINT('',(-6.163465505202,-7.468121538722));
#7089 = VECTOR('',#7090,1.);
#7090 = DIRECTION('',(0.707106781187,-0.707106781187));
#7091 = ( GEOMETRIC_REPRESENTATION_CONTEXT(2) 
PARAMETRIC_REPRESENTATION_CONTEXT() REPRESENTATION_CONTEXT('2D SPACE',''
  ) );
#7092 = PCURVE('',#6817,#7093);
#7093 = DEFINITIONAL_REPRESENTATION('',(#7094),#7098);
#7094 = LINE('',#7095,#7096);
#7095 = CARTESIAN_POINT('',(-6.818403030226E-15,-0.922531128418));
#7096 = VECTOR('',#7097,1.);
#7097 = DIRECTION('',(-1.126983722081E-18,1.));
#7098 = ( GEOMETRIC_REPRESENTATION_CONTEXT(2) 
PARAMETRIC_REPRESENTATION_CONTEXT() REPRESENTATION_CONTEXT('2D SPACE',''
  ) );
#7099 = ORIENTED_EDGE('',*,*,#7100,.T.);
#7100 = EDGE_CURVE('',#7078,#7101,#7103,.T.);
#7101 = VERTEX_POINT('',#7102);
#7102 = CARTESIAN_POINT('',(-41.5,9.E-15,15.));
#7103 = SURFACE_CURVE('',#7104,(#7108,#7115),.PCURVE_S1.);
#7104 = LINE('',#7105,#7106);
#7105 = CARTESIAN_POINT('',(-41.5,-6.,15.));
#7106 = VECTOR('',#7107,1.);
#7107 = DIRECTION('',(2.2E-16,1.,-2.2E-16));
#7108 = PCURVE('',#6949,#7109);
#7109 = DEFINITIONAL_REPRESENTATION('',(#7110),#7114);
#7110 = LINE('',#7111,#7112);
#7111 = CARTESIAN_POINT('',(-4.511137488441,-7.120449555483));
#7112 = VECTOR('',#7113,1.);
#7113 = DIRECTION('',(-1.,4.4E-16));
#7114 = ( GEOMETRIC_REPRESENTATION_CONTEXT(2) 
PARAMETRIC_REPRESENTATION_CONTEXT() REPRESENTATION_CONTEXT('2D SPACE',''
  ) );
#7115 = PCURVE('',#6789,#7116);
#7116 = DEFINITIONAL_REPRESENTATION('',(#7117),#7121);
#7117 = LINE('',#7118,#7119);
#7118 = CARTESIAN_POINT('',(-0.,0.));
#7119 = VECTOR('',#7120,1.);
#7120 = DIRECTION('',(4.84E-32,-1.));
#7121 = ( GEOMETRIC_REPRESENTATION_CONTEXT(2) 
PARAMETRIC_REPRESENTATION_CONTEXT() REPRESENTATION_CONTEXT('2D SPACE',''
  ) );
#7122 = ORIENTED_EDGE('',*,*,#7123,.F.);
#7123 = EDGE_CURVE('',#6934,#7101,#7124,.T.);
#7124 = SURFACE_CURVE('',#7125,(#7129,#7136),.PCURVE_S1.);
#7125 = LINE('',#7126,#7127);
#7126 = CARTESIAN_POINT('',(-41.5,1.132E-14,2.5));
#7127 = VECTOR('',#7128,1.);
#7128 = DIRECTION('',(-2.2E-16,-2.2E-16,1.));
#7129 = PCURVE('',#6949,#7130);
#7130 = DEFINITIONAL_REPRESENTATION('',(#7131),#7135);
#7131 = LINE('',#7132,#7133);
#7132 = CARTESIAN_POINT('',(-10.51113748844,5.379550444517));
#7133 = VECTOR('',#7134,1.);
#7134 = DIRECTION('',(4.930380657631E-32,-1.));
#7135 = ( GEOMETRIC_REPRESENTATION_CONTEXT(2) 
PARAMETRIC_REPRESENTATION_CONTEXT() REPRESENTATION_CONTEXT('2D SPACE',''
  ) );
#7136 = PCURVE('',#100,#7137);
#7137 = DEFINITIONAL_REPRESENTATION('',(#7138),#7142);
#7138 = LINE('',#7139,#7140);
#7139 = CARTESIAN_POINT('',(41.5,-5.653283569923));
#7140 = VECTOR('',#7141,1.);
#7141 = DIRECTION('',(2.2E-16,1.));
#7142 = ( GEOMETRIC_REPRESENTATION_CONTEXT(2) 
PARAMETRIC_REPRESENTATION_CONTEXT() REPRESENTATION_CONTEXT('2D SPACE',''
  ) );
#7143 = ORIENTED_EDGE('',*,*,#6933,.T.);
#7144 = ADVANCED_FACE('',(#7145),#6789,.F.);
#7145 = FACE_BOUND('',#7146,.T.);
#7146 = EDGE_LOOP('',(#7147,#7148,#7169,#7170));
#7147 = ORIENTED_EDGE('',*,*,#7100,.T.);
#7148 = ORIENTED_EDGE('',*,*,#7149,.T.);
#7149 = EDGE_CURVE('',#7101,#6751,#7150,.T.);
#7150 = SURFACE_CURVE('',#7151,(#7155,#7162),.PCURVE_S1.);
#7151 = LINE('',#7152,#7153);
#7152 = CARTESIAN_POINT('',(-41.5,8.55E-15,15.));
#7153 = VECTOR('',#7154,1.);
#7154 = DIRECTION('',(1.,-2.2E-16,2.2E-16));
#7155 = PCURVE('',#6789,#7156);
#7156 = DEFINITIONAL_REPRESENTATION('',(#7157),#7161);
#7157 = LINE('',#7158,#7159);
#7158 = CARTESIAN_POINT('',(1.32E-15,-6.));
#7159 = VECTOR('',#7160,1.);
#7160 = DIRECTION('',(-1.,-9.038065763132E-34));
#7161 = ( GEOMETRIC_REPRESENTATION_CONTEXT(2) 
PARAMETRIC_REPRESENTATION_CONTEXT() REPRESENTATION_CONTEXT('2D SPACE',''
  ) );
#7162 = PCURVE('',#100,#7163);
#7163 = DEFINITIONAL_REPRESENTATION('',(#7164),#7168);
#7164 = LINE('',#7165,#7166);
#7165 = CARTESIAN_POINT('',(41.5,6.846716430077));
#7166 = VECTOR('',#7167,1.);
#7167 = DIRECTION('',(-1.,2.2E-16));
#7168 = ( GEOMETRIC_REPRESENTATION_CONTEXT(2) 
PARAMETRIC_REPRESENTATION_CONTEXT() REPRESENTATION_CONTEXT('2D SPACE',''
  ) );
#7169 = ORIENTED_EDGE('',*,*,#6773,.F.);
#7170 = ORIENTED_EDGE('',*,*,#7171,.F.);
#7171 = EDGE_CURVE('',#7078,#6774,#7172,.T.);
#7172 = SURFACE_CURVE('',#7173,(#7177,#7184),.PCURVE_S1.);
#7173 = LINE('',#7174,#7175);
#7174 = CARTESIAN_POINT('',(-41.5,-4.,15.));
#7175 = VECTOR('',#7176,1.);
#7176 = DIRECTION('',(1.,-2.2E-16,2.2E-16));
#7177 = PCURVE('',#6789,#7178);
#7178 = DEFINITIONAL_REPRESENTATION('',(#7179),#7183);
#7179 = LINE('',#7180,#7181);
#7180 = CARTESIAN_POINT('',(4.4E-16,-2.));
#7181 = VECTOR('',#7182,1.);
#7182 = DIRECTION('',(-1.,-9.038065763132E-34));
#7183 = ( GEOMETRIC_REPRESENTATION_CONTEXT(2) 
PARAMETRIC_REPRESENTATION_CONTEXT() REPRESENTATION_CONTEXT('2D SPACE',''
  ) );
#7184 = PCURVE('',#6817,#7185);
#7185 = DEFINITIONAL_REPRESENTATION('',(#7186),#7190);
#7186 = LINE('',#7187,#7188);
#7187 = CARTESIAN_POINT('',(-6.665427357601E-15,-1.414213562373));
#7188 = VECTOR('',#7189,1.);
#7189 = DIRECTION('',(-1.,4.930380657631E-32));
#7190 = ( GEOMETRIC_REPRESENTATION_CONTEXT(2) 
PARAMETRIC_REPRESENTATION_CONTEXT() REPRESENTATION_CONTEXT('2D SPACE',''
  ) );
#7191 = ADVANCED_FACE('',(#7192),#6894,.T.);
#7192 = FACE_BOUND('',#7193,.F.);
#7193 = EDGE_LOOP('',(#7194,#7195,#7216,#7217));
#7194 = ORIENTED_EDGE('',*,*,#6880,.F.);
#7195 = ORIENTED_EDGE('',*,*,#7196,.T.);
#7196 = EDGE_CURVE('',#6858,#7009,#7197,.T.);
#7197 = SURFACE_CURVE('',#7198,(#7202,#7209),.PCURVE_S1.);
#7198 = LINE('',#7199,#7200);
#7199 = CARTESIAN_POINT('',(-18.5,-23.31518040826,5.197108657285));
#7200 = VECTOR('',#7201,1.);
#7201 = DIRECTION('',(-1.,2.2E-16,-4.4E-16));
#7202 = PCURVE('',#6894,#7203);
#7203 = DEFINITIONAL_REPRESENTATION('',(#7204),#7208);
#7204 = LINE('',#7205,#7206);
#7205 = CARTESIAN_POINT('',(1.846766252821E-16,-0.458689910403));
#7206 = VECTOR('',#7207,1.);
#7207 = DIRECTION('',(-1.,-5.302818743632E-18));
#7208 = ( GEOMETRIC_REPRESENTATION_CONTEXT(2) 
PARAMETRIC_REPRESENTATION_CONTEXT() REPRESENTATION_CONTEXT('2D SPACE',''
  ) );
#7209 = PCURVE('',#212,#7210);
#7210 = DEFINITIONAL_REPRESENTATION('',(#7211),#7215);
#7211 = LINE('',#7212,#7213);
#7212 = CARTESIAN_POINT('',(5.157473947032,-18.5));
#7213 = VECTOR('',#7214,1.);
#7214 = DIRECTION('',(7.551144834466E-17,-1.));
#7215 = ( GEOMETRIC_REPRESENTATION_CONTEXT(2) 
PARAMETRIC_REPRESENTATION_CONTEXT() REPRESENTATION_CONTEXT('2D SPACE',''
  ) );
#7216 = ORIENTED_EDGE('',*,*,#7008,.T.);
#7217 = ORIENTED_EDGE('',*,*,#7218,.F.);
#7218 = EDGE_CURVE('',#6688,#6986,#7219,.T.);
#7219 = SURFACE_CURVE('',#7220,(#7224,#7231),.PCURVE_S1.);
#7220 = LINE('',#7221,#7222);
#7221 = CARTESIAN_POINT('',(-18.5,-22.5,4.776315789474));
#7222 = VECTOR('',#7223,1.);
#7223 = DIRECTION('',(-1.,2.2E-16,-4.4E-16));
#7224 = PCURVE('',#6894,#7225);
#7225 = DEFINITIONAL_REPRESENTATION('',(#7226),#7230);
#7226 = LINE('',#7227,#7228);
#7227 = CARTESIAN_POINT('',(-1.846766252821E-16,0.458689910403));
#7228 = VECTOR('',#7229,1.);
#7229 = DIRECTION('',(-1.,-5.302818743632E-18));
#7230 = ( GEOMETRIC_REPRESENTATION_CONTEXT(2) 
PARAMETRIC_REPRESENTATION_CONTEXT() REPRESENTATION_CONTEXT('2D SPACE',''
  ) );
#7231 = PCURVE('',#6710,#7232);
#7232 = DEFINITIONAL_REPRESENTATION('',(#7233),#7237);
#7233 = LINE('',#7234,#7235);
#7234 = CARTESIAN_POINT('',(-1.,-4.4E-16));
#7235 = VECTOR('',#7236,1.);
#7236 = DIRECTION('',(-0.,-1.));
#7237 = ( GEOMETRIC_REPRESENTATION_CONTEXT(2) 
PARAMETRIC_REPRESENTATION_CONTEXT() REPRESENTATION_CONTEXT('2D SPACE',''
  ) );
#7238 = ADVANCED_FACE('',(#7239),#6710,.T.);
#7239 = FACE_BOUND('',#7240,.F.);
#7240 = EDGE_LOOP('',(#7241,#7242,#7243,#7244));
#7241 = ORIENTED_EDGE('',*,*,#6687,.F.);
#7242 = ORIENTED_EDGE('',*,*,#7218,.T.);
#7243 = ORIENTED_EDGE('',*,*,#6985,.F.);
#7244 = ORIENTED_EDGE('',*,*,#6910,.F.);
#7245 = ADVANCED_FACE('',(#7246),#6845,.T.);
#7246 = FACE_BOUND('',#7247,.F.);
#7247 = EDGE_LOOP('',(#7248,#7249,#7275,#7276));
#7248 = ORIENTED_EDGE('',*,*,#7054,.T.);
#7249 = ORIENTED_EDGE('',*,*,#7250,.T.);
#7250 = EDGE_CURVE('',#7032,#6830,#7251,.T.);
#7251 = SURFACE_CURVE('',#7252,(#7256,#7263),.PCURVE_S1.);
#7252 = LINE('',#7253,#7254);
#7253 = CARTESIAN_POINT('',(-44.,-6.,17.5));
#7254 = VECTOR('',#7255,1.);
#7255 = DIRECTION('',(1.,-2.2E-16,2.2E-16));
#7256 = PCURVE('',#6845,#7257);
#7257 = DEFINITIONAL_REPRESENTATION('',(#7258),#7262);
#7258 = LINE('',#7259,#7260);
#7259 = CARTESIAN_POINT('',(-7.675062306705,-20.3935634807));
#7260 = VECTOR('',#7261,1.);
#7261 = DIRECTION('',(4.930380657631E-32,1.));
#7262 = ( GEOMETRIC_REPRESENTATION_CONTEXT(2) 
PARAMETRIC_REPRESENTATION_CONTEXT() REPRESENTATION_CONTEXT('2D SPACE',''
  ) );
#7263 = PCURVE('',#7264,#7269);
#7264 = PLANE('',#7265);
#7265 = AXIS2_PLACEMENT_3D('',#7266,#7267,#7268);
#7266 = CARTESIAN_POINT('',(-44.,-6.,17.5));
#7267 = DIRECTION('',(-2.2E-16,2.2E-16,1.));
#7268 = DIRECTION('',(-1.,2.2E-16,-2.2E-16));
#7269 = DEFINITIONAL_REPRESENTATION('',(#7270),#7274);
#7270 = LINE('',#7271,#7272);
#7271 = CARTESIAN_POINT('',(-1.758593271006E-30,7.993605777301E-15));
#7272 = VECTOR('',#7273,1.);
#7273 = DIRECTION('',(-1.,-9.038065763132E-34));
#7274 = ( GEOMETRIC_REPRESENTATION_CONTEXT(2) 
PARAMETRIC_REPRESENTATION_CONTEXT() REPRESENTATION_CONTEXT('2D SPACE',''
  ) );
#7275 = ORIENTED_EDGE('',*,*,#6829,.T.);
#7276 = ORIENTED_EDGE('',*,*,#7277,.F.);
#7277 = EDGE_CURVE('',#7055,#6802,#7278,.T.);
#7278 = SURFACE_CURVE('',#7279,(#7283,#7290),.PCURVE_S1.);
#7279 = LINE('',#7280,#7281);
#7280 = CARTESIAN_POINT('',(-41.5,-6.,17.));
#7281 = VECTOR('',#7282,1.);
#7282 = DIRECTION('',(1.,-2.2E-16,2.2E-16));
#7283 = PCURVE('',#6845,#7284);
#7284 = DEFINITIONAL_REPRESENTATION('',(#7285),#7289);
#7285 = LINE('',#7286,#7287);
#7286 = CARTESIAN_POINT('',(-7.175062306705,-17.8935634807));
#7287 = VECTOR('',#7288,1.);
#7288 = DIRECTION('',(4.930380657631E-32,1.));
#7289 = ( GEOMETRIC_REPRESENTATION_CONTEXT(2) 
PARAMETRIC_REPRESENTATION_CONTEXT() REPRESENTATION_CONTEXT('2D SPACE',''
  ) );
#7290 = PCURVE('',#6817,#7291);
#7291 = DEFINITIONAL_REPRESENTATION('',(#7292),#7296);
#7292 = LINE('',#7293,#7294);
#7293 = CARTESIAN_POINT('',(-4.4E-16,1.414213562373));
#7294 = VECTOR('',#7295,1.);
#7295 = DIRECTION('',(-1.,4.930380657631E-32));
#7296 = ( GEOMETRIC_REPRESENTATION_CONTEXT(2) 
PARAMETRIC_REPRESENTATION_CONTEXT() REPRESENTATION_CONTEXT('2D SPACE',''
  ) );
#7297 = ADVANCED_FACE('',(#7298),#6091,.T.);
#7298 = FACE_BOUND('',#7299,.F.);
#7299 = EDGE_LOOP('',(#7300,#7330,#7366,#7387,#7388));
#7300 = ORIENTED_EDGE('',*,*,#7301,.T.);
#7301 = EDGE_CURVE('',#7302,#7304,#7306,.T.);
#7302 = VERTEX_POINT('',#7303);
#7303 = CARTESIAN_POINT('',(-87.,-10.,5.));
#7304 = VERTEX_POINT('',#7305);
#7305 = CARTESIAN_POINT('',(-45.8045612974,-15.74820074919,5.));
#7306 = SURFACE_CURVE('',#7307,(#7311,#7318),.PCURVE_S1.);
#7307 = LINE('',#7308,#7309);
#7308 = CARTESIAN_POINT('',(-87.,-10.,5.));
#7309 = VECTOR('',#7310,1.);
#7310 = DIRECTION('',(0.990404895365,-0.138196031911,2.2E-16));
#7311 = PCURVE('',#6091,#7312);
#7312 = DEFINITIONAL_REPRESENTATION('',(#7313),#7317);
#7313 = LINE('',#7314,#7315);
#7314 = CARTESIAN_POINT('',(-1.1E-15,-5.));
#7315 = VECTOR('',#7316,1.);
#7316 = DIRECTION('',(-1.,4.930380657631E-32));
#7317 = ( GEOMETRIC_REPRESENTATION_CONTEXT(2) 
PARAMETRIC_REPRESENTATION_CONTEXT() REPRESENTATION_CONTEXT('2D SPACE',''
  ) );
#7318 = PCURVE('',#7319,#7324);
#7319 = PLANE('',#7320);
#7320 = AXIS2_PLACEMENT_3D('',#7321,#7322,#7323);
#7321 = CARTESIAN_POINT('',(-86.65450992022,-7.523987761586,7.5));
#7322 = DIRECTION('',(-9.771935129767E-02,-0.700322017633,0.707106781187
    ));
#7323 = DIRECTION('',(-0.990404895365,0.138196031911,-2.22044604925E-16)
  );
#7324 = DEFINITIONAL_REPRESENTATION('',(#7325),#7329);
#7325 = LINE('',#7326,#7327);
#7326 = CARTESIAN_POINT('',(-2.720046410332E-15,3.535533905933));
#7327 = VECTOR('',#7328,1.);
#7328 = DIRECTION('',(-1.,4.711834433981E-17));
#7329 = ( GEOMETRIC_REPRESENTATION_CONTEXT(2) 
PARAMETRIC_REPRESENTATION_CONTEXT() REPRESENTATION_CONTEXT('2D SPACE',''
  ) );
#7330 = ORIENTED_EDGE('',*,*,#7331,.F.);
#7331 = EDGE_CURVE('',#7332,#7304,#7334,.T.);
#7332 = VERTEX_POINT('',#7333);
#7333 = CARTESIAN_POINT('',(-45.72360793617,-15.75949656704,
    5.002349700659));
#7334 = SURFACE_CURVE('',#7335,(#7340,#7351),.PCURVE_S1.);
#7335 = ELLIPSE('',#7336,2.842161138131,2.);
#7336 = AXIS2_PLACEMENT_3D('',#7337,#7338,#7339);
#7337 = CARTESIAN_POINT('',(-46.,-15.72093023255,7.828427124746));
#7338 = DIRECTION('',(0.138196031911,0.990404895365,2.428612866368E-17)
  );
#7339 = DIRECTION('',(0.136870026525,-1.909814323607E-02,-0.990404895365
    ));
#7340 = PCURVE('',#6091,#7341);
#7341 = DEFINITIONAL_REPRESENTATION('',(#7342),#7350);
#7342 = ( BOUNDED_CURVE() B_SPLINE_CURVE(2,(#7343,#7344,#7345,#7346,
#7347,#7348,#7349),.UNSPECIFIED.,.T.,.F.) B_SPLINE_CURVE_WITH_KNOTS((1,2
    ,2,2,2,1),(-2.094395102393,0.,2.094395102393,4.188790204786,
6.28318530718,8.377580409573),.UNSPECIFIED.) CURVE() 
GEOMETRIC_REPRESENTATION_ITEM() RATIONAL_B_SPLINE_CURVE((1.,0.5,1.,0.5,
1.,0.5,1.)) REPRESENTATION_ITEM('') );
#7343 = CARTESIAN_POINT('',(-41.78998595831,-5.013536820124));
#7344 = CARTESIAN_POINT('',(-38.35912276063,-4.534811722774));
#7345 = CARTESIAN_POINT('',(-39.48539127245,-8.996509728382));
#7346 = CARTESIAN_POINT('',(-40.61165978428,-13.45820773399));
#7347 = CARTESIAN_POINT('',(-42.91625447013,-9.475234825732));
#7348 = CARTESIAN_POINT('',(-45.22084915598,-5.492261917474));
#7349 = CARTESIAN_POINT('',(-41.78998595831,-5.013536820124));
#7350 = ( GEOMETRIC_REPRESENTATION_CONTEXT(2) 
PARAMETRIC_REPRESENTATION_CONTEXT() REPRESENTATION_CONTEXT('2D SPACE',''
  ) );
#7351 = PCURVE('',#7352,#7357);
#7352 = CYLINDRICAL_SURFACE('',#7353,2.);
#7353 = AXIS2_PLACEMENT_3D('',#7354,#7355,#7356);
#7354 = CARTESIAN_POINT('',(-46.,-12.22751791217,11.288319788388));
#7355 = DIRECTION('',(-0.,-0.710507260875,-0.703689869363));
#7356 = DIRECTION('',(1.,-2.189343626428E-16,2.210554124553E-16));
#7357 = DEFINITIONAL_REPRESENTATION('',(#7358),#7365);
#7358 = B_SPLINE_CURVE_WITH_KNOTS('',5,(#7359,#7360,#7361,#7362,#7363,
    #7364),.UNSPECIFIED.,.F.,.F.,(6,6),(5.711135271345E-02,
    9.78755449238E-02),.PIECEWISE_BEZIER_KNOTS.);
#7359 = CARTESIAN_POINT('',(-1.432156589661,6.932869949397));
#7360 = CARTESIAN_POINT('',(-1.440309428103,6.931930199288));
#7361 = CARTESIAN_POINT('',(-1.448462266545,6.930822940912));
#7362 = CARTESIAN_POINT('',(-1.456615104987,6.9295483044));
#7363 = CARTESIAN_POINT('',(-1.464767943429,6.928106466284));
#7364 = CARTESIAN_POINT('',(-1.472920781871,6.92649764935));
#7365 = ( GEOMETRIC_REPRESENTATION_CONTEXT(2) 
PARAMETRIC_REPRESENTATION_CONTEXT() REPRESENTATION_CONTEXT('2D SPACE',''
  ) );
#7366 = ORIENTED_EDGE('',*,*,#7367,.F.);
#7367 = EDGE_CURVE('',#6047,#7332,#7368,.T.);
#7368 = SURFACE_CURVE('',#7369,(#7373,#7380),.PCURVE_S1.);
#7369 = LINE('',#7370,#7371);
#7370 = CARTESIAN_POINT('',(-45.72360793617,-15.75949656704,-1.104E-14)
  );
#7371 = VECTOR('',#7372,1.);
#7372 = DIRECTION('',(-2.2E-16,0.,1.));
#7373 = PCURVE('',#6091,#7374);
#7374 = DEFINITIONAL_REPRESENTATION('',(#7375),#7379);
#7375 = LINE('',#7376,#7377);
#7376 = CARTESIAN_POINT('',(-41.6762803344,3.878167356993E-17));
#7377 = VECTOR('',#7378,1.);
#7378 = DIRECTION('',(-2.110923019592E-18,-1.));
#7379 = ( GEOMETRIC_REPRESENTATION_CONTEXT(2) 
PARAMETRIC_REPRESENTATION_CONTEXT() REPRESENTATION_CONTEXT('2D SPACE',''
  ) );
#7380 = PCURVE('',#6063,#7381);
#7381 = DEFINITIONAL_REPRESENTATION('',(#7382),#7386);
#7382 = LINE('',#7383,#7384);
#7383 = CARTESIAN_POINT('',(-0.,0.));
#7384 = VECTOR('',#7385,1.);
#7385 = DIRECTION('',(-0.,1.));
#7386 = ( GEOMETRIC_REPRESENTATION_CONTEXT(2) 
PARAMETRIC_REPRESENTATION_CONTEXT() REPRESENTATION_CONTEXT('2D SPACE',''
  ) );
#7387 = ORIENTED_EDGE('',*,*,#6075,.F.);
#7388 = ORIENTED_EDGE('',*,*,#7389,.T.);
#7389 = EDGE_CURVE('',#6076,#7302,#7390,.T.);
#7390 = SURFACE_CURVE('',#7391,(#7395,#7402),.PCURVE_S1.);
#7391 = LINE('',#7392,#7393);
#7392 = CARTESIAN_POINT('',(-87.,-10.,-2.017E-14));
#7393 = VECTOR('',#7394,1.);
#7394 = DIRECTION('',(-2.2E-16,0.,1.));
#7395 = PCURVE('',#6091,#7396);
#7396 = DEFINITIONAL_REPRESENTATION('',(#7397),#7401);
#7397 = LINE('',#7398,#7399);
#7398 = CARTESIAN_POINT('',(-0.,0.));
#7399 = VECTOR('',#7400,1.);
#7400 = DIRECTION('',(-2.110923019592E-18,-1.));
#7401 = ( GEOMETRIC_REPRESENTATION_CONTEXT(2) 
PARAMETRIC_REPRESENTATION_CONTEXT() REPRESENTATION_CONTEXT('2D SPACE',''
  ) );
#7402 = PCURVE('',#6119,#7403);
#7403 = DEFINITIONAL_REPRESENTATION('',(#7404),#7408);
#7404 = LINE('',#7405,#7406);
#7405 = CARTESIAN_POINT('',(-38.,1.86825558354E-30));
#7406 = VECTOR('',#7407,1.);
#7407 = DIRECTION('',(-4.84E-32,-1.));
#7408 = ( GEOMETRIC_REPRESENTATION_CONTEXT(2) 
PARAMETRIC_REPRESENTATION_CONTEXT() REPRESENTATION_CONTEXT('2D SPACE',''
  ) );
#7409 = ADVANCED_FACE('',(#7410),#6063,.F.);
#7410 = FACE_BOUND('',#7411,.T.);
#7411 = EDGE_LOOP('',(#7412,#7413,#7436,#7468));
#7412 = ORIENTED_EDGE('',*,*,#6046,.T.);
#7413 = ORIENTED_EDGE('',*,*,#7414,.T.);
#7414 = EDGE_CURVE('',#6019,#7415,#7417,.T.);
#7415 = VERTEX_POINT('',#7416);
#7416 = CARTESIAN_POINT('',(-44.,-17.74030635777,5.828427124746));
#7417 = SURFACE_CURVE('',#7418,(#7422,#7429),.PCURVE_S1.);
#7418 = LINE('',#7419,#7420);
#7419 = CARTESIAN_POINT('',(-44.,-17.74030635777,-1.066E-14));
#7420 = VECTOR('',#7421,1.);
#7421 = DIRECTION('',(-2.2E-16,0.,1.));
#7422 = PCURVE('',#6063,#7423);
#7423 = DEFINITIONAL_REPRESENTATION('',(#7424),#7428);
#7424 = LINE('',#7425,#7426);
#7425 = CARTESIAN_POINT('',(-1.432156589661,0.));
#7426 = VECTOR('',#7427,1.);
#7427 = DIRECTION('',(-0.,1.));
#7428 = ( GEOMETRIC_REPRESENTATION_CONTEXT(2) 
PARAMETRIC_REPRESENTATION_CONTEXT() REPRESENTATION_CONTEXT('2D SPACE',''
  ) );
#7429 = PCURVE('',#6034,#7430);
#7430 = DEFINITIONAL_REPRESENTATION('',(#7431),#7435);
#7431 = LINE('',#7432,#7433);
#7432 = CARTESIAN_POINT('',(-7.295859797022,6.815704335929));
#7433 = VECTOR('',#7434,1.);
#7434 = DIRECTION('',(2.2E-16,-1.));
#7435 = ( GEOMETRIC_REPRESENTATION_CONTEXT(2) 
PARAMETRIC_REPRESENTATION_CONTEXT() REPRESENTATION_CONTEXT('2D SPACE',''
  ) );
#7436 = ORIENTED_EDGE('',*,*,#7437,.T.);
#7437 = EDGE_CURVE('',#7415,#7332,#7438,.T.);
#7438 = SURFACE_CURVE('',#7439,(#7444,#7456),.PCURVE_S1.);
#7439 = ELLIPSE('',#7440,2.166954153565,2.);
#7440 = AXIS2_PLACEMENT_3D('',#7441,#7442,#7443);
#7441 = CARTESIAN_POINT('',(-46.,-17.74030635777,5.828427124746));
#7442 = DIRECTION('',(-1.2E-16,0.384909165023,0.922954459701));
#7443 = DIRECTION('',(-2.9E-16,-0.922954459701,0.384909165023));
#7444 = PCURVE('',#6063,#7445);
#7445 = DEFINITIONAL_REPRESENTATION('',(#7446),#7455);
#7446 = B_SPLINE_CURVE_WITH_KNOTS('',7,(#7447,#7448,#7449,#7450,#7451,
    #7452,#7453,#7454),.UNSPECIFIED.,.F.,.F.,(8,8),(1.570796326795,
    3.002952916456),.PIECEWISE_BEZIER_KNOTS.);
#7447 = CARTESIAN_POINT('',(-1.432156589661,5.828427124746));
#7448 = CARTESIAN_POINT('',(-1.227562791138,5.657779424135));
#7449 = CARTESIAN_POINT('',(-1.022968992615,5.487132060741));
#7450 = CARTESIAN_POINT('',(-0.818375194092,5.32814938004));
#7451 = CARTESIAN_POINT('',(-0.613781395569,5.192508460697));
#7452 = CARTESIAN_POINT('',(-0.409187597046,5.089857293318));
#7453 = CARTESIAN_POINT('',(-0.204593798523,5.025932535739));
#7454 = CARTESIAN_POINT('',(7.11E-15,5.002349700659));
#7455 = ( GEOMETRIC_REPRESENTATION_CONTEXT(2) 
PARAMETRIC_REPRESENTATION_CONTEXT() REPRESENTATION_CONTEXT('2D SPACE',''
  ) );
#7456 = PCURVE('',#7352,#7457);
#7457 = DEFINITIONAL_REPRESENTATION('',(#7458),#7467);
#7458 = B_SPLINE_CURVE_WITH_KNOTS('',7,(#7459,#7460,#7461,#7462,#7463,
    #7464,#7465,#7466),.UNSPECIFIED.,.F.,.F.,(8,8),(1.570796326795,
    3.002952916456),.PIECEWISE_BEZIER_KNOTS.);
#7459 = CARTESIAN_POINT('',(-1.78E-15,7.758947373483));
#7460 = CARTESIAN_POINT('',(-0.204593798523,7.588299672873));
#7461 = CARTESIAN_POINT('',(-0.409187597046,7.417652309478));
#7462 = CARTESIAN_POINT('',(-0.613781395569,7.25866962878));
#7463 = CARTESIAN_POINT('',(-0.818375194092,7.123028709429));
#7464 = CARTESIAN_POINT('',(-1.022968992615,7.020377542056));
#7465 = CARTESIAN_POINT('',(-1.227562791138,6.956452784476));
#7466 = CARTESIAN_POINT('',(-1.432156589661,6.932869949397));
#7467 = ( GEOMETRIC_REPRESENTATION_CONTEXT(2) 
PARAMETRIC_REPRESENTATION_CONTEXT() REPRESENTATION_CONTEXT('2D SPACE',''
  ) );
#7468 = ORIENTED_EDGE('',*,*,#7367,.F.);
#7469 = ADVANCED_FACE('',(#7470),#6119,.T.);
#7470 = FACE_BOUND('',#7471,.F.);
#7471 = EDGE_LOOP('',(#7472,#7500,#7501,#7502));
#7472 = ORIENTED_EDGE('',*,*,#7473,.T.);
#7473 = EDGE_CURVE('',#7474,#7302,#7476,.T.);
#7474 = VERTEX_POINT('',#7475);
#7475 = CARTESIAN_POINT('',(-87.,27.,5.));
#7476 = SURFACE_CURVE('',#7477,(#7481,#7488),.PCURVE_S1.);
#7477 = LINE('',#7478,#7479);
#7478 = CARTESIAN_POINT('',(-87.,28.,5.));
#7479 = VECTOR('',#7480,1.);
#7480 = DIRECTION('',(-2.2E-16,-1.,-0.));
#7481 = PCURVE('',#6119,#7482);
#7482 = DEFINITIONAL_REPRESENTATION('',(#7483),#7487);
#7483 = LINE('',#7484,#7485);
#7484 = CARTESIAN_POINT('',(3.552713678801E-15,-5.));
#7485 = VECTOR('',#7486,1.);
#7486 = DIRECTION('',(-1.,0.));
#7487 = ( GEOMETRIC_REPRESENTATION_CONTEXT(2) 
PARAMETRIC_REPRESENTATION_CONTEXT() REPRESENTATION_CONTEXT('2D SPACE',''
  ) );
#7488 = PCURVE('',#7489,#7494);
#7489 = PLANE('',#7490);
#7490 = AXIS2_PLACEMENT_3D('',#7491,#7492,#7493);
#7491 = CARTESIAN_POINT('',(-84.5,28.,7.5));
#7492 = DIRECTION('',(-0.707106781187,1.4E-16,0.707106781187));
#7493 = DIRECTION('',(2.089949493661E-16,1.,1.100505063388E-17));
#7494 = DEFINITIONAL_REPRESENTATION('',(#7495),#7499);
#7495 = LINE('',#7496,#7497);
#7496 = CARTESIAN_POINT('',(-5.5E-16,3.535533905933));
#7497 = VECTOR('',#7498,1.);
#7498 = DIRECTION('',(-1.,-2.465190328816E-32));
#7499 = ( GEOMETRIC_REPRESENTATION_CONTEXT(2) 
PARAMETRIC_REPRESENTATION_CONTEXT() REPRESENTATION_CONTEXT('2D SPACE',''
  ) );
#7500 = ORIENTED_EDGE('',*,*,#7389,.F.);
#7501 = ORIENTED_EDGE('',*,*,#6103,.F.);
#7502 = ORIENTED_EDGE('',*,*,#7503,.T.);
#7503 = EDGE_CURVE('',#6104,#7474,#7504,.T.);
#7504 = SURFACE_CURVE('',#7505,(#7509,#7516),.PCURVE_S1.);
#7505 = LINE('',#7506,#7507);
#7506 = CARTESIAN_POINT('',(-87.,27.,-2.017E-14));
#7507 = VECTOR('',#7508,1.);
#7508 = DIRECTION('',(-2.2E-16,0.,1.));
#7509 = PCURVE('',#6119,#7510);
#7510 = DEFINITIONAL_REPRESENTATION('',(#7511),#7515);
#7511 = LINE('',#7512,#7513);
#7512 = CARTESIAN_POINT('',(-1.,4.84E-32));
#7513 = VECTOR('',#7514,1.);
#7514 = DIRECTION('',(-4.84E-32,-1.));
#7515 = ( GEOMETRIC_REPRESENTATION_CONTEXT(2) 
PARAMETRIC_REPRESENTATION_CONTEXT() REPRESENTATION_CONTEXT('2D SPACE',''
  ) );
#7516 = PCURVE('',#6148,#7517);
#7517 = DEFINITIONAL_REPRESENTATION('',(#7518),#7522);
#7518 = LINE('',#7519,#7520);
#7519 = CARTESIAN_POINT('',(-0.,0.));
#7520 = VECTOR('',#7521,1.);
#7521 = DIRECTION('',(-0.,1.));
#7522 = ( GEOMETRIC_REPRESENTATION_CONTEXT(2) 
PARAMETRIC_REPRESENTATION_CONTEXT() REPRESENTATION_CONTEXT('2D SPACE',''
  ) );
#7523 = ADVANCED_FACE('',(#7524),#6034,.T.);
#7524 = FACE_BOUND('',#7525,.F.);
#7525 = EDGE_LOOP('',(#7526,#7556,#7584,#7607,#7635,#7658,#7684,#7685,
    #7686,#7709,#7737));
#7526 = ORIENTED_EDGE('',*,*,#7527,.T.);
#7527 = EDGE_CURVE('',#7528,#7530,#7532,.T.);
#7528 = VERTEX_POINT('',#7529);
#7529 = CARTESIAN_POINT('',(-44.,-1.,11.196152422707));
#7530 = VERTEX_POINT('',#7531);
#7531 = CARTESIAN_POINT('',(-44.,-1.,15.5));
#7532 = SURFACE_CURVE('',#7533,(#7537,#7544),.PCURVE_S1.);
#7533 = LINE('',#7534,#7535);
#7534 = CARTESIAN_POINT('',(-44.,-1.,6.));
#7535 = VECTOR('',#7536,1.);
#7536 = DIRECTION('',(-2.2E-16,0.,1.));
#7537 = PCURVE('',#6034,#7538);
#7538 = DEFINITIONAL_REPRESENTATION('',(#7539),#7543);
#7539 = LINE('',#7540,#7541);
#7540 = CARTESIAN_POINT('',(9.444446560754,0.815704335929));
#7541 = VECTOR('',#7542,1.);
#7542 = DIRECTION('',(2.2E-16,-1.));
#7543 = ( GEOMETRIC_REPRESENTATION_CONTEXT(2) 
PARAMETRIC_REPRESENTATION_CONTEXT() REPRESENTATION_CONTEXT('2D SPACE',''
  ) );
#7544 = PCURVE('',#7545,#7550);
#7545 = CYLINDRICAL_SURFACE('',#7546,1.);
#7546 = AXIS2_PLACEMENT_3D('',#7547,#7548,#7549);
#7547 = CARTESIAN_POINT('',(-43.,-1.,10.));
#7548 = DIRECTION('',(-2.2E-16,0.,1.));
#7549 = DIRECTION('',(-1.,2.2E-16,-2.2E-16));
#7550 = DEFINITIONAL_REPRESENTATION('',(#7551),#7555);
#7551 = LINE('',#7552,#7553);
#7552 = CARTESIAN_POINT('',(-0.,-4.));
#7553 = VECTOR('',#7554,1.);
#7554 = DIRECTION('',(-0.,1.));
#7555 = ( GEOMETRIC_REPRESENTATION_CONTEXT(2) 
PARAMETRIC_REPRESENTATION_CONTEXT() REPRESENTATION_CONTEXT('2D SPACE',''
  ) );
#7556 = ORIENTED_EDGE('',*,*,#7557,.F.);
#7557 = EDGE_CURVE('',#7558,#7530,#7560,.T.);
#7558 = VERTEX_POINT('',#7559);
#7559 = CARTESIAN_POINT('',(-44.,-8.814814814815,15.5));
#7560 = SURFACE_CURVE('',#7561,(#7565,#7572),.PCURVE_S1.);
#7561 = LINE('',#7562,#7563);
#7562 = CARTESIAN_POINT('',(-44.,-6.,15.5));
#7563 = VECTOR('',#7564,1.);
#7564 = DIRECTION('',(2.2E-16,1.,-4.4E-16));
#7565 = PCURVE('',#6034,#7566);
#7566 = DEFINITIONAL_REPRESENTATION('',(#7567),#7571);
#7567 = LINE('',#7568,#7569);
#7568 = CARTESIAN_POINT('',(4.444446560754,-8.684295664071));
#7569 = VECTOR('',#7570,1.);
#7570 = DIRECTION('',(1.,6.6E-16));
#7571 = ( GEOMETRIC_REPRESENTATION_CONTEXT(2) 
PARAMETRIC_REPRESENTATION_CONTEXT() REPRESENTATION_CONTEXT('2D SPACE',''
  ) );
#7572 = PCURVE('',#7573,#7578);
#7573 = CYLINDRICAL_SURFACE('',#7574,2.);
#7574 = AXIS2_PLACEMENT_3D('',#7575,#7576,#7577);
#7575 = CARTESIAN_POINT('',(-42.,-6.,15.5));
#7576 = DIRECTION('',(2.2E-16,1.,-4.4E-16));
#7577 = DIRECTION('',(-1.,2.2E-16,-2.2E-16));
#7578 = DEFINITIONAL_REPRESENTATION('',(#7579),#7583);
#7579 = LINE('',#7580,#7581);
#7580 = CARTESIAN_POINT('',(0.,0.));
#7581 = VECTOR('',#7582,1.);
#7582 = DIRECTION('',(0.,1.));
#7583 = ( GEOMETRIC_REPRESENTATION_CONTEXT(2) 
PARAMETRIC_REPRESENTATION_CONTEXT() REPRESENTATION_CONTEXT('2D SPACE',''
  ) );
#7584 = ORIENTED_EDGE('',*,*,#7585,.F.);
#7585 = EDGE_CURVE('',#7586,#7558,#7588,.T.);
#7586 = VERTEX_POINT('',#7587);
#7587 = CARTESIAN_POINT('',(-44.,-24.57920713218,4.298984406076));
#7588 = SURFACE_CURVE('',#7589,(#7593,#7600),.PCURVE_S1.);
#7589 = LINE('',#7590,#7591);
#7590 = CARTESIAN_POINT('',(-44.,-25.,4.));
#7591 = VECTOR('',#7592,1.);
#7592 = DIRECTION('',(5.E-17,0.815180408266,0.579207132189));
#7593 = PCURVE('',#6034,#7594);
#7594 = DEFINITIONAL_REPRESENTATION('',(#7595),#7599);
#7595 = LINE('',#7596,#7597);
#7596 = CARTESIAN_POINT('',(-14.55555343924,2.815704335929));
#7597 = VECTOR('',#7598,1.);
#7598 = DIRECTION('',(0.815180408266,-0.579207132189));
#7599 = ( GEOMETRIC_REPRESENTATION_CONTEXT(2) 
PARAMETRIC_REPRESENTATION_CONTEXT() REPRESENTATION_CONTEXT('2D SPACE',''
  ) );
#7600 = PCURVE('',#212,#7601);
#7601 = DEFINITIONAL_REPRESENTATION('',(#7602),#7606);
#7602 = LINE('',#7603,#7604);
#7603 = CARTESIAN_POINT('',(7.224279741981,-44.));
#7604 = VECTOR('',#7605,1.);
#7605 = DIRECTION('',(-1.,5.E-17));
#7606 = ( GEOMETRIC_REPRESENTATION_CONTEXT(2) 
PARAMETRIC_REPRESENTATION_CONTEXT() REPRESENTATION_CONTEXT('2D SPACE',''
  ) );
#7607 = ORIENTED_EDGE('',*,*,#7608,.T.);
#7608 = EDGE_CURVE('',#7586,#7609,#7611,.T.);
#7609 = VERTEX_POINT('',#7610);
#7610 = CARTESIAN_POINT('',(-44.,-25.,3.48380399781));
#7611 = SURFACE_CURVE('',#7612,(#7617,#7628),.PCURVE_S1.);
#7612 = CIRCLE('',#7613,1.);
#7613 = AXIS2_PLACEMENT_3D('',#7614,#7615,#7616);
#7614 = CARTESIAN_POINT('',(-44.,-24.,3.48380399781));
#7615 = DIRECTION('',(1.,-2.2E-16,0.));
#7616 = DIRECTION('',(-4.84E-32,-2.2E-16,1.));
#7617 = PCURVE('',#6034,#7618);
#7618 = DEFINITIONAL_REPRESENTATION('',(#7619),#7627);
#7619 = ( BOUNDED_CURVE() B_SPLINE_CURVE(2,(#7620,#7621,#7622,#7623,
#7624,#7625,#7626),.UNSPECIFIED.,.T.,.F.) B_SPLINE_CURVE_WITH_KNOTS((1,2
    ,2,2,2,1),(-2.094395102393,0.,2.094395102393,4.188790204786,
6.28318530718,8.377580409573),.UNSPECIFIED.) CURVE() 
GEOMETRIC_REPRESENTATION_ITEM() RATIONAL_B_SPLINE_CURVE((1.,0.5,1.,0.5,
1.,0.5,1.)) REPRESENTATION_ITEM('') );
#7620 = CARTESIAN_POINT('',(-13.55555343924,2.331900338119));
#7621 = CARTESIAN_POINT('',(-15.28760424681,2.331900338119));
#7622 = CARTESIAN_POINT('',(-14.42157884303,3.831900338119));
#7623 = CARTESIAN_POINT('',(-13.55555343924,5.331900338119));
#7624 = CARTESIAN_POINT('',(-12.68952803546,3.831900338119));
#7625 = CARTESIAN_POINT('',(-11.82350263167,2.331900338119));
#7626 = CARTESIAN_POINT('',(-13.55555343924,2.331900338119));
#7627 = ( GEOMETRIC_REPRESENTATION_CONTEXT(2) 
PARAMETRIC_REPRESENTATION_CONTEXT() REPRESENTATION_CONTEXT('2D SPACE',''
  ) );
#7628 = PCURVE('',#3190,#7629);
#7629 = DEFINITIONAL_REPRESENTATION('',(#7630),#7634);
#7630 = LINE('',#7631,#7632);
#7631 = CARTESIAN_POINT('',(-0.617755725566,-44.));
#7632 = VECTOR('',#7633,1.);
#7633 = DIRECTION('',(1.,0.));
#7634 = ( GEOMETRIC_REPRESENTATION_CONTEXT(2) 
PARAMETRIC_REPRESENTATION_CONTEXT() REPRESENTATION_CONTEXT('2D SPACE',''
  ) );
#7635 = ORIENTED_EDGE('',*,*,#7636,.T.);
#7636 = EDGE_CURVE('',#7609,#7637,#7639,.T.);
#7637 = VERTEX_POINT('',#7638);
#7638 = CARTESIAN_POINT('',(-44.,-25.,1.));
#7639 = SURFACE_CURVE('',#7640,(#7644,#7651),.PCURVE_S1.);
#7640 = LINE('',#7641,#7642);
#7641 = CARTESIAN_POINT('',(-44.,-25.,4.));
#7642 = VECTOR('',#7643,1.);
#7643 = DIRECTION('',(4.4E-16,4.73E-15,-1.));
#7644 = PCURVE('',#6034,#7645);
#7645 = DEFINITIONAL_REPRESENTATION('',(#7646),#7650);
#7646 = LINE('',#7647,#7648);
#7647 = CARTESIAN_POINT('',(-14.55555343924,2.815704335929));
#7648 = VECTOR('',#7649,1.);
#7649 = DIRECTION('',(4.51E-15,1.));
#7650 = ( GEOMETRIC_REPRESENTATION_CONTEXT(2) 
PARAMETRIC_REPRESENTATION_CONTEXT() REPRESENTATION_CONTEXT('2D SPACE',''
  ) );
#7651 = PCURVE('',#3218,#7652);
#7652 = DEFINITIONAL_REPRESENTATION('',(#7653),#7657);
#7653 = LINE('',#7654,#7655);
#7654 = CARTESIAN_POINT('',(-44.,1.758098001095));
#7655 = VECTOR('',#7656,1.);
#7656 = DIRECTION('',(4.4E-16,-1.));
#7657 = ( GEOMETRIC_REPRESENTATION_CONTEXT(2) 
PARAMETRIC_REPRESENTATION_CONTEXT() REPRESENTATION_CONTEXT('2D SPACE',''
  ) );
#7658 = ORIENTED_EDGE('',*,*,#7659,.T.);
#7659 = EDGE_CURVE('',#7637,#5996,#7660,.T.);
#7660 = SURFACE_CURVE('',#7661,(#7666,#7677),.PCURVE_S1.);
#7661 = CIRCLE('',#7662,1.);
#7662 = AXIS2_PLACEMENT_3D('',#7663,#7664,#7665);
#7663 = CARTESIAN_POINT('',(-44.,-24.,1.));
#7664 = DIRECTION('',(1.,-2.2E-16,2.2E-16));
#7665 = DIRECTION('',(-2.2E-16,-1.,-2.2E-16));
#7666 = PCURVE('',#6034,#7667);
#7667 = DEFINITIONAL_REPRESENTATION('',(#7668),#7676);
#7668 = ( BOUNDED_CURVE() B_SPLINE_CURVE(2,(#7669,#7670,#7671,#7672,
#7673,#7674,#7675),.UNSPECIFIED.,.T.,.F.) B_SPLINE_CURVE_WITH_KNOTS((1,2
    ,2,2,2,1),(-2.094395102393,0.,2.094395102393,4.188790204786,
6.28318530718,8.377580409573),.UNSPECIFIED.) CURVE() 
GEOMETRIC_REPRESENTATION_ITEM() RATIONAL_B_SPLINE_CURVE((1.,0.5,1.,0.5,
1.,0.5,1.)) REPRESENTATION_ITEM('') );
#7669 = CARTESIAN_POINT('',(-14.55555343924,5.815704335929));
#7670 = CARTESIAN_POINT('',(-14.55555343924,7.547755143498));
#7671 = CARTESIAN_POINT('',(-13.05555343924,6.681729739714));
#7672 = CARTESIAN_POINT('',(-11.55555343924,5.815704335929));
#7673 = CARTESIAN_POINT('',(-13.05555343924,4.949678932145));
#7674 = CARTESIAN_POINT('',(-14.55555343924,4.08365352836));
#7675 = CARTESIAN_POINT('',(-14.55555343924,5.815704335929));
#7676 = ( GEOMETRIC_REPRESENTATION_CONTEXT(2) 
PARAMETRIC_REPRESENTATION_CONTEXT() REPRESENTATION_CONTEXT('2D SPACE',''
  ) );
#7677 = PCURVE('',#3247,#7678);
#7678 = DEFINITIONAL_REPRESENTATION('',(#7679),#7683);
#7679 = LINE('',#7680,#7681);
#7680 = CARTESIAN_POINT('',(0.,-44.));
#7681 = VECTOR('',#7682,1.);
#7682 = DIRECTION('',(1.,0.));
#7683 = ( GEOMETRIC_REPRESENTATION_CONTEXT(2) 
PARAMETRIC_REPRESENTATION_CONTEXT() REPRESENTATION_CONTEXT('2D SPACE',''
  ) );
#7684 = ORIENTED_EDGE('',*,*,#6018,.F.);
#7685 = ORIENTED_EDGE('',*,*,#7414,.T.);
#7686 = ORIENTED_EDGE('',*,*,#7687,.F.);
#7687 = EDGE_CURVE('',#7688,#7415,#7690,.T.);
#7688 = VERTEX_POINT('',#7689);
#7689 = CARTESIAN_POINT('',(-44.,-11.50894289811,12.));
#7690 = SURFACE_CURVE('',#7691,(#7695,#7702),.PCURVE_S1.);
#7691 = LINE('',#7692,#7693);
#7692 = CARTESIAN_POINT('',(-44.,-12.22751791217,11.288319788388));
#7693 = VECTOR('',#7694,1.);
#7694 = DIRECTION('',(-0.,-0.710507260875,-0.703689869363));
#7695 = PCURVE('',#6034,#7696);
#7696 = DEFINITIONAL_REPRESENTATION('',(#7697),#7701);
#7697 = LINE('',#7698,#7699);
#7698 = CARTESIAN_POINT('',(-1.783071351417,-4.472615452459));
#7699 = VECTOR('',#7700,1.);
#7700 = DIRECTION('',(-0.710507260875,0.703689869363));
#7701 = ( GEOMETRIC_REPRESENTATION_CONTEXT(2) 
PARAMETRIC_REPRESENTATION_CONTEXT() REPRESENTATION_CONTEXT('2D SPACE',''
  ) );
#7702 = PCURVE('',#7352,#7703);
#7703 = DEFINITIONAL_REPRESENTATION('',(#7704),#7708);
#7704 = LINE('',#7705,#7706);
#7705 = CARTESIAN_POINT('',(-0.,0.));
#7706 = VECTOR('',#7707,1.);
#7707 = DIRECTION('',(-0.,1.));
#7708 = ( GEOMETRIC_REPRESENTATION_CONTEXT(2) 
PARAMETRIC_REPRESENTATION_CONTEXT() REPRESENTATION_CONTEXT('2D SPACE',''
  ) );
#7709 = ORIENTED_EDGE('',*,*,#7710,.T.);
#7710 = EDGE_CURVE('',#7688,#7711,#7713,.T.);
#7711 = VERTEX_POINT('',#7712);
#7712 = CARTESIAN_POINT('',(-44.,-4.,12.));
#7713 = SURFACE_CURVE('',#7714,(#7718,#7725),.PCURVE_S1.);
#7714 = LINE('',#7715,#7716);
#7715 = CARTESIAN_POINT('',(-44.,-10.95155968695,12.));
#7716 = VECTOR('',#7717,1.);
#7717 = DIRECTION('',(2.2E-16,1.,0.));
#7718 = PCURVE('',#6034,#7719);
#7719 = DEFINITIONAL_REPRESENTATION('',(#7720),#7724);
#7720 = LINE('',#7721,#7722);
#7721 = CARTESIAN_POINT('',(-0.507113126201,-5.184295664071));
#7722 = VECTOR('',#7723,1.);
#7723 = DIRECTION('',(1.,2.2E-16));
#7724 = ( GEOMETRIC_REPRESENTATION_CONTEXT(2) 
PARAMETRIC_REPRESENTATION_CONTEXT() REPRESENTATION_CONTEXT('2D SPACE',''
  ) );
#7725 = PCURVE('',#7726,#7731);
#7726 = CYLINDRICAL_SURFACE('',#7727,2.);
#7727 = AXIS2_PLACEMENT_3D('',#7728,#7729,#7730);
#7728 = CARTESIAN_POINT('',(-46.,-10.95155968695,12.));
#7729 = DIRECTION('',(2.2E-16,1.,0.));
#7730 = DIRECTION('',(1.,-2.2E-16,2.2E-16));
#7731 = DEFINITIONAL_REPRESENTATION('',(#7732),#7736);
#7732 = LINE('',#7733,#7734);
#7733 = CARTESIAN_POINT('',(0.,0.));
#7734 = VECTOR('',#7735,1.);
#7735 = DIRECTION('',(0.,1.));
#7736 = ( GEOMETRIC_REPRESENTATION_CONTEXT(2) 
PARAMETRIC_REPRESENTATION_CONTEXT() REPRESENTATION_CONTEXT('2D SPACE',''
  ) );
#7737 = ORIENTED_EDGE('',*,*,#7738,.T.);
#7738 = EDGE_CURVE('',#7711,#7528,#7739,.T.);
#7739 = SURFACE_CURVE('',#7740,(#7745,#7752),.PCURVE_S1.);
#7740 = CIRCLE('',#7741,6.);
#7741 = AXIS2_PLACEMENT_3D('',#7742,#7743,#7744);
#7742 = CARTESIAN_POINT('',(-44.,-4.,6.));
#7743 = DIRECTION('',(-1.,2.2E-16,-2.2E-16));
#7744 = DIRECTION('',(-2.2E-16,-1.1E-16,1.));
#7745 = PCURVE('',#6034,#7746);
#7746 = DEFINITIONAL_REPRESENTATION('',(#7747),#7751);
#7747 = CIRCLE('',#7748,6.);
#7748 = AXIS2_PLACEMENT_2D('',#7749,#7750);
#7749 = CARTESIAN_POINT('',(6.444446560754,0.815704335929));
#7750 = DIRECTION('',(1.1E-16,-1.));
#7751 = ( GEOMETRIC_REPRESENTATION_CONTEXT(2) 
PARAMETRIC_REPRESENTATION_CONTEXT() REPRESENTATION_CONTEXT('2D SPACE',''
  ) );
#7752 = PCURVE('',#7753,#7758);
#7753 = TOROIDAL_SURFACE('',#7754,6.,2.);
#7754 = AXIS2_PLACEMENT_3D('',#7755,#7756,#7757);
#7755 = CARTESIAN_POINT('',(-46.,-4.,6.));
#7756 = DIRECTION('',(1.,-2.2E-16,2.2E-16));
#7757 = DIRECTION('',(-2.2E-16,-1.1E-16,1.));
#7758 = DEFINITIONAL_REPRESENTATION('',(#7759),#7763);
#7759 = LINE('',#7760,#7761);
#7760 = CARTESIAN_POINT('',(-0.,1.570796326795));
#7761 = VECTOR('',#7762,1.);
#7762 = DIRECTION('',(-1.,0.));
#7763 = ( GEOMETRIC_REPRESENTATION_CONTEXT(2) 
PARAMETRIC_REPRESENTATION_CONTEXT() REPRESENTATION_CONTEXT('2D SPACE',''
  ) );
#7764 = ADVANCED_FACE('',(#7765),#6148,.T.);
#7765 = FACE_BOUND('',#7766,.F.);
#7766 = EDGE_LOOP('',(#7767,#7768,#7791,#7828));
#7767 = ORIENTED_EDGE('',*,*,#6131,.T.);
#7768 = ORIENTED_EDGE('',*,*,#7769,.T.);
#7769 = EDGE_CURVE('',#6132,#7770,#7772,.T.);
#7770 = VERTEX_POINT('',#7771);
#7771 = CARTESIAN_POINT('',(-86.,28.,4.585786437627));
#7772 = SURFACE_CURVE('',#7773,(#7777,#7784),.PCURVE_S1.);
#7773 = LINE('',#7774,#7775);
#7774 = CARTESIAN_POINT('',(-86.,28.,-1.995E-14));
#7775 = VECTOR('',#7776,1.);
#7776 = DIRECTION('',(-2.2E-16,0.,1.));
#7777 = PCURVE('',#6148,#7778);
#7778 = DEFINITIONAL_REPRESENTATION('',(#7779),#7783);
#7779 = LINE('',#7780,#7781);
#7780 = CARTESIAN_POINT('',(-1.570796326795,0.));
#7781 = VECTOR('',#7782,1.);
#7782 = DIRECTION('',(-0.,1.));
#7783 = ( GEOMETRIC_REPRESENTATION_CONTEXT(2) 
PARAMETRIC_REPRESENTATION_CONTEXT() REPRESENTATION_CONTEXT('2D SPACE',''
  ) );
#7784 = PCURVE('',#6176,#7785);
#7785 = DEFINITIONAL_REPRESENTATION('',(#7786),#7790);
#7786 = LINE('',#7787,#7788);
#7787 = CARTESIAN_POINT('',(-2.6,8.E-18));
#7788 = VECTOR('',#7789,1.);
#7789 = DIRECTION('',(-0.,-1.));
#7790 = ( GEOMETRIC_REPRESENTATION_CONTEXT(2) 
PARAMETRIC_REPRESENTATION_CONTEXT() REPRESENTATION_CONTEXT('2D SPACE',''
  ) );
#7791 = ORIENTED_EDGE('',*,*,#7792,.F.);
#7792 = EDGE_CURVE('',#7474,#7770,#7793,.T.);
#7793 = SURFACE_CURVE('',#7794,(#7799,#7811),.PCURVE_S1.);
#7794 = ELLIPSE('',#7795,1.082392200292,1.);
#7795 = AXIS2_PLACEMENT_3D('',#7796,#7797,#7798);
#7796 = CARTESIAN_POINT('',(-86.,27.,4.585786437627));
#7797 = DIRECTION('',(-0.382683432365,8.E-17,-0.923879532511));
#7798 = DIRECTION('',(-0.923879532511,2.1E-16,0.382683432365));
#7799 = PCURVE('',#6148,#7800);
#7800 = DEFINITIONAL_REPRESENTATION('',(#7801),#7810);
#7801 = B_SPLINE_CURVE_WITH_KNOTS('',7,(#7802,#7803,#7804,#7805,#7806,
    #7807,#7808,#7809),.UNSPECIFIED.,.F.,.F.,(8,8),(0.,1.570795673179),
  .PIECEWISE_BEZIER_KNOTS.);
#7802 = CARTESIAN_POINT('',(0.,5.));
#7803 = CARTESIAN_POINT('',(-0.224399381883,5.));
#7804 = CARTESIAN_POINT('',(-0.448798763765,4.975665523286));
#7805 = CARTESIAN_POINT('',(-0.673198145648,4.927000099963));
#7806 = CARTESIAN_POINT('',(-0.897597527531,4.856991569313));
#7807 = CARTESIAN_POINT('',(-1.121996909414,4.771684849758));
#7808 = CARTESIAN_POINT('',(-1.346396291296,4.678735975727));
#7809 = CARTESIAN_POINT('',(-1.570795673179,4.585786708363));
#7810 = ( GEOMETRIC_REPRESENTATION_CONTEXT(2) 
PARAMETRIC_REPRESENTATION_CONTEXT() REPRESENTATION_CONTEXT('2D SPACE',''
  ) );
#7811 = PCURVE('',#7812,#7817);
#7812 = CYLINDRICAL_SURFACE('',#7813,1.);
#7813 = AXIS2_PLACEMENT_3D('',#7814,#7815,#7816);
#7814 = CARTESIAN_POINT('',(-82.69289321881,27.,7.892893218813));
#7815 = DIRECTION('',(-0.707106781187,1.6E-16,-0.707106781187));
#7816 = DIRECTION('',(-0.707106781187,1.4E-16,0.707106781187));
#7817 = DEFINITIONAL_REPRESENTATION('',(#7818),#7827);
#7818 = B_SPLINE_CURVE_WITH_KNOTS('',7,(#7819,#7820,#7821,#7822,#7823,
    #7824,#7825,#7826),.UNSPECIFIED.,.F.,.F.,(8,8),(0.,1.570795673179),
  .PIECEWISE_BEZIER_KNOTS.);
#7819 = CARTESIAN_POINT('',(0.,5.091168824543));
#7820 = CARTESIAN_POINT('',(0.224399381883,5.091168824543));
#7821 = CARTESIAN_POINT('',(0.448798763765,5.066834347828));
#7822 = CARTESIAN_POINT('',(0.673198145648,5.018168924509));
#7823 = CARTESIAN_POINT('',(0.897597527531,4.948160393852));
#7824 = CARTESIAN_POINT('',(1.121996909414,4.862853674303));
#7825 = CARTESIAN_POINT('',(1.346396291296,4.769904800271));
#7826 = CARTESIAN_POINT('',(1.570795673179,4.676955532907));
#7827 = ( GEOMETRIC_REPRESENTATION_CONTEXT(2) 
PARAMETRIC_REPRESENTATION_CONTEXT() REPRESENTATION_CONTEXT('2D SPACE',''
  ) );
#7828 = ORIENTED_EDGE('',*,*,#7503,.F.);
#7829 = ADVANCED_FACE('',(#7830),#6176,.T.);
#7830 = FACE_BOUND('',#7831,.F.);
#7831 = EDGE_LOOP('',(#7832,#7855,#7876,#7877));
#7832 = ORIENTED_EDGE('',*,*,#7833,.T.);
#7833 = EDGE_CURVE('',#6161,#7834,#7836,.T.);
#7834 = VERTEX_POINT('',#7835);
#7835 = CARTESIAN_POINT('',(-83.4,28.,7.185786437627));
#7836 = SURFACE_CURVE('',#7837,(#7841,#7848),.PCURVE_S1.);
#7837 = LINE('',#7838,#7839);
#7838 = CARTESIAN_POINT('',(-83.4,28.,-1.937E-14));
#7839 = VECTOR('',#7840,1.);
#7840 = DIRECTION('',(-2.2E-16,0.,1.));
#7841 = PCURVE('',#6176,#7842);
#7842 = DEFINITIONAL_REPRESENTATION('',(#7843),#7847);
#7843 = LINE('',#7844,#7845);
#7844 = CARTESIAN_POINT('',(-0.,0.));
#7845 = VECTOR('',#7846,1.);
#7846 = DIRECTION('',(-0.,-1.));
#7847 = ( GEOMETRIC_REPRESENTATION_CONTEXT(2) 
PARAMETRIC_REPRESENTATION_CONTEXT() REPRESENTATION_CONTEXT('2D SPACE',''
  ) );
#7848 = PCURVE('',#6204,#7849);
#7849 = DEFINITIONAL_REPRESENTATION('',(#7850),#7854);
#7850 = LINE('',#7851,#7852);
#7851 = CARTESIAN_POINT('',(-7.404545454545,5.795454545455));
#7852 = VECTOR('',#7853,1.);
#7853 = DIRECTION('',(-2.2E-16,-1.));
#7854 = ( GEOMETRIC_REPRESENTATION_CONTEXT(2) 
PARAMETRIC_REPRESENTATION_CONTEXT() REPRESENTATION_CONTEXT('2D SPACE',''
  ) );
#7855 = ORIENTED_EDGE('',*,*,#7856,.T.);
#7856 = EDGE_CURVE('',#7834,#7770,#7857,.T.);
#7857 = SURFACE_CURVE('',#7858,(#7862,#7869),.PCURVE_S1.);
#7858 = LINE('',#7859,#7860);
#7859 = CARTESIAN_POINT('',(-82.69289321881,28.,7.892893218813));
#7860 = VECTOR('',#7861,1.);
#7861 = DIRECTION('',(-0.707106781187,1.6E-16,-0.707106781187));
#7862 = PCURVE('',#6176,#7863);
#7863 = DEFINITIONAL_REPRESENTATION('',(#7864),#7868);
#7864 = LINE('',#7865,#7866);
#7865 = CARTESIAN_POINT('',(0.707106781187,-7.892893218813));
#7866 = VECTOR('',#7867,1.);
#7867 = DIRECTION('',(-0.707106781187,0.707106781187));
#7868 = ( GEOMETRIC_REPRESENTATION_CONTEXT(2) 
PARAMETRIC_REPRESENTATION_CONTEXT() REPRESENTATION_CONTEXT('2D SPACE',''
  ) );
#7869 = PCURVE('',#7812,#7870);
#7870 = DEFINITIONAL_REPRESENTATION('',(#7871),#7875);
#7871 = LINE('',#7872,#7873);
#7872 = CARTESIAN_POINT('',(1.570796326795,0.));
#7873 = VECTOR('',#7874,1.);
#7874 = DIRECTION('',(0.,1.));
#7875 = ( GEOMETRIC_REPRESENTATION_CONTEXT(2) 
PARAMETRIC_REPRESENTATION_CONTEXT() REPRESENTATION_CONTEXT('2D SPACE',''
  ) );
#7876 = ORIENTED_EDGE('',*,*,#7769,.F.);
#7877 = ORIENTED_EDGE('',*,*,#6160,.F.);
#7878 = ADVANCED_FACE('',(#7879),#6204,.T.);
#7879 = FACE_BOUND('',#7880,.F.);
#7880 = EDGE_LOOP('',(#7881,#7911,#7939,#7967,#7990,#8019,#8020,#8021));
#7881 = ORIENTED_EDGE('',*,*,#7882,.T.);
#7882 = EDGE_CURVE('',#7883,#7885,#7887,.T.);
#7883 = VERTEX_POINT('',#7884);
#7884 = CARTESIAN_POINT('',(-83.4,20.,1.));
#7885 = VERTEX_POINT('',#7886);
#7886 = CARTESIAN_POINT('',(-83.4,20.,5.));
#7887 = SURFACE_CURVE('',#7888,(#7892,#7899),.PCURVE_S1.);
#7888 = LINE('',#7889,#7890);
#7889 = CARTESIAN_POINT('',(-83.4,20.,-1.937E-14));
#7890 = VECTOR('',#7891,1.);
#7891 = DIRECTION('',(-2.2E-16,0.,1.));
#7892 = PCURVE('',#6204,#7893);
#7893 = DEFINITIONAL_REPRESENTATION('',(#7894),#7898);
#7894 = LINE('',#7895,#7896);
#7895 = CARTESIAN_POINT('',(0.595454545455,5.795454545455));
#7896 = VECTOR('',#7897,1.);
#7897 = DIRECTION('',(-2.2E-16,-1.));
#7898 = ( GEOMETRIC_REPRESENTATION_CONTEXT(2) 
PARAMETRIC_REPRESENTATION_CONTEXT() REPRESENTATION_CONTEXT('2D SPACE',''
  ) );
#7899 = PCURVE('',#7900,#7905);
#7900 = PLANE('',#7901);
#7901 = AXIS2_PLACEMENT_3D('',#7902,#7903,#7904);
#7902 = CARTESIAN_POINT('',(-79.2,20.,-1.844E-14));
#7903 = DIRECTION('',(2.2E-16,1.,0.));
#7904 = DIRECTION('',(1.,-2.2E-16,2.2E-16));
#7905 = DEFINITIONAL_REPRESENTATION('',(#7906),#7910);
#7906 = LINE('',#7907,#7908);
#7907 = CARTESIAN_POINT('',(-4.2,5.999999999998E-18));
#7908 = VECTOR('',#7909,1.);
#7909 = DIRECTION('',(-0.,-1.));
#7910 = ( GEOMETRIC_REPRESENTATION_CONTEXT(2) 
PARAMETRIC_REPRESENTATION_CONTEXT() REPRESENTATION_CONTEXT('2D SPACE',''
  ) );
#7911 = ORIENTED_EDGE('',*,*,#7912,.F.);
#7912 = EDGE_CURVE('',#7913,#7885,#7915,.T.);
#7913 = VERTEX_POINT('',#7914);
#7914 = CARTESIAN_POINT('',(-83.4,11.6,5.));
#7915 = SURFACE_CURVE('',#7916,(#7920,#7927),.PCURVE_S1.);
#7916 = LINE('',#7917,#7918);
#7917 = CARTESIAN_POINT('',(-83.4,11.6,5.));
#7918 = VECTOR('',#7919,1.);
#7919 = DIRECTION('',(2.2E-16,1.,2.2E-16));
#7920 = PCURVE('',#6204,#7921);
#7921 = DEFINITIONAL_REPRESENTATION('',(#7922),#7926);
#7922 = LINE('',#7923,#7924);
#7923 = CARTESIAN_POINT('',(8.995454545455,0.795454545455));
#7924 = VECTOR('',#7925,1.);
#7925 = DIRECTION('',(-1.,0.));
#7926 = ( GEOMETRIC_REPRESENTATION_CONTEXT(2) 
PARAMETRIC_REPRESENTATION_CONTEXT() REPRESENTATION_CONTEXT('2D SPACE',''
  ) );
#7927 = PCURVE('',#7928,#7933);
#7928 = PLANE('',#7929);
#7929 = AXIS2_PLACEMENT_3D('',#7930,#7931,#7932);
#7930 = CARTESIAN_POINT('',(-79.2,15.8,5.));
#7931 = DIRECTION('',(-2.2E-16,-2.2E-16,1.));
#7932 = DIRECTION('',(1.,-2.2E-16,2.2E-16));
#7933 = DEFINITIONAL_REPRESENTATION('',(#7934),#7938);
#7934 = LINE('',#7935,#7936);
#7935 = CARTESIAN_POINT('',(-4.2,-4.2));
#7936 = VECTOR('',#7937,1.);
#7937 = DIRECTION('',(4.930380657631E-32,1.));
#7938 = ( GEOMETRIC_REPRESENTATION_CONTEXT(2) 
PARAMETRIC_REPRESENTATION_CONTEXT() REPRESENTATION_CONTEXT('2D SPACE',''
  ) );
#7939 = ORIENTED_EDGE('',*,*,#7940,.F.);
#7940 = EDGE_CURVE('',#7941,#7913,#7943,.T.);
#7941 = VERTEX_POINT('',#7942);
#7942 = CARTESIAN_POINT('',(-83.4,11.6,8.6));
#7943 = SURFACE_CURVE('',#7944,(#7948,#7955),.PCURVE_S1.);
#7944 = LINE('',#7945,#7946);
#7945 = CARTESIAN_POINT('',(-83.4,11.6,10.));
#7946 = VECTOR('',#7947,1.);
#7947 = DIRECTION('',(2.2E-16,0.,-1.));
#7948 = PCURVE('',#6204,#7949);
#7949 = DEFINITIONAL_REPRESENTATION('',(#7950),#7954);
#7950 = LINE('',#7951,#7952);
#7951 = CARTESIAN_POINT('',(8.995454545455,-4.204545454545));
#7952 = VECTOR('',#7953,1.);
#7953 = DIRECTION('',(2.2E-16,1.));
#7954 = ( GEOMETRIC_REPRESENTATION_CONTEXT(2) 
PARAMETRIC_REPRESENTATION_CONTEXT() REPRESENTATION_CONTEXT('2D SPACE',''
  ) );
#7955 = PCURVE('',#7956,#7961);
#7956 = PLANE('',#7957);
#7957 = AXIS2_PLACEMENT_3D('',#7958,#7959,#7960);
#7958 = CARTESIAN_POINT('',(-75.,11.6,10.));
#7959 = DIRECTION('',(-2.2E-16,-1.,-0.));
#7960 = DIRECTION('',(1.,-2.2E-16,2.2E-16));
#7961 = DEFINITIONAL_REPRESENTATION('',(#7962),#7966);
#7962 = LINE('',#7963,#7964);
#7963 = CARTESIAN_POINT('',(-8.4,7.164316059975E-17));
#7964 = VECTOR('',#7965,1.);
#7965 = DIRECTION('',(-0.,-1.));
#7966 = ( GEOMETRIC_REPRESENTATION_CONTEXT(2) 
PARAMETRIC_REPRESENTATION_CONTEXT() REPRESENTATION_CONTEXT('2D SPACE',''
  ) );
#7967 = ORIENTED_EDGE('',*,*,#7968,.T.);
#7968 = EDGE_CURVE('',#7941,#7969,#7971,.T.);
#7969 = VERTEX_POINT('',#7970);
#7970 = CARTESIAN_POINT('',(-83.4,27.,8.6));
#7971 = SURFACE_CURVE('',#7972,(#7976,#7983),.PCURVE_S1.);
#7972 = LINE('',#7973,#7974);
#7973 = CARTESIAN_POINT('',(-83.4,24.297727272727,8.6));
#7974 = VECTOR('',#7975,1.);
#7975 = DIRECTION('',(2.2E-16,1.,3.E-17));
#7976 = PCURVE('',#6204,#7977);
#7977 = DEFINITIONAL_REPRESENTATION('',(#7978),#7982);
#7978 = LINE('',#7979,#7980);
#7979 = CARTESIAN_POINT('',(-3.702272727273,-2.804545454545));
#7980 = VECTOR('',#7981,1.);
#7981 = DIRECTION('',(-1.,1.9E-16));
#7982 = ( GEOMETRIC_REPRESENTATION_CONTEXT(2) 
PARAMETRIC_REPRESENTATION_CONTEXT() REPRESENTATION_CONTEXT('2D SPACE',''
  ) );
#7983 = PCURVE('',#7489,#7984);
#7984 = DEFINITIONAL_REPRESENTATION('',(#7985),#7989);
#7985 = LINE('',#7986,#7987);
#7986 = CARTESIAN_POINT('',(-3.702272727273,-1.55563491861));
#7987 = VECTOR('',#7988,1.);
#7988 = DIRECTION('',(1.,-2.12132034356E-17));
#7989 = ( GEOMETRIC_REPRESENTATION_CONTEXT(2) 
PARAMETRIC_REPRESENTATION_CONTEXT() REPRESENTATION_CONTEXT('2D SPACE',''
  ) );
#7990 = ORIENTED_EDGE('',*,*,#7991,.T.);
#7991 = EDGE_CURVE('',#7969,#7834,#7992,.T.);
#7992 = SURFACE_CURVE('',#7993,(#7998,#8009),.PCURVE_S1.);
#7993 = ELLIPSE('',#7994,1.414213562373,1.);
#7994 = AXIS2_PLACEMENT_3D('',#7995,#7996,#7997);
#7995 = CARTESIAN_POINT('',(-83.4,27.,7.185786437627));
#7996 = DIRECTION('',(-1.,2.2E-16,-2.2E-16));
#7997 = DIRECTION('',(2.2E-16,0.,-1.));
#7998 = PCURVE('',#6204,#7999);
#7999 = DEFINITIONAL_REPRESENTATION('',(#8000),#8008);
#8000 = ( BOUNDED_CURVE() B_SPLINE_CURVE(2,(#8001,#8002,#8003,#8004,
#8005,#8006,#8007),.UNSPECIFIED.,.T.,.F.) B_SPLINE_CURVE_WITH_KNOTS((1,2
    ,2,2,2,1),(-2.094395102393,0.,2.094395102393,4.188790204786,
6.28318530718,8.377580409573),.UNSPECIFIED.) CURVE() 
GEOMETRIC_REPRESENTATION_ITEM() RATIONAL_B_SPLINE_CURVE((1.,0.5,1.,0.5,
1.,0.5,1.)) REPRESENTATION_ITEM('') );
#8001 = CARTESIAN_POINT('',(-6.404545454545,2.388167020075E-02));
#8002 = CARTESIAN_POINT('',(-4.672494646977,2.388167020075E-02));
#8003 = CARTESIAN_POINT('',(-5.538520050761,-2.097438673359));
#8004 = CARTESIAN_POINT('',(-6.404545454545,-4.218759016919));
#8005 = CARTESIAN_POINT('',(-7.27057085833,-2.097438673359));
#8006 = CARTESIAN_POINT('',(-8.136596262114,2.388167020075E-02));
#8007 = CARTESIAN_POINT('',(-6.404545454545,2.388167020075E-02));
#8008 = ( GEOMETRIC_REPRESENTATION_CONTEXT(2) 
PARAMETRIC_REPRESENTATION_CONTEXT() REPRESENTATION_CONTEXT('2D SPACE',''
  ) );
#8009 = PCURVE('',#7812,#8010);
#8010 = DEFINITIONAL_REPRESENTATION('',(#8011),#8018);
#8011 = B_SPLINE_CURVE_WITH_KNOTS('',5,(#8012,#8013,#8014,#8015,#8016,
    #8017),.UNSPECIFIED.,.F.,.F.,(6,6),(3.14159265359,4.712388980385),
  .PIECEWISE_BEZIER_KNOTS.);
#8012 = CARTESIAN_POINT('',(2.2E-16,-1.416E-14));
#8013 = CARTESIAN_POINT('',(0.314159265359,-1.46E-14));
#8014 = CARTESIAN_POINT('',(0.628303139008,0.123012779392));
#8015 = CARTESIAN_POINT('',(0.942480372174,0.371405851333));
#8016 = CARTESIAN_POINT('',(1.256637061436,0.685840734641));
#8017 = CARTESIAN_POINT('',(1.570796326795,1.));
#8018 = ( GEOMETRIC_REPRESENTATION_CONTEXT(2) 
PARAMETRIC_REPRESENTATION_CONTEXT() REPRESENTATION_CONTEXT('2D SPACE',''
  ) );
#8019 = ORIENTED_EDGE('',*,*,#7833,.F.);
#8020 = ORIENTED_EDGE('',*,*,#6188,.F.);
#8021 = ORIENTED_EDGE('',*,*,#8022,.T.);
#8022 = EDGE_CURVE('',#6189,#7883,#8023,.T.);
#8023 = SURFACE_CURVE('',#8024,(#8029,#8036),.PCURVE_S1.);
#8024 = CIRCLE('',#8025,1.);
#8025 = AXIS2_PLACEMENT_3D('',#8026,#8027,#8028);
#8026 = CARTESIAN_POINT('',(-83.4,19.,1.));
#8027 = DIRECTION('',(1.,-2.2E-16,2.2E-16));
#8028 = DIRECTION('',(-2.2E-16,-1.,-2.2E-16));
#8029 = PCURVE('',#6204,#8030);
#8030 = DEFINITIONAL_REPRESENTATION('',(#8031),#8035);
#8031 = CIRCLE('',#8032,1.);
#8032 = AXIS2_PLACEMENT_2D('',#8033,#8034);
#8033 = CARTESIAN_POINT('',(1.595454545455,4.795454545455));
#8034 = DIRECTION('',(1.,-0.));
#8035 = ( GEOMETRIC_REPRESENTATION_CONTEXT(2) 
PARAMETRIC_REPRESENTATION_CONTEXT() REPRESENTATION_CONTEXT('2D SPACE',''
  ) );
#8036 = PCURVE('',#6232,#8037);
#8037 = DEFINITIONAL_REPRESENTATION('',(#8038),#8042);
#8038 = LINE('',#8039,#8040);
#8039 = CARTESIAN_POINT('',(1.570796326795,4.2));
#8040 = VECTOR('',#8041,1.);
#8041 = DIRECTION('',(-1.,0.));
#8042 = ( GEOMETRIC_REPRESENTATION_CONTEXT(2) 
PARAMETRIC_REPRESENTATION_CONTEXT() REPRESENTATION_CONTEXT('2D SPACE',''
  ) );
#8043 = ADVANCED_FACE('',(#8044),#6232,.T.);
#8044 = FACE_BOUND('',#8045,.F.);
#8045 = EDGE_LOOP('',(#8046,#8070,#8091,#8092));
#8046 = ORIENTED_EDGE('',*,*,#8047,.T.);
#8047 = EDGE_CURVE('',#6217,#8048,#8050,.T.);
#8048 = VERTEX_POINT('',#8049);
#8049 = CARTESIAN_POINT('',(-79.2,20.,1.));
#8050 = SURFACE_CURVE('',#8051,(#8056,#8063),.PCURVE_S1.);
#8051 = CIRCLE('',#8052,1.);
#8052 = AXIS2_PLACEMENT_3D('',#8053,#8054,#8055);
#8053 = CARTESIAN_POINT('',(-79.2,19.,1.));
#8054 = DIRECTION('',(1.,-7.1E-16,2.2E-16));
#8055 = DIRECTION('',(7.1E-16,1.,-1.2E-16));
#8056 = PCURVE('',#6232,#8057);
#8057 = DEFINITIONAL_REPRESENTATION('',(#8058),#8062);
#8058 = LINE('',#8059,#8060);
#8059 = CARTESIAN_POINT('',(4.712388980385,-0.));
#8060 = VECTOR('',#8061,1.);
#8061 = DIRECTION('',(-1.,0.));
#8062 = ( GEOMETRIC_REPRESENTATION_CONTEXT(2) 
PARAMETRIC_REPRESENTATION_CONTEXT() REPRESENTATION_CONTEXT('2D SPACE',''
  ) );
#8063 = PCURVE('',#6265,#8064);
#8064 = DEFINITIONAL_REPRESENTATION('',(#8065),#8069);
#8065 = LINE('',#8066,#8067);
#8066 = CARTESIAN_POINT('',(1.570797769921,0.));
#8067 = VECTOR('',#8068,1.);
#8068 = DIRECTION('',(0.,1.));
#8069 = ( GEOMETRIC_REPRESENTATION_CONTEXT(2) 
PARAMETRIC_REPRESENTATION_CONTEXT() REPRESENTATION_CONTEXT('2D SPACE',''
  ) );
#8070 = ORIENTED_EDGE('',*,*,#8071,.T.);
#8071 = EDGE_CURVE('',#8048,#7883,#8072,.T.);
#8072 = SURFACE_CURVE('',#8073,(#8077,#8084),.PCURVE_S1.);
#8073 = LINE('',#8074,#8075);
#8074 = CARTESIAN_POINT('',(-79.2,20.,1.));
#8075 = VECTOR('',#8076,1.);
#8076 = DIRECTION('',(-1.,2.2E-16,-2.2E-16));
#8077 = PCURVE('',#6232,#8078);
#8078 = DEFINITIONAL_REPRESENTATION('',(#8079),#8083);
#8079 = LINE('',#8080,#8081);
#8080 = CARTESIAN_POINT('',(-1.570796326795,0.));
#8081 = VECTOR('',#8082,1.);
#8082 = DIRECTION('',(-0.,1.));
#8083 = ( GEOMETRIC_REPRESENTATION_CONTEXT(2) 
PARAMETRIC_REPRESENTATION_CONTEXT() REPRESENTATION_CONTEXT('2D SPACE',''
  ) );
#8084 = PCURVE('',#7900,#8085);
#8085 = DEFINITIONAL_REPRESENTATION('',(#8086),#8090);
#8086 = LINE('',#8087,#8088);
#8087 = CARTESIAN_POINT('',(2.2E-16,-1.));
#8088 = VECTOR('',#8089,1.);
#8089 = DIRECTION('',(-1.,0.));
#8090 = ( GEOMETRIC_REPRESENTATION_CONTEXT(2) 
PARAMETRIC_REPRESENTATION_CONTEXT() REPRESENTATION_CONTEXT('2D SPACE',''
  ) );
#8091 = ORIENTED_EDGE('',*,*,#8022,.F.);
#8092 = ORIENTED_EDGE('',*,*,#6216,.F.);
#8093 = ADVANCED_FACE('',(#8094),#6265,.T.);
#8094 = FACE_BOUND('',#8095,.T.);
#8095 = EDGE_LOOP('',(#8096,#8119,#8120,#8121));
#8096 = ORIENTED_EDGE('',*,*,#8097,.F.);
#8097 = EDGE_CURVE('',#6245,#8098,#8100,.T.);
#8098 = VERTEX_POINT('',#8099);
#8099 = CARTESIAN_POINT('',(-75.,15.799993938869,1.));
#8100 = SURFACE_CURVE('',#8101,(#8106,#8112),.PCURVE_S1.);
#8101 = CIRCLE('',#8102,1.);
#8102 = AXIS2_PLACEMENT_3D('',#8103,#8104,#8105);
#8103 = CARTESIAN_POINT('',(-76.,15.799993938869,1.));
#8104 = DIRECTION('',(-2.2E-16,-1.,0.));
#8105 = DIRECTION('',(2.2E-16,-4.84E-32,-1.));
#8106 = PCURVE('',#6265,#8107);
#8107 = DEFINITIONAL_REPRESENTATION('',(#8108),#8111);
#8108 = B_SPLINE_CURVE_WITH_KNOTS('',1,(#8109,#8110),.UNSPECIFIED.,.F.,
  .F.,(2,2),(0.,1.570796326795),.PIECEWISE_BEZIER_KNOTS.);
#8109 = CARTESIAN_POINT('',(0.,4.712388980385));
#8110 = CARTESIAN_POINT('',(0.,6.28318530718));
#8111 = ( GEOMETRIC_REPRESENTATION_CONTEXT(2) 
PARAMETRIC_REPRESENTATION_CONTEXT() REPRESENTATION_CONTEXT('2D SPACE',''
  ) );
#8112 = PCURVE('',#6293,#8113);
#8113 = DEFINITIONAL_REPRESENTATION('',(#8114),#8118);
#8114 = LINE('',#8115,#8116);
#8115 = CARTESIAN_POINT('',(-0.,15.799993938869));
#8116 = VECTOR('',#8117,1.);
#8117 = DIRECTION('',(-1.,0.));
#8118 = ( GEOMETRIC_REPRESENTATION_CONTEXT(2) 
PARAMETRIC_REPRESENTATION_CONTEXT() REPRESENTATION_CONTEXT('2D SPACE',''
  ) );
#8119 = ORIENTED_EDGE('',*,*,#6244,.T.);
#8120 = ORIENTED_EDGE('',*,*,#8047,.T.);
#8121 = ORIENTED_EDGE('',*,*,#8122,.F.);
#8122 = EDGE_CURVE('',#8098,#8048,#8123,.T.);
#8123 = SURFACE_CURVE('',#8124,(#8129,#8136),.PCURVE_S1.);
#8124 = CIRCLE('',#8125,4.2);
#8125 = AXIS2_PLACEMENT_3D('',#8126,#8127,#8128);
#8126 = CARTESIAN_POINT('',(-79.2,15.8,1.));
#8127 = DIRECTION('',(-2.2E-16,1.2E-16,1.));
#8128 = DIRECTION('',(0.999999999999,-1.44312645277E-06,
    2.200001731749E-16));
#8129 = PCURVE('',#6265,#8130);
#8130 = DEFINITIONAL_REPRESENTATION('',(#8131),#8135);
#8131 = LINE('',#8132,#8133);
#8132 = CARTESIAN_POINT('',(0.,6.28318530718));
#8133 = VECTOR('',#8134,1.);
#8134 = DIRECTION('',(1.,0.));
#8135 = ( GEOMETRIC_REPRESENTATION_CONTEXT(2) 
PARAMETRIC_REPRESENTATION_CONTEXT() REPRESENTATION_CONTEXT('2D SPACE',''
  ) );
#8136 = PCURVE('',#8137,#8142);
#8137 = CYLINDRICAL_SURFACE('',#8138,4.2);
#8138 = AXIS2_PLACEMENT_3D('',#8139,#8140,#8141);
#8139 = CARTESIAN_POINT('',(-79.2,15.8,-1.844E-14));
#8140 = DIRECTION('',(2.2E-16,0.,-1.));
#8141 = DIRECTION('',(-1.,2.2E-16,-2.2E-16));
#8142 = DEFINITIONAL_REPRESENTATION('',(#8143),#8147);
#8143 = LINE('',#8144,#8145);
#8144 = CARTESIAN_POINT('',(-3.141591210463,-1.));
#8145 = VECTOR('',#8146,1.);
#8146 = DIRECTION('',(-1.,0.));
#8147 = ( GEOMETRIC_REPRESENTATION_CONTEXT(2) 
PARAMETRIC_REPRESENTATION_CONTEXT() REPRESENTATION_CONTEXT('2D SPACE',''
  ) );
#8148 = ADVANCED_FACE('',(#8149),#6293,.T.);
#8149 = FACE_BOUND('',#8150,.F.);
#8150 = EDGE_LOOP('',(#8151,#8179,#8180,#8181));
#8151 = ORIENTED_EDGE('',*,*,#8152,.T.);
#8152 = EDGE_CURVE('',#8153,#8098,#8155,.T.);
#8153 = VERTEX_POINT('',#8154);
#8154 = CARTESIAN_POINT('',(-75.,5.,1.));
#8155 = SURFACE_CURVE('',#8156,(#8160,#8167),.PCURVE_S1.);
#8156 = LINE('',#8157,#8158);
#8157 = CARTESIAN_POINT('',(-75.,1.677E-14,1.));
#8158 = VECTOR('',#8159,1.);
#8159 = DIRECTION('',(2.2E-16,1.,0.));
#8160 = PCURVE('',#6293,#8161);
#8161 = DEFINITIONAL_REPRESENTATION('',(#8162),#8166);
#8162 = LINE('',#8163,#8164);
#8163 = CARTESIAN_POINT('',(-1.570796326795,0.));
#8164 = VECTOR('',#8165,1.);
#8165 = DIRECTION('',(-0.,1.));
#8166 = ( GEOMETRIC_REPRESENTATION_CONTEXT(2) 
PARAMETRIC_REPRESENTATION_CONTEXT() REPRESENTATION_CONTEXT('2D SPACE',''
  ) );
#8167 = PCURVE('',#8168,#8173);
#8168 = PLANE('',#8169);
#8169 = AXIS2_PLACEMENT_3D('',#8170,#8171,#8172);
#8170 = CARTESIAN_POINT('',(-75.,1.665E-14,-1.751E-14));
#8171 = DIRECTION('',(1.,-2.2E-16,2.2E-16));
#8172 = DIRECTION('',(-2.2E-16,-1.,-0.));
#8173 = DEFINITIONAL_REPRESENTATION('',(#8174),#8178);
#8174 = LINE('',#8175,#8176);
#8175 = CARTESIAN_POINT('',(-1.2E-16,-1.));
#8176 = VECTOR('',#8177,1.);
#8177 = DIRECTION('',(-1.,0.));
#8178 = ( GEOMETRIC_REPRESENTATION_CONTEXT(2) 
PARAMETRIC_REPRESENTATION_CONTEXT() REPRESENTATION_CONTEXT('2D SPACE',''
  ) );
#8179 = ORIENTED_EDGE('',*,*,#8097,.F.);
#8180 = ORIENTED_EDGE('',*,*,#6277,.F.);
#8181 = ORIENTED_EDGE('',*,*,#8182,.T.);
#8182 = EDGE_CURVE('',#6278,#8153,#8183,.T.);
#8183 = SURFACE_CURVE('',#8184,(#8219,#8257),.PCURVE_S1.);
#8184 = ( BOUNDED_CURVE() B_SPLINE_CURVE(9,(#8185,#8186,#8187,#8188,
    #8189,#8190,#8191,#8192,#8193,#8194,#8195,#8196,#8197,#8198,#8199,
    #8200,#8201,#8202,#8203,#8204,#8205,#8206,#8207,#8208,#8209,#8210,
    #8211,#8212,#8213,#8214,#8215,#8216,#8217,#8218),.UNSPECIFIED.,.F.,
.F.) B_SPLINE_CURVE_WITH_KNOTS((10,8,8,8,10),(2.1170648792E-07,
    0.955049553113,1.432574223816,1.671336559167,1.910098894519),
.UNSPECIFIED.) CURVE() GEOMETRIC_REPRESENTATION_ITEM() 
RATIONAL_B_SPLINE_CURVE((1.,1.,1.,1.,1.,1.,1.,1.,1.,1.,1.,1.,1.,1.,1.,1.
    ,1.,1.,1.,1.,1.,1.,1.,1.,1.,1.,1.,1.,1.,1.,1.,1.,1.,1.)) 
REPRESENTATION_ITEM('') );
#8185 = CARTESIAN_POINT('',(-75.9999998259,-0.999999825901,-1.E-15));
#8186 = CARTESIAN_POINT('',(-75.97506679213,-0.8504007528,1.24022363E-09
    ));
#8187 = CARTESIAN_POINT('',(-75.95013688399,-0.700827493566,
    6.978362315871E-04));
#8188 = CARTESIAN_POINT('',(-75.9252399108,-0.550375217738,
    2.101132316593E-03));
#8189 = CARTESIAN_POINT('',(-75.90045364488,-0.398522948433,
    4.1914012524E-03));
#8190 = CARTESIAN_POINT('',(-75.87579346753,-0.244047283464,
    6.967953389579E-03));
#8191 = CARTESIAN_POINT('',(-75.85124697114,-8.513687638626E-02,
    1.043080064262E-02));
#8192 = CARTESIAN_POINT('',(-75.82680646945,8.068428042287E-02,
    1.456494900939E-02));
#8193 = CARTESIAN_POINT('',(-75.80235224392,0.258216604164,
    1.938848139799E-02));
#8194 = CARTESIAN_POINT('',(-75.76468290915,0.559721000444,
    2.799600657881E-02));
#8195 = CARTESIAN_POINT('',(-75.75197064637,0.666107646631,
    3.10853723659E-02));
#8196 = CARTESIAN_POINT('',(-75.73896529418,0.779852656163,
    3.447104942761E-02));
#8197 = CARTESIAN_POINT('',(-75.72563848391,0.90298594482,
    3.811571375692E-02));
#8198 = CARTESIAN_POINT('',(-75.71173533884,1.03823157258,
    4.214470394221E-02));
#8199 = CARTESIAN_POINT('',(-75.69688755143,1.18932330286,
    4.674040784941E-02));
#8200 = CARTESIAN_POINT('',(-75.68067852597,1.36181129426,
    5.204336169815E-02));
#8201 = CARTESIAN_POINT('',(-75.66216416388,1.56467290908,
    5.84484943905E-02));
#8202 = CARTESIAN_POINT('',(-75.62644722136,1.937224479785,
    7.230317773616E-02));
#8203 = CARTESIAN_POINT('',(-75.61318805161,2.072728260726,
    7.765424686108E-02));
#8204 = CARTESIAN_POINT('',(-75.59831867977,2.221645883736,
    8.386524144742E-02));
#8205 = CARTESIAN_POINT('',(-75.58104996081,2.385833439377,
    9.145301043325E-02));
#8206 = CARTESIAN_POINT('',(-75.56080136662,2.567843359803,
    0.100839859185));
#8207 = CARTESIAN_POINT('',(-75.53661771522,2.7708124015,0.112690913427)
  );
#8208 = CARTESIAN_POINT('',(-75.50650305367,2.996890939746,0.12855948534
    ));
#8209 = CARTESIAN_POINT('',(-75.46791320187,3.24380107284,0.151326771689
    ));
#8210 = CARTESIAN_POINT('',(-75.37338372572,3.7544209955,0.218517655982)
  );
#8211 = CARTESIAN_POINT('',(-75.31741611057,4.018265593093,
    0.262916693357));
#8212 = CARTESIAN_POINT('',(-75.25305340446,4.278904484348,
    0.321775189059));
#8213 = CARTESIAN_POINT('',(-75.18099716995,4.518618489261,
    0.399351736293));
#8214 = CARTESIAN_POINT('',(-75.11297661315,4.707263013879,
    0.498702920919));
#8215 = CARTESIAN_POINT('',(-75.05795831987,4.854199767661,
    0.612685369255));
#8216 = CARTESIAN_POINT('',(-75.01924890435,4.951206703378,
    0.738222784687));
#8217 = CARTESIAN_POINT('',(-75.,5.,0.86910091985));
#8218 = CARTESIAN_POINT('',(-75.,5.,1.));
#8219 = PCURVE('',#6293,#8220);
#8220 = DEFINITIONAL_REPRESENTATION('',(#8221),#8256);
#8221 = B_SPLINE_CURVE_WITH_KNOTS('',9,(#8222,#8223,#8224,#8225,#8226,
    #8227,#8228,#8229,#8230,#8231,#8232,#8233,#8234,#8235,#8236,#8237,
    #8238,#8239,#8240,#8241,#8242,#8243,#8244,#8245,#8246,#8247,#8248,
    #8249,#8250,#8251,#8252,#8253,#8254,#8255),.UNSPECIFIED.,.F.,.F.,(10
    ,8,8,8,10),(2.1170648792E-07,0.955049553113,1.432574223816,
    1.671336559167,1.910098894519),.UNSPECIFIED.);
#8222 = CARTESIAN_POINT('',(-4.974258359E-08,-0.999999701545));
#8223 = CARTESIAN_POINT('',(-2.49332246716E-02,-0.85040065197));
#8224 = CARTESIAN_POINT('',(-4.986276354355E-02,-0.700827757041));
#8225 = CARTESIAN_POINT('',(-7.478311973941E-02,-0.550375138197));
#8226 = CARTESIAN_POINT('',(-9.963599620559E-02,-0.398522760707));
#8227 = CARTESIAN_POINT('',(-0.124429530609,-0.244047365346));
#8228 = CARTESIAN_POINT('',(-0.149199235312,-8.513702126841E-02));
#8229 = CARTESIAN_POINT('',(-0.173970841305,8.068440694624E-02));
#8230 = CARTESIAN_POINT('',(-0.198885195252,0.258216585096));
#8231 = CARTESIAN_POINT('',(-0.237525440532,0.559721009978));
#8232 = CARTESIAN_POINT('',(-0.250605265974,0.666107647067));
#8233 = CARTESIAN_POINT('',(-0.264044627392,0.779852647221));
#8234 = CARTESIAN_POINT('',(-0.277855651405,0.902985939625));
#8235 = CARTESIAN_POINT('',(-0.292324857851,1.038231578006));
#8236 = CARTESIAN_POINT('',(-0.307865588696,1.189323311107));
#8237 = CARTESIAN_POINT('',(-0.324915527891,1.361811293301));
#8238 = CARTESIAN_POINT('',(-0.344494033106,1.564672901298));
#8239 = CARTESIAN_POINT('',(-0.382803983848,1.937224483676));
#8240 = CARTESIAN_POINT('',(-0.397097089037,2.072728268678));
#8241 = CARTESIAN_POINT('',(-0.413221467142,2.221645827029));
#8242 = CARTESIAN_POINT('',(-0.432065514426,2.385833474634));
#8243 = CARTESIAN_POINT('',(-0.454365409486,2.567843471344));
#8244 = CARTESIAN_POINT('',(-0.481298465647,2.770812350464));
#8245 = CARTESIAN_POINT('',(-0.515292935258,2.996890729316));
#8246 = CARTESIAN_POINT('',(-0.5599449028,3.243801229703));
#8247 = CARTESIAN_POINT('',(-0.67592090459,3.754421044258));
#8248 = CARTESIAN_POINT('',(-0.747256336945,4.018265614447));
#8249 = CARTESIAN_POINT('',(-0.834124870553,4.278903765502));
#8250 = CARTESIAN_POINT('',(-0.939122211581,4.518620074806));
#8251 = CARTESIAN_POINT('',(-1.056498491429,4.707261400688));
#8252 = CARTESIAN_POINT('',(-1.180223336416,4.854200510885));
#8253 = CARTESIAN_POINT('',(-1.309024750882,4.951206620444));
#8254 = CARTESIAN_POINT('',(-1.439897246645,5.));
#8255 = CARTESIAN_POINT('',(-1.570796326795,5.));
#8256 = ( GEOMETRIC_REPRESENTATION_CONTEXT(2) 
PARAMETRIC_REPRESENTATION_CONTEXT() REPRESENTATION_CONTEXT('2D SPACE',''
  ) );
#8257 = PCURVE('',#8258,#8361);
#8258 = ( BOUNDED_SURFACE() B_SPLINE_SURFACE(2,9,(
    (#8259,#8260,#8261,#8262,#8263,#8264,#8265,#8266,#8267,#8268,#8269
      ,#8270,#8271,#8272,#8273,#8274,#8275,#8276,#8277,#8278,#8279,#8280
      ,#8281,#8282,#8283,#8284,#8285,#8286,#8287,#8288,#8289,#8290,#8291
      ,#8292)
    ,(#8293,#8294,#8295,#8296,#8297,#8298,#8299,#8300,#8301,#8302,#8303
      ,#8304,#8305,#8306,#8307,#8308,#8309,#8310,#8311,#8312,#8313,#8314
      ,#8315,#8316,#8317,#8318,#8319,#8320,#8321,#8322,#8323,#8324,#8325
      ,#8326)
    ,(#8327,#8328,#8329,#8330,#8331,#8332,#8333,#8334,#8335,#8336,#8337
      ,#8338,#8339,#8340,#8341,#8342,#8343,#8344,#8345,#8346,#8347,#8348
      ,#8349,#8350,#8351,#8352,#8353,#8354,#8355,#8356,#8357,#8358,#8359
,#8360
    )),.UNSPECIFIED.,.F.,.F.,.F.) B_SPLINE_SURFACE_WITH_KNOTS((3,3),(10,
    8,8,8,10),(0.,1.910098682812),(2.1170648792E-07,0.955049553113,
    1.432574223816,1.671336559167,1.910098894519),.UNSPECIFIED.) 
GEOMETRIC_REPRESENTATION_ITEM() RATIONAL_B_SPLINE_SURFACE((
    (1.,1.,1.,1.,1.,1.,1.,1.,1.,1.,1.,1.,1.,1.,1.,1.,1.,1.,1.,1.,1.,1.
      ,1.,1.,1.,1.,1.,1.,1.,1.,1.,1.,1.,1.)
    ,(1.,0.999999999384,0.999652569682,0.998946442347,0.9978898468
      ,0.996443986037,0.994547316691,0.992129099438,0.98901068568
      ,0.982384166806,0.979851363205,0.976907291418,0.973462112973
      ,0.969342369768,0.964301425158,0.957985718907,0.949721123332
      ,0.932114970349,0.925379813725,0.917579409079,0.90847318604
      ,0.897769941738,0.885050084675,0.869818560488,0.851888026456
      ,0.812695656706,0.791417282833,0.769462790504,0.748407468183
      ,0.732203042729,0.71956248514,0.711278094605,0.707106781187
      ,0.707106781187)
    ,(1.,1.,1.,1.,1.,1.,1.,1.,1.,1.,1.,1.,1.,1.,1.,1.,1.,1.,1.,1.,1.,1.
,1.,1.,1.,1.,1.,1.,1.,1.,1.,1.,1.,1.
  ))) REPRESENTATION_ITEM('') SURFACE() );
#8259 = CARTESIAN_POINT('',(-75.9999998259,-0.999999825901,-1.E-15));
#8260 = CARTESIAN_POINT('',(-75.97506679213,-0.8504007528,1.24022363E-09
    ));
#8261 = CARTESIAN_POINT('',(-75.95013688399,-0.700827493566,
    6.978362315871E-04));
#8262 = CARTESIAN_POINT('',(-75.9252399108,-0.550375217738,
    2.101132316593E-03));
#8263 = CARTESIAN_POINT('',(-75.90045364488,-0.398522948433,
    4.1914012524E-03));
#8264 = CARTESIAN_POINT('',(-75.87579346753,-0.244047283464,
    6.967953389579E-03));
#8265 = CARTESIAN_POINT('',(-75.85124697114,-8.513687638626E-02,
    1.043080064262E-02));
#8266 = CARTESIAN_POINT('',(-75.82680646945,8.068428042287E-02,
    1.456494900939E-02));
#8267 = CARTESIAN_POINT('',(-75.80235224392,0.258216604164,
    1.938848139799E-02));
#8268 = CARTESIAN_POINT('',(-75.76468290915,0.559721000444,
    2.799600657881E-02));
#8269 = CARTESIAN_POINT('',(-75.75197064637,0.666107646631,
    3.10853723659E-02));
#8270 = CARTESIAN_POINT('',(-75.73896529418,0.779852656163,
    3.447104942761E-02));
#8271 = CARTESIAN_POINT('',(-75.72563848391,0.90298594482,
    3.811571375692E-02));
#8272 = CARTESIAN_POINT('',(-75.71173533884,1.03823157258,
    4.214470394221E-02));
#8273 = CARTESIAN_POINT('',(-75.69688755143,1.18932330286,
    4.674040784941E-02));
#8274 = CARTESIAN_POINT('',(-75.68067852597,1.36181129426,
    5.204336169815E-02));
#8275 = CARTESIAN_POINT('',(-75.66216416388,1.56467290908,
    5.84484943905E-02));
#8276 = CARTESIAN_POINT('',(-75.62644722136,1.937224479785,
    7.230317773616E-02));
#8277 = CARTESIAN_POINT('',(-75.61318805161,2.072728260726,
    7.765424686108E-02));
#8278 = CARTESIAN_POINT('',(-75.59831867977,2.221645883736,
    8.386524144742E-02));
#8279 = CARTESIAN_POINT('',(-75.58104996081,2.385833439377,
    9.145301043325E-02));
#8280 = CARTESIAN_POINT('',(-75.56080136662,2.567843359803,
    0.100839859185));
#8281 = CARTESIAN_POINT('',(-75.53661771522,2.7708124015,0.112690913427)
  );
#8282 = CARTESIAN_POINT('',(-75.50650305367,2.996890939746,0.12855948534
    ));
#8283 = CARTESIAN_POINT('',(-75.46791320187,3.24380107284,0.151326771689
    ));
#8284 = CARTESIAN_POINT('',(-75.37338372572,3.7544209955,0.218517655982)
  );
#8285 = CARTESIAN_POINT('',(-75.31741611057,4.018265593093,
    0.262916693357));
#8286 = CARTESIAN_POINT('',(-75.25305340446,4.278904484348,
    0.321775189059));
#8287 = CARTESIAN_POINT('',(-75.18099716995,4.518618489261,
    0.399351736293));
#8288 = CARTESIAN_POINT('',(-75.11297661315,4.707263013879,
    0.498702920919));
#8289 = CARTESIAN_POINT('',(-75.05795831987,4.854199767661,
    0.612685369255));
#8290 = CARTESIAN_POINT('',(-75.01924890435,4.951206703378,
    0.738222784687));
#8291 = CARTESIAN_POINT('',(-75.,5.,0.86910091985));
#8292 = CARTESIAN_POINT('',(-75.,5.,1.));
#8293 = CARTESIAN_POINT('',(-75.9999998259,-0.999999825901,-9.1E-15));
#8294 = CARTESIAN_POINT('',(-75.91273377241,-0.912733772413,
    7.40140958E-09));
#8295 = CARTESIAN_POINT('',(-75.82540058408,-0.825400584082,
    4.195058186731E-03));
#8296 = CARTESIAN_POINT('',(-75.73827943345,-0.738279433451,
    1.260739794132E-02));
#8297 = CARTESIAN_POINT('',(-75.65157110255,-0.65157110255,
    2.519096075264E-02));
#8298 = CARTESIAN_POINT('',(-75.56546873179,-0.565468731795,
    4.191291195625E-02));
#8299 = CARTESIAN_POINT('',(-75.4800069424,-0.480006942404,
    6.274734244855E-02));
#8300 = CARTESIAN_POINT('',(-75.3948828937,-0.394882893705,
    8.770816203912E-02));
#8301 = CARTESIAN_POINT('',(-75.3093731184,-0.309373118405,
    0.117063463179));
#8302 = CARTESIAN_POINT('',(-75.17862135303,-0.178621353027,
    0.169448757821));
#8303 = CARTESIAN_POINT('',(-75.134365588,-0.134365588004,0.188418913183
    ));
#8304 = CARTESIAN_POINT('',(-75.08957236289,-8.957236289501E-02,
    0.208963633415));
#8305 = CARTESIAN_POINT('',(-75.04385472637,-4.38547263707E-02,
    0.231348747623));
#8306 = CARTESIAN_POINT('',(-74.99713536627,2.864633726373E-03,
    0.255899952258));
#8307 = CARTESIAN_POINT('',(-74.94934676959,5.06532304084E-02,
    0.283096925861));
#8308 = CARTESIAN_POINT('',(-74.90022666268,9.977333732144E-02,
    0.313744654451));
#8309 = CARTESIAN_POINT('',(-74.85022149397,0.149778506029,
    0.349176988197));
#8310 = CARTESIAN_POINT('',(-74.77976717722,0.220232822776,
    0.413074047835));
#8311 = CARTESIAN_POINT('',(-74.75672959083,0.243270409169,
    0.436530617785));
#8312 = CARTESIAN_POINT('',(-74.73491049274,0.265089507256,
    0.462303686034));
#8313 = CARTESIAN_POINT('',(-74.71529973132,0.284700268684,
    0.490668227144));
#8314 = CARTESIAN_POINT('',(-74.6989774915,0.301022508505,0.522178296269
    ));
#8315 = CARTESIAN_POINT('',(-74.68791474583,0.312085254166,
    0.557526992031));
#8316 = CARTESIAN_POINT('',(-74.68556229103,0.314437708969,
    0.597080530064));
#8317 = CARTESIAN_POINT('',(-74.69566775761,0.304332242393,
    0.640258098073));
#8318 = CARTESIAN_POINT('',(-74.74007974916,0.259920250838,
    0.731533252199));
#8319 = CARTESIAN_POINT('',(-74.77584395757,0.224156042429,
    0.780287170947));
#8320 = CARTESIAN_POINT('',(-74.8237493286,0.176250671402,0.828615710627
    ));
#8321 = CARTESIAN_POINT('',(-74.88045257219,0.11954742781,0.871978478006
    ));
#8322 = CARTESIAN_POINT('',(-74.9250846623,7.491533769934E-02,
    0.904676693358));
#8323 = CARTESIAN_POINT('',(-74.96228056845,3.771943155049E-02,
    0.933178193369));
#8324 = CARTESIAN_POINT('',(-74.98719893377,1.280106623245E-02,
    0.956588927616));
#8325 = CARTESIAN_POINT('',(-75.,-8.43E-15,0.978183486642));
#8326 = CARTESIAN_POINT('',(-75.,1.821E-14,1.));
#8327 = CARTESIAN_POINT('',(-75.9999998259,-0.999999825901,-1.E-15));
#8328 = CARTESIAN_POINT('',(-75.8504007528,-0.975066792133,
    1.24022485E-09));
#8329 = CARTESIAN_POINT('',(-75.70082749357,-0.950136883988,
    6.978362315803E-04));
#8330 = CARTESIAN_POINT('',(-75.55037521774,-0.925239910797,
    2.10113231661E-03));
#8331 = CARTESIAN_POINT('',(-75.39852294843,-0.900453644876,
    4.191401252374E-03));
#8332 = CARTESIAN_POINT('',(-75.24404728346,-0.875793467534,
    6.967953389606E-03));
#8333 = CARTESIAN_POINT('',(-75.08513687639,-0.851246971144,
    1.04308006426E-02));
#8334 = CARTESIAN_POINT('',(-74.91931571958,-0.826806469445,
    1.45649490094E-02));
#8335 = CARTESIAN_POINT('',(-74.74178339584,-0.802352243919,
    1.938848139799E-02));
#8336 = CARTESIAN_POINT('',(-74.44027899956,-0.764682909146,
    2.799600657881E-02));
#8337 = CARTESIAN_POINT('',(-74.33389235337,-0.751970646367,
    3.108537236591E-02));
#8338 = CARTESIAN_POINT('',(-74.22014734384,-0.738965294177,
    3.447104942758E-02));
#8339 = CARTESIAN_POINT('',(-74.09701405518,-0.725638483908,
    3.811571375696E-02));
#8340 = CARTESIAN_POINT('',(-73.96176842742,-0.71173533884,
    4.214470394217E-02));
#8341 = CARTESIAN_POINT('',(-73.81067669714,-0.696887551429,
    4.674040784945E-02));
#8342 = CARTESIAN_POINT('',(-73.63818870574,-0.680678525971,
    5.204336169813E-02));
#8343 = CARTESIAN_POINT('',(-73.43532709092,-0.662164163881,
    5.84484943905E-02));
#8344 = CARTESIAN_POINT('',(-73.06277552021,-0.626447221357,
    7.230317773615E-02));
#8345 = CARTESIAN_POINT('',(-72.92727173927,-0.613188051608,
    7.765424686108E-02));
#8346 = CARTESIAN_POINT('',(-72.77835411626,-0.598318679772,
    8.386524144743E-02));
#8347 = CARTESIAN_POINT('',(-72.61416656062,-0.581049960808,
    9.145301043324E-02));
#8348 = CARTESIAN_POINT('',(-72.4321566402,-0.560801366625,
    0.100839859185));
#8349 = CARTESIAN_POINT('',(-72.2291875985,-0.536617715216,
    0.112690913427));
#8350 = CARTESIAN_POINT('',(-72.00310906025,-0.506503053667,
    0.12855948534));
#8351 = CARTESIAN_POINT('',(-71.75619892716,-0.467913201868,
    0.151326771689));
#8352 = CARTESIAN_POINT('',(-71.2455790045,-0.373383725725,
    0.218517655982));
#8353 = CARTESIAN_POINT('',(-70.98173440691,-0.317416110565,
    0.262916693357));
#8354 = CARTESIAN_POINT('',(-70.72109551565,-0.253053404458,
    0.321775189059));
#8355 = CARTESIAN_POINT('',(-70.48138151074,-0.18099716995,
    0.399351736293));
#8356 = CARTESIAN_POINT('',(-70.29273698612,-0.112976613153,
    0.498702920919));
#8357 = CARTESIAN_POINT('',(-70.14580023234,-5.7958319872E-02,
    0.612685369255));
#8358 = CARTESIAN_POINT('',(-70.04879329662,-1.924890435134E-02,
    0.738222784687));
#8359 = CARTESIAN_POINT('',(-70.,3.933E-14,0.86910091985));
#8360 = CARTESIAN_POINT('',(-70.,1.643E-14,1.));
#8361 = DEFINITIONAL_REPRESENTATION('',(#8362),#8366);
#8362 = LINE('',#8363,#8364);
#8363 = CARTESIAN_POINT('',(0.,0.));
#8364 = VECTOR('',#8365,1.);
#8365 = DIRECTION('',(0.,1.));
#8366 = ( GEOMETRIC_REPRESENTATION_CONTEXT(2) 
PARAMETRIC_REPRESENTATION_CONTEXT() REPRESENTATION_CONTEXT('2D SPACE',''
  ) );
#8367 = ADVANCED_FACE('',(#8368),#7319,.T.);
#8368 = FACE_BOUND('',#8369,.F.);
#8369 = EDGE_LOOP('',(#8370,#8400,#8431,#8452,#8453));
#8370 = ORIENTED_EDGE('',*,*,#8371,.T.);
#8371 = EDGE_CURVE('',#8372,#8374,#8376,.T.);
#8372 = VERTEX_POINT('',#8373);
#8373 = CARTESIAN_POINT('',(-82.,-5.64923410556,10.));
#8374 = VERTEX_POINT('',#8375);
#8375 = CARTESIAN_POINT('',(-46.,-10.67248991951,10.));
#8376 = SURFACE_CURVE('',#8377,(#8381,#8388),.PCURVE_S1.);
#8377 = LINE('',#8378,#8379);
#8378 = CARTESIAN_POINT('',(-86.30901984044,-5.047975523173,10.));
#8379 = VECTOR('',#8380,1.);
#8380 = DIRECTION('',(0.990404895365,-0.138196031911,2.2E-16));
#8381 = PCURVE('',#7319,#8382);
#8382 = DEFINITIONAL_REPRESENTATION('',(#8383),#8387);
#8383 = LINE('',#8384,#8385);
#8384 = CARTESIAN_POINT('',(2.609024107869E-15,-3.535533905933));
#8385 = VECTOR('',#8386,1.);
#8386 = DIRECTION('',(-1.,4.711834433981E-17));
#8387 = ( GEOMETRIC_REPRESENTATION_CONTEXT(2) 
PARAMETRIC_REPRESENTATION_CONTEXT() REPRESENTATION_CONTEXT('2D SPACE',''
  ) );
#8388 = PCURVE('',#8389,#8394);
#8389 = PLANE('',#8390);
#8390 = AXIS2_PLACEMENT_3D('',#8391,#8392,#8393);
#8391 = CARTESIAN_POINT('',(-70.89112264104,2.654402136581,10.));
#8392 = DIRECTION('',(-2.2E-16,-2.2E-16,1.));
#8393 = DIRECTION('',(1.,-2.2E-16,2.2E-16));
#8394 = DEFINITIONAL_REPRESENTATION('',(#8395),#8399);
#8395 = LINE('',#8396,#8397);
#8396 = CARTESIAN_POINT('',(-15.41789719939,-7.702377659754));
#8397 = VECTOR('',#8398,1.);
#8398 = DIRECTION('',(0.990404895365,-0.138196031911));
#8399 = ( GEOMETRIC_REPRESENTATION_CONTEXT(2) 
PARAMETRIC_REPRESENTATION_CONTEXT() REPRESENTATION_CONTEXT('2D SPACE',''
  ) );
#8400 = ORIENTED_EDGE('',*,*,#8401,.F.);
#8401 = EDGE_CURVE('',#8402,#8374,#8404,.T.);
#8402 = VERTEX_POINT('',#8403);
#8403 = CARTESIAN_POINT('',(-45.8045612974,-10.69009572493,
    10.009571977305));
#8404 = SURFACE_CURVE('',#8405,(#8410,#8421),.PCURVE_S1.);
#8405 = ELLIPSE('',#8406,2.855829103816,2.);
#8406 = AXIS2_PLACEMENT_3D('',#8407,#8408,#8409);
#8407 = CARTESIAN_POINT('',(-46.,-8.653113794295,12.));
#8408 = DIRECTION('',(9.771935129767E-02,0.700322017633,-0.707106781187)
  );
#8409 = DIRECTION('',(-9.587057859728E-02,0.713827060021,0.69372888115)
  );
#8410 = PCURVE('',#7319,#8411);
#8411 = DEFINITIONAL_REPRESENTATION('',(#8412),#8420);
#8412 = ( BOUNDED_CURVE() B_SPLINE_CURVE(2,(#8413,#8414,#8415,#8416,
#8417,#8418,#8419),.UNSPECIFIED.,.T.,.F.) B_SPLINE_CURVE_WITH_KNOTS((1,2
    ,2,2,2,1),(-2.094395102393,0.,2.094395102393,4.188790204786,
6.28318530718,8.377580409573),.UNSPECIFIED.) CURVE() 
GEOMETRIC_REPRESENTATION_ITEM() RATIONAL_B_SPLINE_CURVE((1.,0.5,1.,0.5,
1.,0.5,1.)) REPRESENTATION_ITEM('') );
#8413 = CARTESIAN_POINT('',(-39.8675814147,-9.165760110615));
#8414 = CARTESIAN_POINT('',(-43.266144972,-9.836405879264));
#8415 = CARTESIAN_POINT('',(-42.39619064267,-5.298384375035));
#8416 = CARTESIAN_POINT('',(-41.52623631335,-0.760362870807));
#8417 = CARTESIAN_POINT('',(-38.99762708538,-4.627738606386));
#8418 = CARTESIAN_POINT('',(-36.4690178574,-8.495114341966));
#8419 = CARTESIAN_POINT('',(-39.8675814147,-9.165760110615));
#8420 = ( GEOMETRIC_REPRESENTATION_CONTEXT(2) 
PARAMETRIC_REPRESENTATION_CONTEXT() REPRESENTATION_CONTEXT('2D SPACE',''
  ) );
#8421 = PCURVE('',#7726,#8422);
#8422 = DEFINITIONAL_REPRESENTATION('',(#8423),#8430);
#8423 = B_SPLINE_CURVE_WITH_KNOTS('',5,(#8424,#8425,#8426,#8427,#8428,
    #8429),.UNSPECIFIED.,.F.,.F.,(6,6),(3.181043323628,3.278918868552),
  .PIECEWISE_BEZIER_KNOTS.);
#8424 = CARTESIAN_POINT('',(1.472920781871,0.261463962022));
#8425 = CARTESIAN_POINT('',(1.492495890856,0.263037840281));
#8426 = CARTESIAN_POINT('',(1.512070999841,0.265587394362));
#8427 = CARTESIAN_POINT('',(1.531646108825,0.269111368191));
#8428 = CARTESIAN_POINT('',(1.55122121781,0.27360694633));
#8429 = CARTESIAN_POINT('',(1.570796326795,0.279069767442));
#8430 = ( GEOMETRIC_REPRESENTATION_CONTEXT(2) 
PARAMETRIC_REPRESENTATION_CONTEXT() REPRESENTATION_CONTEXT('2D SPACE',''
  ) );
#8431 = ORIENTED_EDGE('',*,*,#8432,.T.);
#8432 = EDGE_CURVE('',#8402,#7304,#8433,.T.);
#8433 = SURFACE_CURVE('',#8434,(#8438,#8445),.PCURVE_S1.);
#8434 = LINE('',#8435,#8436);
#8435 = CARTESIAN_POINT('',(-45.8045612974,-10.8268738769,9.874106226015
    ));
#8436 = VECTOR('',#8437,1.);
#8437 = DIRECTION('',(-0.,-0.710507260875,-0.703689869363));
#8438 = PCURVE('',#7319,#8439);
#8439 = DEFINITIONAL_REPRESENTATION('',(#8440),#8444);
#8440 = LINE('',#8441,#8442);
#8441 = CARTESIAN_POINT('',(-40.91443484645,-3.357493223345));
#8442 = VECTOR('',#8443,1.);
#8443 = DIRECTION('',(-9.818928409718E-02,0.995167756958));
#8444 = ( GEOMETRIC_REPRESENTATION_CONTEXT(2) 
PARAMETRIC_REPRESENTATION_CONTEXT() REPRESENTATION_CONTEXT('2D SPACE',''
  ) );
#8445 = PCURVE('',#7352,#8446);
#8446 = DEFINITIONAL_REPRESENTATION('',(#8447),#8451);
#8447 = LINE('',#8448,#8449);
#8448 = CARTESIAN_POINT('',(-1.472920781871,0.));
#8449 = VECTOR('',#8450,1.);
#8450 = DIRECTION('',(-0.,1.));
#8451 = ( GEOMETRIC_REPRESENTATION_CONTEXT(2) 
PARAMETRIC_REPRESENTATION_CONTEXT() REPRESENTATION_CONTEXT('2D SPACE',''
  ) );
#8452 = ORIENTED_EDGE('',*,*,#7301,.F.);
#8453 = ORIENTED_EDGE('',*,*,#8454,.F.);
#8454 = EDGE_CURVE('',#8372,#7302,#8455,.T.);
#8455 = SURFACE_CURVE('',#8456,(#8460,#8467),.PCURVE_S1.);
#8456 = LINE('',#8457,#8458);
#8457 = CARTESIAN_POINT('',(-79.1902032498,-3.204280531347,
    12.809796750196));
#8458 = VECTOR('',#8459,1.);
#8459 = DIRECTION('',(-0.602238477013,-0.524039725222,-0.602238477013));
#8460 = PCURVE('',#7319,#8461);
#8461 = DEFINITIONAL_REPRESENTATION('',(#8462),#8466);
#8462 = LINE('',#8463,#8464);
#8463 = CARTESIAN_POINT('',(-6.795719468653,-7.509186577572));
#8464 = VECTOR('',#8465,1.);
#8465 = DIRECTION('',(0.524039725222,0.851693821975));
#8466 = ( GEOMETRIC_REPRESENTATION_CONTEXT(2) 
PARAMETRIC_REPRESENTATION_CONTEXT() REPRESENTATION_CONTEXT('2D SPACE',''
  ) );
#8467 = PCURVE('',#7489,#8468);
#8468 = DEFINITIONAL_REPRESENTATION('',(#8469),#8473);
#8469 = LINE('',#8470,#8471);
#8470 = CARTESIAN_POINT('',(-31.20428053134,-7.509186577572));
#8471 = VECTOR('',#8472,1.);
#8472 = DIRECTION('',(-0.524039725222,0.851693821975));
#8473 = ( GEOMETRIC_REPRESENTATION_CONTEXT(2) 
PARAMETRIC_REPRESENTATION_CONTEXT() REPRESENTATION_CONTEXT('2D SPACE',''
  ) );
#8474 = ADVANCED_FACE('',(#8475),#7352,.F.);
#8475 = FACE_BOUND('',#8476,.T.);
#8476 = EDGE_LOOP('',(#8477,#8478,#8479,#8511,#8512));
#8477 = ORIENTED_EDGE('',*,*,#7437,.F.);
#8478 = ORIENTED_EDGE('',*,*,#7687,.F.);
#8479 = ORIENTED_EDGE('',*,*,#8480,.T.);
#8480 = EDGE_CURVE('',#7688,#8402,#8481,.T.);
#8481 = SURFACE_CURVE('',#8482,(#8487,#8499),.PCURVE_S1.);
#8482 = ELLIPSE('',#8483,2.162631539924,2.);
#8483 = AXIS2_PLACEMENT_3D('',#8484,#8485,#8486);
#8484 = CARTESIAN_POINT('',(-46.,-11.50894289811,12.));
#8485 = DIRECTION('',(1.2E-16,0.924799237909,0.380455476452));
#8486 = DIRECTION('',(2.9E-16,0.380455476452,-0.924799237909));
#8487 = PCURVE('',#7352,#8488);
#8488 = DEFINITIONAL_REPRESENTATION('',(#8489),#8498);
#8489 = B_SPLINE_CURVE_WITH_KNOTS('',7,(#8490,#8491,#8492,#8493,#8494,
    #8495,#8496,#8497),.UNSPECIFIED.,.F.,.F.,(8,8),(4.712388980385,
    6.185309762256),.PIECEWISE_BEZIER_KNOTS.);
#8490 = CARTESIAN_POINT('',(0.,-1.01135492011));
#8491 = CARTESIAN_POINT('',(-0.210417254553,-0.838226756606));
#8492 = CARTESIAN_POINT('',(-0.420834509106,-0.665099019037));
#8493 = CARTESIAN_POINT('',(-0.631251763659,-0.504488346353));
#8494 = CARTESIAN_POINT('',(-0.841669018212,-0.36892746824));
#8495 = CARTESIAN_POINT('',(-1.052086272765,-0.268641443353));
#8496 = CARTESIAN_POINT('',(-1.262503527318,-0.209425718762));
#8497 = CARTESIAN_POINT('',(-1.472920781871,-0.192507746933));
#8498 = ( GEOMETRIC_REPRESENTATION_CONTEXT(2) 
PARAMETRIC_REPRESENTATION_CONTEXT() REPRESENTATION_CONTEXT('2D SPACE',''
  ) );
#8499 = PCURVE('',#7726,#8500);
#8500 = DEFINITIONAL_REPRESENTATION('',(#8501),#8510);
#8501 = B_SPLINE_CURVE_WITH_KNOTS('',7,(#8502,#8503,#8504,#8505,#8506,
    #8507,#8508,#8509),.UNSPECIFIED.,.F.,.F.,(8,8),(4.712388980385,
    6.185309762256),.PIECEWISE_BEZIER_KNOTS.);
#8502 = CARTESIAN_POINT('',(0.,-0.557383211156));
#8503 = CARTESIAN_POINT('',(0.210417254553,-0.384255047651));
#8504 = CARTESIAN_POINT('',(0.420834509106,-0.211127310082));
#8505 = CARTESIAN_POINT('',(0.631251763659,-5.051663739932E-02));
#8506 = CARTESIAN_POINT('',(0.841669018213,8.504424071435E-02));
#8507 = CARTESIAN_POINT('',(1.052086272765,0.185330265601));
#8508 = CARTESIAN_POINT('',(1.262503527318,0.244545990192));
#8509 = CARTESIAN_POINT('',(1.472920781871,0.261463962022));
#8510 = ( GEOMETRIC_REPRESENTATION_CONTEXT(2) 
PARAMETRIC_REPRESENTATION_CONTEXT() REPRESENTATION_CONTEXT('2D SPACE',''
  ) );
#8511 = ORIENTED_EDGE('',*,*,#8432,.T.);
#8512 = ORIENTED_EDGE('',*,*,#7331,.F.);
#8513 = ADVANCED_FACE('',(#8514),#7489,.T.);
#8514 = FACE_BOUND('',#8515,.F.);
#8515 = EDGE_LOOP('',(#8516,#8517,#8540,#8561,#8562,#8563));
#8516 = ORIENTED_EDGE('',*,*,#7968,.F.);
#8517 = ORIENTED_EDGE('',*,*,#8518,.F.);
#8518 = EDGE_CURVE('',#8519,#7941,#8521,.T.);
#8519 = VERTEX_POINT('',#8520);
#8520 = CARTESIAN_POINT('',(-82.,11.6,10.));
#8521 = SURFACE_CURVE('',#8522,(#8526,#8533),.PCURVE_S1.);
#8522 = LINE('',#8523,#8524);
#8523 = CARTESIAN_POINT('',(-81.5,11.6,10.5));
#8524 = VECTOR('',#8525,1.);
#8525 = DIRECTION('',(-0.707106781187,1.6E-16,-0.707106781187));
#8526 = PCURVE('',#7489,#8527);
#8527 = DEFINITIONAL_REPRESENTATION('',(#8528),#8532);
#8528 = LINE('',#8529,#8530);
#8529 = CARTESIAN_POINT('',(-16.4,-4.242640687119));
#8530 = VECTOR('',#8531,1.);
#8531 = DIRECTION('',(4.43650813896E-18,1.));
#8532 = ( GEOMETRIC_REPRESENTATION_CONTEXT(2) 
PARAMETRIC_REPRESENTATION_CONTEXT() REPRESENTATION_CONTEXT('2D SPACE',''
  ) );
#8533 = PCURVE('',#7956,#8534);
#8534 = DEFINITIONAL_REPRESENTATION('',(#8535),#8539);
#8535 = LINE('',#8536,#8537);
#8536 = CARTESIAN_POINT('',(-6.5,0.5));
#8537 = VECTOR('',#8538,1.);
#8538 = DIRECTION('',(-0.707106781187,-0.707106781187));
#8539 = ( GEOMETRIC_REPRESENTATION_CONTEXT(2) 
PARAMETRIC_REPRESENTATION_CONTEXT() REPRESENTATION_CONTEXT('2D SPACE',''
  ) );
#8540 = ORIENTED_EDGE('',*,*,#8541,.T.);
#8541 = EDGE_CURVE('',#8519,#8372,#8542,.T.);
#8542 = SURFACE_CURVE('',#8543,(#8547,#8554),.PCURVE_S1.);
#8543 = LINE('',#8544,#8545);
#8544 = CARTESIAN_POINT('',(-82.,28.,10.));
#8545 = VECTOR('',#8546,1.);
#8546 = DIRECTION('',(-2.2E-16,-1.,-0.));
#8547 = PCURVE('',#7489,#8548);
#8548 = DEFINITIONAL_REPRESENTATION('',(#8549),#8553);
#8549 = LINE('',#8550,#8551);
#8550 = CARTESIAN_POINT('',(-3.002713678801E-15,-3.535533905933));
#8551 = VECTOR('',#8552,1.);
#8552 = DIRECTION('',(-1.,-2.465190328816E-32));
#8553 = ( GEOMETRIC_REPRESENTATION_CONTEXT(2) 
PARAMETRIC_REPRESENTATION_CONTEXT() REPRESENTATION_CONTEXT('2D SPACE',''
  ) );
#8554 = PCURVE('',#8389,#8555);
#8555 = DEFINITIONAL_REPRESENTATION('',(#8556),#8560);
#8556 = LINE('',#8557,#8558);
#8557 = CARTESIAN_POINT('',(-11.10887735895,25.345597863419));
#8558 = VECTOR('',#8559,1.);
#8559 = DIRECTION('',(-0.,-1.));
#8560 = ( GEOMETRIC_REPRESENTATION_CONTEXT(2) 
PARAMETRIC_REPRESENTATION_CONTEXT() REPRESENTATION_CONTEXT('2D SPACE',''
  ) );
#8561 = ORIENTED_EDGE('',*,*,#8454,.T.);
#8562 = ORIENTED_EDGE('',*,*,#7473,.F.);
#8563 = ORIENTED_EDGE('',*,*,#8564,.F.);
#8564 = EDGE_CURVE('',#7969,#7474,#8565,.T.);
#8565 = SURFACE_CURVE('',#8566,(#8570,#8577),.PCURVE_S1.);
#8566 = LINE('',#8567,#8568);
#8567 = CARTESIAN_POINT('',(-83.4,27.,8.6));
#8568 = VECTOR('',#8569,1.);
#8569 = DIRECTION('',(-0.707106781187,1.6E-16,-0.707106781187));
#8570 = PCURVE('',#7489,#8571);
#8571 = DEFINITIONAL_REPRESENTATION('',(#8572),#8576);
#8572 = LINE('',#8573,#8574);
#8573 = CARTESIAN_POINT('',(-1.,-1.55563491861));
#8574 = VECTOR('',#8575,1.);
#8575 = DIRECTION('',(4.43650813896E-18,1.));
#8576 = ( GEOMETRIC_REPRESENTATION_CONTEXT(2) 
PARAMETRIC_REPRESENTATION_CONTEXT() REPRESENTATION_CONTEXT('2D SPACE',''
  ) );
#8577 = PCURVE('',#7812,#8578);
#8578 = DEFINITIONAL_REPRESENTATION('',(#8579),#8583);
#8579 = LINE('',#8580,#8581);
#8580 = CARTESIAN_POINT('',(0.,0.));
#8581 = VECTOR('',#8582,1.);
#8582 = DIRECTION('',(0.,1.));
#8583 = ( GEOMETRIC_REPRESENTATION_CONTEXT(2) 
PARAMETRIC_REPRESENTATION_CONTEXT() REPRESENTATION_CONTEXT('2D SPACE',''
  ) );
#8584 = ADVANCED_FACE('',(#8585),#7545,.T.);
#8585 = FACE_BOUND('',#8586,.F.);
#8586 = EDGE_LOOP('',(#8587,#8588,#9240,#9263));
#8587 = ORIENTED_EDGE('',*,*,#7527,.F.);
#8588 = ORIENTED_EDGE('',*,*,#8589,.T.);
#8589 = EDGE_CURVE('',#7528,#8590,#8592,.T.);
#8590 = VERTEX_POINT('',#8591);
#8591 = CARTESIAN_POINT('',(-43.,9.E-15,6.));
#8592 = SURFACE_CURVE('',#8593,(#8716,#8866),.PCURVE_S1.);
#8593 = ( BOUNDED_CURVE() B_SPLINE_CURVE(13,(#8594,#8595,#8596,#8597,
    #8598,#8599,#8600,#8601,#8602,#8603,#8604,#8605,#8606,#8607,#8608,
    #8609,#8610,#8611,#8612,#8613,#8614,#8615,#8616,#8617,#8618,#8619,
    #8620,#8621,#8622,#8623,#8624,#8625,#8626,#8627,#8628,#8629,#8630,
    #8631,#8632,#8633,#8634,#8635,#8636,#8637,#8638,#8639,#8640,#8641,
    #8642,#8643,#8644,#8645,#8646,#8647,#8648,#8649,#8650,#8651,#8652,
    #8653,#8654,#8655,#8656,#8657,#8658,#8659,#8660,#8661,#8662,#8663,
    #8664,#8665,#8666,#8667,#8668,#8669,#8670,#8671,#8672,#8673,#8674,
    #8675,#8676,#8677,#8678,#8679,#8680,#8681,#8682,#8683,#8684,#8685,
    #8686,#8687,#8688,#8689,#8690,#8691,#8692,#8693,#8694,#8695,#8696,
    #8697,#8698,#8699,#8700,#8701,#8702,#8703,#8704,#8705,#8706,#8707,
    #8708,#8709,#8710,#8711,#8712,#8713,#8714,#8715),.UNSPECIFIED.,.F.,
.F.) B_SPLINE_CURVE_WITH_KNOTS((14,12,12,12,12,12,12,12,12,12,14),(
    9.045954789351,10.319381503328,10.949664231938,12.610933589512,
    13.019857284606,13.224319132153,13.393797831312,13.411289405506,
13.420035192603,13.424408086152,13.4287809797),.UNSPECIFIED.) CURVE() 
GEOMETRIC_REPRESENTATION_ITEM() RATIONAL_B_SPLINE_CURVE((1.,1.,
    1.000000000001,0.999999999997,1.000000000005,0.999999999993,
    1.000000000008,0.999999999992,1.000000000006,0.999999999997,
    1.000000000002,0.999999999999,1.,1.,1.,1.000000000001,0.999999999998
    ,1.000000000003,0.999999999996,1.000000000004,0.999999999997,
    1.000000000002,0.999999999999,1.,1.,1.,1.,1.,0.999999999999,
    1.000000000002,0.999999999998,1.000000000003,0.999999999997,
    1.000000000002,0.999999999999,1.,1.,1.,0.999999999999,1.000000000002
    ,0.999999999997,1.000000000005,0.999999999994,1.000000000005,
    0.999999999996,1.000000000002,0.999999999999,1.,1.,1.,0.999999999999
    ,1.000000000002,0.999999999996,1.000000000006,0.999999999993,
    1.000000000006,0.999999999995,1.000000000003,0.999999999998,
    1.000000000001,1.,1.,0.999999999998,1.000000000007,0.999999999987,
    1.000000000019,0.999999999977,1.000000000021,0.999999999984,
    1.00000000001,0.999999999995,1.000000000002,1.,1.,1.,0.999999999999,
    1.000000000002,0.999999999997,1.000000000004,0.999999999996,
    1.000000000003,0.999999999998,1.000000000001,0.999999999999,1.,1.,
    1.000000000001,0.999999999996,1.000000000008,0.999999999988,
    1.000000000015,0.999999999986,1.000000000011,0.999999999993,
    1.000000000003,0.999999999999,1.,1.,0.999999999999,1.000000000002,
    0.999999999995,1.000000000007,0.999999999991,1.000000000009,
    0.999999999993,1.000000000004,0.999999999998,1.000000000001,1.,1.,1.
,1.,1.,1.,1.,1.,1.000000000001,1.,1.,1.,1.,1.)) REPRESENTATION_ITEM('') 
  );
#8594 = CARTESIAN_POINT('',(-44.,-1.,11.196152422707));
#8595 = CARTESIAN_POINT('',(-44.,-0.913540472843,11.046400128873));
#8596 = CARTESIAN_POINT('',(-43.99190251843,-0.833835550024,
    10.894350370016));
#8597 = CARTESIAN_POINT('',(-43.97777533772,-0.761137470473,
    10.739832946795));
#8598 = CARTESIAN_POINT('',(-43.95933438837,-0.695451118037,
    10.583665682952));
#8599 = CARTESIAN_POINT('',(-43.93802965846,-0.636497164327,
    10.426704639799));
#8600 = CARTESIAN_POINT('',(-43.91500713912,-0.583749448419,
    10.269792977902));
#8601 = CARTESIAN_POINT('',(-43.89107380611,-0.536528095956,
    10.113885339767));
#8602 = CARTESIAN_POINT('',(-43.86673174144,-0.494119963504,
    9.959958647127));
#8603 = CARTESIAN_POINT('',(-43.84228660284,-0.45588807727,
    9.808654227196));
#8604 = CARTESIAN_POINT('',(-43.81797475232,-0.421321818745,
    9.659930202073));
#8605 = CARTESIAN_POINT('',(-43.79399245921,-0.389969692934,
    9.513337096079));
#8606 = CARTESIAN_POINT('',(-43.7702496963,-0.361186598386,9.36986363586
    ));
#8607 = CARTESIAN_POINT('',(-43.73341480614,-0.319972322453,
    9.170691582307));
#8608 = CARTESIAN_POINT('',(-43.72034730327,-0.30590205079,
    9.111745234511));
#8609 = CARTESIAN_POINT('',(-43.70739141038,-0.292568172689,
    9.054092540137));
#8610 = CARTESIAN_POINT('',(-43.69468691069,-0.280036895906,
    8.996528682811));
#8611 = CARTESIAN_POINT('',(-43.68214317427,-0.26812266884,
    8.939263504402));
#8612 = CARTESIAN_POINT('',(-43.66968790216,-0.256704442559,
    8.882586155708));
#8613 = CARTESIAN_POINT('',(-43.65731205569,-0.245758357003,
    8.826534663361));
#8614 = CARTESIAN_POINT('',(-43.64503148657,-0.235286516839,
    8.771009381936));
#8615 = CARTESIAN_POINT('',(-43.6328452857,-0.225257605319,8.7159506839)
  );
#8616 = CARTESIAN_POINT('',(-43.62073037345,-0.215611168818,
    8.661382623821));
#8617 = CARTESIAN_POINT('',(-43.60867135582,-0.206313487571,
    8.607305696968));
#8618 = CARTESIAN_POINT('',(-43.596684176,-0.197389032301,8.553603196112
    ));
#8619 = CARTESIAN_POINT('',(-43.5533002549,-0.166116314288,
    8.359831607981));
#8620 = CARTESIAN_POINT('',(-43.52224899948,-0.145735045399,
    8.222110696172));
#8621 = CARTESIAN_POINT('',(-43.49149651459,-0.127304089997,
    8.086660409444));
#8622 = CARTESIAN_POINT('',(-43.46096670645,-0.110577742025,
    7.953089320627));
#8623 = CARTESIAN_POINT('',(-43.4306040174,-9.538015449461E-02,
    7.821084426171));
#8624 = CARTESIAN_POINT('',(-43.4003690815,-8.158510106072E-02,
    7.690397510835));
#8625 = CARTESIAN_POINT('',(-43.37023471733,-6.909962688412E-02,
    7.560831935532));
#8626 = CARTESIAN_POINT('',(-43.3401822584,-5.785158889378E-02,
    7.432229848338));
#8627 = CARTESIAN_POINT('',(-43.31019822083,-4.778108530396E-02,
    7.304459818686));
#8628 = CARTESIAN_POINT('',(-43.28027130845,-3.883577453558E-02,
    7.177404894685));
#8629 = CARTESIAN_POINT('',(-43.25038975537,-3.097008341452E-02,
    7.050951083661));
#8630 = CARTESIAN_POINT('',(-43.22053900586,-2.414830473846E-02,
    6.924976255812));
#8631 = CARTESIAN_POINT('',(-43.18335475408,-1.692471355917E-02,
    6.768413806879));
#8632 = CARTESIAN_POINT('',(-43.17601089682,-1.555967486708E-02,
    6.737510377571));
#8633 = CARTESIAN_POINT('',(-43.16866813482,-1.425620860713E-02,
    6.706628250184));
#8634 = CARTESIAN_POINT('',(-43.16132644296,-1.301405531009E-02,
    6.675766491787));
#8635 = CARTESIAN_POINT('',(-43.15398579614,-1.183295549798E-02,
    6.644924169405));
#8636 = CARTESIAN_POINT('',(-43.14664616925,-1.071264970998E-02,
    6.614100350144));
#8637 = CARTESIAN_POINT('',(-43.13930753719,-9.652878457927E-03,
    6.583294100991));
#8638 = CARTESIAN_POINT('',(-43.13196987485,-8.653382289634E-03,
    6.552504489077));
#8639 = CARTESIAN_POINT('',(-43.12463315712,-7.713901713586E-03,
    6.521730581387));
#8640 = CARTESIAN_POINT('',(-43.1172973589,-6.834177273952E-03,
    6.49097144503));
#8641 = CARTESIAN_POINT('',(-43.10996245508,-6.013949488202E-03,
    6.460226147028));
#8642 = CARTESIAN_POINT('',(-43.10262842055,-5.252958890082E-03,
    6.429493754453));
#8643 = CARTESIAN_POINT('',(-43.09162863504,-4.199939563089E-03,
    6.383413124304));
#8644 = CARTESIAN_POINT('',(-43.08796222017,-3.863705066447E-03,
    6.368055794393));
#8645 = CARTESIAN_POINT('',(-43.08429597679,-3.542226446924E-03,
    6.352701210173));
#8646 = CARTESIAN_POINT('',(-43.08062989612,-3.235487644092E-03,
    6.337349237206));
#8647 = CARTESIAN_POINT('',(-43.07696396934,-2.943472578497E-03,
    6.321999741036));
#8648 = CARTESIAN_POINT('',(-43.07329818767,-2.666165206152E-03,
    6.306652587236));
#8649 = CARTESIAN_POINT('',(-43.06963254228,-2.403549428765E-03,
    6.29130764134));
#8650 = CARTESIAN_POINT('',(-43.06596702441,-2.155609217155E-03,
    6.275964768925));
#8651 = CARTESIAN_POINT('',(-43.06230162523,-1.922328468807E-03,
    6.260623835527));
#8652 = CARTESIAN_POINT('',(-43.05863633595,-1.703691145899E-03,
    6.245284706716));
#8653 = CARTESIAN_POINT('',(-43.05497114777,-1.499681163593E-03,
    6.22994724804));
#8654 = CARTESIAN_POINT('',(-43.05130605189,-1.310282464695E-03,
    6.214611325057));
#8655 = CARTESIAN_POINT('',(-43.04460310584,-9.905841362689E-04,
    6.186565997725));
#8656 = CARTESIAN_POINT('',(-43.04156522958,-8.557196660826E-04,
    6.173856155772));
#8657 = CARTESIAN_POINT('',(-43.03852740591,-7.308820887939E-04,
    6.161147202814));
#8658 = CARTESIAN_POINT('',(-43.03548963004,-6.16067926271E-04,
    6.148439064209));
#8659 = CARTESIAN_POINT('',(-43.03245189718,-5.112736972084E-04,
    6.135731665295));
#8660 = CARTESIAN_POINT('',(-43.0294142025,-4.164959253074E-04,
    6.12302493145));
#8661 = CARTESIAN_POINT('',(-43.02637654124,-3.317311271025E-04,
    6.110318787991));
#8662 = CARTESIAN_POINT('',(-43.02333890855,-2.569758282018E-04,
    6.09761316031));
#8663 = CARTESIAN_POINT('',(-43.02030129966,-1.922265443347E-04,
    6.084907973723));
#8664 = CARTESIAN_POINT('',(-43.01726370976,-1.374798002939E-04,
    6.07220315361));
#8665 = CARTESIAN_POINT('',(-43.01422613405,-9.273211396578E-05,
    6.059498625307));
#8666 = CARTESIAN_POINT('',(-43.01118856772,-5.798000753788E-05,
    6.046794314174));
#8667 = CARTESIAN_POINT('',(-43.00783750501,-3.066456789014E-05,
    6.032778972481));
#8668 = CARTESIAN_POINT('',(-43.00752400412,-2.821561865252E-05,
    6.031467801054));
#8669 = CARTESIAN_POINT('',(-43.00721050331,-2.587315222247E-05,
    6.030156631208));
#8670 = CARTESIAN_POINT('',(-43.00689700257,-2.363716889753E-05,
    6.028845462885));
#8671 = CARTESIAN_POINT('',(-43.00658350191,-2.150766503739E-05,
    6.027534295992));
#8672 = CARTESIAN_POINT('',(-43.00627000132,-1.948464544377E-05,
    6.026223130503));
#8673 = CARTESIAN_POINT('',(-43.0059565008,-1.756810038967E-05,
    6.02491196629));
#8674 = CARTESIAN_POINT('',(-43.00564300034,-1.575804052501E-05,
    6.023600803351));
#8675 = CARTESIAN_POINT('',(-43.00532949995,-1.405445304692E-05,
    6.022289641556));
#8676 = CARTESIAN_POINT('',(-43.00501599963,-1.245734733824E-05,
    6.020978480883));
#8677 = CARTESIAN_POINT('',(-43.00470249936,-1.096671560053E-05,
    6.019667321234));
#8678 = CARTESIAN_POINT('',(-43.00438899916,-9.58256079953E-06,
    6.018356162556));
#8679 = CARTESIAN_POINT('',(-43.00391874894,-7.66604047431E-06,
    6.016389425882));
#8680 = CARTESIAN_POINT('',(-43.00376199888,-7.0538193937E-06,
    6.015733847215));
#8681 = CARTESIAN_POINT('',(-43.00360524883,-6.4682163945E-06,
    6.01507826876));
#8682 = CARTESIAN_POINT('',(-43.0034484988,-5.9092336806E-06,
    6.014422690509));
#8683 = CARTESIAN_POINT('',(-43.00329174877,-5.37686689872E-06,
    6.01376711245));
#8684 = CARTESIAN_POINT('',(-43.00313499877,-4.87112255399E-06,
    6.013111534574));
#8685 = CARTESIAN_POINT('',(-43.00297824876,-4.39199233127E-06,
    6.012455956871));
#8686 = CARTESIAN_POINT('',(-43.00282149878,-3.93948493527E-06,
    6.01180037933));
#8687 = CARTESIAN_POINT('',(-43.00266474879,-3.51359244055E-06,
    6.011144801943));
#8688 = CARTESIAN_POINT('',(-43.00250799883,-3.11432075828E-06,
    6.010489224696));
#8689 = CARTESIAN_POINT('',(-43.00235124886,-2.74166612524E-06,
    6.009833647582));
#8690 = CARTESIAN_POINT('',(-43.00219449891,-2.39563028115E-06,
    6.00917807059));
#8691 = CARTESIAN_POINT('',(-43.00195937399,-1.91650373271E-06,
    6.00819470527));
#8692 = CARTESIAN_POINT('',(-43.00188099902,-1.76344927583E-06,
    6.007866916857));
#8693 = CARTESIAN_POINT('',(-43.00180262405,-1.61705017443E-06,
    6.007539128474));
#8694 = CARTESIAN_POINT('',(-43.00172424908,-1.47730357647E-06,
    6.007211340106));
#8695 = CARTESIAN_POINT('',(-43.00164587411,-1.34421538689E-06,
    6.006883551782));
#8696 = CARTESIAN_POINT('',(-43.00156749914,-1.21777615658E-06,
    6.006555763451));
#8697 = CARTESIAN_POINT('',(-43.00148912418,-1.097997962E-06,
    6.006227975176));
#8698 = CARTESIAN_POINT('',(-43.00141074922,-9.8486821354E-07,
    6.005900186889));
#8699 = CARTESIAN_POINT('',(-43.00133237425,-8.7839767327E-07,
    6.005572398644));
#8700 = CARTESIAN_POINT('',(-43.00125399929,-7.7857879977E-07,
    6.005244610403));
#8701 = CARTESIAN_POINT('',(-43.00117562433,-6.8541584541E-07,
    6.004916822184));
#8702 = CARTESIAN_POINT('',(-43.00109724937,-5.9890693893E-07,
    6.004589033979));
#8703 = CARTESIAN_POINT('',(-43.00094049946,-4.3919837711E-07,
    6.003933457595));
#8704 = CARTESIAN_POINT('',(-43.0008206536,-3.6599870412E-07,
    6.003626404866));
#8705 = CARTESIAN_POINT('',(-43.0010778159,-2.9945316848E-07,
    6.003130848073));
#8706 = CARTESIAN_POINT('',(-42.99964673571,-2.3956326301E-07,
    6.003479412538));
#8707 = CARTESIAN_POINT('',(-43.00309155573,-1.8632565102E-07,
    6.001390026896));
#8708 = CARTESIAN_POINT('',(-42.99650521234,-1.3974603663E-07,
    6.004316222993));
#8709 = CARTESIAN_POINT('',(-43.00532234449,-9.98166868E-08,
    5.999540681294));
#8710 = CARTESIAN_POINT('',(-42.99607890168,-6.654601759E-08,
    6.003795427113));
#8711 = CARTESIAN_POINT('',(-43.00313653667,-3.99266088E-08,
    5.999899634018));
#8712 = CARTESIAN_POINT('',(-42.9989118264,-1.996378185E-08,
    6.001645013566));
#8713 = CARTESIAN_POINT('',(-43.00057145878,-6.65442601E-09,
    6.000448221786));
#8714 = CARTESIAN_POINT('',(-43.00000728202,-7.33E-15,6.00036333458));
#8715 = CARTESIAN_POINT('',(-43.,1.132E-14,6.000000000004));
#8716 = PCURVE('',#7545,#8717);
#8717 = DEFINITIONAL_REPRESENTATION('',(#8718),#8865);
#8718 = B_SPLINE_CURVE_WITH_KNOTS('',9,(#8719,#8720,#8721,#8722,#8723,
    #8724,#8725,#8726,#8727,#8728,#8729,#8730,#8731,#8732,#8733,#8734,
    #8735,#8736,#8737,#8738,#8739,#8740,#8741,#8742,#8743,#8744,#8745,
    #8746,#8747,#8748,#8749,#8750,#8751,#8752,#8753,#8754,#8755,#8756,
    #8757,#8758,#8759,#8760,#8761,#8762,#8763,#8764,#8765,#8766,#8767,
    #8768,#8769,#8770,#8771,#8772,#8773,#8774,#8775,#8776,#8777,#8778,
    #8779,#8780,#8781,#8782,#8783,#8784,#8785,#8786,#8787,#8788,#8789,
    #8790,#8791,#8792,#8793,#8794,#8795,#8796,#8797,#8798,#8799,#8800,
    #8801,#8802,#8803,#8804,#8805,#8806,#8807,#8808,#8809,#8810,#8811,
    #8812,#8813,#8814,#8815,#8816,#8817,#8818,#8819,#8820,#8821,#8822,
    #8823,#8824,#8825,#8826,#8827,#8828,#8829,#8830,#8831,#8832,#8833,
    #8834,#8835,#8836,#8837,#8838,#8839,#8840,#8841,#8842,#8843,#8844,
    #8845,#8846,#8847,#8848,#8849,#8850,#8851,#8852,#8853,#8854,#8855,
    #8856,#8857,#8858,#8859,#8860,#8861,#8862,#8863,#8864),
  .UNSPECIFIED.,.F.,.F.,(10,8,8,8,8,8,8,8,8,8,8,8,8,8,8,8,8,8,10),(
    9.045954789351,10.141661336938,10.278624655387,10.312865484999,
    10.347106314611,10.415587973835,10.689514610732,11.237367884526,
    12.333074432113,12.880927705907,13.154854342803,13.291817661252,
    13.360299320476,13.394540150088,13.411660564894,13.420220772297,
    13.424500875999,13.426640927849,13.4287809797),.UNSPECIFIED.);
#8719 = CARTESIAN_POINT('',(-1.4E-15,1.196152422707));
#8720 = CARTESIAN_POINT('',(-0.107456823787,1.010031744287));
#8721 = CARTESIAN_POINT('',(-0.20408483549,0.820227062067));
#8722 = CARTESIAN_POINT('',(-0.291091624794,0.626361911151));
#8723 = CARTESIAN_POINT('',(-0.369162138601,0.431155878795));
#8724 = CARTESIAN_POINT('',(-0.439073169404,0.235796001764));
#8725 = CARTESIAN_POINT('',(-0.502130851676,4.285588932159E-02));
#8726 = CARTESIAN_POINT('',(-0.559566106296,-0.145415300758));
#8727 = CARTESIAN_POINT('',(-0.611841968215,-0.331119716036));
#8728 = CARTESIAN_POINT('',(-0.6667461977,-0.532637895054));
#8729 = CARTESIAN_POINT('',(-0.672792564007,-0.554925313265));
#8730 = CARTESIAN_POINT('',(-0.678787891174,-0.577102648931));
#8731 = CARTESIAN_POINT('',(-0.684735730559,-0.599160858019));
#8732 = CARTESIAN_POINT('',(-0.690640120383,-0.621088444439));
#8733 = CARTESIAN_POINT('',(-0.696505585731,-0.642871460046));
#8734 = CARTESIAN_POINT('',(-0.702337138551,-0.664493504636));
#8735 = CARTESIAN_POINT('',(-0.708140277653,-0.685935725952));
#8736 = CARTESIAN_POINT('',(-0.715366166478,-0.712487093109));
#8737 = CARTESIAN_POINT('',(-0.716809941452,-0.717784800409));
#8738 = CARTESIAN_POINT('',(-0.718252420438,-0.7230695403));
#8739 = CARTESIAN_POINT('',(-0.719693710235,-0.728340911502));
#8740 = CARTESIAN_POINT('',(-0.721133917646,-0.733598512737));
#8741 = CARTESIAN_POINT('',(-0.72257314947,-0.738841942727));
#8742 = CARTESIAN_POINT('',(-0.724011512509,-0.744070800193));
#8743 = CARTESIAN_POINT('',(-0.725449113564,-0.749284683857));
#8744 = CARTESIAN_POINT('',(-0.728323005308,-0.759681701023));
#8745 = CARTESIAN_POINT('',(-0.729762516517,-0.764849968304));
#8746 = CARTESIAN_POINT('',(-0.731179577807,-0.770103246328));
#8747 = CARTESIAN_POINT('',(-0.732652155593,-0.775083990904));
#8748 = CARTESIAN_POINT('',(-0.734079207274,-0.780252202974));
#8749 = CARTESIAN_POINT('',(-0.735542936223,-0.785233917487));
#8750 = CARTESIAN_POINT('',(-0.736995076962,-0.79024734852));
#8751 = CARTESIAN_POINT('',(-0.73845368977,-0.795210615423));
#8752 = CARTESIAN_POINT('',(-0.74283368242,-0.8100178378));
#8753 = CARTESIAN_POINT('',(-0.745761147798,-0.819770302755));
#8754 = CARTESIAN_POINT('',(-0.748692066056,-0.829420162287));
#8755 = CARTESIAN_POINT('',(-0.751622945702,-0.838981977468));
#8756 = CARTESIAN_POINT('',(-0.754550821152,-0.84846845924));
#8757 = CARTESIAN_POINT('',(-0.757473252728,-0.85789046841));
#8758 = CARTESIAN_POINT('',(-0.760388326659,-0.867257015654));
#8759 = CARTESIAN_POINT('',(-0.763294655083,-0.876575261514));
#8760 = CARTESIAN_POINT('',(-0.777778259886,-0.922951535947));
#8761 = CARTESIAN_POINT('',(-0.789207106501,-0.959377474091));
#8762 = CARTESIAN_POINT('',(-0.800413122329,-0.995501249042));
#8763 = CARTESIAN_POINT('',(-0.811396510148,-1.031433984099));
#8764 = CARTESIAN_POINT('',(-0.822181842477,-1.067170441093));
#8765 = CARTESIAN_POINT('',(-0.832792407416,-1.102684684086));
#8766 = CARTESIAN_POINT('',(-0.843239526912,-1.137975973371));
#8767 = CARTESIAN_POINT('',(-0.853526847444,-1.173064889737));
#8768 = CARTESIAN_POINT('',(-0.883955114582,-1.277689287592));
#8769 = CARTESIAN_POINT('',(-0.903656286952,-1.346599814037));
#8770 = CARTESIAN_POINT('',(-0.92284130825,-1.414717512184));
#8771 = CARTESIAN_POINT('',(-0.941626723295,-1.482033246595));
#8772 = CARTESIAN_POINT('',(-0.959923758957,-1.548889775388));
#8773 = CARTESIAN_POINT('',(-0.977953123789,-1.61491140815));
#8774 = CARTESIAN_POINT('',(-0.995602843802,-1.680522600746));
#8775 = CARTESIAN_POINT('',(-1.012980146848,-1.745577155377));
#8776 = CARTESIAN_POINT('',(-1.064306874581,-1.939369381256));
#8777 = CARTESIAN_POINT('',(-1.097466549999,-2.066704809936));
#8778 = CARTESIAN_POINT('',(-1.129776304417,-2.192514018047));
#8779 = CARTESIAN_POINT('',(-1.161391758979,-2.317055731946));
#8780 = CARTESIAN_POINT('',(-1.192427662896,-2.440529865978));
#8781 = CARTESIAN_POINT('',(-1.222969622436,-2.56309315208));
#8782 = CARTESIAN_POINT('',(-1.253085829923,-2.684874769428));
#8783 = CARTESIAN_POINT('',(-1.282838792718,-2.805991974037));
#8784 = CARTESIAN_POINT('',(-1.327026196977,-2.986852605575));
#8785 = CARTESIAN_POINT('',(-1.341681459452,-3.047006962389));
#8786 = CARTESIAN_POINT('',(-1.35626816173,-3.107028326334));
#8787 = CARTESIAN_POINT('',(-1.370796757451,-3.16695382302));
#8788 = CARTESIAN_POINT('',(-1.385274483532,-3.226800843369));
#8789 = CARTESIAN_POINT('',(-1.399705029337,-3.286566354104));
#8790 = CARTESIAN_POINT('',(-1.414091801657,-3.346250003877));
#8791 = CARTESIAN_POINT('',(-1.428440353903,-3.405868177337));
#8792 = CARTESIAN_POINT('',(-1.449913144838,-3.495205135551));
#8793 = CARTESIAN_POINT('',(-1.457062360796,-3.524968851652));
#8794 = CARTESIAN_POINT('',(-1.464203810467,-3.554718418171));
#8795 = CARTESIAN_POINT('',(-1.471338108584,-3.584454955492));
#8796 = CARTESIAN_POINT('',(-1.478465869881,-3.614179584003));
#8797 = CARTESIAN_POINT('',(-1.485587709089,-3.643893424091));
#8798 = CARTESIAN_POINT('',(-1.492704240943,-3.673597596143));
#8799 = CARTESIAN_POINT('',(-1.499816080175,-3.703293220544));
#8800 = CARTESIAN_POINT('',(-1.510477722189,-3.747825516251));
#8801 = CARTESIAN_POINT('',(-1.514030582003,-3.762667767393));
#8802 = CARTESIAN_POINT('',(-1.517582494999,-3.777508306701));
#8803 = CARTESIAN_POINT('',(-1.521133535215,-3.79234726977));
#8804 = CARTESIAN_POINT('',(-1.52468377669,-3.807184792196));
#8805 = CARTESIAN_POINT('',(-1.528233293465,-3.822021009573));
#8806 = CARTESIAN_POINT('',(-1.531782159575,-3.836856057495));
#8807 = CARTESIAN_POINT('',(-1.535330449061,-3.851690071558));
#8808 = CARTESIAN_POINT('',(-1.540652129412,-3.873939745255));
#8809 = CARTESIAN_POINT('',(-1.542425896899,-3.881356077948));
#8810 = CARTESIAN_POINT('',(-1.544199547597,-3.888772202203));
#8811 = CARTESIAN_POINT('',(-1.54597309068,-3.896188134795));
#8812 = CARTESIAN_POINT('',(-1.547746535322,-3.903603892489));
#8813 = CARTESIAN_POINT('',(-1.549519890699,-3.91101949206));
#8814 = CARTESIAN_POINT('',(-1.551293165983,-3.918434950275));
#8815 = CARTESIAN_POINT('',(-1.55306637035,-3.925850283906));
#8816 = CARTESIAN_POINT('',(-1.555726084286,-3.936973122631));
#8817 = CARTESIAN_POINT('',(-1.556612640175,-3.940680708631));
#8818 = CARTESIAN_POINT('',(-1.557499181779,-3.944388269798));
#8819 = CARTESIAN_POINT('',(-1.558385710244,-3.948095808206));
#8820 = CARTESIAN_POINT('',(-1.559272226707,-3.951803325931));
#8821 = CARTESIAN_POINT('',(-1.560158732312,-3.955510825047));
#8822 = CARTESIAN_POINT('',(-1.561045228199,-3.959218307628));
#8823 = CARTESIAN_POINT('',(-1.56193171551,-3.96292577575));
#8824 = CARTESIAN_POINT('',(-1.563261435324,-3.968486959357));
#8825 = CARTESIAN_POINT('',(-1.563704673335,-3.970340683862));
#8826 = CARTESIAN_POINT('',(-1.564147909551,-3.972194405223));
#8827 = CARTESIAN_POINT('',(-1.564591144106,-3.974048123658));
#8828 = CARTESIAN_POINT('',(-1.56503437713,-3.975901839388));
#8829 = CARTESIAN_POINT('',(-1.565477608759,-3.977755552631));
#8830 = CARTESIAN_POINT('',(-1.565920839123,-3.979609263607));
#8831 = CARTESIAN_POINT('',(-1.566364068355,-3.981462972535));
#8832 = CARTESIAN_POINT('',(-1.567028910706,-3.984243533185));
#8833 = CARTESIAN_POINT('',(-1.567250524574,-3.985170386281));
#8834 = CARTESIAN_POINT('',(-1.56747213821,-3.986097238954));
#8835 = CARTESIAN_POINT('',(-1.567693751634,-3.987024091241));
#8836 = CARTESIAN_POINT('',(-1.567915364861,-3.987950943167));
#8837 = CARTESIAN_POINT('',(-1.56813697791,-3.988877794773));
#8838 = CARTESIAN_POINT('',(-1.568358590799,-3.989804646083));
#8839 = CARTESIAN_POINT('',(-1.568580203546,-3.990731497134));
#8840 = CARTESIAN_POINT('',(-1.568912622479,-3.99212177337));
#8841 = CARTESIAN_POINT('',(-1.569022426781,-3.992585699715));
#8842 = CARTESIAN_POINT('',(-1.569133401887,-3.993049040592));
#8843 = CARTESIAN_POINT('',(-1.56924546865,-3.993511835577));
#8844 = CARTESIAN_POINT('',(-1.569357390568,-3.993974702931));
#8845 = CARTESIAN_POINT('',(-1.569467868372,-3.994438292287));
#8846 = CARTESIAN_POINT('',(-1.569576634633,-3.994902737372));
#8847 = CARTESIAN_POINT('',(-1.569685548348,-3.995367108688));
#8848 = CARTESIAN_POINT('',(-1.569856760142,-3.996059744999));
#8849 = CARTESIAN_POINT('',(-1.569902889852,-3.996296094204));
#8850 = CARTESIAN_POINT('',(-1.569969339615,-3.996522283374));
#8851 = CARTESIAN_POINT('',(-1.570025929604,-3.996753402425));
#8852 = CARTESIAN_POINT('',(-1.570071428638,-3.996990066944));
#8853 = CARTESIAN_POINT('',(-1.570126526843,-3.997221931874));
#8854 = CARTESIAN_POINT('',(-1.57019292488,-3.99744814688));
#8855 = CARTESIAN_POINT('',(-1.57024207319,-3.997682986745));
#8856 = CARTESIAN_POINT('',(-1.570352115965,-3.99814679339));
#8857 = CARTESIAN_POINT('',(-1.570420213545,-3.998372158611));
#8858 = CARTESIAN_POINT('',(-1.570407493145,-3.99863793282));
#8859 = CARTESIAN_POINT('',(-1.57068393926,-3.998759123763));
#8860 = CARTESIAN_POINT('',(-1.570293589214,-3.999213712792));
#8861 = CARTESIAN_POINT('',(-1.570916600953,-3.999161620919));
#8862 = CARTESIAN_POINT('',(-1.570514940696,-3.999621865049));
#8863 = CARTESIAN_POINT('',(-1.570791179152,-3.999743159818));
#8864 = CARTESIAN_POINT('',(-1.570796326793,-3.999999999996));
#8865 = ( GEOMETRIC_REPRESENTATION_CONTEXT(2) 
PARAMETRIC_REPRESENTATION_CONTEXT() REPRESENTATION_CONTEXT('2D SPACE',''
  ) );
#8866 = PCURVE('',#8867,#9234);
#8867 = ( BOUNDED_SURFACE() B_SPLINE_SURFACE(2,13,(
    (#8868,#8869,#8870,#8871,#8872,#8873,#8874,#8875,#8876,#8877,#8878
      ,#8879,#8880,#8881,#8882,#8883,#8884,#8885,#8886,#8887,#8888,#8889
      ,#8890,#8891,#8892,#8893,#8894,#8895,#8896,#8897,#8898,#8899,#8900
      ,#8901,#8902,#8903,#8904,#8905,#8906,#8907,#8908,#8909,#8910,#8911
      ,#8912,#8913,#8914,#8915,#8916,#8917,#8918,#8919,#8920,#8921,#8922
      ,#8923,#8924,#8925,#8926,#8927,#8928,#8929,#8930,#8931,#8932,#8933
      ,#8934,#8935,#8936,#8937,#8938,#8939,#8940,#8941,#8942,#8943,#8944
      ,#8945,#8946,#8947,#8948,#8949,#8950,#8951,#8952,#8953,#8954,#8955
      ,#8956,#8957,#8958,#8959,#8960,#8961,#8962,#8963,#8964,#8965,#8966
      ,#8967,#8968,#8969,#8970,#8971,#8972,#8973,#8974,#8975,#8976,#8977
      ,#8978,#8979,#8980,#8981,#8982,#8983,#8984,#8985,#8986,#8987,#8988
      ,#8989)
    ,(#8990,#8991,#8992,#8993,#8994,#8995,#8996,#8997,#8998,#8999,#9000
      ,#9001,#9002,#9003,#9004,#9005,#9006,#9007,#9008,#9009,#9010,#9011
      ,#9012,#9013,#9014,#9015,#9016,#9017,#9018,#9019,#9020,#9021,#9022
      ,#9023,#9024,#9025,#9026,#9027,#9028,#9029,#9030,#9031,#9032,#9033
      ,#9034,#9035,#9036,#9037,#9038,#9039,#9040,#9041,#9042,#9043,#9044
      ,#9045,#9046,#9047,#9048,#9049,#9050,#9051,#9052,#9053,#9054,#9055
      ,#9056,#9057,#9058,#9059,#9060,#9061,#9062,#9063,#9064,#9065,#9066
      ,#9067,#9068,#9069,#9070,#9071,#9072,#9073,#9074,#9075,#9076,#9077
      ,#9078,#9079,#9080,#9081,#9082,#9083,#9084,#9085,#9086,#9087,#9088
      ,#9089,#9090,#9091,#9092,#9093,#9094,#9095,#9096,#9097,#9098,#9099
      ,#9100,#9101,#9102,#9103,#9104,#9105,#9106,#9107,#9108,#9109,#9110
      ,#9111)
    ,(#9112,#9113,#9114,#9115,#9116,#9117,#9118,#9119,#9120,#9121,#9122
      ,#9123,#9124,#9125,#9126,#9127,#9128,#9129,#9130,#9131,#9132,#9133
      ,#9134,#9135,#9136,#9137,#9138,#9139,#9140,#9141,#9142,#9143,#9144
      ,#9145,#9146,#9147,#9148,#9149,#9150,#9151,#9152,#9153,#9154,#9155
      ,#9156,#9157,#9158,#9159,#9160,#9161,#9162,#9163,#9164,#9165,#9166
      ,#9167,#9168,#9169,#9170,#9171,#9172,#9173,#9174,#9175,#9176,#9177
      ,#9178,#9179,#9180,#9181,#9182,#9183,#9184,#9185,#9186,#9187,#9188
      ,#9189,#9190,#9191,#9192,#9193,#9194,#9195,#9196,#9197,#9198,#9199
      ,#9200,#9201,#9202,#9203,#9204,#9205,#9206,#9207,#9208,#9209,#9210
      ,#9211,#9212,#9213,#9214,#9215,#9216,#9217,#9218,#9219,#9220,#9221
      ,#9222,#9223,#9224,#9225,#9226,#9227,#9228,#9229,#9230,#9231,#9232
,#9233
    )),.UNSPECIFIED.,.F.,.F.,.F.) B_SPLINE_SURFACE_WITH_KNOTS((3,3),(14,
    12,12,12,12,12,12,12,12,12,14),(0.,4.382826190349),(9.045954789351,
    10.319381503328,10.949664231938,12.610933589512,13.019857284606,
    13.224319132153,13.393797831312,13.411289405506,13.420035192603,
    13.424408086152,13.4287809797),.UNSPECIFIED.) 
GEOMETRIC_REPRESENTATION_ITEM() RATIONAL_B_SPLINE_SURFACE((
    (1.,1.,1.000000000001,0.999999999997,1.000000000005,0.999999999993
      ,1.000000000008,0.999999999992,1.000000000006,0.999999999997
      ,1.000000000002,0.999999999999,1.,1.,1.,1.000000000001
      ,0.999999999998,1.000000000003,0.999999999996,1.000000000004
      ,0.999999999997,1.000000000002,0.999999999999,1.,1.,1.,1.,1.
      ,0.999999999999,1.000000000002,0.999999999998,1.000000000003
      ,0.999999999997,1.000000000002,0.999999999999,1.,1.,1.
      ,0.999999999999,1.000000000002,0.999999999997,1.000000000005
      ,0.999999999994,1.000000000005,0.999999999996,1.000000000002
      ,0.999999999999,1.,1.,1.,0.999999999999,1.000000000002
      ,0.999999999996,1.000000000006,0.999999999993,1.000000000006
      ,0.999999999995,1.000000000003,0.999999999998,1.000000000001,1.,1.
      ,0.999999999998,1.000000000007,0.999999999987,1.000000000019
      ,0.999999999977,1.000000000021,0.999999999984,1.00000000001
      ,0.999999999995,1.000000000002,1.,1.,1.,0.999999999999
      ,1.000000000002,0.999999999997,1.000000000004,0.999999999996
      ,1.000000000003,0.999999999998,1.000000000001,0.999999999999,1.,1.
      ,1.000000000001,0.999999999996,1.000000000008,0.999999999988
      ,1.000000000015,0.999999999986,1.000000000011,0.999999999993
      ,1.000000000003,0.999999999999,1.,1.,0.999999999999,1.000000000002
      ,0.999999999995,1.000000000007,0.999999999991,1.000000000009
      ,0.999999999993,1.000000000004,0.999999999998,1.000000000001,1.,1.
      ,1.,1.,1.,1.,1.,1.,1.000000000001,1.,1.,1.,1.,1.)
    ,(0.707106781187,0.722390810674,0.7375563041,0.752671122152
      ,0.767684044271,0.782491506879,0.796966540739,0.810980318168
      ,0.8244293534,0.837264028954,0.849496754063,0.86115069064
      ,0.872092615047,0.886419468371,0.890342793535,0.894190698596
      ,0.898058105891,0.901873985858,0.90558992582,0.909207430341
      ,0.912743208497,0.916197064702,0.91955236659,0.922804425186
      ,0.925977479743,0.937171455731,0.944654429762,0.951529667837
      ,0.957827189711,0.963579055099,0.968816563946,0.973568231616
      ,0.977858538799,0.981707456419,0.985130745212,0.988141030298
      ,0.990749650478,0.99351564785,0.994038385217,0.994537588306
      ,0.995013350855,0.995465766651,0.995894929399,0.996300932915
      ,0.996683870889,0.997043837132,0.997380925357,0.997695229344
      ,0.997986842835,0.998390367965,0.998519217863,0.998642415193
      ,0.998759965853,0.99887187577,0.998978150821,0.999078796952
      ,0.99917382003,0.999263225999,0.999347020738,0.999425210174
      ,0.999497800204,0.999620330258,0.999672019771,0.999719866577
      ,0.999763871916,0.999804037157,0.999840363448,0.999872852244
      ,0.999901504647,0.999926322099,0.999947305767,0.999964457003
      ,0.999977777058,0.999988246687,0.999989185336,0.999990083171
      ,0.999990940193,0.999991756402,0.999992531799,0.999993266382
      ,0.999993960156,0.999994613116,0.999995225267,0.999995796605
      ,0.999996327133,0.999997061709,0.999997296367,0.999997520816
      ,0.999997735077,0.999997939108,0.999998132977,0.999998316596
      ,0.999998490057,0.999998653281,0.999998806325,0.999998949155
      ,0.999999081787,0.99999926543,0.999999324093,0.999999380208
      ,0.999999433765,0.999999484787,0.999999533234,0.99999957916
      ,0.999999622507,0.999999663326,0.999999701579,0.99999973729
      ,0.999999770447,0.999999831661,0.999999859717,0.999999885225
      ,0.999999908176,0.999999928588,0.999999946433,0.999999961746
      ,0.99999997449,0.999999984699,0.999999992347,0.99999999745,1.,1.)
    ,(1.,1.,1.000000000001,0.999999999997,1.000000000005,0.999999999993
      ,1.000000000008,0.999999999992,1.000000000006,0.999999999997
      ,1.000000000002,0.999999999999,1.,1.,1.,1.000000000001
      ,0.999999999998,1.000000000003,0.999999999996,1.000000000004
      ,0.999999999997,1.000000000002,0.999999999999,1.,1.,1.,1.,1.
      ,0.999999999999,1.000000000002,0.999999999998,1.000000000003
      ,0.999999999997,1.000000000002,0.999999999999,1.,1.,1.
      ,0.999999999999,1.000000000002,0.999999999997,1.000000000005
      ,0.999999999994,1.000000000005,0.999999999996,1.000000000002
      ,0.999999999999,1.,1.,1.,0.999999999999,1.000000000002
      ,0.999999999996,1.000000000006,0.999999999993,1.000000000006
      ,0.999999999995,1.000000000003,0.999999999998,1.000000000001,1.,1.
      ,0.999999999998,1.000000000007,0.999999999987,1.000000000019
      ,0.999999999977,1.000000000021,0.999999999984,1.00000000001
      ,0.999999999995,1.000000000002,1.,1.,1.,0.999999999999
      ,1.000000000002,0.999999999997,1.000000000004,0.999999999996
      ,1.000000000003,0.999999999998,1.000000000001,0.999999999999,1.,1.
      ,1.000000000001,0.999999999996,1.000000000008,0.999999999988
      ,1.000000000015,0.999999999986,1.000000000011,0.999999999993
      ,1.000000000003,0.999999999999,1.,1.,0.999999999999,1.000000000002
      ,0.999999999995,1.000000000007,0.999999999991,1.000000000009
      ,0.999999999993,1.000000000004,0.999999999998,1.000000000001,1.,1.
      ,1.,1.,1.,1.,1.,1.,1.000000000001,1.,1.,1.,1.,1.
))) REPRESENTATION_ITEM('') SURFACE() );
#8868 = CARTESIAN_POINT('',(-44.,-1.,11.196152422707));
#8869 = CARTESIAN_POINT('',(-44.,-0.913540472843,11.046400128873));
#8870 = CARTESIAN_POINT('',(-43.99190251843,-0.833835550024,
    10.894350370016));
#8871 = CARTESIAN_POINT('',(-43.97777533772,-0.761137470473,
    10.739832946795));
#8872 = CARTESIAN_POINT('',(-43.95933438837,-0.695451118037,
    10.583665682952));
#8873 = CARTESIAN_POINT('',(-43.93802965846,-0.636497164327,
    10.426704639799));
#8874 = CARTESIAN_POINT('',(-43.91500713912,-0.583749448419,
    10.269792977902));
#8875 = CARTESIAN_POINT('',(-43.89107380611,-0.536528095956,
    10.113885339767));
#8876 = CARTESIAN_POINT('',(-43.86673174144,-0.494119963504,
    9.959958647127));
#8877 = CARTESIAN_POINT('',(-43.84228660284,-0.45588807727,
    9.808654227196));
#8878 = CARTESIAN_POINT('',(-43.81797475232,-0.421321818745,
    9.659930202073));
#8879 = CARTESIAN_POINT('',(-43.79399245921,-0.389969692934,
    9.513337096079));
#8880 = CARTESIAN_POINT('',(-43.7702496963,-0.361186598386,9.36986363586
    ));
#8881 = CARTESIAN_POINT('',(-43.73341480614,-0.319972322453,
    9.170691582307));
#8882 = CARTESIAN_POINT('',(-43.72034730327,-0.30590205079,
    9.111745234511));
#8883 = CARTESIAN_POINT('',(-43.70739141038,-0.292568172689,
    9.054092540137));
#8884 = CARTESIAN_POINT('',(-43.69468691069,-0.280036895906,
    8.996528682811));
#8885 = CARTESIAN_POINT('',(-43.68214317427,-0.26812266884,
    8.939263504402));
#8886 = CARTESIAN_POINT('',(-43.66968790216,-0.256704442559,
    8.882586155708));
#8887 = CARTESIAN_POINT('',(-43.65731205569,-0.245758357003,
    8.826534663361));
#8888 = CARTESIAN_POINT('',(-43.64503148657,-0.235286516839,
    8.771009381936));
#8889 = CARTESIAN_POINT('',(-43.6328452857,-0.225257605319,8.7159506839)
  );
#8890 = CARTESIAN_POINT('',(-43.62073037345,-0.215611168818,
    8.661382623821));
#8891 = CARTESIAN_POINT('',(-43.60867135582,-0.206313487571,
    8.607305696968));
#8892 = CARTESIAN_POINT('',(-43.596684176,-0.197389032301,8.553603196112
    ));
#8893 = CARTESIAN_POINT('',(-43.5533002549,-0.166116314288,
    8.359831607981));
#8894 = CARTESIAN_POINT('',(-43.52224899948,-0.145735045399,
    8.222110696172));
#8895 = CARTESIAN_POINT('',(-43.49149651459,-0.127304089997,
    8.086660409444));
#8896 = CARTESIAN_POINT('',(-43.46096670645,-0.110577742025,
    7.953089320627));
#8897 = CARTESIAN_POINT('',(-43.4306040174,-9.538015449461E-02,
    7.821084426171));
#8898 = CARTESIAN_POINT('',(-43.4003690815,-8.158510106072E-02,
    7.690397510835));
#8899 = CARTESIAN_POINT('',(-43.37023471733,-6.909962688412E-02,
    7.560831935532));
#8900 = CARTESIAN_POINT('',(-43.3401822584,-5.785158889378E-02,
    7.432229848338));
#8901 = CARTESIAN_POINT('',(-43.31019822083,-4.778108530396E-02,
    7.304459818686));
#8902 = CARTESIAN_POINT('',(-43.28027130845,-3.883577453558E-02,
    7.177404894685));
#8903 = CARTESIAN_POINT('',(-43.25038975537,-3.097008341452E-02,
    7.050951083661));
#8904 = CARTESIAN_POINT('',(-43.22053900586,-2.414830473846E-02,
    6.924976255812));
#8905 = CARTESIAN_POINT('',(-43.18335475408,-1.692471355917E-02,
    6.768413806879));
#8906 = CARTESIAN_POINT('',(-43.17601089682,-1.555967486708E-02,
    6.737510377571));
#8907 = CARTESIAN_POINT('',(-43.16866813482,-1.425620860713E-02,
    6.706628250184));
#8908 = CARTESIAN_POINT('',(-43.16132644296,-1.301405531009E-02,
    6.675766491787));
#8909 = CARTESIAN_POINT('',(-43.15398579614,-1.183295549798E-02,
    6.644924169405));
#8910 = CARTESIAN_POINT('',(-43.14664616925,-1.071264970998E-02,
    6.614100350144));
#8911 = CARTESIAN_POINT('',(-43.13930753719,-9.652878457927E-03,
    6.583294100991));
#8912 = CARTESIAN_POINT('',(-43.13196987485,-8.653382289634E-03,
    6.552504489077));
#8913 = CARTESIAN_POINT('',(-43.12463315712,-7.713901713586E-03,
    6.521730581387));
#8914 = CARTESIAN_POINT('',(-43.1172973589,-6.834177273952E-03,
    6.49097144503));
#8915 = CARTESIAN_POINT('',(-43.10996245508,-6.013949488202E-03,
    6.460226147028));
#8916 = CARTESIAN_POINT('',(-43.10262842055,-5.252958890082E-03,
    6.429493754453));
#8917 = CARTESIAN_POINT('',(-43.09162863504,-4.199939563089E-03,
    6.383413124304));
#8918 = CARTESIAN_POINT('',(-43.08796222017,-3.863705066447E-03,
    6.368055794393));
#8919 = CARTESIAN_POINT('',(-43.08429597679,-3.542226446924E-03,
    6.352701210173));
#8920 = CARTESIAN_POINT('',(-43.08062989612,-3.235487644092E-03,
    6.337349237206));
#8921 = CARTESIAN_POINT('',(-43.07696396934,-2.943472578497E-03,
    6.321999741036));
#8922 = CARTESIAN_POINT('',(-43.07329818767,-2.666165206152E-03,
    6.306652587236));
#8923 = CARTESIAN_POINT('',(-43.06963254228,-2.403549428765E-03,
    6.29130764134));
#8924 = CARTESIAN_POINT('',(-43.06596702441,-2.155609217155E-03,
    6.275964768925));
#8925 = CARTESIAN_POINT('',(-43.06230162523,-1.922328468807E-03,
    6.260623835527));
#8926 = CARTESIAN_POINT('',(-43.05863633595,-1.703691145899E-03,
    6.245284706716));
#8927 = CARTESIAN_POINT('',(-43.05497114777,-1.499681163593E-03,
    6.22994724804));
#8928 = CARTESIAN_POINT('',(-43.05130605189,-1.310282464695E-03,
    6.214611325057));
#8929 = CARTESIAN_POINT('',(-43.04460310584,-9.905841362689E-04,
    6.186565997725));
#8930 = CARTESIAN_POINT('',(-43.04156522958,-8.557196660826E-04,
    6.173856155772));
#8931 = CARTESIAN_POINT('',(-43.03852740591,-7.308820887939E-04,
    6.161147202814));
#8932 = CARTESIAN_POINT('',(-43.03548963004,-6.16067926271E-04,
    6.148439064209));
#8933 = CARTESIAN_POINT('',(-43.03245189718,-5.112736972084E-04,
    6.135731665295));
#8934 = CARTESIAN_POINT('',(-43.0294142025,-4.164959253074E-04,
    6.12302493145));
#8935 = CARTESIAN_POINT('',(-43.02637654124,-3.317311271025E-04,
    6.110318787991));
#8936 = CARTESIAN_POINT('',(-43.02333890855,-2.569758282018E-04,
    6.09761316031));
#8937 = CARTESIAN_POINT('',(-43.02030129966,-1.922265443347E-04,
    6.084907973723));
#8938 = CARTESIAN_POINT('',(-43.01726370976,-1.374798002939E-04,
    6.07220315361));
#8939 = CARTESIAN_POINT('',(-43.01422613405,-9.273211396578E-05,
    6.059498625307));
#8940 = CARTESIAN_POINT('',(-43.01118856772,-5.798000753788E-05,
    6.046794314174));
#8941 = CARTESIAN_POINT('',(-43.00783750501,-3.066456789014E-05,
    6.032778972481));
#8942 = CARTESIAN_POINT('',(-43.00752400412,-2.821561865252E-05,
    6.031467801054));
#8943 = CARTESIAN_POINT('',(-43.00721050331,-2.587315222247E-05,
    6.030156631208));
#8944 = CARTESIAN_POINT('',(-43.00689700257,-2.363716889753E-05,
    6.028845462885));
#8945 = CARTESIAN_POINT('',(-43.00658350191,-2.150766503739E-05,
    6.027534295992));
#8946 = CARTESIAN_POINT('',(-43.00627000132,-1.948464544377E-05,
    6.026223130503));
#8947 = CARTESIAN_POINT('',(-43.0059565008,-1.756810038967E-05,
    6.02491196629));
#8948 = CARTESIAN_POINT('',(-43.00564300034,-1.575804052501E-05,
    6.023600803351));
#8949 = CARTESIAN_POINT('',(-43.00532949995,-1.405445304692E-05,
    6.022289641556));
#8950 = CARTESIAN_POINT('',(-43.00501599963,-1.245734733824E-05,
    6.020978480883));
#8951 = CARTESIAN_POINT('',(-43.00470249936,-1.096671560053E-05,
    6.019667321234));
#8952 = CARTESIAN_POINT('',(-43.00438899916,-9.58256079953E-06,
    6.018356162556));
#8953 = CARTESIAN_POINT('',(-43.00391874894,-7.66604047431E-06,
    6.016389425882));
#8954 = CARTESIAN_POINT('',(-43.00376199888,-7.0538193937E-06,
    6.015733847215));
#8955 = CARTESIAN_POINT('',(-43.00360524883,-6.4682163945E-06,
    6.01507826876));
#8956 = CARTESIAN_POINT('',(-43.0034484988,-5.9092336806E-06,
    6.014422690509));
#8957 = CARTESIAN_POINT('',(-43.00329174877,-5.37686689872E-06,
    6.01376711245));
#8958 = CARTESIAN_POINT('',(-43.00313499877,-4.87112255399E-06,
    6.013111534574));
#8959 = CARTESIAN_POINT('',(-43.00297824876,-4.39199233127E-06,
    6.012455956871));
#8960 = CARTESIAN_POINT('',(-43.00282149878,-3.93948493527E-06,
    6.01180037933));
#8961 = CARTESIAN_POINT('',(-43.00266474879,-3.51359244055E-06,
    6.011144801943));
#8962 = CARTESIAN_POINT('',(-43.00250799883,-3.11432075828E-06,
    6.010489224696));
#8963 = CARTESIAN_POINT('',(-43.00235124886,-2.74166612524E-06,
    6.009833647582));
#8964 = CARTESIAN_POINT('',(-43.00219449891,-2.39563028115E-06,
    6.00917807059));
#8965 = CARTESIAN_POINT('',(-43.00195937399,-1.91650373271E-06,
    6.00819470527));
#8966 = CARTESIAN_POINT('',(-43.00188099902,-1.76344927583E-06,
    6.007866916857));
#8967 = CARTESIAN_POINT('',(-43.00180262405,-1.61705017443E-06,
    6.007539128474));
#8968 = CARTESIAN_POINT('',(-43.00172424908,-1.47730357647E-06,
    6.007211340106));
#8969 = CARTESIAN_POINT('',(-43.00164587411,-1.34421538689E-06,
    6.006883551782));
#8970 = CARTESIAN_POINT('',(-43.00156749914,-1.21777615658E-06,
    6.006555763451));
#8971 = CARTESIAN_POINT('',(-43.00148912418,-1.097997962E-06,
    6.006227975176));
#8972 = CARTESIAN_POINT('',(-43.00141074922,-9.8486821354E-07,
    6.005900186889));
#8973 = CARTESIAN_POINT('',(-43.00133237425,-8.7839767327E-07,
    6.005572398644));
#8974 = CARTESIAN_POINT('',(-43.00125399929,-7.7857879977E-07,
    6.005244610403));
#8975 = CARTESIAN_POINT('',(-43.00117562433,-6.8541584541E-07,
    6.004916822184));
#8976 = CARTESIAN_POINT('',(-43.00109724937,-5.9890693893E-07,
    6.004589033979));
#8977 = CARTESIAN_POINT('',(-43.00094049946,-4.3919837711E-07,
    6.003933457595));
#8978 = CARTESIAN_POINT('',(-43.0008206536,-3.6599870412E-07,
    6.003626404866));
#8979 = CARTESIAN_POINT('',(-43.0010778159,-2.9945316848E-07,
    6.003130848073));
#8980 = CARTESIAN_POINT('',(-42.99964673571,-2.3956326301E-07,
    6.003479412538));
#8981 = CARTESIAN_POINT('',(-43.00309155573,-1.8632565102E-07,
    6.001390026896));
#8982 = CARTESIAN_POINT('',(-42.99650521234,-1.3974603663E-07,
    6.004316222993));
#8983 = CARTESIAN_POINT('',(-43.00532234449,-9.98166868E-08,
    5.999540681294));
#8984 = CARTESIAN_POINT('',(-42.99607890168,-6.654601759E-08,
    6.003795427113));
#8985 = CARTESIAN_POINT('',(-43.00313653667,-3.99266088E-08,
    5.999899634018));
#8986 = CARTESIAN_POINT('',(-42.9989118264,-1.996378185E-08,
    6.001645013566));
#8987 = CARTESIAN_POINT('',(-43.00057145878,-6.65442601E-09,
    6.000448221786));
#8988 = CARTESIAN_POINT('',(-43.00000728202,-7.33E-15,6.00036333458));
#8989 = CARTESIAN_POINT('',(-43.,1.132E-14,6.000000000004));
#8990 = CARTESIAN_POINT('',(-44.,-1.999999999998,9.464101615136));
#8991 = CARTESIAN_POINT('',(-44.08463025421,-1.915369745795,
    9.415240315091));
#8992 = CARTESIAN_POINT('',(-44.15542659264,-1.831645432428,
    9.363915248829));
#8993 = CARTESIAN_POINT('',(-44.21458753298,-1.748912982187,
    9.310130538649));
#8994 = CARTESIAN_POINT('',(-44.2633536822,-1.667305188496,
    9.253914127937));
#8995 = CARTESIAN_POINT('',(-44.30250850421,-1.586910405867,
    9.195300086526));
#8996 = CARTESIAN_POINT('',(-44.33264073985,-1.507785816141,
    9.134297339974));
#8997 = CARTESIAN_POINT('',(-44.35429041808,-1.430013617865,
    9.070904911099));
#8998 = CARTESIAN_POINT('',(-44.36803514296,-1.353758515341,
    9.005181687413));
#8999 = CARTESIAN_POINT('',(-44.3745321115,-1.279285938231,
    8.937325817736));
#9000 = CARTESIAN_POINT('',(-44.37449998733,-1.206885930038,
    8.867661565888));
#9001 = CARTESIAN_POINT('',(-44.36859436591,-1.136620940899,
    8.796366191147));
#9002 = CARTESIAN_POINT('',(-44.35709626858,-1.06778068926,
    8.722694431611));
#9003 = CARTESIAN_POINT('',(-44.33061982405,-0.963844615473,
    8.604738160067));
#9004 = CARTESIAN_POINT('',(-44.31933705424,-0.92695094899,
    8.561831517016));
#9005 = CARTESIAN_POINT('',(-44.30675847632,-0.891084026262,
    8.518968772903));
#9006 = CARTESIAN_POINT('',(-44.29330410474,-0.856731285768,
    8.47672560497));
#9007 = CARTESIAN_POINT('',(-44.27907071703,-0.823532620116,
    8.434721436824));
#9008 = CARTESIAN_POINT('',(-44.26409519143,-0.791257315561,
    8.392705760121));
#9009 = CARTESIAN_POINT('',(-44.24843456769,-0.759925796574,
    8.350709101433));
#9010 = CARTESIAN_POINT('',(-44.23215925869,-0.729612245712,
    8.308835191796));
#9011 = CARTESIAN_POINT('',(-44.21532791243,-0.700278262194,
    8.267074727158));
#9012 = CARTESIAN_POINT('',(-44.19798256606,-0.67179578002,
    8.225318379985));
#9013 = CARTESIAN_POINT('',(-44.18016950785,-0.644121259674,
    8.18353765216));
#9014 = CARTESIAN_POINT('',(-44.16195351898,-0.617383584136,
    8.141886086629));
#9015 = CARTESIAN_POINT('',(-44.0949018568,-0.523896996114,
    7.991817219782));
#9016 = CARTESIAN_POINT('',(-44.04377870288,-0.461834150596,
    7.883455167041));
#9017 = CARTESIAN_POINT('',(-43.99057079887,-0.404847231451,
    7.77511930028));
#9018 = CARTESIAN_POINT('',(-43.93569351166,-0.352585443257,
    7.666776585795));
#9019 = CARTESIAN_POINT('',(-43.87944160099,-0.304752114165,
    7.558408630162));
#9020 = CARTESIAN_POINT('',(-43.82203111035,-0.261098689179,
    7.450011868712));
#9021 = CARTESIAN_POINT('',(-43.76363036348,-0.22141837134,
    7.341595225948));
#9022 = CARTESIAN_POINT('',(-43.70438120956,-0.185539744664,
    7.233175911133));
#9023 = CARTESIAN_POINT('',(-43.64441145775,-0.153320600044,
    7.124773963643));
#9024 = CARTESIAN_POINT('',(-43.5838392781,-0.124642100395,
    7.016406128909));
#9025 = CARTESIAN_POINT('',(-43.52277021507,-9.940335177494E-02,
    6.908079624667));
#9026 = CARTESIAN_POINT('',(-43.46128735242,-7.751638718052E-02,
    6.799786340814));
#9027 = CARTESIAN_POINT('',(-43.38425244259,-5.433219440216E-02,
    6.664916898389));
#9028 = CARTESIAN_POINT('',(-43.36904530209,-4.995927164455E-02,
    6.638331259339));
#9029 = CARTESIAN_POINT('',(-43.35381498755,-4.578199155685E-02,
    6.611741553214));
#9030 = CARTESIAN_POINT('',(-43.33856283118,-4.179963101974E-02,
    6.585148250919));
#9031 = CARTESIAN_POINT('',(-43.32329016524,-3.801149741902E-02,
    6.558551831914));
#9032 = CARTESIAN_POINT('',(-43.30799832236,-3.441692819123E-02,
    6.531952784402));
#9033 = CARTESIAN_POINT('',(-43.29268863586,-3.101529047502E-02,
    6.505351605275));
#9034 = CARTESIAN_POINT('',(-43.27736244014,-2.780598064294E-02,
    6.478748800416));
#9035 = CARTESIAN_POINT('',(-43.26202107092,-2.478842400334E-02,
    6.452144884571));
#9036 = CARTESIAN_POINT('',(-43.2466658656,-2.196207435574E-02,
    6.425540381669));
#9037 = CARTESIAN_POINT('',(-43.2312981636,-1.932641369242E-02,
    6.398935824755));
#9038 = CARTESIAN_POINT('',(-43.21591930664,-1.688095181562E-02,
    6.372331756209));
#9039 = CARTESIAN_POINT('',(-43.19283941513,-1.349781898075E-02,
    6.332432589735));
#9040 = CARTESIAN_POINT('',(-43.18514537119,-1.241776332136E-02,
    6.31913610415));
#9041 = CARTESIAN_POINT('',(-43.17744864788,-1.13850123369E-02,
    6.30583930475));
#9042 = CARTESIAN_POINT('',(-43.16974938588,-1.039952097585E-02,
    6.292542225548));
#9043 = CARTESIAN_POINT('',(-43.16204772584,-9.461245832867E-03,
    6.279244900809));
#9044 = CARTESIAN_POINT('',(-43.15434380853,-8.570145148821E-03,
    6.265947365153));
#9045 = CARTESIAN_POINT('',(-43.14663777468,-7.726178796195E-03,
    6.252649653401));
#9046 = CARTESIAN_POINT('',(-43.13892976516,-6.92930828191E-03,
    6.239351800775));
#9047 = CARTESIAN_POINT('',(-43.1312199208,-6.179496735106E-03,
    6.22605384269));
#9048 = CARTESIAN_POINT('',(-43.12350838259,-5.476708904273E-03,
    6.21275581494));
#9049 = CARTESIAN_POINT('',(-43.11579529153,-4.820911152248E-03,
    6.199457753567));
#9050 = CARTESIAN_POINT('',(-43.10808078875,-4.212071448748E-03,
    6.18615969494));
#9051 = CARTESIAN_POINT('',(-43.09397018459,-3.18444678337E-03,
    6.16184028092));
#9052 = CARTESIAN_POINT('',(-43.08757436987,-2.750962667303E-03,
    6.150818723368));
#9053 = CARTESIAN_POINT('',(-43.08117764975,-2.349694962782E-03,
    6.13979702244));
#9054 = CARTESIAN_POINT('',(-43.07478010269,-1.980632353146E-03,
    6.128775197559));
#9055 = CARTESIAN_POINT('',(-43.06838180715,-1.64376428637E-03,
    6.117753268195));
#9056 = CARTESIAN_POINT('',(-43.06198284155,-1.339080922361E-03,
    6.106731253874));
#9057 = CARTESIAN_POINT('',(-43.05558328441,-1.0665732164E-03,
    6.095709174171));
#9058 = CARTESIAN_POINT('',(-43.04918321414,-8.262328033735E-04,
    6.084687048709));
#9059 = CARTESIAN_POINT('',(-43.04278270926,-6.180521287338E-04,
    6.073664897177));
#9060 = CARTESIAN_POINT('',(-43.03638184826,-4.420243197918E-04,
    6.062642739301));
#9061 = CARTESIAN_POINT('',(-43.02998070964,-2.981432896342E-04,
    6.051620594875));
#9062 = CARTESIAN_POINT('',(-43.02357937194,-1.864036646585E-04,
    6.040598483742));
#9063 = CARTESIAN_POINT('',(-43.01651723832,-9.858525280415E-05,
    6.028438872076));
#9064 = CARTESIAN_POINT('',(-43.0158565611,-9.071201525535E-05,
    6.027301318025));
#9065 = CARTESIAN_POINT('',(-43.01519588217,-8.318111188788E-05,
    6.026163763682));
#9066 = CARTESIAN_POINT('',(-43.01453520162,-7.599253345681E-05,
    6.025026209084));
#9067 = CARTESIAN_POINT('',(-43.01387451955,-6.914629263277E-05,
    6.023888654255));
#9068 = CARTESIAN_POINT('',(-43.01321383603,-6.264236258613E-05,
    6.022751099241));
#9069 = CARTESIAN_POINT('',(-43.01255315119,-5.648077475695E-05,
    6.02161354406));
#9070 = CARTESIAN_POINT('',(-43.01189246508,-5.066148991484E-05,
    6.020475988762));
#9071 = CARTESIAN_POINT('',(-43.01123177783,-4.51845407059E-05,
    6.019338433363));
#9072 = CARTESIAN_POINT('',(-43.01057108951,-4.004989904749E-05,
    6.018200877911));
#9073 = CARTESIAN_POINT('',(-43.00991040022,-3.525757961087E-05,
    6.017063322429));
#9074 = CARTESIAN_POINT('',(-43.00924971005,-3.08075728197E-05,
    6.015925766955));
#9075 = CARTESIAN_POINT('',(-43.00825867387,-2.464603511021E-05,
    6.014219434221));
#9076 = CARTESIAN_POINT('',(-43.00792832842,-2.26777684843E-05,
    6.013650656896));
#9077 = CARTESIAN_POINT('',(-43.00759798276,-2.079507890129E-05,
    6.013081879548));
#9078 = CARTESIAN_POINT('',(-43.00726763691,-1.899796975302E-05,
    6.012513102181));
#9079 = CARTESIAN_POINT('',(-43.00693729087,-1.728643309396E-05,
    6.011944324795));
#9080 = CARTESIAN_POINT('',(-43.00660694466,-1.566048191282E-05,
    6.011375547396));
#9081 = CARTESIAN_POINT('',(-43.00627659829,-1.412009840163E-05,
    6.010806769985));
#9082 = CARTESIAN_POINT('',(-43.00594625176,-1.266530188138E-05,
    6.010237992563));
#9083 = CARTESIAN_POINT('',(-43.0056159051,-1.12960745895E-05,
    6.009669215138));
#9084 = CARTESIAN_POINT('',(-43.0052855583,-1.001242959275E-05,
    6.009100437707));
#9085 = CARTESIAN_POINT('',(-43.00495521138,-8.81435874445E-06,
    6.008531660277));
#9086 = CARTESIAN_POINT('',(-43.00462486435,-7.70186582277E-06,
    6.007962882848));
#9087 = CARTESIAN_POINT('',(-43.0041293437,-6.1614911786E-06,
    6.007109716765));
#9088 = CARTESIAN_POINT('',(-43.00396417014,-5.66942720326E-06,
    6.006825328102));
#9089 = CARTESIAN_POINT('',(-43.00379899655,-5.19875747551E-06,
    6.006540939436));
#9090 = CARTESIAN_POINT('',(-43.00363382295,-4.74948155049E-06,
    6.006256550767));
#9091 = CARTESIAN_POINT('',(-43.00346864931,-4.32160056485E-06,
    6.005972162097));
#9092 = CARTESIAN_POINT('',(-43.00330347566,-3.91511230302E-06,
    6.005687773421));
#9093 = CARTESIAN_POINT('',(-43.00313830198,-3.53002013731E-06,
    6.005403384752));
#9094 = CARTESIAN_POINT('',(-43.00297312829,-3.1663198441E-06,
    6.00511899607));
#9095 = CARTESIAN_POINT('',(-43.00280795458,-2.8240157155E-06,
    6.004834607398));
#9096 = CARTESIAN_POINT('',(-43.00264278085,-2.5031041736E-06,
    6.004550218717));
#9097 = CARTESIAN_POINT('',(-43.00247760711,-2.20358758873E-06,
    6.004265830041));
#9098 = CARTESIAN_POINT('',(-43.00231243335,-1.92546472999E-06,
    6.003981441362));
#9099 = CARTESIAN_POINT('',(-43.00198208582,-1.41200736281E-06,
    6.003412664024));
#9100 = CARTESIAN_POINT('',(-43.00174716553,-1.17667277988E-06,
    6.00316314862));
#9101 = CARTESIAN_POINT('',(-43.00214630447,-9.6273216543E-07,
    6.002596603595));
#9102 = CARTESIAN_POINT('',(-42.99970612618,-7.7018579547E-07,
    6.00344971717));
#9103 = CARTESIAN_POINT('',(-43.00546632624,-5.9903342564E-07,
    6.000202641572));
#9104 = CARTESIAN_POINT('',(-42.99435593207,-4.4927468268E-07,
    6.005390863078));
#9105 = CARTESIAN_POINT('',(-43.00915138457,-3.2091123292E-07,
    5.997626161248));
#9106 = CARTESIAN_POINT('',(-42.99357223244,-2.1393988903E-07,
    6.005048761725));
#9107 = CARTESIAN_POINT('',(-43.00540853015,-1.2836469099E-07,
    5.998763637282));
#9108 = CARTESIAN_POINT('',(-42.99826997409,-6.418191978E-08,
    6.001965939723));
#9109 = CARTESIAN_POINT('',(-43.00102781261,-2.139410415E-08,
    6.000220044875));
#9110 = CARTESIAN_POINT('',(-43.00004560845,2.176E-14,6.000344171363));
#9111 = CARTESIAN_POINT('',(-43.,1.088E-14,6.000000000003));
#9112 = CARTESIAN_POINT('',(-46.,-2.000000000041,9.464101615162));
#9113 = CARTESIAN_POINT('',(-46.,-1.913540472694,9.414184183775));
#9114 = CARTESIAN_POINT('',(-45.98783389798,-1.828450524925,
    9.36189005314));
#9115 = CARTESIAN_POINT('',(-45.96542615157,-1.744725777625,
    9.307430267444));
#9116 = CARTESIAN_POINT('',(-45.93413165134,-1.66250082448,
    9.250591227457));
#9117 = CARTESIAN_POINT('',(-45.89509014062,-1.581892834553,
    9.191489114968));
#9118 = CARTESIAN_POINT('',(-45.8493734856,-1.50290417626,9.130328622598
    ));
#9119 = CARTESIAN_POINT('',(-45.79798418771,-1.425495491215,
    9.067106906953));
#9120 = CARTESIAN_POINT('',(-45.74177482346,-1.349800069143,
    9.001715975635));
#9121 = CARTESIAN_POINT('',(-45.68136938849,-1.27630979781,
    8.934409010575));
#9122 = CARTESIAN_POINT('',(-45.61717881664,-1.205722384839,
    8.866108422975));
#9123 = CARTESIAN_POINT('',(-45.54961423594,-1.137998970824,
    8.797545726918));
#9124 = CARTESIAN_POINT('',(-45.47961281773,-1.070040676218,
    8.725735611556));
#9125 = CARTESIAN_POINT('',(-45.37495068344,-0.952255604009,
    8.591284687739));
#9126 = CARTESIAN_POINT('',(-45.34176992009,-0.900261547094,
    8.530460638655));
#9127 = CARTESIAN_POINT('',(-45.30685199392,-0.851309450681,
    8.470040120501));
#9128 = CARTESIAN_POINT('',(-45.2703148188,-0.807164536082,
    8.412705323901));
#9129 = CARTESIAN_POINT('',(-45.23289915583,-0.766133604256,
    8.357296896088));
#9130 = CARTESIAN_POINT('',(-45.1950139705,-0.727144893317,
    8.302879842966));
#9131 = CARTESIAN_POINT('',(-45.15670396251,-0.690213375235,
    8.249439524449));
#9132 = CARTESIAN_POINT('',(-45.11793296892,-0.655588467159,
    8.197252066695));
#9133 = CARTESIAN_POINT('',(-45.0787969752,-0.623056593356,
    8.146263996335));
#9134 = CARTESIAN_POINT('',(-45.03950050254,-0.592046494781,
    8.096106384321));
#9135 = CARTESIAN_POINT('',(-45.00015017417,-0.562360643834,
    8.046659268462));
#9136 = CARTESIAN_POINT('',(-44.96063929679,-0.534531582844,
    7.998372606119));
#9137 = CARTESIAN_POINT('',(-44.81694719404,-0.437987380778,
    7.825557590802));
#9138 = CARTESIAN_POINT('',(-44.71259428962,-0.3776368403,7.706138313073
    ));
#9139 = CARTESIAN_POINT('',(-44.6087513753,-0.325039178973,
    7.591645730511));
#9140 = CARTESIAN_POINT('',(-44.5057665437,-0.278803884993,
    7.481270733388));
#9141 = CARTESIAN_POINT('',(-44.40375761981,-0.237918536915,
    7.374325461013));
#9142 = CARTESIAN_POINT('',(-44.30270517929,-0.201648584535,
    7.270234405706));
#9143 = CARTESIAN_POINT('',(-44.20252418449,-0.169454973569,
    7.168523188433));
#9144 = CARTESIAN_POINT('',(-44.10311423823,-0.140929614061,
    7.06880500617));
#9145 = CARTESIAN_POINT('',(-44.00438845531,-0.115748692624,
    6.970764750924));
#9146 = CARTESIAN_POINT('',(-43.90628095171,-9.364382838677E-02,
    6.874140800465));
#9147 = CARTESIAN_POINT('',(-43.80873295162,-7.439107277403E-02,
    6.778704480741));
#9148 = CARTESIAN_POINT('',(-43.71165751208,-5.781775301274E-02,
    6.684237199988));
#9149 = CARTESIAN_POINT('',(-43.5910616556,-4.038335594611E-02,
    6.567433009614));
#9150 = CARTESIAN_POINT('',(-43.56726144465,-3.709453649164E-02,
    6.544406580605));
#9151 = CARTESIAN_POINT('',(-43.54348135211,-3.39594331107E-02,
    6.521423802858));
#9152 = CARTESIAN_POINT('',(-43.51972049741,-3.097677784331E-02,
    6.498482511758));
#9153 = CARTESIAN_POINT('',(-43.495978,-2.814530271223E-02,
    6.475580542625));
#9154 = CARTESIAN_POINT('',(-43.47225297934,-2.5463739773E-02,
    6.452715730899));
#9155 = CARTESIAN_POINT('',(-43.44854455486,-2.29308210305E-02,
    6.429885911841));
#9156 = CARTESIAN_POINT('',(-43.42485184601,-2.054527855451E-02,
    6.407088920932));
#9157 = CARTESIAN_POINT('',(-43.40117397223,-1.83058443455E-02,
    6.384322593427));
#9158 = CARTESIAN_POINT('',(-43.37751005298,-1.62112504655E-02,
    6.361584764776));
#9159 = CARTESIAN_POINT('',(-43.3538592077,-1.426022893144E-02,
    6.338873270288));
#9160 = CARTESIAN_POINT('',(-43.33022055583,-1.245151178709E-02,
    6.316185945356));
#9161 = CARTESIAN_POINT('',(-43.29477954731,-9.949990701871E-03,
    6.282187965323));
#9162 = CARTESIAN_POINT('',(-43.28296860413,-9.151572107499E-03,
    6.270860788288));
#9163 = CARTESIAN_POINT('',(-43.27116026089,-8.388500905157E-03,
    6.259538838276));
#9164 = CARTESIAN_POINT('',(-43.25935439122,-7.660702724052E-03,
    6.248221859344));
#9165 = CARTESIAN_POINT('',(-43.24755086872,-6.968103183407E-03,
    6.236909595527));
#9166 = CARTESIAN_POINT('',(-43.23574956703,-6.310627920372E-03,
    6.225601790899));
#9167 = CARTESIAN_POINT('',(-43.22395035974,-5.688202545356E-03,
    6.214298189473));
#9168 = CARTESIAN_POINT('',(-43.21215312051,-5.100752702121E-03,
    6.202998535346));
#9169 = CARTESIAN_POINT('',(-43.20035772291,-4.548203999631E-03,
    6.191702572517));
#9170 = CARTESIAN_POINT('',(-43.1885640406,-4.030482077086E-03,
    6.180410045078));
#9171 = CARTESIAN_POINT('',(-43.17677194718,-3.547512552019E-03,
    6.16912069705));
#9172 = CARTESIAN_POINT('',(-43.16498131626,-3.099221054537E-03,
    6.157834272499));
#9173 = CARTESIAN_POINT('',(-43.14341985925,-2.342626800082E-03,
    6.137197394157));
#9174 = CARTESIAN_POINT('',(-43.13364861609,-2.023507140664E-03,
    6.127846111758));
#9175 = CARTESIAN_POINT('',(-43.12387822116,-1.728158164458E-03,
    6.118496527888));
#9176 = CARTESIAN_POINT('',(-43.11410860361,-1.456563805539E-03,
    6.109148502187));
#9177 = CARTESIAN_POINT('',(-43.10433969257,-1.208707997503E-03,
    6.099801894247));
#9178 = CARTESIAN_POINT('',(-43.09457141721,-9.845746744848E-04,
    6.090456563743));
#9179 = CARTESIAN_POINT('',(-43.08480370666,-7.841477699588E-04,
    6.08111237023));
#9180 = CARTESIAN_POINT('',(-43.07503649009,-6.074112182457E-04,
    6.071769173411));
#9181 = CARTESIAN_POINT('',(-43.06526969663,-4.543489526967E-04,
    6.062426832834));
#9182 = CARTESIAN_POINT('',(-43.05550325544,-3.249449075501E-04,
    6.053085208184));
#9183 = CARTESIAN_POINT('',(-43.04573709566,-2.191830164629E-04,
    6.043744159045));
#9184 = CARTESIAN_POINT('',(-43.03597114645,-1.370472132701E-04,
    6.034403545061));
#9185 = CARTESIAN_POINT('',(-43.02519742633,-7.248109737745E-05,
    6.024099229268));
#9186 = CARTESIAN_POINT('',(-43.02418951729,-6.669247808244E-05,
    6.023135235941));
#9187 = CARTESIAN_POINT('',(-43.02318160978,-6.115557153707E-05,
    6.022171245729));
#9188 = CARTESIAN_POINT('',(-43.02217370372,-5.587037012322E-05,
    6.021207258476));
#9189 = CARTESIAN_POINT('',(-43.02116579905,-5.083687829577E-05,
    6.020243274065));
#9190 = CARTESIAN_POINT('',(-43.02015789571,-4.605507839572E-05,
    6.019279292311));
#9191 = CARTESIAN_POINT('',(-43.01914999361,-4.152498554022E-05,
    6.018315313128));
#9192 = CARTESIAN_POINT('',(-43.01814209271,-3.724657468185E-05,
    6.01735133631));
#9193 = CARTESIAN_POINT('',(-43.01713419292,-3.321986181826E-05,
    6.01638736177));
#9194 = CARTESIAN_POINT('',(-43.01612629418,-2.944482798739E-05,
    6.015423389325));
#9195 = CARTESIAN_POINT('',(-43.01511839643,-2.592147880776E-05,
    6.014459418855));
#9196 = CARTESIAN_POINT('',(-43.0141104996,-2.264980594691E-05,
    6.013495450207));
#9197 = CARTESIAN_POINT('',(-43.01259865563,-1.811980776623E-05,
    6.012049499758));
#9198 = CARTESIAN_POINT('',(-43.01209470786,-1.66727274834E-05,
    6.011567516694));
#9199 = CARTESIAN_POINT('',(-43.01159076028,-1.528856463351E-05,
    6.011085534033));
#9200 = CARTESIAN_POINT('',(-43.0110868129,-1.396732329606E-05,
    6.010603551751));
#9201 = CARTESIAN_POINT('',(-43.0105828657,-1.270899414452E-05,
    6.010121569834));
#9202 = CARTESIAN_POINT('',(-43.01007891868,-1.151359168261E-05,
    6.009639588259));
#9203 = CARTESIAN_POINT('',(-43.00957497181,-1.038109645035E-05,
    6.009157607008));
#9204 = CARTESIAN_POINT('',(-43.00907102511,-9.31152866479E-06,
    6.008675626067));
#9205 = CARTESIAN_POINT('',(-43.00856707854,-8.30487016179E-06,
    6.008193645405));
#9206 = CARTESIAN_POINT('',(-43.00806313212,-7.36113360977E-06,
    6.007711665018));
#9207 = CARTESIAN_POINT('',(-43.00755918582,-6.48031118278E-06,
    6.007229684875));
#9208 = CARTESIAN_POINT('',(-43.00705523963,-5.66240619382E-06,
    6.006747704963));
#9209 = CARTESIAN_POINT('',(-43.00629932051,-4.52992260014E-06,
    6.006024735409));
#9210 = CARTESIAN_POINT('',(-43.0060473475,-4.16815725091E-06,
    6.00578374561));
#9211 = CARTESIAN_POINT('',(-43.00579537451,-3.8221206291E-06,
    6.005542755862));
#9212 = CARTESIAN_POINT('',(-43.00554340155,-3.49181382031E-06,
    6.00530176616));
#9213 = CARTESIAN_POINT('',(-43.00529142861,-3.17723465937E-06,
    6.005060776506));
#9214 = CARTESIAN_POINT('',(-43.00503945568,-2.8783865601E-06,
    6.004819786891));
#9215 = CARTESIAN_POINT('',(-43.00478748279,-2.59526494384E-06,
    6.00457879732));
#9216 = CARTESIAN_POINT('',(-43.00453550991,-2.32787490995E-06,
    6.004337807784));
#9217 = CARTESIAN_POINT('',(-43.00428353705,-2.07621158621E-06,
    6.004096818285));
#9218 = CARTESIAN_POINT('',(-43.0040315642,-1.84027889483E-06,
    6.00385582882));
#9219 = CARTESIAN_POINT('',(-43.00377959137,-1.62007408011E-06,
    6.003614839384));
#9220 = CARTESIAN_POINT('',(-43.00352761856,-1.41559876388E-06,
    6.003373849978));
#9221 = CARTESIAN_POINT('',(-43.00302367295,-1.03810543584E-06,
    6.002891871217));
#9222 = CARTESIAN_POINT('',(-43.00267367804,-8.6508836339E-07,
    6.002699892922));
#9223 = CARTESIAN_POINT('',(-43.00321479332,-7.0779763617E-07,
    6.002062359564));
#9224 = CARTESIAN_POINT('',(-42.99976551728,-5.6624215816E-07,
    6.003420021899));
#9225 = CARTESIAN_POINT('',(-43.00784109629,-4.404037236E-07,
    5.999015256706));
#9226 = CARTESIAN_POINT('',(-42.99220665267,-3.3031177804E-07,
    6.00646550289));
#9227 = CARTESIAN_POINT('',(-43.01298042402,-2.3592735609E-07,
    5.995711641558));
#9228 = CARTESIAN_POINT('',(-42.99106556362,-1.5729319658E-07,
    6.006302096167));
#9229 = CARTESIAN_POINT('',(-43.00768052347,-9.437021497E-08,
    5.997627640619));
#9230 = CARTESIAN_POINT('',(-42.99762812182,-4.718807645E-08,
    6.002286865859));
#9231 = CARTESIAN_POINT('',(-43.00148416643,-1.572830555E-08,
    5.999991867963));
#9232 = CARTESIAN_POINT('',(-43.00008393489,-1.1036E-13,6.000325008146)
  );
#9233 = CARTESIAN_POINT('',(-43.,1.132E-14,6.000000000004));
#9234 = DEFINITIONAL_REPRESENTATION('',(#9235),#9239);
#9235 = LINE('',#9236,#9237);
#9236 = CARTESIAN_POINT('',(0.,0.));
#9237 = VECTOR('',#9238,1.);
#9238 = DIRECTION('',(0.,1.));
#9239 = ( GEOMETRIC_REPRESENTATION_CONTEXT(2) 
PARAMETRIC_REPRESENTATION_CONTEXT() REPRESENTATION_CONTEXT('2D SPACE',''
  ) );
#9240 = ORIENTED_EDGE('',*,*,#9241,.T.);
#9241 = EDGE_CURVE('',#8590,#9242,#9244,.T.);
#9242 = VERTEX_POINT('',#9243);
#9243 = CARTESIAN_POINT('',(-43.,8.E-15,15.5));
#9244 = SURFACE_CURVE('',#9245,(#9249,#9256),.PCURVE_S1.);
#9245 = LINE('',#9246,#9247);
#9246 = CARTESIAN_POINT('',(-43.,1.132E-14,10.));
#9247 = VECTOR('',#9248,1.);
#9248 = DIRECTION('',(-2.2E-16,0.,1.));
#9249 = PCURVE('',#7545,#9250);
#9250 = DEFINITIONAL_REPRESENTATION('',(#9251),#9255);
#9251 = LINE('',#9252,#9253);
#9252 = CARTESIAN_POINT('',(-1.570796326795,0.));
#9253 = VECTOR('',#9254,1.);
#9254 = DIRECTION('',(-0.,1.));
#9255 = ( GEOMETRIC_REPRESENTATION_CONTEXT(2) 
PARAMETRIC_REPRESENTATION_CONTEXT() REPRESENTATION_CONTEXT('2D SPACE',''
  ) );
#9256 = PCURVE('',#100,#9257);
#9257 = DEFINITIONAL_REPRESENTATION('',(#9258),#9262);
#9258 = LINE('',#9259,#9260);
#9259 = CARTESIAN_POINT('',(43.,1.846716430077));
#9260 = VECTOR('',#9261,1.);
#9261 = DIRECTION('',(2.2E-16,1.));
#9262 = ( GEOMETRIC_REPRESENTATION_CONTEXT(2) 
PARAMETRIC_REPRESENTATION_CONTEXT() REPRESENTATION_CONTEXT('2D SPACE',''
  ) );
#9263 = ORIENTED_EDGE('',*,*,#9264,.F.);
#9264 = EDGE_CURVE('',#7530,#9242,#9265,.T.);
#9265 = SURFACE_CURVE('',#9266,(#9271,#9278),.PCURVE_S1.);
#9266 = CIRCLE('',#9267,1.);
#9267 = AXIS2_PLACEMENT_3D('',#9268,#9269,#9270);
#9268 = CARTESIAN_POINT('',(-43.,-1.,15.5));
#9269 = DIRECTION('',(2.2E-16,0.,-1.));
#9270 = DIRECTION('',(-1.,2.2E-16,-2.2E-16));
#9271 = PCURVE('',#7545,#9272);
#9272 = DEFINITIONAL_REPRESENTATION('',(#9273),#9277);
#9273 = LINE('',#9274,#9275);
#9274 = CARTESIAN_POINT('',(-0.,5.5));
#9275 = VECTOR('',#9276,1.);
#9276 = DIRECTION('',(-1.,0.));
#9277 = ( GEOMETRIC_REPRESENTATION_CONTEXT(2) 
PARAMETRIC_REPRESENTATION_CONTEXT() REPRESENTATION_CONTEXT('2D SPACE',''
  ) );
#9278 = PCURVE('',#9279,#9284);
#9279 = TOROIDAL_SURFACE('',#9280,1.,1.);
#9280 = AXIS2_PLACEMENT_3D('',#9281,#9282,#9283);
#9281 = CARTESIAN_POINT('',(-42.,-1.,15.5));
#9282 = DIRECTION('',(2.2E-16,1.,0.));
#9283 = DIRECTION('',(-1.,2.2E-16,-1.E-15));
#9284 = DEFINITIONAL_REPRESENTATION('',(#9285),#9289);
#9285 = LINE('',#9286,#9287);
#9286 = CARTESIAN_POINT('',(0.,0.));
#9287 = VECTOR('',#9288,1.);
#9288 = DIRECTION('',(0.,1.));
#9289 = ( GEOMETRIC_REPRESENTATION_CONTEXT(2) 
PARAMETRIC_REPRESENTATION_CONTEXT() REPRESENTATION_CONTEXT('2D SPACE',''
  ) );
#9290 = ADVANCED_FACE('',(#9291),#7753,.F.);
#9291 = FACE_BOUND('',#9292,.T.);
#9292 = EDGE_LOOP('',(#9293,#9317,#9318,#9349));
#9293 = ORIENTED_EDGE('',*,*,#9294,.F.);
#9294 = EDGE_CURVE('',#7711,#9295,#9297,.T.);
#9295 = VERTEX_POINT('',#9296);
#9296 = CARTESIAN_POINT('',(-46.,-4.,10.));
#9297 = SURFACE_CURVE('',#9298,(#9303,#9310),.PCURVE_S1.);
#9298 = CIRCLE('',#9299,2.);
#9299 = AXIS2_PLACEMENT_3D('',#9300,#9301,#9302);
#9300 = CARTESIAN_POINT('',(-46.,-4.,12.));
#9301 = DIRECTION('',(2.2E-16,1.,0.));
#9302 = DIRECTION('',(1.,-2.2E-16,2.2E-16));
#9303 = PCURVE('',#7753,#9304);
#9304 = DEFINITIONAL_REPRESENTATION('',(#9305),#9309);
#9305 = LINE('',#9306,#9307);
#9306 = CARTESIAN_POINT('',(-0.,1.570796326795));
#9307 = VECTOR('',#9308,1.);
#9308 = DIRECTION('',(-0.,1.));
#9309 = ( GEOMETRIC_REPRESENTATION_CONTEXT(2) 
PARAMETRIC_REPRESENTATION_CONTEXT() REPRESENTATION_CONTEXT('2D SPACE',''
  ) );
#9310 = PCURVE('',#7726,#9311);
#9311 = DEFINITIONAL_REPRESENTATION('',(#9312),#9316);
#9312 = LINE('',#9313,#9314);
#9313 = CARTESIAN_POINT('',(0.,6.951559686955));
#9314 = VECTOR('',#9315,1.);
#9315 = DIRECTION('',(1.,0.));
#9316 = ( GEOMETRIC_REPRESENTATION_CONTEXT(2) 
PARAMETRIC_REPRESENTATION_CONTEXT() REPRESENTATION_CONTEXT('2D SPACE',''
  ) );
#9317 = ORIENTED_EDGE('',*,*,#7738,.T.);
#9318 = ORIENTED_EDGE('',*,*,#9319,.T.);
#9319 = EDGE_CURVE('',#7528,#9320,#9322,.T.);
#9320 = VERTEX_POINT('',#9321);
#9321 = CARTESIAN_POINT('',(-46.,-2.,9.464101615138));
#9322 = SURFACE_CURVE('',#9323,(#9328,#9335),.PCURVE_S1.);
#9323 = CIRCLE('',#9324,2.);
#9324 = AXIS2_PLACEMENT_3D('',#9325,#9326,#9327);
#9325 = CARTESIAN_POINT('',(-46.,-1.,11.196152422707));
#9326 = DIRECTION('',(3.E-16,0.866025403784,-0.5));
#9327 = DIRECTION('',(-8.E-17,0.5,0.866025403784));
#9328 = PCURVE('',#7753,#9329);
#9329 = DEFINITIONAL_REPRESENTATION('',(#9330),#9334);
#9330 = LINE('',#9331,#9332);
#9331 = CARTESIAN_POINT('',(-0.523598775598,0.));
#9332 = VECTOR('',#9333,1.);
#9333 = DIRECTION('',(-0.,1.));
#9334 = ( GEOMETRIC_REPRESENTATION_CONTEXT(2) 
PARAMETRIC_REPRESENTATION_CONTEXT() REPRESENTATION_CONTEXT('2D SPACE',''
  ) );
#9335 = PCURVE('',#8867,#9336);
#9336 = DEFINITIONAL_REPRESENTATION('',(#9337),#9348);
#9337 = B_SPLINE_CURVE_WITH_KNOTS('',9,(#9338,#9339,#9340,#9341,#9342,
    #9343,#9344,#9345,#9346,#9347),.UNSPECIFIED.,.F.,.F.,(10,10),(
    1.570796326795,3.14159265359),.PIECEWISE_BEZIER_KNOTS.);
#9338 = CARTESIAN_POINT('',(4.4E-16,9.045954789351));
#9339 = CARTESIAN_POINT('',(0.540899547278,9.045954789351));
#9340 = CARTESIAN_POINT('',(1.037807811367,9.045954789351));
#9341 = CARTESIAN_POINT('',(1.508770891769,9.045954789351));
#9342 = CARTESIAN_POINT('',(1.965356277261,9.045954789352));
#9343 = CARTESIAN_POINT('',(2.417469913088,9.045954789351));
#9344 = CARTESIAN_POINT('',(2.87405529858,9.045954789351));
#9345 = CARTESIAN_POINT('',(3.345018378982,9.045954789351));
#9346 = CARTESIAN_POINT('',(3.841926643071,9.045954789351));
#9347 = CARTESIAN_POINT('',(4.382826190349,9.045954789351));
#9348 = ( GEOMETRIC_REPRESENTATION_CONTEXT(2) 
PARAMETRIC_REPRESENTATION_CONTEXT() REPRESENTATION_CONTEXT('2D SPACE',''
  ) );
#9349 = ORIENTED_EDGE('',*,*,#9350,.F.);
#9350 = EDGE_CURVE('',#9295,#9320,#9351,.T.);
#9351 = SURFACE_CURVE('',#9352,(#9357,#9364),.PCURVE_S1.);
#9352 = CIRCLE('',#9353,4.);
#9353 = AXIS2_PLACEMENT_3D('',#9354,#9355,#9356);
#9354 = CARTESIAN_POINT('',(-46.,-4.,6.));
#9355 = DIRECTION('',(-1.,2.2E-16,-2.2E-16));
#9356 = DIRECTION('',(-2.2E-16,-1.1E-16,1.));
#9357 = PCURVE('',#7753,#9358);
#9358 = DEFINITIONAL_REPRESENTATION('',(#9359),#9363);
#9359 = LINE('',#9360,#9361);
#9360 = CARTESIAN_POINT('',(-0.,3.14159265359));
#9361 = VECTOR('',#9362,1.);
#9362 = DIRECTION('',(-1.,0.));
#9363 = ( GEOMETRIC_REPRESENTATION_CONTEXT(2) 
PARAMETRIC_REPRESENTATION_CONTEXT() REPRESENTATION_CONTEXT('2D SPACE',''
  ) );
#9364 = PCURVE('',#9365,#9370);
#9365 = CYLINDRICAL_SURFACE('',#9366,4.);
#9366 = AXIS2_PLACEMENT_3D('',#9367,#9368,#9369);
#9367 = CARTESIAN_POINT('',(-44.,-4.,6.));
#9368 = DIRECTION('',(-1.,2.2E-16,-2.2E-16));
#9369 = DIRECTION('',(2.2E-16,1.,0.));
#9370 = DEFINITIONAL_REPRESENTATION('',(#9371),#9375);
#9371 = LINE('',#9372,#9373);
#9372 = CARTESIAN_POINT('',(-1.570796326795,2.));
#9373 = VECTOR('',#9374,1.);
#9374 = DIRECTION('',(1.,-0.));
#9375 = ( GEOMETRIC_REPRESENTATION_CONTEXT(2) 
PARAMETRIC_REPRESENTATION_CONTEXT() REPRESENTATION_CONTEXT('2D SPACE',''
  ) );
#9376 = ADVANCED_FACE('',(#9377),#7573,.T.);
#9377 = FACE_BOUND('',#9378,.T.);
#9378 = EDGE_LOOP('',(#9379,#9380,#9411,#9434));
#9379 = ORIENTED_EDGE('',*,*,#7557,.F.);
#9380 = ORIENTED_EDGE('',*,*,#9381,.T.);
#9381 = EDGE_CURVE('',#7558,#9382,#9384,.T.);
#9382 = VERTEX_POINT('',#9383);
#9383 = CARTESIAN_POINT('',(-42.,-6.,17.5));
#9384 = SURFACE_CURVE('',#9385,(#9390,#9400),.PCURVE_S1.);
#9385 = ELLIPSE('',#9386,3.452996154313,2.);
#9386 = AXIS2_PLACEMENT_3D('',#9387,#9388,#9389);
#9387 = CARTESIAN_POINT('',(-42.,-8.814814814815,15.5));
#9388 = DIRECTION('',(-2.05E-15,0.579207132189,-0.815180408266));
#9389 = DIRECTION('',(1.73E-15,0.815180408266,0.579207132189));
#9390 = PCURVE('',#7573,#9391);
#9391 = DEFINITIONAL_REPRESENTATION('',(#9392),#9399);
#9392 = B_SPLINE_CURVE_WITH_KNOTS('',5,(#9393,#9394,#9395,#9396,#9397,
    #9398),.UNSPECIFIED.,.F.,.F.,(6,6),(4.712388980385,6.28318530718),
  .PIECEWISE_BEZIER_KNOTS.);
#9393 = CARTESIAN_POINT('',(1.1E-16,-2.814814814815));
#9394 = CARTESIAN_POINT('',(0.314159265359,-1.930514660471));
#9395 = CARTESIAN_POINT('',(0.628319347796,-1.04544257624));
#9396 = CARTESIAN_POINT('',(0.942496100875,-0.34624091532));
#9397 = CARTESIAN_POINT('',(1.256637061436,-6.059E-14));
#9398 = CARTESIAN_POINT('',(1.570796326795,-5.684E-14));
#9399 = ( GEOMETRIC_REPRESENTATION_CONTEXT(2) 
PARAMETRIC_REPRESENTATION_CONTEXT() REPRESENTATION_CONTEXT('2D SPACE',''
  ) );
#9400 = PCURVE('',#212,#9401);
#9401 = DEFINITIONAL_REPRESENTATION('',(#9402),#9410);
#9402 = ( BOUNDED_CURVE() B_SPLINE_CURVE(2,(#9403,#9404,#9405,#9406,
#9407,#9408,#9409),.UNSPECIFIED.,.T.,.F.) B_SPLINE_CURVE_WITH_KNOTS((1,2
    ,2,2,2,1),(-2.094395102393,0.,2.094395102393,4.188790204786,
6.28318530718,8.377580409573),.UNSPECIFIED.) CURVE() 
GEOMETRIC_REPRESENTATION_ITEM() RATIONAL_B_SPLINE_CURVE((1.,0.5,1.,0.5,
1.,0.5,1.)) REPRESENTATION_ITEM('') );
#9403 = CARTESIAN_POINT('',(-16.08344429963,-42.));
#9404 = CARTESIAN_POINT('',(-16.08344429963,-38.53589838486));
#9405 = CARTESIAN_POINT('',(-10.90395006816,-40.26794919243));
#9406 = CARTESIAN_POINT('',(-5.724455836693,-42.));
#9407 = CARTESIAN_POINT('',(-10.90395006816,-43.73205080756));
#9408 = CARTESIAN_POINT('',(-16.08344429963,-45.46410161513));
#9409 = CARTESIAN_POINT('',(-16.08344429963,-42.));
#9410 = ( GEOMETRIC_REPRESENTATION_CONTEXT(2) 
PARAMETRIC_REPRESENTATION_CONTEXT() REPRESENTATION_CONTEXT('2D SPACE',''
  ) );
#9411 = ORIENTED_EDGE('',*,*,#9412,.T.);
#9412 = EDGE_CURVE('',#9382,#9413,#9415,.T.);
#9413 = VERTEX_POINT('',#9414);
#9414 = CARTESIAN_POINT('',(-42.,-1.,17.5));
#9415 = SURFACE_CURVE('',#9416,(#9420,#9427),.PCURVE_S1.);
#9416 = LINE('',#9417,#9418);
#9417 = CARTESIAN_POINT('',(-42.,-6.,17.5));
#9418 = VECTOR('',#9419,1.);
#9419 = DIRECTION('',(2.2E-16,1.,-4.4E-16));
#9420 = PCURVE('',#7573,#9421);
#9421 = DEFINITIONAL_REPRESENTATION('',(#9422),#9426);
#9422 = LINE('',#9423,#9424);
#9423 = CARTESIAN_POINT('',(1.570796326795,0.));
#9424 = VECTOR('',#9425,1.);
#9425 = DIRECTION('',(0.,1.));
#9426 = ( GEOMETRIC_REPRESENTATION_CONTEXT(2) 
PARAMETRIC_REPRESENTATION_CONTEXT() REPRESENTATION_CONTEXT('2D SPACE',''
  ) );
#9427 = PCURVE('',#7264,#9428);
#9428 = DEFINITIONAL_REPRESENTATION('',(#9429),#9433);
#9429 = LINE('',#9430,#9431);
#9430 = CARTESIAN_POINT('',(-2.,-3.9927136788E-15));
#9431 = VECTOR('',#9432,1.);
#9432 = DIRECTION('',(9.770380657631E-32,-1.));
#9433 = ( GEOMETRIC_REPRESENTATION_CONTEXT(2) 
PARAMETRIC_REPRESENTATION_CONTEXT() REPRESENTATION_CONTEXT('2D SPACE',''
  ) );
#9434 = ORIENTED_EDGE('',*,*,#9435,.F.);
#9435 = EDGE_CURVE('',#7530,#9413,#9436,.T.);
#9436 = SURFACE_CURVE('',#9437,(#9442,#9449),.PCURVE_S1.);
#9437 = CIRCLE('',#9438,2.);
#9438 = AXIS2_PLACEMENT_3D('',#9439,#9440,#9441);
#9439 = CARTESIAN_POINT('',(-42.,-1.,15.5));
#9440 = DIRECTION('',(2.2E-16,1.,0.));
#9441 = DIRECTION('',(-1.,2.2E-16,-1.E-15));
#9442 = PCURVE('',#7573,#9443);
#9443 = DEFINITIONAL_REPRESENTATION('',(#9444),#9448);
#9444 = LINE('',#9445,#9446);
#9445 = CARTESIAN_POINT('',(0.,5.));
#9446 = VECTOR('',#9447,1.);
#9447 = DIRECTION('',(1.,0.));
#9448 = ( GEOMETRIC_REPRESENTATION_CONTEXT(2) 
PARAMETRIC_REPRESENTATION_CONTEXT() REPRESENTATION_CONTEXT('2D SPACE',''
  ) );
#9449 = PCURVE('',#9279,#9450);
#9450 = DEFINITIONAL_REPRESENTATION('',(#9451),#9455);
#9451 = LINE('',#9452,#9453);
#9452 = CARTESIAN_POINT('',(0.,0.));
#9453 = VECTOR('',#9454,1.);
#9454 = DIRECTION('',(1.,0.));
#9455 = ( GEOMETRIC_REPRESENTATION_CONTEXT(2) 
PARAMETRIC_REPRESENTATION_CONTEXT() REPRESENTATION_CONTEXT('2D SPACE',''
  ) );
#9456 = ADVANCED_FACE('',(#9457),#7726,.F.);
#9457 = FACE_BOUND('',#9458,.F.);
#9458 = EDGE_LOOP('',(#9459,#9460,#9461,#9482,#9483));
#9459 = ORIENTED_EDGE('',*,*,#8480,.T.);
#9460 = ORIENTED_EDGE('',*,*,#8401,.T.);
#9461 = ORIENTED_EDGE('',*,*,#9462,.T.);
#9462 = EDGE_CURVE('',#8374,#9295,#9463,.T.);
#9463 = SURFACE_CURVE('',#9464,(#9468,#9475),.PCURVE_S1.);
#9464 = LINE('',#9465,#9466);
#9465 = CARTESIAN_POINT('',(-46.,-10.95155968695,10.));
#9466 = VECTOR('',#9467,1.);
#9467 = DIRECTION('',(2.2E-16,1.,0.));
#9468 = PCURVE('',#7726,#9469);
#9469 = DEFINITIONAL_REPRESENTATION('',(#9470),#9474);
#9470 = LINE('',#9471,#9472);
#9471 = CARTESIAN_POINT('',(1.570796326795,0.));
#9472 = VECTOR('',#9473,1.);
#9473 = DIRECTION('',(0.,1.));
#9474 = ( GEOMETRIC_REPRESENTATION_CONTEXT(2) 
PARAMETRIC_REPRESENTATION_CONTEXT() REPRESENTATION_CONTEXT('2D SPACE',''
  ) );
#9475 = PCURVE('',#8389,#9476);
#9476 = DEFINITIONAL_REPRESENTATION('',(#9477),#9481);
#9477 = LINE('',#9478,#9479);
#9478 = CARTESIAN_POINT('',(24.891122641047,-13.60596182353));
#9479 = VECTOR('',#9480,1.);
#9480 = DIRECTION('',(-0.,1.));
#9481 = ( GEOMETRIC_REPRESENTATION_CONTEXT(2) 
PARAMETRIC_REPRESENTATION_CONTEXT() REPRESENTATION_CONTEXT('2D SPACE',''
  ) );
#9482 = ORIENTED_EDGE('',*,*,#9294,.F.);
#9483 = ORIENTED_EDGE('',*,*,#7710,.F.);
#9484 = ADVANCED_FACE('',(#9485),#7812,.T.);
#9485 = FACE_BOUND('',#9486,.T.);
#9486 = EDGE_LOOP('',(#9487,#9488,#9489,#9490));
#9487 = ORIENTED_EDGE('',*,*,#7991,.T.);
#9488 = ORIENTED_EDGE('',*,*,#7856,.T.);
#9489 = ORIENTED_EDGE('',*,*,#7792,.F.);
#9490 = ORIENTED_EDGE('',*,*,#8564,.F.);
#9491 = ADVANCED_FACE('',(#9492),#7900,.T.);
#9492 = FACE_BOUND('',#9493,.F.);
#9493 = EDGE_LOOP('',(#9494,#9495,#9496,#9519));
#9494 = ORIENTED_EDGE('',*,*,#7882,.F.);
#9495 = ORIENTED_EDGE('',*,*,#8071,.F.);
#9496 = ORIENTED_EDGE('',*,*,#9497,.T.);
#9497 = EDGE_CURVE('',#8048,#9498,#9500,.T.);
#9498 = VERTEX_POINT('',#9499);
#9499 = CARTESIAN_POINT('',(-79.2,20.,5.));
#9500 = SURFACE_CURVE('',#9501,(#9505,#9512),.PCURVE_S1.);
#9501 = LINE('',#9502,#9503);
#9502 = CARTESIAN_POINT('',(-79.2,20.,-1.844E-14));
#9503 = VECTOR('',#9504,1.);
#9504 = DIRECTION('',(-2.2E-16,0.,1.));
#9505 = PCURVE('',#7900,#9506);
#9506 = DEFINITIONAL_REPRESENTATION('',(#9507),#9511);
#9507 = LINE('',#9508,#9509);
#9508 = CARTESIAN_POINT('',(-0.,0.));
#9509 = VECTOR('',#9510,1.);
#9510 = DIRECTION('',(-0.,-1.));
#9511 = ( GEOMETRIC_REPRESENTATION_CONTEXT(2) 
PARAMETRIC_REPRESENTATION_CONTEXT() REPRESENTATION_CONTEXT('2D SPACE',''
  ) );
#9512 = PCURVE('',#8137,#9513);
#9513 = DEFINITIONAL_REPRESENTATION('',(#9514),#9518);
#9514 = LINE('',#9515,#9516);
#9515 = CARTESIAN_POINT('',(-4.712388980385,0.));
#9516 = VECTOR('',#9517,1.);
#9517 = DIRECTION('',(-0.,-1.));
#9518 = ( GEOMETRIC_REPRESENTATION_CONTEXT(2) 
PARAMETRIC_REPRESENTATION_CONTEXT() REPRESENTATION_CONTEXT('2D SPACE',''
  ) );
#9519 = ORIENTED_EDGE('',*,*,#9520,.F.);
#9520 = EDGE_CURVE('',#7885,#9498,#9521,.T.);
#9521 = SURFACE_CURVE('',#9522,(#9526,#9533),.PCURVE_S1.);
#9522 = LINE('',#9523,#9524);
#9523 = CARTESIAN_POINT('',(-83.4,20.,5.));
#9524 = VECTOR('',#9525,1.);
#9525 = DIRECTION('',(1.,-2.2E-16,2.2E-16));
#9526 = PCURVE('',#7900,#9527);
#9527 = DEFINITIONAL_REPRESENTATION('',(#9528),#9532);
#9528 = LINE('',#9529,#9530);
#9529 = CARTESIAN_POINT('',(-4.2,-5.));
#9530 = VECTOR('',#9531,1.);
#9531 = DIRECTION('',(1.,-0.));
#9532 = ( GEOMETRIC_REPRESENTATION_CONTEXT(2) 
PARAMETRIC_REPRESENTATION_CONTEXT() REPRESENTATION_CONTEXT('2D SPACE',''
  ) );
#9533 = PCURVE('',#7928,#9534);
#9534 = DEFINITIONAL_REPRESENTATION('',(#9535),#9539);
#9535 = LINE('',#9536,#9537);
#9536 = CARTESIAN_POINT('',(-4.2,4.2));
#9537 = VECTOR('',#9538,1.);
#9538 = DIRECTION('',(1.,-0.));
#9539 = ( GEOMETRIC_REPRESENTATION_CONTEXT(2) 
PARAMETRIC_REPRESENTATION_CONTEXT() REPRESENTATION_CONTEXT('2D SPACE',''
  ) );
#9540 = ADVANCED_FACE('',(#9541,#9613),#7928,.T.);
#9541 = FACE_BOUND('',#9542,.F.);
#9542 = EDGE_LOOP('',(#9543,#9566,#9567,#9568,#9592));
#9543 = ORIENTED_EDGE('',*,*,#9544,.T.);
#9544 = EDGE_CURVE('',#9545,#7913,#9547,.T.);
#9545 = VERTEX_POINT('',#9546);
#9546 = CARTESIAN_POINT('',(-75.,11.6,5.));
#9547 = SURFACE_CURVE('',#9548,(#9552,#9559),.PCURVE_S1.);
#9548 = LINE('',#9549,#9550);
#9549 = CARTESIAN_POINT('',(-75.,11.6,5.));
#9550 = VECTOR('',#9551,1.);
#9551 = DIRECTION('',(-1.,2.2E-16,-2.2E-16));
#9552 = PCURVE('',#7928,#9553);
#9553 = DEFINITIONAL_REPRESENTATION('',(#9554),#9558);
#9554 = LINE('',#9555,#9556);
#9555 = CARTESIAN_POINT('',(4.2,-4.2));
#9556 = VECTOR('',#9557,1.);
#9557 = DIRECTION('',(-1.,0.));
#9558 = ( GEOMETRIC_REPRESENTATION_CONTEXT(2) 
PARAMETRIC_REPRESENTATION_CONTEXT() REPRESENTATION_CONTEXT('2D SPACE',''
  ) );
#9559 = PCURVE('',#7956,#9560);
#9560 = DEFINITIONAL_REPRESENTATION('',(#9561),#9565);
#9561 = LINE('',#9562,#9563);
#9562 = CARTESIAN_POINT('',(-1.1E-15,-5.));
#9563 = VECTOR('',#9564,1.);
#9564 = DIRECTION('',(-1.,0.));
#9565 = ( GEOMETRIC_REPRESENTATION_CONTEXT(2) 
PARAMETRIC_REPRESENTATION_CONTEXT() REPRESENTATION_CONTEXT('2D SPACE',''
  ) );
#9566 = ORIENTED_EDGE('',*,*,#7912,.T.);
#9567 = ORIENTED_EDGE('',*,*,#9520,.T.);
#9568 = ORIENTED_EDGE('',*,*,#9569,.F.);
#9569 = EDGE_CURVE('',#9570,#9498,#9572,.T.);
#9570 = VERTEX_POINT('',#9571);
#9571 = CARTESIAN_POINT('',(-75.,15.799993938869,5.));
#9572 = SURFACE_CURVE('',#9573,(#9578,#9585),.PCURVE_S1.);
#9573 = CIRCLE('',#9574,4.2);
#9574 = AXIS2_PLACEMENT_3D('',#9575,#9576,#9577);
#9575 = CARTESIAN_POINT('',(-79.2,15.8,5.));
#9576 = DIRECTION('',(-2.2E-16,0.,1.));
#9577 = DIRECTION('',(-1.,2.2E-16,-2.2E-16));
#9578 = PCURVE('',#7928,#9579);
#9579 = DEFINITIONAL_REPRESENTATION('',(#9580),#9584);
#9580 = CIRCLE('',#9581,4.2);
#9581 = AXIS2_PLACEMENT_2D('',#9582,#9583);
#9582 = CARTESIAN_POINT('',(7.815970093361E-31,-3.552713678801E-15));
#9583 = DIRECTION('',(-1.,0.));
#9584 = ( GEOMETRIC_REPRESENTATION_CONTEXT(2) 
PARAMETRIC_REPRESENTATION_CONTEXT() REPRESENTATION_CONTEXT('2D SPACE',''
  ) );
#9585 = PCURVE('',#8137,#9586);
#9586 = DEFINITIONAL_REPRESENTATION('',(#9587),#9591);
#9587 = LINE('',#9588,#9589);
#9588 = CARTESIAN_POINT('',(-0.,-5.));
#9589 = VECTOR('',#9590,1.);
#9590 = DIRECTION('',(-1.,0.));
#9591 = ( GEOMETRIC_REPRESENTATION_CONTEXT(2) 
PARAMETRIC_REPRESENTATION_CONTEXT() REPRESENTATION_CONTEXT('2D SPACE',''
  ) );
#9592 = ORIENTED_EDGE('',*,*,#9593,.T.);
#9593 = EDGE_CURVE('',#9570,#9545,#9594,.T.);
#9594 = SURFACE_CURVE('',#9595,(#9599,#9606),.PCURVE_S1.);
#9595 = LINE('',#9596,#9597);
#9596 = CARTESIAN_POINT('',(-75.,20.,5.));
#9597 = VECTOR('',#9598,1.);
#9598 = DIRECTION('',(-2.2E-16,-1.,-2.2E-16));
#9599 = PCURVE('',#7928,#9600);
#9600 = DEFINITIONAL_REPRESENTATION('',(#9601),#9605);
#9601 = LINE('',#9602,#9603);
#9602 = CARTESIAN_POINT('',(4.2,4.2));
#9603 = VECTOR('',#9604,1.);
#9604 = DIRECTION('',(-4.930380657631E-32,-1.));
#9605 = ( GEOMETRIC_REPRESENTATION_CONTEXT(2) 
PARAMETRIC_REPRESENTATION_CONTEXT() REPRESENTATION_CONTEXT('2D SPACE',''
  ) );
#9606 = PCURVE('',#8168,#9607);
#9607 = DEFINITIONAL_REPRESENTATION('',(#9608),#9612);
#9608 = LINE('',#9609,#9610);
#9609 = CARTESIAN_POINT('',(-20.,-5.));
#9610 = VECTOR('',#9611,1.);
#9611 = DIRECTION('',(1.,2.2E-16));
#9612 = ( GEOMETRIC_REPRESENTATION_CONTEXT(2) 
PARAMETRIC_REPRESENTATION_CONTEXT() REPRESENTATION_CONTEXT('2D SPACE',''
  ) );
#9613 = FACE_BOUND('',#9614,.F.);
#9614 = EDGE_LOOP('',(#9615));
#9615 = ORIENTED_EDGE('',*,*,#9616,.T.);
#9616 = EDGE_CURVE('',#9617,#9617,#9619,.T.);
#9617 = VERTEX_POINT('',#9618);
#9618 = CARTESIAN_POINT('',(-81.7,15.8,5.));
#9619 = SURFACE_CURVE('',#9620,(#9625,#9632),.PCURVE_S1.);
#9620 = CIRCLE('',#9621,2.5);
#9621 = AXIS2_PLACEMENT_3D('',#9622,#9623,#9624);
#9622 = CARTESIAN_POINT('',(-79.2,15.8,5.));
#9623 = DIRECTION('',(-2.2E-16,0.,1.));
#9624 = DIRECTION('',(-1.,2.2E-16,-2.2E-16));
#9625 = PCURVE('',#7928,#9626);
#9626 = DEFINITIONAL_REPRESENTATION('',(#9627),#9631);
#9627 = CIRCLE('',#9628,2.5);
#9628 = AXIS2_PLACEMENT_2D('',#9629,#9630);
#9629 = CARTESIAN_POINT('',(7.815970093361E-31,-3.552713678801E-15));
#9630 = DIRECTION('',(-1.,0.));
#9631 = ( GEOMETRIC_REPRESENTATION_CONTEXT(2) 
PARAMETRIC_REPRESENTATION_CONTEXT() REPRESENTATION_CONTEXT('2D SPACE',''
  ) );
#9632 = PCURVE('',#6672,#9633);
#9633 = DEFINITIONAL_REPRESENTATION('',(#9634),#9638);
#9634 = LINE('',#9635,#9636);
#9635 = CARTESIAN_POINT('',(-0.,-5.));
#9636 = VECTOR('',#9637,1.);
#9637 = DIRECTION('',(-1.,0.));
#9638 = ( GEOMETRIC_REPRESENTATION_CONTEXT(2) 
PARAMETRIC_REPRESENTATION_CONTEXT() REPRESENTATION_CONTEXT('2D SPACE',''
  ) );
#9639 = ADVANCED_FACE('',(#9640),#6672,.F.);
#9640 = FACE_BOUND('',#9641,.T.);
#9641 = EDGE_LOOP('',(#9642,#9643,#9664,#9665));
#9642 = ORIENTED_EDGE('',*,*,#6651,.F.);
#9643 = ORIENTED_EDGE('',*,*,#9644,.T.);
#9644 = EDGE_CURVE('',#6652,#9617,#9645,.T.);
#9645 = SEAM_CURVE('',#9646,(#9650,#9657),.PCURVE_S1.);
#9646 = LINE('',#9647,#9648);
#9647 = CARTESIAN_POINT('',(-81.7,15.8,-1.9E-14));
#9648 = VECTOR('',#9649,1.);
#9649 = DIRECTION('',(-2.2E-16,0.,1.));
#9650 = PCURVE('',#6672,#9651);
#9651 = DEFINITIONAL_REPRESENTATION('',(#9652),#9656);
#9652 = LINE('',#9653,#9654);
#9653 = CARTESIAN_POINT('',(-6.28318530718,0.));
#9654 = VECTOR('',#9655,1.);
#9655 = DIRECTION('',(-0.,-1.));
#9656 = ( GEOMETRIC_REPRESENTATION_CONTEXT(2) 
PARAMETRIC_REPRESENTATION_CONTEXT() REPRESENTATION_CONTEXT('2D SPACE',''
  ) );
#9657 = PCURVE('',#6672,#9658);
#9658 = DEFINITIONAL_REPRESENTATION('',(#9659),#9663);
#9659 = LINE('',#9660,#9661);
#9660 = CARTESIAN_POINT('',(-0.,0.));
#9661 = VECTOR('',#9662,1.);
#9662 = DIRECTION('',(-0.,-1.));
#9663 = ( GEOMETRIC_REPRESENTATION_CONTEXT(2) 
PARAMETRIC_REPRESENTATION_CONTEXT() REPRESENTATION_CONTEXT('2D SPACE',''
  ) );
#9664 = ORIENTED_EDGE('',*,*,#9616,.T.);
#9665 = ORIENTED_EDGE('',*,*,#9644,.F.);
#9666 = ADVANCED_FACE('',(#9667),#7956,.F.);
#9667 = FACE_BOUND('',#9668,.T.);
#9668 = EDGE_LOOP('',(#9669,#9692,#9721,#9742,#9743,#9744));
#9669 = ORIENTED_EDGE('',*,*,#9670,.F.);
#9670 = EDGE_CURVE('',#9671,#8519,#9673,.T.);
#9671 = VERTEX_POINT('',#9672);
#9672 = CARTESIAN_POINT('',(-79.,11.6,10.));
#9673 = SURFACE_CURVE('',#9674,(#9678,#9685),.PCURVE_S1.);
#9674 = LINE('',#9675,#9676);
#9675 = CARTESIAN_POINT('',(-75.,11.6,10.));
#9676 = VECTOR('',#9677,1.);
#9677 = DIRECTION('',(-1.,2.2E-16,-2.2E-16));
#9678 = PCURVE('',#7956,#9679);
#9679 = DEFINITIONAL_REPRESENTATION('',(#9680),#9684);
#9680 = LINE('',#9681,#9682);
#9681 = CARTESIAN_POINT('',(3.907985046681E-31,1.7763568394E-15));
#9682 = VECTOR('',#9683,1.);
#9683 = DIRECTION('',(-1.,0.));
#9684 = ( GEOMETRIC_REPRESENTATION_CONTEXT(2) 
PARAMETRIC_REPRESENTATION_CONTEXT() REPRESENTATION_CONTEXT('2D SPACE',''
  ) );
#9685 = PCURVE('',#8389,#9686);
#9686 = DEFINITIONAL_REPRESENTATION('',(#9687),#9691);
#9687 = LINE('',#9688,#9689);
#9688 = CARTESIAN_POINT('',(-4.108877358953,8.945597863419));
#9689 = VECTOR('',#9690,1.);
#9690 = DIRECTION('',(-1.,0.));
#9691 = ( GEOMETRIC_REPRESENTATION_CONTEXT(2) 
PARAMETRIC_REPRESENTATION_CONTEXT() REPRESENTATION_CONTEXT('2D SPACE',''
  ) );
#9692 = ORIENTED_EDGE('',*,*,#9693,.F.);
#9693 = EDGE_CURVE('',#9694,#9671,#9696,.T.);
#9694 = VERTEX_POINT('',#9695);
#9695 = CARTESIAN_POINT('',(-75.,11.6,6.));
#9696 = SURFACE_CURVE('',#9697,(#9702,#9709),.PCURVE_S1.);
#9697 = CIRCLE('',#9698,4.);
#9698 = AXIS2_PLACEMENT_3D('',#9699,#9700,#9701);
#9699 = CARTESIAN_POINT('',(-79.,11.6,6.));
#9700 = DIRECTION('',(-2.2E-16,-1.,0.));
#9701 = DIRECTION('',(-2.2E-16,4.84E-32,1.));
#9702 = PCURVE('',#7956,#9703);
#9703 = DEFINITIONAL_REPRESENTATION('',(#9704),#9708);
#9704 = CIRCLE('',#9705,4.);
#9705 = AXIS2_PLACEMENT_2D('',#9706,#9707);
#9706 = CARTESIAN_POINT('',(-4.000000000004,-4.));
#9707 = DIRECTION('',(-0.,1.));
#9708 = ( GEOMETRIC_REPRESENTATION_CONTEXT(2) 
PARAMETRIC_REPRESENTATION_CONTEXT() REPRESENTATION_CONTEXT('2D SPACE',''
  ) );
#9709 = PCURVE('',#9710,#9715);
#9710 = CYLINDRICAL_SURFACE('',#9711,4.);
#9711 = AXIS2_PLACEMENT_3D('',#9712,#9713,#9714);
#9712 = CARTESIAN_POINT('',(-79.,1.754E-14,6.));
#9713 = DIRECTION('',(2.2E-16,1.,0.));
#9714 = DIRECTION('',(1.,-2.2E-16,2.2E-16));
#9715 = DEFINITIONAL_REPRESENTATION('',(#9716),#9720);
#9716 = LINE('',#9717,#9718);
#9717 = CARTESIAN_POINT('',(4.712388980385,11.6));
#9718 = VECTOR('',#9719,1.);
#9719 = DIRECTION('',(-1.,0.));
#9720 = ( GEOMETRIC_REPRESENTATION_CONTEXT(2) 
PARAMETRIC_REPRESENTATION_CONTEXT() REPRESENTATION_CONTEXT('2D SPACE',''
  ) );
#9721 = ORIENTED_EDGE('',*,*,#9722,.T.);
#9722 = EDGE_CURVE('',#9694,#9545,#9723,.T.);
#9723 = SURFACE_CURVE('',#9724,(#9728,#9735),.PCURVE_S1.);
#9724 = LINE('',#9725,#9726);
#9725 = CARTESIAN_POINT('',(-75.,11.6,10.));
#9726 = VECTOR('',#9727,1.);
#9727 = DIRECTION('',(2.2E-16,0.,-1.));
#9728 = PCURVE('',#7956,#9729);
#9729 = DEFINITIONAL_REPRESENTATION('',(#9730),#9734);
#9730 = LINE('',#9731,#9732);
#9731 = CARTESIAN_POINT('',(-0.,0.));
#9732 = VECTOR('',#9733,1.);
#9733 = DIRECTION('',(-0.,-1.));
#9734 = ( GEOMETRIC_REPRESENTATION_CONTEXT(2) 
PARAMETRIC_REPRESENTATION_CONTEXT() REPRESENTATION_CONTEXT('2D SPACE',''
  ) );
#9735 = PCURVE('',#8168,#9736);
#9736 = DEFINITIONAL_REPRESENTATION('',(#9737),#9741);
#9737 = LINE('',#9738,#9739);
#9738 = CARTESIAN_POINT('',(-11.6,-10.));
#9739 = VECTOR('',#9740,1.);
#9740 = DIRECTION('',(-4.84E-32,1.));
#9741 = ( GEOMETRIC_REPRESENTATION_CONTEXT(2) 
PARAMETRIC_REPRESENTATION_CONTEXT() REPRESENTATION_CONTEXT('2D SPACE',''
  ) );
#9742 = ORIENTED_EDGE('',*,*,#9544,.T.);
#9743 = ORIENTED_EDGE('',*,*,#7940,.F.);
#9744 = ORIENTED_EDGE('',*,*,#8518,.F.);
#9745 = ADVANCED_FACE('',(#9746),#8137,.T.);
#9746 = FACE_BOUND('',#9747,.F.);
#9747 = EDGE_LOOP('',(#9748,#9749,#9750,#9771));
#9748 = ORIENTED_EDGE('',*,*,#9497,.F.);
#9749 = ORIENTED_EDGE('',*,*,#8122,.F.);
#9750 = ORIENTED_EDGE('',*,*,#9751,.T.);
#9751 = EDGE_CURVE('',#8098,#9570,#9752,.T.);
#9752 = SURFACE_CURVE('',#9753,(#9757,#9764),.PCURVE_S1.);
#9753 = LINE('',#9754,#9755);
#9754 = CARTESIAN_POINT('',(-75.,15.799993938869,-1.751E-14));
#9755 = VECTOR('',#9756,1.);
#9756 = DIRECTION('',(-2.2E-16,0.,1.));
#9757 = PCURVE('',#8137,#9758);
#9758 = DEFINITIONAL_REPRESENTATION('',(#9759),#9763);
#9759 = LINE('',#9760,#9761);
#9760 = CARTESIAN_POINT('',(-3.141591210463,0.));
#9761 = VECTOR('',#9762,1.);
#9762 = DIRECTION('',(-0.,-1.));
#9763 = ( GEOMETRIC_REPRESENTATION_CONTEXT(2) 
PARAMETRIC_REPRESENTATION_CONTEXT() REPRESENTATION_CONTEXT('2D SPACE',''
  ) );
#9764 = PCURVE('',#8168,#9765);
#9765 = DEFINITIONAL_REPRESENTATION('',(#9766),#9770);
#9766 = LINE('',#9767,#9768);
#9767 = CARTESIAN_POINT('',(-15.79999393886,-7.647197066413E-31));
#9768 = VECTOR('',#9769,1.);
#9769 = DIRECTION('',(4.84E-32,-1.));
#9770 = ( GEOMETRIC_REPRESENTATION_CONTEXT(2) 
PARAMETRIC_REPRESENTATION_CONTEXT() REPRESENTATION_CONTEXT('2D SPACE',''
  ) );
#9771 = ORIENTED_EDGE('',*,*,#9569,.T.);
#9772 = ADVANCED_FACE('',(#9773),#8168,.T.);
#9773 = FACE_BOUND('',#9774,.F.);
#9774 = EDGE_LOOP('',(#9775,#9776,#9804,#9825,#9826,#9827));
#9775 = ORIENTED_EDGE('',*,*,#8152,.F.);
#9776 = ORIENTED_EDGE('',*,*,#9777,.T.);
#9777 = EDGE_CURVE('',#8153,#9778,#9780,.T.);
#9778 = VERTEX_POINT('',#9779);
#9779 = CARTESIAN_POINT('',(-75.,5.,6.));
#9780 = SURFACE_CURVE('',#9781,(#9785,#9792),.PCURVE_S1.);
#9781 = LINE('',#9782,#9783);
#9782 = CARTESIAN_POINT('',(-75.,5.,1.));
#9783 = VECTOR('',#9784,1.);
#9784 = DIRECTION('',(-2.2E-16,0.,1.));
#9785 = PCURVE('',#8168,#9786);
#9786 = DEFINITIONAL_REPRESENTATION('',(#9787),#9791);
#9787 = LINE('',#9788,#9789);
#9788 = CARTESIAN_POINT('',(-5.,-1.));
#9789 = VECTOR('',#9790,1.);
#9790 = DIRECTION('',(4.84E-32,-1.));
#9791 = ( GEOMETRIC_REPRESENTATION_CONTEXT(2) 
PARAMETRIC_REPRESENTATION_CONTEXT() REPRESENTATION_CONTEXT('2D SPACE',''
  ) );
#9792 = PCURVE('',#9793,#9798);
#9793 = CYLINDRICAL_SURFACE('',#9794,5.);
#9794 = AXIS2_PLACEMENT_3D('',#9795,#9796,#9797);
#9795 = CARTESIAN_POINT('',(-70.,5.,1.));
#9796 = DIRECTION('',(-2.2E-16,0.,1.));
#9797 = DIRECTION('',(-1.,2.2E-16,-2.2E-16));
#9798 = DEFINITIONAL_REPRESENTATION('',(#9799),#9803);
#9799 = LINE('',#9800,#9801);
#9800 = CARTESIAN_POINT('',(0.,0.));
#9801 = VECTOR('',#9802,1.);
#9802 = DIRECTION('',(0.,1.));
#9803 = ( GEOMETRIC_REPRESENTATION_CONTEXT(2) 
PARAMETRIC_REPRESENTATION_CONTEXT() REPRESENTATION_CONTEXT('2D SPACE',''
  ) );
#9804 = ORIENTED_EDGE('',*,*,#9805,.T.);
#9805 = EDGE_CURVE('',#9778,#9694,#9806,.T.);
#9806 = SURFACE_CURVE('',#9807,(#9811,#9818),.PCURVE_S1.);
#9807 = LINE('',#9808,#9809);
#9808 = CARTESIAN_POINT('',(-75.,1.665E-14,6.));
#9809 = VECTOR('',#9810,1.);
#9810 = DIRECTION('',(2.2E-16,1.,0.));
#9811 = PCURVE('',#8168,#9812);
#9812 = DEFINITIONAL_REPRESENTATION('',(#9813),#9817);
#9813 = LINE('',#9814,#9815);
#9814 = CARTESIAN_POINT('',(-0.,-6.));
#9815 = VECTOR('',#9816,1.);
#9816 = DIRECTION('',(-1.,0.));
#9817 = ( GEOMETRIC_REPRESENTATION_CONTEXT(2) 
PARAMETRIC_REPRESENTATION_CONTEXT() REPRESENTATION_CONTEXT('2D SPACE',''
  ) );
#9818 = PCURVE('',#9710,#9819);
#9819 = DEFINITIONAL_REPRESENTATION('',(#9820),#9824);
#9820 = LINE('',#9821,#9822);
#9821 = CARTESIAN_POINT('',(-0.,0.));
#9822 = VECTOR('',#9823,1.);
#9823 = DIRECTION('',(-0.,1.));
#9824 = ( GEOMETRIC_REPRESENTATION_CONTEXT(2) 
PARAMETRIC_REPRESENTATION_CONTEXT() REPRESENTATION_CONTEXT('2D SPACE',''
  ) );
#9825 = ORIENTED_EDGE('',*,*,#9722,.T.);
#9826 = ORIENTED_EDGE('',*,*,#9593,.F.);
#9827 = ORIENTED_EDGE('',*,*,#9751,.F.);
#9828 = ADVANCED_FACE('',(#9829),#8258,.F.);
#9829 = FACE_BOUND('',#9830,.F.);
#9830 = EDGE_LOOP('',(#9831,#9916,#9946));
#9831 = ORIENTED_EDGE('',*,*,#9832,.T.);
#9832 = EDGE_CURVE('',#6278,#9833,#9835,.T.);
#9833 = VERTEX_POINT('',#9834);
#9834 = CARTESIAN_POINT('',(-70.,1.6E-14,1.));
#9835 = SURFACE_CURVE('',#9836,(#9871,#9878),.PCURVE_S1.);
#9836 = ( BOUNDED_CURVE() B_SPLINE_CURVE(9,(#9837,#9838,#9839,#9840,
    #9841,#9842,#9843,#9844,#9845,#9846,#9847,#9848,#9849,#9850,#9851,
    #9852,#9853,#9854,#9855,#9856,#9857,#9858,#9859,#9860,#9861,#9862,
    #9863,#9864,#9865,#9866,#9867,#9868,#9869,#9870),.UNSPECIFIED.,.F.,
.F.) B_SPLINE_CURVE_WITH_KNOTS((10,8,8,8,10),(2.1170648792E-07,
    0.955049553113,1.432574223816,1.671336559167,1.910098894519),
.UNSPECIFIED.) CURVE() GEOMETRIC_REPRESENTATION_ITEM() 
RATIONAL_B_SPLINE_CURVE((1.,1.,1.,1.,1.,1.,1.,1.,1.,1.,1.,1.,1.,1.,1.,1.
    ,1.,1.,1.,1.,1.,1.,1.,1.,1.,1.,1.,1.,1.,1.,1.,1.,1.,1.)) 
REPRESENTATION_ITEM('') );
#9837 = CARTESIAN_POINT('',(-75.9999998259,-0.999999825901,-1.E-15));
#9838 = CARTESIAN_POINT('',(-75.8504007528,-0.975066792133,
    1.24022485E-09));
#9839 = CARTESIAN_POINT('',(-75.70082749357,-0.950136883988,
    6.978362315803E-04));
#9840 = CARTESIAN_POINT('',(-75.55037521774,-0.925239910797,
    2.10113231661E-03));
#9841 = CARTESIAN_POINT('',(-75.39852294843,-0.900453644876,
    4.191401252374E-03));
#9842 = CARTESIAN_POINT('',(-75.24404728346,-0.875793467534,
    6.967953389606E-03));
#9843 = CARTESIAN_POINT('',(-75.08513687639,-0.851246971144,
    1.04308006426E-02));
#9844 = CARTESIAN_POINT('',(-74.91931571958,-0.826806469445,
    1.45649490094E-02));
#9845 = CARTESIAN_POINT('',(-74.74178339584,-0.802352243919,
    1.938848139799E-02));
#9846 = CARTESIAN_POINT('',(-74.44027899956,-0.764682909146,
    2.799600657881E-02));
#9847 = CARTESIAN_POINT('',(-74.33389235337,-0.751970646367,
    3.108537236591E-02));
#9848 = CARTESIAN_POINT('',(-74.22014734384,-0.738965294177,
    3.447104942758E-02));
#9849 = CARTESIAN_POINT('',(-74.09701405518,-0.725638483908,
    3.811571375696E-02));
#9850 = CARTESIAN_POINT('',(-73.96176842742,-0.71173533884,
    4.214470394217E-02));
#9851 = CARTESIAN_POINT('',(-73.81067669714,-0.696887551429,
    4.674040784945E-02));
#9852 = CARTESIAN_POINT('',(-73.63818870574,-0.680678525971,
    5.204336169813E-02));
#9853 = CARTESIAN_POINT('',(-73.43532709092,-0.662164163881,
    5.84484943905E-02));
#9854 = CARTESIAN_POINT('',(-73.06277552021,-0.626447221357,
    7.230317773615E-02));
#9855 = CARTESIAN_POINT('',(-72.92727173927,-0.613188051608,
    7.765424686108E-02));
#9856 = CARTESIAN_POINT('',(-72.77835411626,-0.598318679772,
    8.386524144743E-02));
#9857 = CARTESIAN_POINT('',(-72.61416656062,-0.581049960808,
    9.145301043324E-02));
#9858 = CARTESIAN_POINT('',(-72.4321566402,-0.560801366625,
    0.100839859185));
#9859 = CARTESIAN_POINT('',(-72.2291875985,-0.536617715216,
    0.112690913427));
#9860 = CARTESIAN_POINT('',(-72.00310906025,-0.506503053667,
    0.12855948534));
#9861 = CARTESIAN_POINT('',(-71.75619892716,-0.467913201868,
    0.151326771689));
#9862 = CARTESIAN_POINT('',(-71.2455790045,-0.373383725725,
    0.218517655982));
#9863 = CARTESIAN_POINT('',(-70.98173440691,-0.317416110565,
    0.262916693357));
#9864 = CARTESIAN_POINT('',(-70.72109551565,-0.253053404458,
    0.321775189059));
#9865 = CARTESIAN_POINT('',(-70.48138151074,-0.18099716995,
    0.399351736293));
#9866 = CARTESIAN_POINT('',(-70.29273698612,-0.112976613153,
    0.498702920919));
#9867 = CARTESIAN_POINT('',(-70.14580023234,-5.7958319872E-02,
    0.612685369255));
#9868 = CARTESIAN_POINT('',(-70.04879329662,-1.924890435134E-02,
    0.738222784687));
#9869 = CARTESIAN_POINT('',(-70.,3.933E-14,0.86910091985));
#9870 = CARTESIAN_POINT('',(-70.,1.643E-14,1.));
#9871 = PCURVE('',#8258,#9872);
#9872 = DEFINITIONAL_REPRESENTATION('',(#9873),#9877);
#9873 = LINE('',#9874,#9875);
#9874 = CARTESIAN_POINT('',(1.910098682812,0.));
#9875 = VECTOR('',#9876,1.);
#9876 = DIRECTION('',(0.,1.));
#9877 = ( GEOMETRIC_REPRESENTATION_CONTEXT(2) 
PARAMETRIC_REPRESENTATION_CONTEXT() REPRESENTATION_CONTEXT('2D SPACE',''
  ) );
#9878 = PCURVE('',#6321,#9879);
#9879 = DEFINITIONAL_REPRESENTATION('',(#9880),#9915);
#9880 = B_SPLINE_CURVE_WITH_KNOTS('',9,(#9881,#9882,#9883,#9884,#9885,
    #9886,#9887,#9888,#9889,#9890,#9891,#9892,#9893,#9894,#9895,#9896,
    #9897,#9898,#9899,#9900,#9901,#9902,#9903,#9904,#9905,#9906,#9907,
    #9908,#9909,#9910,#9911,#9912,#9913,#9914),.UNSPECIFIED.,.F.,.F.,(10
    ,8,8,8,10),(2.1170648792E-07,0.955049553113,1.432574223816,
    1.671336559167,1.910098894519),.UNSPECIFIED.);
#9881 = CARTESIAN_POINT('',(-4.97425451E-08,57.760188512033));
#9882 = CARTESIAN_POINT('',(-2.493322467136E-02,57.610589462458));
#9883 = CARTESIAN_POINT('',(-4.986276354393E-02,57.461016567533));
#9884 = CARTESIAN_POINT('',(-7.478311973936E-02,57.31056394868));
#9885 = CARTESIAN_POINT('',(-9.963599620532E-02,57.158711571202));
#9886 = CARTESIAN_POINT('',(-0.124429530609,57.00423617583));
#9887 = CARTESIAN_POINT('',(-0.149199235312,56.845325831759));
#9888 = CARTESIAN_POINT('',(-0.173970841305,56.679504403543));
#9889 = CARTESIAN_POINT('',(-0.198885195252,56.501972225391));
#9890 = CARTESIAN_POINT('',(-0.237525440532,56.200467800512));
#9891 = CARTESIAN_POINT('',(-0.250605265974,56.094081163418));
#9892 = CARTESIAN_POINT('',(-0.264044627392,55.980336163271));
#9893 = CARTESIAN_POINT('',(-0.277855651405,55.857202870859));
#9894 = CARTESIAN_POINT('',(-0.292324857851,55.721957232486));
#9895 = CARTESIAN_POINT('',(-0.307865588696,55.57086549938));
#9896 = CARTESIAN_POINT('',(-0.324915527891,55.398377517188));
#9897 = CARTESIAN_POINT('',(-0.344494033106,55.195515909191));
#9898 = CARTESIAN_POINT('',(-0.382803983848,54.822964326811));
#9899 = CARTESIAN_POINT('',(-0.397097089037,54.687460541817));
#9900 = CARTESIAN_POINT('',(-0.413221467142,54.538542983448));
#9901 = CARTESIAN_POINT('',(-0.432065514426,54.37435533587));
#9902 = CARTESIAN_POINT('',(-0.454365409486,54.192345339129));
#9903 = CARTESIAN_POINT('',(-0.481298465647,53.989376460037));
#9904 = CARTESIAN_POINT('',(-0.515292935258,53.763298081165));
#9905 = CARTESIAN_POINT('',(-0.5599449028,53.516387580788));
#9906 = CARTESIAN_POINT('',(-0.67592090459,53.005767766227));
#9907 = CARTESIAN_POINT('',(-0.747256336945,52.741923196055));
#9908 = CARTESIAN_POINT('',(-0.834124870553,52.481285044961));
#9909 = CARTESIAN_POINT('',(-0.939122211581,52.241568735715));
#9910 = CARTESIAN_POINT('',(-1.056498491428,52.052927409771));
#9911 = CARTESIAN_POINT('',(-1.180223336416,51.905988299623));
#9912 = CARTESIAN_POINT('',(-1.309024750882,51.808982190035));
#9913 = CARTESIAN_POINT('',(-1.439897246645,51.760188810491));
#9914 = CARTESIAN_POINT('',(-1.570796326795,51.760188810489));
#9915 = ( GEOMETRIC_REPRESENTATION_CONTEXT(2) 
PARAMETRIC_REPRESENTATION_CONTEXT() REPRESENTATION_CONTEXT('2D SPACE',''
  ) );
#9916 = ORIENTED_EDGE('',*,*,#9917,.F.);
#9917 = EDGE_CURVE('',#8153,#9833,#9918,.T.);
#9918 = SURFACE_CURVE('',#9919,(#9923,#9930),.PCURVE_S1.);
#9919 = ( BOUNDED_CURVE() B_SPLINE_CURVE(2,(#9920,#9921,#9922),
.UNSPECIFIED.,.F.,.F.) B_SPLINE_CURVE_WITH_KNOTS((3,3),(0.,
1.910098682812),.PIECEWISE_BEZIER_KNOTS.) CURVE() 
GEOMETRIC_REPRESENTATION_ITEM() RATIONAL_B_SPLINE_CURVE((1.,
0.707106781187,1.)) REPRESENTATION_ITEM('') );
#9920 = CARTESIAN_POINT('',(-75.,5.,1.));
#9921 = CARTESIAN_POINT('',(-75.,1.821E-14,1.));
#9922 = CARTESIAN_POINT('',(-70.,1.643E-14,1.));
#9923 = PCURVE('',#8258,#9924);
#9924 = DEFINITIONAL_REPRESENTATION('',(#9925),#9929);
#9925 = LINE('',#9926,#9927);
#9926 = CARTESIAN_POINT('',(0.,1.910098894519));
#9927 = VECTOR('',#9928,1.);
#9928 = DIRECTION('',(1.,0.));
#9929 = ( GEOMETRIC_REPRESENTATION_CONTEXT(2) 
PARAMETRIC_REPRESENTATION_CONTEXT() REPRESENTATION_CONTEXT('2D SPACE',''
  ) );
#9930 = PCURVE('',#9793,#9931);
#9931 = DEFINITIONAL_REPRESENTATION('',(#9932),#9945);
#9932 = B_SPLINE_CURVE_WITH_KNOTS('',11,(#9933,#9934,#9935,#9936,#9937,
    #9938,#9939,#9940,#9941,#9942,#9943,#9944),.UNSPECIFIED.,.F.,.F.,(12
    ,12),(0.,1.910098682812),.PIECEWISE_BEZIER_KNOTS.);
#9933 = CARTESIAN_POINT('',(0.,-2.2E-16));
#9934 = CARTESIAN_POINT('',(0.128564869307,-2.E-16));
#9935 = CARTESIAN_POINT('',(0.26466096709,-1.8E-16));
#9936 = CARTESIAN_POINT('',(0.407594409415,-1.6E-16));
#9937 = CARTESIAN_POINT('',(0.55615515189,-1.4E-16));
#9938 = CARTESIAN_POINT('',(0.708512882617,-1.2E-16));
#9939 = CARTESIAN_POINT('',(0.86228344418,-1.E-16));
#9940 = CARTESIAN_POINT('',(1.014641174901,-8.E-17));
#9941 = CARTESIAN_POINT('',(1.163201917383,-6.E-17));
#9942 = CARTESIAN_POINT('',(1.306135359705,-4.E-17));
#9943 = CARTESIAN_POINT('',(1.442231457488,-2.E-17));
#9944 = CARTESIAN_POINT('',(1.570796326795,0.));
#9945 = ( GEOMETRIC_REPRESENTATION_CONTEXT(2) 
PARAMETRIC_REPRESENTATION_CONTEXT() REPRESENTATION_CONTEXT('2D SPACE',''
  ) );
#9946 = ORIENTED_EDGE('',*,*,#8182,.F.);
#9947 = ADVANCED_FACE('',(#9948),#6599,.T.);
#9948 = FACE_BOUND('',#9949,.F.);
#9949 = EDGE_LOOP('',(#9950,#9975,#10001,#10002,#10026,#10049,#10077));
#9950 = ORIENTED_EDGE('',*,*,#9951,.T.);
#9951 = EDGE_CURVE('',#9952,#9954,#9956,.T.);
#9952 = VERTEX_POINT('',#9953);
#9953 = CARTESIAN_POINT('',(-16.,-6.,17.5));
#9954 = VERTEX_POINT('',#9955);
#9955 = CARTESIAN_POINT('',(-16.,-6.,1.));
#9956 = SURFACE_CURVE('',#9957,(#9961,#9968),.PCURVE_S1.);
#9957 = LINE('',#9958,#9959);
#9958 = CARTESIAN_POINT('',(-16.,-6.,2.5));
#9959 = VECTOR('',#9960,1.);
#9960 = DIRECTION('',(2.2E-16,-2.2E-16,-1.));
#9961 = PCURVE('',#6599,#9962);
#9962 = DEFINITIONAL_REPRESENTATION('',(#9963),#9967);
#9963 = LINE('',#9964,#9965);
#9964 = CARTESIAN_POINT('',(-7.490055249168,3.951931010403));
#9965 = VECTOR('',#9966,1.);
#9966 = DIRECTION('',(4.4E-16,1.));
#9967 = ( GEOMETRIC_REPRESENTATION_CONTEXT(2) 
PARAMETRIC_REPRESENTATION_CONTEXT() REPRESENTATION_CONTEXT('2D SPACE',''
  ) );
#9968 = PCURVE('',#668,#9969);
#9969 = DEFINITIONAL_REPRESENTATION('',(#9970),#9974);
#9970 = LINE('',#9971,#9972);
#9971 = CARTESIAN_POINT('',(-16.,-8.593105848525));
#9972 = VECTOR('',#9973,1.);
#9973 = DIRECTION('',(2.2E-16,-1.));
#9974 = ( GEOMETRIC_REPRESENTATION_CONTEXT(2) 
PARAMETRIC_REPRESENTATION_CONTEXT() REPRESENTATION_CONTEXT('2D SPACE',''
  ) );
#9975 = ORIENTED_EDGE('',*,*,#9976,.F.);
#9976 = EDGE_CURVE('',#6556,#9954,#9977,.T.);
#9977 = SURFACE_CURVE('',#9978,(#9983,#9994),.PCURVE_S1.);
#9978 = CIRCLE('',#9979,1.);
#9979 = AXIS2_PLACEMENT_3D('',#9980,#9981,#9982);
#9980 = CARTESIAN_POINT('',(-16.,-5.,1.));
#9981 = DIRECTION('',(-1.,2.2E-16,-2.2E-16));
#9982 = DIRECTION('',(2.2E-16,1.,2.2E-16));
#9983 = PCURVE('',#6599,#9984);
#9984 = DEFINITIONAL_REPRESENTATION('',(#9985),#9993);
#9985 = ( BOUNDED_CURVE() B_SPLINE_CURVE(2,(#9986,#9987,#9988,#9989,
#9990,#9991,#9992),.UNSPECIFIED.,.T.,.F.) B_SPLINE_CURVE_WITH_KNOTS((1,2
    ,2,2,2,1),(-2.094395102393,0.,2.094395102393,4.188790204786,
6.28318530718,8.377580409573),.UNSPECIFIED.) CURVE() 
GEOMETRIC_REPRESENTATION_ITEM() RATIONAL_B_SPLINE_CURVE((1.,0.5,1.,0.5,
1.,0.5,1.)) REPRESENTATION_ITEM('') );
#9986 = CARTESIAN_POINT('',(-9.490055249168,5.451931010403));
#9987 = CARTESIAN_POINT('',(-9.490055249168,7.183981817972));
#9988 = CARTESIAN_POINT('',(-7.990055249168,6.317956414188));
#9989 = CARTESIAN_POINT('',(-6.490055249168,5.451931010403));
#9990 = CARTESIAN_POINT('',(-7.990055249168,4.585905606619));
#9991 = CARTESIAN_POINT('',(-9.490055249168,3.719880202834));
#9992 = CARTESIAN_POINT('',(-9.490055249168,5.451931010403));
#9993 = ( GEOMETRIC_REPRESENTATION_CONTEXT(2) 
PARAMETRIC_REPRESENTATION_CONTEXT() REPRESENTATION_CONTEXT('2D SPACE',''
  ) );
#9994 = PCURVE('',#6571,#9995);
#9995 = DEFINITIONAL_REPRESENTATION('',(#9996),#10000);
#9996 = LINE('',#9997,#9998);
#9997 = CARTESIAN_POINT('',(1.570796326795,-0.));
#9998 = VECTOR('',#9999,1.);
#9999 = DIRECTION('',(-1.,0.));
#10000 = ( GEOMETRIC_REPRESENTATION_CONTEXT(2) 
PARAMETRIC_REPRESENTATION_CONTEXT() REPRESENTATION_CONTEXT('2D SPACE',''
  ) );
#10001 = ORIENTED_EDGE('',*,*,#6583,.F.);
#10002 = ORIENTED_EDGE('',*,*,#10003,.T.);
#10003 = EDGE_CURVE('',#6584,#10004,#10006,.T.);
#10004 = VERTEX_POINT('',#10005);
#10005 = CARTESIAN_POINT('',(-16.,-22.5,1.));
#10006 = SURFACE_CURVE('',#10007,(#10012,#10019),.PCURVE_S1.);
#10007 = CIRCLE('',#10008,1.);
#10008 = AXIS2_PLACEMENT_3D('',#10009,#10010,#10011);
#10009 = CARTESIAN_POINT('',(-16.,-23.5,1.));
#10010 = DIRECTION('',(1.,-2.2E-16,0.));
#10011 = DIRECTION('',(4.84E-32,2.2E-16,-1.));
#10012 = PCURVE('',#6599,#10013);
#10013 = DEFINITIONAL_REPRESENTATION('',(#10014),#10018);
#10014 = CIRCLE('',#10015,1.);
#10015 = AXIS2_PLACEMENT_2D('',#10016,#10017);
#10016 = CARTESIAN_POINT('',(10.009944750832,5.451931010403));
#10017 = DIRECTION('',(-0.,1.));
#10018 = ( GEOMETRIC_REPRESENTATION_CONTEXT(2) 
PARAMETRIC_REPRESENTATION_CONTEXT() REPRESENTATION_CONTEXT('2D SPACE',''
  ) );
#10019 = PCURVE('',#758,#10020);
#10020 = DEFINITIONAL_REPRESENTATION('',(#10021),#10025);
#10021 = LINE('',#10022,#10023);
#10022 = CARTESIAN_POINT('',(-0.,32.));
#10023 = VECTOR('',#10024,1.);
#10024 = DIRECTION('',(-1.,0.));
#10025 = ( GEOMETRIC_REPRESENTATION_CONTEXT(2) 
PARAMETRIC_REPRESENTATION_CONTEXT() REPRESENTATION_CONTEXT('2D SPACE',''
  ) );
#10026 = ORIENTED_EDGE('',*,*,#10027,.F.);
#10027 = EDGE_CURVE('',#10028,#10004,#10030,.T.);
#10028 = VERTEX_POINT('',#10029);
#10029 = CARTESIAN_POINT('',(-16.,-22.5,3.839067155705));
#10030 = SURFACE_CURVE('',#10031,(#10035,#10042),.PCURVE_S1.);
#10031 = LINE('',#10032,#10033);
#10032 = CARTESIAN_POINT('',(-16.,-22.5,5.776315789474));
#10033 = VECTOR('',#10034,1.);
#10034 = DIRECTION('',(0.,2.2E-16,-1.));
#10035 = PCURVE('',#6599,#10036);
#10036 = DEFINITIONAL_REPRESENTATION('',(#10037),#10041);
#10037 = LINE('',#10038,#10039);
#10038 = CARTESIAN_POINT('',(9.009944750832,0.67561522093));
#10039 = VECTOR('',#10040,1.);
#10040 = DIRECTION('',(-0.,1.));
#10041 = ( GEOMETRIC_REPRESENTATION_CONTEXT(2) 
PARAMETRIC_REPRESENTATION_CONTEXT() REPRESENTATION_CONTEXT('2D SPACE',''
  ) );
#10042 = PCURVE('',#786,#10043);
#10043 = DEFINITIONAL_REPRESENTATION('',(#10044),#10048);
#10044 = LINE('',#10045,#10046);
#10045 = CARTESIAN_POINT('',(16.,3.356782211621));
#10046 = VECTOR('',#10047,1.);
#10047 = DIRECTION('',(-0.,-1.));
#10048 = ( GEOMETRIC_REPRESENTATION_CONTEXT(2) 
PARAMETRIC_REPRESENTATION_CONTEXT() REPRESENTATION_CONTEXT('2D SPACE',''
  ) );
#10049 = ORIENTED_EDGE('',*,*,#10050,.F.);
#10050 = EDGE_CURVE('',#10051,#10028,#10053,.T.);
#10051 = VERTEX_POINT('',#10052);
#10052 = CARTESIAN_POINT('',(-16.,-24.07920713218,4.654247563971));
#10053 = SURFACE_CURVE('',#10054,(#10059,#10070),.PCURVE_S1.);
#10054 = CIRCLE('',#10055,1.);
#10055 = AXIS2_PLACEMENT_3D('',#10056,#10057,#10058);
#10056 = CARTESIAN_POINT('',(-16.,-23.5,3.839067155705));
#10057 = DIRECTION('',(-1.,2.2E-16,0.));
#10058 = DIRECTION('',(4.84E-32,2.2E-16,-1.));
#10059 = PCURVE('',#6599,#10060);
#10060 = DEFINITIONAL_REPRESENTATION('',(#10061),#10069);
#10061 = ( BOUNDED_CURVE() B_SPLINE_CURVE(2,(#10062,#10063,#10064,#10065
    ,#10066,#10067,#10068),.UNSPECIFIED.,.T.,.F.) 
B_SPLINE_CURVE_WITH_KNOTS((1,2,2,2,2,1),(-2.094395102393,0.,
    2.094395102393,4.188790204786,6.28318530718,8.377580409573),
.UNSPECIFIED.) CURVE() GEOMETRIC_REPRESENTATION_ITEM() 
RATIONAL_B_SPLINE_CURVE((1.,0.5,1.,0.5,1.,0.5,1.)) REPRESENTATION_ITEM(
  '') );
#10062 = CARTESIAN_POINT('',(10.009944750832,3.612863854699));
#10063 = CARTESIAN_POINT('',(11.741995558401,3.612863854699));
#10064 = CARTESIAN_POINT('',(10.875970154617,2.112863854699));
#10065 = CARTESIAN_POINT('',(10.009944750832,0.612863854699));
#10066 = CARTESIAN_POINT('',(9.143919347048,2.112863854699));
#10067 = CARTESIAN_POINT('',(8.277893943263,3.612863854699));
#10068 = CARTESIAN_POINT('',(10.009944750832,3.612863854699));
#10069 = ( GEOMETRIC_REPRESENTATION_CONTEXT(2) 
PARAMETRIC_REPRESENTATION_CONTEXT() REPRESENTATION_CONTEXT('2D SPACE',''
  ) );
#10070 = PCURVE('',#815,#10071);
#10071 = DEFINITIONAL_REPRESENTATION('',(#10072),#10076);
#10072 = LINE('',#10073,#10074);
#10073 = CARTESIAN_POINT('',(-2.523836928024,32.));
#10074 = VECTOR('',#10075,1.);
#10075 = DIRECTION('',(1.,0.));
#10076 = ( GEOMETRIC_REPRESENTATION_CONTEXT(2) 
PARAMETRIC_REPRESENTATION_CONTEXT() REPRESENTATION_CONTEXT('2D SPACE',''
  ) );
#10077 = ORIENTED_EDGE('',*,*,#10078,.F.);
#10078 = EDGE_CURVE('',#9952,#10051,#10079,.T.);
#10079 = SURFACE_CURVE('',#10080,(#10084,#10091),.PCURVE_S1.);
#10080 = LINE('',#10081,#10082);
#10081 = CARTESIAN_POINT('',(-16.,-6.,17.5));
#10082 = VECTOR('',#10083,1.);
#10083 = DIRECTION('',(-5.E-17,-0.815180408266,-0.579207132189));
#10084 = PCURVE('',#6599,#10085);
#10085 = DEFINITIONAL_REPRESENTATION('',(#10086),#10090);
#10086 = LINE('',#10087,#10088);
#10087 = CARTESIAN_POINT('',(-7.490055249168,-11.04806898959));
#10088 = VECTOR('',#10089,1.);
#10089 = DIRECTION('',(0.815180408266,0.579207132189));
#10090 = ( GEOMETRIC_REPRESENTATION_CONTEXT(2) 
PARAMETRIC_REPRESENTATION_CONTEXT() REPRESENTATION_CONTEXT('2D SPACE',''
  ) );
#10091 = PCURVE('',#212,#10092);
#10092 = DEFINITIONAL_REPRESENTATION('',(#10093),#10097);
#10093 = LINE('',#10094,#10095);
#10094 = CARTESIAN_POINT('',(-16.08344429963,-16.));
#10095 = VECTOR('',#10096,1.);
#10096 = DIRECTION('',(1.,-5.E-17));
#10097 = ( GEOMETRIC_REPRESENTATION_CONTEXT(2) 
PARAMETRIC_REPRESENTATION_CONTEXT() REPRESENTATION_CONTEXT('2D SPACE',''
  ) );
#10098 = ADVANCED_FACE('',(#10099),#6571,.T.);
#10099 = FACE_BOUND('',#10100,.F.);
#10100 = EDGE_LOOP('',(#10101,#10102,#10125,#10154));
#10101 = ORIENTED_EDGE('',*,*,#9976,.T.);
#10102 = ORIENTED_EDGE('',*,*,#10103,.T.);
#10103 = EDGE_CURVE('',#9954,#10104,#10106,.T.);
#10104 = VERTEX_POINT('',#10105);
#10105 = CARTESIAN_POINT('',(-14.30995279737,-6.,1.));
#10106 = SURFACE_CURVE('',#10107,(#10111,#10118),.PCURVE_S1.);
#10107 = LINE('',#10108,#10109);
#10108 = CARTESIAN_POINT('',(-16.,-6.,1.));
#10109 = VECTOR('',#10110,1.);
#10110 = DIRECTION('',(1.,-2.2E-16,2.2E-16));
#10111 = PCURVE('',#6571,#10112);
#10112 = DEFINITIONAL_REPRESENTATION('',(#10113),#10117);
#10113 = LINE('',#10114,#10115);
#10114 = CARTESIAN_POINT('',(-1.570796326795,0.));
#10115 = VECTOR('',#10116,1.);
#10116 = DIRECTION('',(-0.,1.));
#10117 = ( GEOMETRIC_REPRESENTATION_CONTEXT(2) 
PARAMETRIC_REPRESENTATION_CONTEXT() REPRESENTATION_CONTEXT('2D SPACE',''
  ) );
#10118 = PCURVE('',#668,#10119);
#10119 = DEFINITIONAL_REPRESENTATION('',(#10120),#10124);
#10120 = LINE('',#10121,#10122);
#10121 = CARTESIAN_POINT('',(-16.,-10.09310584852));
#10122 = VECTOR('',#10123,1.);
#10123 = DIRECTION('',(1.,2.2E-16));
#10124 = ( GEOMETRIC_REPRESENTATION_CONTEXT(2) 
PARAMETRIC_REPRESENTATION_CONTEXT() REPRESENTATION_CONTEXT('2D SPACE',''
  ) );
#10125 = ORIENTED_EDGE('',*,*,#10126,.F.);
#10126 = EDGE_CURVE('',#6503,#10104,#10127,.T.);
#10127 = SURFACE_CURVE('',#10128,(#10133,#10140),.PCURVE_S1.);
#10128 = CIRCLE('',#10129,1.);
#10129 = AXIS2_PLACEMENT_3D('',#10130,#10131,#10132);
#10130 = CARTESIAN_POINT('',(-14.30995279737,-5.,1.));
#10131 = DIRECTION('',(-1.,2.2E-16,-2.2E-16));
#10132 = DIRECTION('',(2.2E-16,-1.2E-16,-1.));
#10133 = PCURVE('',#6571,#10134);
#10134 = DEFINITIONAL_REPRESENTATION('',(#10135),#10139);
#10135 = LINE('',#10136,#10137);
#10136 = CARTESIAN_POINT('',(-0.,1.690047202621));
#10137 = VECTOR('',#10138,1.);
#10138 = DIRECTION('',(-1.,0.));
#10139 = ( GEOMETRIC_REPRESENTATION_CONTEXT(2) 
PARAMETRIC_REPRESENTATION_CONTEXT() REPRESENTATION_CONTEXT('2D SPACE',''
  ) );
#10140 = PCURVE('',#6526,#10141);
#10141 = DEFINITIONAL_REPRESENTATION('',(#10142),#10153);
#10142 = B_SPLINE_CURVE_WITH_KNOTS('',9,(#10143,#10144,#10145,#10146,
    #10147,#10148,#10149,#10150,#10151,#10152),.UNSPECIFIED.,.F.,.F.,(10
    ,10),(0.,1.570796326795),.PIECEWISE_BEZIER_KNOTS.);
#10143 = CARTESIAN_POINT('',(-6.E-17,1.690047202621));
#10144 = CARTESIAN_POINT('',(8.729563942981E-02,1.690047202621));
#10145 = CARTESIAN_POINT('',(0.16749153693,1.690047202621));
#10146 = CARTESIAN_POINT('',(0.243500147879,1.690047202621));
#10147 = CARTESIAN_POINT('',(0.317188346328,1.690047202621));
#10148 = CARTESIAN_POINT('',(0.390154850244,1.690047202621));
#10149 = CARTESIAN_POINT('',(0.463843048693,1.690047202621));
#10150 = CARTESIAN_POINT('',(0.539851659642,1.690047202621));
#10151 = CARTESIAN_POINT('',(0.620047557142,1.690047202621));
#10152 = CARTESIAN_POINT('',(0.707343196572,1.690047202621));
#10153 = ( GEOMETRIC_REPRESENTATION_CONTEXT(2) 
PARAMETRIC_REPRESENTATION_CONTEXT() REPRESENTATION_CONTEXT('2D SPACE',''
  ) );
#10154 = ORIENTED_EDGE('',*,*,#6555,.F.);
#10155 = ADVANCED_FACE('',(#10156),#6526,.F.);
#10156 = FACE_BOUND('',#10157,.F.);
#10157 = EDGE_LOOP('',(#10158,#10159,#10190,#10210));
#10158 = ORIENTED_EDGE('',*,*,#10126,.T.);
#10159 = ORIENTED_EDGE('',*,*,#10160,.T.);
#10160 = EDGE_CURVE('',#10104,#10161,#10163,.T.);
#10161 = VERTEX_POINT('',#10162);
#10162 = CARTESIAN_POINT('',(-13.46379895122,-6.,1.));
#10163 = SURFACE_CURVE('',#10164,(#10172,#10179),.PCURVE_S1.);
#10164 = ( BOUNDED_CURVE() B_SPLINE_CURVE(6,(#10165,#10166,#10167,#10168
    ,#10169,#10170,#10171),.UNSPECIFIED.,.F.,.F.) 
B_SPLINE_CURVE_WITH_KNOTS((7,7),(1.690047202621,2.397390399193),
.PIECEWISE_BEZIER_KNOTS.) CURVE() GEOMETRIC_REPRESENTATION_ITEM() 
RATIONAL_B_SPLINE_CURVE((1.,1.,1.,1.,1.,1.,1.)) REPRESENTATION_ITEM('') 
  );
#10165 = CARTESIAN_POINT('',(-14.30995279737,-6.,1.));
#10166 = CARTESIAN_POINT('',(-14.17684397704,-6.,1.));
#10167 = CARTESIAN_POINT('',(-14.04371026768,-6.,1.));
#10168 = CARTESIAN_POINT('',(-13.90885811518,-6.,1.));
#10169 = CARTESIAN_POINT('',(-13.76994130235,-6.,1.));
#10170 = CARTESIAN_POINT('',(-13.62474317745,-6.,1.));
#10171 = CARTESIAN_POINT('',(-13.46379895122,-6.,1.));
#10172 = PCURVE('',#6526,#10173);
#10173 = DEFINITIONAL_REPRESENTATION('',(#10174),#10178);
#10174 = LINE('',#10175,#10176);
#10175 = CARTESIAN_POINT('',(0.707343196572,0.));
#10176 = VECTOR('',#10177,1.);
#10177 = DIRECTION('',(0.,1.));
#10178 = ( GEOMETRIC_REPRESENTATION_CONTEXT(2) 
PARAMETRIC_REPRESENTATION_CONTEXT() REPRESENTATION_CONTEXT('2D SPACE',''
  ) );
#10179 = PCURVE('',#668,#10180);
#10180 = DEFINITIONAL_REPRESENTATION('',(#10181),#10189);
#10181 = ( BOUNDED_CURVE() B_SPLINE_CURVE(6,(#10182,#10183,#10184,#10185
    ,#10186,#10187,#10188),.UNSPECIFIED.,.F.,.F.) 
B_SPLINE_CURVE_WITH_KNOTS((7,7),(1.690047202621,2.397390399193),
.PIECEWISE_BEZIER_KNOTS.) CURVE() GEOMETRIC_REPRESENTATION_ITEM() 
RATIONAL_B_SPLINE_CURVE((1.,1.,1.,1.,1.,1.,1.)) REPRESENTATION_ITEM('') 
  );
#10182 = CARTESIAN_POINT('',(-14.30995279737,-10.09310584852));
#10183 = CARTESIAN_POINT('',(-14.17684397704,-10.09310584852));
#10184 = CARTESIAN_POINT('',(-14.04371026768,-10.09310584852));
#10185 = CARTESIAN_POINT('',(-13.90885811518,-10.09310584852));
#10186 = CARTESIAN_POINT('',(-13.76994130235,-10.09310584852));
#10187 = CARTESIAN_POINT('',(-13.62474317745,-10.09310584852));
#10188 = CARTESIAN_POINT('',(-13.46379895122,-10.09310584852));
#10189 = ( GEOMETRIC_REPRESENTATION_CONTEXT(2) 
PARAMETRIC_REPRESENTATION_CONTEXT() REPRESENTATION_CONTEXT('2D SPACE',''
  ) );
#10190 = ORIENTED_EDGE('',*,*,#10191,.F.);
#10191 = EDGE_CURVE('',#6430,#10161,#10192,.T.);
#10192 = SURFACE_CURVE('',#10193,(#10197,#10204),.PCURVE_S1.);
#10193 = ( BOUNDED_CURVE() B_SPLINE_CURVE(2,(#10194,#10195,#10196),
.UNSPECIFIED.,.F.,.F.) B_SPLINE_CURVE_WITH_KNOTS((3,3),(0.,
0.707343196572),.PIECEWISE_BEZIER_KNOTS.) CURVE() 
GEOMETRIC_REPRESENTATION_ITEM() RATIONAL_B_SPLINE_CURVE((1.,
0.707106781187,1.)) REPRESENTATION_ITEM('') );
#10194 = CARTESIAN_POINT('',(-13.93428561706,-5.117592895958,-1.72E-15)
  );
#10195 = CARTESIAN_POINT('',(-13.46379895122,-6.,-1.99E-15));
#10196 = CARTESIAN_POINT('',(-13.46379895122,-6.,1.));
#10197 = PCURVE('',#6526,#10198);
#10198 = DEFINITIONAL_REPRESENTATION('',(#10199),#10203);
#10199 = LINE('',#10200,#10201);
#10200 = CARTESIAN_POINT('',(0.,2.397390399193));
#10201 = VECTOR('',#10202,1.);
#10202 = DIRECTION('',(1.,0.));
#10203 = ( GEOMETRIC_REPRESENTATION_CONTEXT(2) 
PARAMETRIC_REPRESENTATION_CONTEXT() REPRESENTATION_CONTEXT('2D SPACE',''
  ) );
#10204 = PCURVE('',#6461,#10205);
#10205 = DEFINITIONAL_REPRESENTATION('',(#10206),#10209);
#10206 = B_SPLINE_CURVE_WITH_KNOTS('',1,(#10207,#10208),.UNSPECIFIED.,
  .F.,.F.,(2,2),(0.,0.707343196572),.PIECEWISE_BEZIER_KNOTS.);
#10207 = CARTESIAN_POINT('',(0.,2.397390399193));
#10208 = CARTESIAN_POINT('',(1.115064879372,2.397390399193));
#10209 = ( GEOMETRIC_REPRESENTATION_CONTEXT(2) 
PARAMETRIC_REPRESENTATION_CONTEXT() REPRESENTATION_CONTEXT('2D SPACE',''
  ) );
#10210 = ORIENTED_EDGE('',*,*,#6502,.F.);
#10211 = ADVANCED_FACE('',(#10212),#6461,.F.);
#10212 = FACE_BOUND('',#10213,.F.);
#10213 = EDGE_LOOP('',(#10214,#10215,#10260,#10286));
#10214 = ORIENTED_EDGE('',*,*,#10191,.T.);
#10215 = ORIENTED_EDGE('',*,*,#10216,.T.);
#10216 = EDGE_CURVE('',#10161,#10217,#10219,.T.);
#10217 = VERTEX_POINT('',#10218);
#10218 = CARTESIAN_POINT('',(-12.70041266585,-5.,0.354057758534));
#10219 = SURFACE_CURVE('',#10220,(#10232,#10239),.PCURVE_S1.);
#10220 = ( BOUNDED_CURVE() B_SPLINE_CURVE(10,(#10221,#10222,#10223,
    #10224,#10225,#10226,#10227,#10228,#10229,#10230,#10231),
.UNSPECIFIED.,.F.,.F.) B_SPLINE_CURVE_WITH_KNOTS((11,11),(2.397390399193
,3.512455278565),.PIECEWISE_BEZIER_KNOTS.) CURVE() 
GEOMETRIC_REPRESENTATION_ITEM() RATIONAL_B_SPLINE_CURVE((1.,1.,1.,1.,1.,
1.,1.,1.,1.,1.,1.)) REPRESENTATION_ITEM('') );
#10221 = CARTESIAN_POINT('',(-13.46379895122,-6.,1.));
#10222 = CARTESIAN_POINT('',(-13.31157022682,-6.,0.838628460919));
#10223 = CARTESIAN_POINT('',(-13.17499493469,-5.946220022562,
    0.723788011436));
#10224 = CARTESIAN_POINT('',(-13.05192578549,-5.871176194716,
    0.61768331329));
#10225 = CARTESIAN_POINT('',(-12.94928228978,-5.766094327412,
    0.543485998065));
#10226 = CARTESIAN_POINT('',(-12.86304501899,-5.655262641244,
    0.472360039383));
#10227 = CARTESIAN_POINT('',(-12.79756881653,-5.528285537387,
    0.427236833972));
#10228 = CARTESIAN_POINT('',(-12.74847133684,-5.400366448868,
    0.388976689981));
#10229 = CARTESIAN_POINT('',(-12.71648779964,-5.26759143886,
    0.365996040934));
#10230 = CARTESIAN_POINT('',(-12.70041266585,-5.133829090958,
    0.354057758534));
#10231 = CARTESIAN_POINT('',(-12.70041266585,-5.,0.354057758534));
#10232 = PCURVE('',#6461,#10233);
#10233 = DEFINITIONAL_REPRESENTATION('',(#10234),#10238);
#10234 = LINE('',#10235,#10236);
#10235 = CARTESIAN_POINT('',(1.115064879372,0.));
#10236 = VECTOR('',#10237,1.);
#10237 = DIRECTION('',(0.,1.));
#10238 = ( GEOMETRIC_REPRESENTATION_CONTEXT(2) 
PARAMETRIC_REPRESENTATION_CONTEXT() REPRESENTATION_CONTEXT('2D SPACE',''
  ) );
#10239 = PCURVE('',#10240,#10245);
#10240 = CYLINDRICAL_SURFACE('',#10241,1.);
#10241 = AXIS2_PLACEMENT_3D('',#10242,#10243,#10244);
#10242 = CARTESIAN_POINT('',(-2.763386285369,-5.,13.645942241466));
#10243 = DIRECTION('',(-0.645942241466,1.4E-16,-0.763386285369));
#10244 = DIRECTION('',(0.763386285369,-4.6E-16,-0.645942241466));
#10245 = DEFINITIONAL_REPRESENTATION('',(#10246),#10259);
#10246 = B_SPLINE_CURVE_WITH_KNOTS('',11,(#10247,#10248,#10249,#10250,
    #10251,#10252,#10253,#10254,#10255,#10256,#10257,#10258),
  .UNSPECIFIED.,.F.,.F.,(12,12),(2.397390399193,3.512455278565),
  .PIECEWISE_BEZIER_KNOTS.);
#10247 = CARTESIAN_POINT('',(1.570796326795,16.565587414701));
#10248 = CARTESIAN_POINT('',(1.370390859424,16.588185465909));
#10249 = CARTESIAN_POINT('',(1.204374869384,16.589992615502));
#10250 = CARTESIAN_POINT('',(1.042873803457,16.590988715687));
#10251 = CARTESIAN_POINT('',(0.899225062081,16.585248822495));
#10252 = CARTESIAN_POINT('',(0.75420993676,16.580960638651));
#10253 = CARTESIAN_POINT('',(0.622978739724,16.57677446666));
#10254 = CARTESIAN_POINT('',(0.491225128757,16.571557838454));
#10255 = CARTESIAN_POINT('',(0.366597569686,16.569129074678));
#10256 = CARTESIAN_POINT('',(0.243273699112,16.566625578229));
#10257 = CARTESIAN_POINT('',(0.121662809962,16.565587414702));
#10258 = CARTESIAN_POINT('',(1.1E-16,16.565587414701));
#10259 = ( GEOMETRIC_REPRESENTATION_CONTEXT(2) 
PARAMETRIC_REPRESENTATION_CONTEXT() REPRESENTATION_CONTEXT('2D SPACE',''
  ) );
#10260 = ORIENTED_EDGE('',*,*,#10261,.F.);
#10261 = EDGE_CURVE('',#6402,#10217,#10262,.T.);
#10262 = SURFACE_CURVE('',#10263,(#10267,#10274),.PCURVE_S1.);
#10263 = ( BOUNDED_CURVE() B_SPLINE_CURVE(2,(#10264,#10265,#10266),
.UNSPECIFIED.,.F.,.F.) B_SPLINE_CURVE_WITH_KNOTS((3,3),(0.,
1.115064879372),.PIECEWISE_BEZIER_KNOTS.) CURVE() 
GEOMETRIC_REPRESENTATION_ITEM() RATIONAL_B_SPLINE_CURVE((1.,
0.907177557446,1.)) REPRESENTATION_ITEM('') );
#10264 = CARTESIAN_POINT('',(-13.46379895122,-5.,-1.63E-15));
#10265 = CARTESIAN_POINT('',(-13.,-5.,-1.44E-15));
#10266 = CARTESIAN_POINT('',(-12.70041266585,-5.,0.354057758534));
#10267 = PCURVE('',#6461,#10268);
#10268 = DEFINITIONAL_REPRESENTATION('',(#10269),#10273);
#10269 = LINE('',#10270,#10271);
#10270 = CARTESIAN_POINT('',(0.,3.512455278565));
#10271 = VECTOR('',#10272,1.);
#10272 = DIRECTION('',(1.,0.));
#10273 = ( GEOMETRIC_REPRESENTATION_CONTEXT(2) 
PARAMETRIC_REPRESENTATION_CONTEXT() REPRESENTATION_CONTEXT('2D SPACE',''
  ) );
#10274 = PCURVE('',#6417,#10275);
#10275 = DEFINITIONAL_REPRESENTATION('',(#10276),#10285);
#10276 = B_SPLINE_CURVE_WITH_KNOTS('',7,(#10277,#10278,#10279,#10280,
    #10281,#10282,#10283,#10284),.UNSPECIFIED.,.F.,.F.,(8,8),(0.,
    1.115064879372),.PIECEWISE_BEZIER_KNOTS.);
#10277 = CARTESIAN_POINT('',(-6.E-17,-1.47E-15));
#10278 = CARTESIAN_POINT('',(-0.120213714205,-1.47E-15));
#10279 = CARTESIAN_POINT('',(-0.244147041458,-1.47E-15));
#10280 = CARTESIAN_POINT('',(-0.370587477818,-1.47E-15));
#10281 = CARTESIAN_POINT('',(-0.497951917468,-1.47E-15));
#10282 = CARTESIAN_POINT('',(-0.624392353827,-1.47E-15));
#10283 = CARTESIAN_POINT('',(-0.748325681081,-1.47E-15));
#10284 = CARTESIAN_POINT('',(-0.868539395286,-1.47E-15));
#10285 = ( GEOMETRIC_REPRESENTATION_CONTEXT(2) 
PARAMETRIC_REPRESENTATION_CONTEXT() REPRESENTATION_CONTEXT('2D SPACE',''
  ) );
#10286 = ORIENTED_EDGE('',*,*,#6429,.F.);
#10287 = ADVANCED_FACE('',(#10288),#6417,.T.);
#10288 = FACE_BOUND('',#10289,.F.);
#10289 = EDGE_LOOP('',(#10290,#10291,#10319,#10420));
#10290 = ORIENTED_EDGE('',*,*,#10261,.T.);
#10291 = ORIENTED_EDGE('',*,*,#10292,.T.);
#10292 = EDGE_CURVE('',#10217,#10293,#10295,.T.);
#10293 = VERTEX_POINT('',#10294);
#10294 = CARTESIAN_POINT('',(-12.70041266585,-4.,0.354057758534));
#10295 = SURFACE_CURVE('',#10296,(#10300,#10307),.PCURVE_S1.);
#10296 = LINE('',#10297,#10298);
#10297 = CARTESIAN_POINT('',(-12.70041266585,-5.,0.354057758534));
#10298 = VECTOR('',#10299,1.);
#10299 = DIRECTION('',(2.2E-16,1.,-4.4E-16));
#10300 = PCURVE('',#6417,#10301);
#10301 = DEFINITIONAL_REPRESENTATION('',(#10302),#10306);
#10302 = LINE('',#10303,#10304);
#10303 = CARTESIAN_POINT('',(-0.868539395286,0.));
#10304 = VECTOR('',#10305,1.);
#10305 = DIRECTION('',(-0.,1.));
#10306 = ( GEOMETRIC_REPRESENTATION_CONTEXT(2) 
PARAMETRIC_REPRESENTATION_CONTEXT() REPRESENTATION_CONTEXT('2D SPACE',''
  ) );
#10307 = PCURVE('',#10308,#10313);
#10308 = PLANE('',#10309);
#10309 = AXIS2_PLACEMENT_3D('',#10310,#10311,#10312);
#10310 = CARTESIAN_POINT('',(-2.,3.33E-15,13.));
#10311 = DIRECTION('',(-0.763386285369,3.2E-16,0.645942241466));
#10312 = DIRECTION('',(0.645942241466,3.E-17,0.763386285369));
#10313 = DEFINITIONAL_REPRESENTATION('',(#10314),#10318);
#10314 = LINE('',#10315,#10316);
#10315 = CARTESIAN_POINT('',(-16.5655874147,-5.));
#10316 = VECTOR('',#10317,1.);
#10317 = DIRECTION('',(-1.637826724399E-16,1.));
#10318 = ( GEOMETRIC_REPRESENTATION_CONTEXT(2) 
PARAMETRIC_REPRESENTATION_CONTEXT() REPRESENTATION_CONTEXT('2D SPACE',''
  ) );
#10319 = ORIENTED_EDGE('',*,*,#10320,.F.);
#10320 = EDGE_CURVE('',#6334,#10293,#10321,.T.);
#10321 = SURFACE_CURVE('',#10322,(#10327,#10334),.PCURVE_S1.);
#10322 = CIRCLE('',#10323,1.);
#10323 = AXIS2_PLACEMENT_3D('',#10324,#10325,#10326);
#10324 = CARTESIAN_POINT('',(-13.46379895122,-4.,1.));
#10325 = DIRECTION('',(-2.2E-16,-1.,4.4E-16));
#10326 = DIRECTION('',(2.2E-16,-4.4E-16,-1.));
#10327 = PCURVE('',#6417,#10328);
#10328 = DEFINITIONAL_REPRESENTATION('',(#10329),#10333);
#10329 = LINE('',#10330,#10331);
#10330 = CARTESIAN_POINT('',(-0.,1.));
#10331 = VECTOR('',#10332,1.);
#10332 = DIRECTION('',(-1.,0.));
#10333 = ( GEOMETRIC_REPRESENTATION_CONTEXT(2) 
PARAMETRIC_REPRESENTATION_CONTEXT() REPRESENTATION_CONTEXT('2D SPACE',''
  ) );
#10334 = PCURVE('',#6363,#10335);
#10335 = DEFINITIONAL_REPRESENTATION('',(#10336),#10419);
#10336 = B_SPLINE_CURVE_WITH_KNOTS('',11,(#10337,#10338,#10339,#10340,
    #10341,#10342,#10343,#10344,#10345,#10346,#10347,#10348,#10349,
    #10350,#10351,#10352,#10353,#10354,#10355,#10356,#10357,#10358,
    #10359,#10360,#10361,#10362,#10363,#10364,#10365,#10366,#10367,
    #10368,#10369,#10370,#10371,#10372,#10373,#10374,#10375,#10376,
    #10377,#10378,#10379,#10380,#10381,#10382,#10383,#10384,#10385,
    #10386,#10387,#10388,#10389,#10390,#10391,#10392,#10393,#10394,
    #10395,#10396,#10397,#10398,#10399,#10400,#10401,#10402,#10403,
    #10404,#10405,#10406,#10407,#10408,#10409,#10410,#10411,#10412,
    #10413,#10414,#10415,#10416,#10417,#10418),.UNSPECIFIED.,.F.,.F.,(12
    ,10,10,10,10,10,10,10,12),(0.,0.108567424411,0.217134848821,
    0.325702273232,0.434269697643,0.542837122054,0.651404546464,
    0.759971970875,0.868539395286),.UNSPECIFIED.);
#10337 = CARTESIAN_POINT('',(6.E-17,4.512455278565));
#10338 = CARTESIAN_POINT('',(7.554900294921E-02,4.512455278565));
#10339 = CARTESIAN_POINT('',(0.150916898886,4.512455278565));
#10340 = CARTESIAN_POINT('',(0.226110304894,4.512455278566));
#10341 = CARTESIAN_POINT('',(0.301128122745,4.512455278564));
#10342 = CARTESIAN_POINT('',(0.376011242518,4.512455278567));
#10343 = CARTESIAN_POINT('',(0.450663085775,4.512455278564));
#10344 = CARTESIAN_POINT('',(0.525259446372,4.512455278567));
#10345 = CARTESIAN_POINT('',(0.599634705049,4.512455278565));
#10346 = CARTESIAN_POINT('',(0.673896015624,4.512455278566));
#10347 = CARTESIAN_POINT('',(0.748014823172,4.512455278565));
#10348 = CARTESIAN_POINT('',(0.895990133678,4.512455278565));
#10349 = CARTESIAN_POINT('',(0.969845163798,4.512455278566));
#10350 = CARTESIAN_POINT('',(1.043579811074,4.512455278565));
#10351 = CARTESIAN_POINT('',(1.117163322296,4.512455278566));
#10352 = CARTESIAN_POINT('',(1.190702619387,4.512455278565));
#10353 = CARTESIAN_POINT('',(1.26403453679,4.512455278566));
#10354 = CARTESIAN_POINT('',(1.337328281565,4.512455278565));
#10355 = CARTESIAN_POINT('',(1.410499404861,4.512455278565));
#10356 = CARTESIAN_POINT('',(1.483574446146,4.512455278565));
#10357 = CARTESIAN_POINT('',(1.556559097507,4.512455278565));
#10358 = CARTESIAN_POINT('',(1.702355762279,4.512455278566));
#10359 = CARTESIAN_POINT('',(1.775167867244,4.512455278565));
#10360 = CARTESIAN_POINT('',(1.847900514113,4.512455278567));
#10361 = CARTESIAN_POINT('',(1.920547179701,4.512455278564));
#10362 = CARTESIAN_POINT('',(1.993157181742,4.512455278568));
#10363 = CARTESIAN_POINT('',(2.065622805263,4.512455278564));
#10364 = CARTESIAN_POINT('',(2.138127752825,4.512455278567));
#10365 = CARTESIAN_POINT('',(2.210500958471,4.512455278565));
#10366 = CARTESIAN_POINT('',(2.282850056819,4.512455278566));
#10367 = CARTESIAN_POINT('',(2.355148043125,4.512455278565));
#10368 = CARTESIAN_POINT('',(2.499659823732,4.512455278566));
#10369 = CARTESIAN_POINT('',(2.57187251995,4.512455278565));
#10370 = CARTESIAN_POINT('',(2.644051474707,4.512455278566));
#10371 = CARTESIAN_POINT('',(2.716167836265,4.512455278565));
#10372 = CARTESIAN_POINT('',(2.788333815029,4.512455278566));
#10373 = CARTESIAN_POINT('',(2.860371190503,4.512455278565));
#10374 = CARTESIAN_POINT('',(2.932469214053,4.512455278566));
#10375 = CARTESIAN_POINT('',(3.004519396717,4.512455278565));
#10376 = CARTESIAN_POINT('',(3.07656797009,4.512455278566));
#10377 = CARTESIAN_POINT('',(3.148610496111,4.512455278565));
#10378 = CARTESIAN_POINT('',(3.292695678098,4.512455278565));
#10379 = CARTESIAN_POINT('',(3.36473820412,4.512455278566));
#10380 = CARTESIAN_POINT('',(3.436786777491,4.512455278564));
#10381 = CARTESIAN_POINT('',(3.508836960158,4.512455278568));
#10382 = CARTESIAN_POINT('',(3.580934983705,4.512455278562));
#10383 = CARTESIAN_POINT('',(3.652972359182,4.512455278569));
#10384 = CARTESIAN_POINT('',(3.725138337944,4.512455278563));
#10385 = CARTESIAN_POINT('',(3.797254699503,4.512455278567));
#10386 = CARTESIAN_POINT('',(3.86943365426,4.512455278565));
#10387 = CARTESIAN_POINT('',(3.941646350477,4.512455278566));
#10388 = CARTESIAN_POINT('',(4.086158131085,4.512455278565));
#10389 = CARTESIAN_POINT('',(4.158456117391,4.512455278566));
#10390 = CARTESIAN_POINT('',(4.230805215738,4.512455278565));
#10391 = CARTESIAN_POINT('',(4.303178421385,4.512455278567));
#10392 = CARTESIAN_POINT('',(4.375683368945,4.512455278563));
#10393 = CARTESIAN_POINT('',(4.44814899247,4.512455278568));
#10394 = CARTESIAN_POINT('',(4.520758994507,4.512455278564));
#10395 = CARTESIAN_POINT('',(4.593405660098,4.512455278567));
#10396 = CARTESIAN_POINT('',(4.666138306965,4.512455278565));
#10397 = CARTESIAN_POINT('',(4.738950411931,4.512455278566));
#10398 = CARTESIAN_POINT('',(4.884747076702,4.512455278565));
#10399 = CARTESIAN_POINT('',(4.957731728065,4.512455278567));
#10400 = CARTESIAN_POINT('',(5.030806769344,4.512455278562));
#10401 = CARTESIAN_POINT('',(5.103977892652,4.512455278571));
#10402 = CARTESIAN_POINT('',(5.177271637411,4.51245527856));
#10403 = CARTESIAN_POINT('',(5.250603554831,4.512455278571));
#10404 = CARTESIAN_POINT('',(5.324142851908,4.512455278562));
#10405 = CARTESIAN_POINT('',(5.397726363139,4.512455278567));
#10406 = CARTESIAN_POINT('',(5.47146101041,4.512455278565));
#10407 = CARTESIAN_POINT('',(5.545316040532,4.512455278566));
#10408 = CARTESIAN_POINT('',(5.693291351037,4.512455278565));
#10409 = CARTESIAN_POINT('',(5.767410158588,4.512455278566));
#10410 = CARTESIAN_POINT('',(5.841671469156,4.512455278563));
#10411 = CARTESIAN_POINT('',(5.916046727847,4.512455278569));
#10412 = CARTESIAN_POINT('',(5.990643088421,4.51245527856));
#10413 = CARTESIAN_POINT('',(6.065294931706,4.512455278571));
#10414 = CARTESIAN_POINT('',(6.140178051454,4.512455278561));
#10415 = CARTESIAN_POINT('',(6.215195869322,4.512455278568));
#10416 = CARTESIAN_POINT('',(6.290389275321,4.512455278564));
#10417 = CARTESIAN_POINT('',(6.365757171261,4.512455278566));
#10418 = CARTESIAN_POINT('',(6.44130617421,4.512455278565));
#10419 = ( GEOMETRIC_REPRESENTATION_CONTEXT(2) 
PARAMETRIC_REPRESENTATION_CONTEXT() REPRESENTATION_CONTEXT('2D SPACE',''
  ) );
#10420 = ORIENTED_EDGE('',*,*,#6401,.F.);
#10421 = ADVANCED_FACE('',(#10422),#6321,.T.);
#10422 = FACE_BOUND('',#10423,.F.);
#10423 = EDGE_LOOP('',(#10424,#10447,#10448,#10449));
#10424 = ORIENTED_EDGE('',*,*,#10425,.T.);
#10425 = EDGE_CURVE('',#10426,#9833,#10428,.T.);
#10426 = VERTEX_POINT('',#10427);
#10427 = CARTESIAN_POINT('',(-17.39365734336,5.E-15,1.));
#10428 = SURFACE_CURVE('',#10429,(#10433,#10440),.PCURVE_S1.);
#10429 = LINE('',#10430,#10431);
#10430 = CARTESIAN_POINT('',(-18.23981118951,4.94E-15,1.));
#10431 = VECTOR('',#10432,1.);
#10432 = DIRECTION('',(-1.,2.2E-16,-2.2E-16));
#10433 = PCURVE('',#6321,#10434);
#10434 = DEFINITIONAL_REPRESENTATION('',(#10435),#10439);
#10435 = LINE('',#10436,#10437);
#10436 = CARTESIAN_POINT('',(-1.570796326795,0.));
#10437 = VECTOR('',#10438,1.);
#10438 = DIRECTION('',(-0.,1.));
#10439 = ( GEOMETRIC_REPRESENTATION_CONTEXT(2) 
PARAMETRIC_REPRESENTATION_CONTEXT() REPRESENTATION_CONTEXT('2D SPACE',''
  ) );
#10440 = PCURVE('',#100,#10441);
#10441 = DEFINITIONAL_REPRESENTATION('',(#10442),#10446);
#10442 = LINE('',#10443,#10444);
#10443 = CARTESIAN_POINT('',(18.239811189516,-7.153283569923));
#10444 = VECTOR('',#10445,1.);
#10445 = DIRECTION('',(1.,-2.2E-16));
#10446 = ( GEOMETRIC_REPRESENTATION_CONTEXT(2) 
PARAMETRIC_REPRESENTATION_CONTEXT() REPRESENTATION_CONTEXT('2D SPACE',''
  ) );
#10447 = ORIENTED_EDGE('',*,*,#9832,.F.);
#10448 = ORIENTED_EDGE('',*,*,#6305,.F.);
#10449 = ORIENTED_EDGE('',*,*,#10450,.T.);
#10450 = EDGE_CURVE('',#6306,#10426,#10451,.T.);
#10451 = SURFACE_CURVE('',#10452,(#10456,#10464),.PCURVE_S1.);
#10452 = ( BOUNDED_CURVE() B_SPLINE_CURVE(2,(#10453,#10454,#10455),
.UNSPECIFIED.,.F.,.F.) B_SPLINE_CURVE_WITH_KNOTS((3,3),(0.,6.44130617421
),.PIECEWISE_BEZIER_KNOTS.) CURVE() GEOMETRIC_REPRESENTATION_ITEM() 
RATIONAL_B_SPLINE_CURVE((1.,0.707106781187,1.)) REPRESENTATION_ITEM('') 
  );
#10453 = CARTESIAN_POINT('',(-17.39573529167,-0.999997841063,-2.97E-15)
  );
#10454 = CARTESIAN_POINT('',(-17.39365734336,5.19E-15,-4.08E-15));
#10455 = CARTESIAN_POINT('',(-17.39365734336,5.42E-15,1.));
#10456 = PCURVE('',#6321,#10457);
#10457 = DEFINITIONAL_REPRESENTATION('',(#10458),#10463);
#10458 = B_SPLINE_CURVE_WITH_KNOTS('',3,(#10459,#10460,#10461,#10462),
  .UNSPECIFIED.,.F.,.F.,(4,4),(0.,6.44130617421),
  .PIECEWISE_BEZIER_KNOTS.);
#10459 = CARTESIAN_POINT('',(2.2E-16,-0.846153846154));
#10460 = CARTESIAN_POINT('',(-0.471404520791,-0.846153846154));
#10461 = CARTESIAN_POINT('',(-1.099391806004,-0.846153846154));
#10462 = CARTESIAN_POINT('',(-1.570796326795,-0.846153846154));
#10463 = ( GEOMETRIC_REPRESENTATION_CONTEXT(2) 
PARAMETRIC_REPRESENTATION_CONTEXT() REPRESENTATION_CONTEXT('2D SPACE',''
  ) );
#10464 = PCURVE('',#6363,#10465);
#10465 = DEFINITIONAL_REPRESENTATION('',(#10466),#10470);
#10466 = LINE('',#10467,#10468);
#10467 = CARTESIAN_POINT('',(0.,10.953761452775));
#10468 = VECTOR('',#10469,1.);
#10469 = DIRECTION('',(1.,0.));
#10470 = ( GEOMETRIC_REPRESENTATION_CONTEXT(2) 
PARAMETRIC_REPRESENTATION_CONTEXT() REPRESENTATION_CONTEXT('2D SPACE',''
  ) );
#10471 = ADVANCED_FACE('',(#10472),#6363,.F.);
#10472 = FACE_BOUND('',#10473,.F.);
#10473 = EDGE_LOOP('',(#10474,#10475,#10515,#10516));
#10474 = ORIENTED_EDGE('',*,*,#10320,.T.);
#10475 = ORIENTED_EDGE('',*,*,#10476,.T.);
#10476 = EDGE_CURVE('',#10293,#10426,#10477,.T.);
#10477 = SURFACE_CURVE('',#10478,(#10489,#10496),.PCURVE_S1.);
#10478 = ( BOUNDED_CURVE() B_SPLINE_CURVE(9,(#10479,#10480,#10481,#10482
    ,#10483,#10484,#10485,#10486,#10487,#10488),.UNSPECIFIED.,.F.,.F.) 
B_SPLINE_CURVE_WITH_KNOTS((10,10),(4.512455278565,10.953761452775),
.PIECEWISE_BEZIER_KNOTS.) CURVE() GEOMETRIC_REPRESENTATION_ITEM() 
RATIONAL_B_SPLINE_CURVE((1.,1.,1.,1.,1.,1.,1.,1.,1.,1.)) 
REPRESENTATION_ITEM('') );
#10479 = CARTESIAN_POINT('',(-12.70041266585,-4.,0.354057758534));
#10480 = CARTESIAN_POINT('',(-12.70041266585,-3.312534888817,
    0.354057758534));
#10481 = CARTESIAN_POINT('',(-12.85659932757,-2.602133421644,
    0.375301551359));
#10482 = CARTESIAN_POINT('',(-13.18670415965,-1.900160454308,
    0.419908816054));
#10483 = CARTESIAN_POINT('',(-13.7024536466,-1.27590216309,
    0.485585008564));
#10484 = CARTESIAN_POINT('',(-14.32987596811,-0.768922906936,
    0.573122343112));
#10485 = CARTESIAN_POINT('',(-15.04424705633,-0.387813826986,
    0.675682265806));
#10486 = CARTESIAN_POINT('',(-15.79748678762,-0.133992658429,
    0.780245448247));
#10487 = CARTESIAN_POINT('',(-16.58433040197,2.08E-14,0.888610171723));
#10488 = CARTESIAN_POINT('',(-17.39365734336,5.42E-15,1.));
#10489 = PCURVE('',#6363,#10490);
#10490 = DEFINITIONAL_REPRESENTATION('',(#10491),#10495);
#10491 = LINE('',#10492,#10493);
#10492 = CARTESIAN_POINT('',(6.44130617421,0.));
#10493 = VECTOR('',#10494,1.);
#10494 = DIRECTION('',(0.,1.));
#10495 = ( GEOMETRIC_REPRESENTATION_CONTEXT(2) 
PARAMETRIC_REPRESENTATION_CONTEXT() REPRESENTATION_CONTEXT('2D SPACE',''
  ) );
#10496 = PCURVE('',#10497,#10502);
#10497 = CYLINDRICAL_SURFACE('',#10498,4.);
#10498 = AXIS2_PLACEMENT_3D('',#10499,#10500,#10501);
#10499 = CARTESIAN_POINT('',(-5.053545141476,-4.,15.583768965865));
#10500 = DIRECTION('',(-0.645942241466,1.4E-16,-0.763386285369));
#10501 = DIRECTION('',(2.18638810357E-16,1.,-1.608678669014E-18));
#10502 = DEFINITIONAL_REPRESENTATION('',(#10503),#10514);
#10503 = B_SPLINE_CURVE_WITH_KNOTS('',9,(#10504,#10505,#10506,#10507,
    #10508,#10509,#10510,#10511,#10512,#10513),.UNSPECIFIED.,.F.,.F.,(10
    ,10),(4.512455278565,10.953761452775),.PIECEWISE_BEZIER_KNOTS.);
#10504 = CARTESIAN_POINT('',(1.570796326795,16.565587414701));
#10505 = CARTESIAN_POINT('',(1.398930048999,16.565587414702));
#10506 = CARTESIAN_POINT('',(1.221303286893,16.650257888917));
#10507 = CARTESIAN_POINT('',(1.038645961233,16.829439619359));
#10508 = CARTESIAN_POINT('',(0.85798904761,17.11242044151));
#10509 = CARTESIAN_POINT('',(0.681448556104,17.450928083021));
#10510 = CARTESIAN_POINT('',(0.508220549008,17.83402121897));
#10511 = CARTESIAN_POINT('',(0.340102952068,18.240780263891));
#10512 = CARTESIAN_POINT('',(0.172445120698,18.666303961797));
#10513 = CARTESIAN_POINT('',(1.E-17,19.104048953163));
#10514 = ( GEOMETRIC_REPRESENTATION_CONTEXT(2) 
PARAMETRIC_REPRESENTATION_CONTEXT() REPRESENTATION_CONTEXT('2D SPACE',''
  ) );
#10515 = ORIENTED_EDGE('',*,*,#10450,.F.);
#10516 = ORIENTED_EDGE('',*,*,#6333,.F.);
#10517 = ADVANCED_FACE('',(#10518),#10240,.T.);
#10518 = FACE_BOUND('',#10519,.T.);
#10519 = EDGE_LOOP('',(#10520,#10543,#10635,#10656));
#10520 = ORIENTED_EDGE('',*,*,#10521,.F.);
#10521 = EDGE_CURVE('',#10522,#10217,#10524,.T.);
#10522 = VERTEX_POINT('',#10523);
#10523 = CARTESIAN_POINT('',(-3.198349336576,-5.,11.583768965865));
#10524 = SURFACE_CURVE('',#10525,(#10529,#10536),.PCURVE_S1.);
#10525 = LINE('',#10526,#10527);
#10526 = CARTESIAN_POINT('',(-2.,-5.,13.));
#10527 = VECTOR('',#10528,1.);
#10528 = DIRECTION('',(-0.645942241466,1.4E-16,-0.763386285369));
#10529 = PCURVE('',#10240,#10530);
#10530 = DEFINITIONAL_REPRESENTATION('',(#10531),#10535);
#10531 = LINE('',#10532,#10533);
#10532 = CARTESIAN_POINT('',(0.,0.));
#10533 = VECTOR('',#10534,1.);
#10534 = DIRECTION('',(0.,1.));
#10535 = ( GEOMETRIC_REPRESENTATION_CONTEXT(2) 
PARAMETRIC_REPRESENTATION_CONTEXT() REPRESENTATION_CONTEXT('2D SPACE',''
  ) );
#10536 = PCURVE('',#10308,#10537);
#10537 = DEFINITIONAL_REPRESENTATION('',(#10538),#10542);
#10538 = LINE('',#10539,#10540);
#10539 = CARTESIAN_POINT('',(6.323344898768E-16,-5.));
#10540 = VECTOR('',#10541,1.);
#10541 = DIRECTION('',(-1.,1.7E-16));
#10542 = ( GEOMETRIC_REPRESENTATION_CONTEXT(2) 
PARAMETRIC_REPRESENTATION_CONTEXT() REPRESENTATION_CONTEXT('2D SPACE',''
  ) );
#10543 = ORIENTED_EDGE('',*,*,#10544,.T.);
#10544 = EDGE_CURVE('',#10522,#10545,#10547,.T.);
#10545 = VERTEX_POINT('',#10546);
#10546 = CARTESIAN_POINT('',(-2.463798951225,-6.,14.));
#10547 = SURFACE_CURVE('',#10548,(#10563,#10585),.PCURVE_S1.);
#10548 = ( BOUNDED_CURVE() B_SPLINE_CURVE(13,(#10549,#10550,#10551,
    #10552,#10553,#10554,#10555,#10556,#10557,#10558,#10559,#10560,
#10561,#10562),.UNSPECIFIED.,.F.,.F.) B_SPLINE_CURVE_WITH_KNOTS((14,14),
(7.60854487188,9.260681119238),.PIECEWISE_BEZIER_KNOTS.) CURVE() 
GEOMETRIC_REPRESENTATION_ITEM() RATIONAL_B_SPLINE_CURVE((1.,1.,
    1.000000000001,0.999999999997,1.000000000006,0.999999999991,
    1.000000000011,0.99999999999,1.000000000007,0.999999999996,
1.000000000002,0.999999999999,1.,1.)) REPRESENTATION_ITEM('') );
#10549 = CARTESIAN_POINT('',(-3.198349336576,-5.,11.583768965865));
#10550 = CARTESIAN_POINT('',(-3.198349336576,-5.224796584004,
    11.583768965864));
#10551 = CARTESIAN_POINT('',(-3.17232049427,-5.449687607496,
    11.699761566799));
#10552 = CARTESIAN_POINT('',(-3.118346628824,-5.638890699803,
    11.928892114899));
#10553 = CARTESIAN_POINT('',(-3.049740485402,-5.766783910269,
    12.239189968882));
#10554 = CARTESIAN_POINT('',(-2.918522554369,-5.790732661969,
    12.517920258227));
#10555 = CARTESIAN_POINT('',(-2.891065123993,-5.898716466506,
    12.680602335531));
#10556 = CARTESIAN_POINT('',(-2.783072834762,-5.896156915502,
    12.961210582975));
#10557 = CARTESIAN_POINT('',(-2.742104807713,-5.952751607949,
    13.10315250555));
#10558 = CARTESIAN_POINT('',(-2.673472306332,-5.96396368182,
    13.315572953712));
#10559 = CARTESIAN_POINT('',(-2.621398141752,-5.984504204227,
    13.482835496603));
#10560 = CARTESIAN_POINT('',(-2.567647712629,-5.994482701606,
    13.658452136896));
#10561 = CARTESIAN_POINT('',(-2.515760117405,-6.,13.829078869472));
#10562 = CARTESIAN_POINT('',(-2.463798951225,-6.,14.));
#10563 = PCURVE('',#10240,#10564);
#10564 = DEFINITIONAL_REPRESENTATION('',(#10565),#10584);
#10565 = B_SPLINE_CURVE_WITH_KNOTS('',9,(#10566,#10567,#10568,#10569,
    #10570,#10571,#10572,#10573,#10574,#10575,#10576,#10577,#10578,
    #10579,#10580,#10581,#10582,#10583),.UNSPECIFIED.,.F.,.F.,(10,8,10),
  (7.60854487188,8.434612995559,9.260681119238),.UNSPECIFIED.);
#10566 = CARTESIAN_POINT('',(1.13E-15,1.8551958049));
#10567 = CARTESIAN_POINT('',(0.162353088448,1.8551958049));
#10568 = CARTESIAN_POINT('',(0.324727881094,1.798037247029));
#10569 = CARTESIAN_POINT('',(0.478417667164,1.684949761791));
#10570 = CARTESIAN_POINT('',(0.615970231561,1.523725219079));
#10571 = CARTESIAN_POINT('',(0.729300446953,1.347960622954));
#10572 = CARTESIAN_POINT('',(0.828597247213,1.175020057021));
#10573 = CARTESIAN_POINT('',(0.914703912562,1.007589234472));
#10574 = CARTESIAN_POINT('',(0.991904792404,0.848573611092));
#10575 = CARTESIAN_POINT('',(1.132529966428,0.546425985021));
#10576 = CARTESIAN_POINT('',(1.195983402165,0.403385010991));
#10577 = CARTESIAN_POINT('',(1.254944782203,0.267901080865));
#10578 = CARTESIAN_POINT('',(1.310742845586,0.139451498529));
#10579 = CARTESIAN_POINT('',(1.364768548648,1.366818591508E-02));
#10580 = CARTESIAN_POINT('',(1.417019040634,-0.107045050892));
#10581 = CARTESIAN_POINT('',(1.468635049376,-0.226922004758));
#10582 = CARTESIAN_POINT('',(1.519707239299,-0.345323625225));
#10583 = CARTESIAN_POINT('',(1.570796326795,-0.463798951225));
#10584 = ( GEOMETRIC_REPRESENTATION_CONTEXT(2) 
PARAMETRIC_REPRESENTATION_CONTEXT() REPRESENTATION_CONTEXT('2D SPACE',''
  ) );
#10585 = PCURVE('',#10586,#10629);
#10586 = ( BOUNDED_SURFACE() B_SPLINE_SURFACE(2,13,(
    (#10587,#10588,#10589,#10590,#10591,#10592,#10593,#10594,#10595
      ,#10596,#10597,#10598,#10599,#10600)
    ,(#10601,#10602,#10603,#10604,#10605,#10606,#10607,#10608,#10609
      ,#10610,#10611,#10612,#10613,#10614)
    ,(#10615,#10616,#10617,#10618,#10619,#10620,#10621,#10622,#10623
      ,#10624,#10625,#10626,#10627,#10628
)),.UNSPECIFIED.,.F.,.F.,.F.) B_SPLINE_SURFACE_WITH_KNOTS((3,3),(14,14),
  (0.,1.652136247358),(7.60854487188,9.260681119238),
.PIECEWISE_BEZIER_KNOTS.) GEOMETRIC_REPRESENTATION_ITEM() 
RATIONAL_B_SPLINE_SURFACE((
    (1.,1.,1.000000000001,0.999999999997,1.000000000006,0.999999999991
      ,1.000000000011,0.99999999999,1.000000000007,0.999999999996
      ,1.000000000002,0.999999999999,1.,1.)
    ,(0.907177557446,0.907177557445,0.915618640191,0.932084900476
      ,0.954245884362,0.969840261662,0.972386436328,0.988441453655
      ,0.987549706303,0.995194372402,0.996842846122,0.999078403797,1.,1.
      )
    ,(1.,1.,1.000000000001,0.999999999997,1.000000000006,0.999999999991
      ,1.000000000011,0.99999999999,1.000000000007,0.999999999996
,1.000000000002,0.999999999999,1.,1.
  ))) REPRESENTATION_ITEM('') SURFACE() );
#10587 = CARTESIAN_POINT('',(-3.198349336576,-5.,11.583768965865));
#10588 = CARTESIAN_POINT('',(-3.198349336576,-5.224796584004,
    11.583768965864));
#10589 = CARTESIAN_POINT('',(-3.17232049427,-5.449687607496,
    11.699761566799));
#10590 = CARTESIAN_POINT('',(-3.118346628824,-5.638890699803,
    11.928892114899));
#10591 = CARTESIAN_POINT('',(-3.049740485402,-5.766783910269,
    12.239189968882));
#10592 = CARTESIAN_POINT('',(-2.918522554369,-5.790732661969,
    12.517920258227));
#10593 = CARTESIAN_POINT('',(-2.891065123993,-5.898716466506,
    12.680602335531));
#10594 = CARTESIAN_POINT('',(-2.783072834762,-5.896156915502,
    12.961210582975));
#10595 = CARTESIAN_POINT('',(-2.742104807713,-5.952751607949,
    13.10315250555));
#10596 = CARTESIAN_POINT('',(-2.673472306332,-5.96396368182,
    13.315572953712));
#10597 = CARTESIAN_POINT('',(-2.621398141752,-5.984504204227,
    13.482835496603));
#10598 = CARTESIAN_POINT('',(-2.567647712629,-5.994482701606,
    13.658452136896));
#10599 = CARTESIAN_POINT('',(-2.515760117405,-6.,13.829078869472));
#10600 = CARTESIAN_POINT('',(-2.463798951225,-6.,14.));
#10601 = CARTESIAN_POINT('',(-2.,-5.,13.));
#10602 = CARTESIAN_POINT('',(-2.,-5.120829933531,13.));
#10603 = CARTESIAN_POINT('',(-2.001765962756,-5.239388668034,
    13.00380760403));
#10604 = CARTESIAN_POINT('',(-2.006429973167,-5.361000168074,
    13.013863707859));
#10605 = CARTESIAN_POINT('',(-2.01348108939,-5.485374604871,
    13.029066666408));
#10606 = CARTESIAN_POINT('',(-2.050415780782,-5.638217152774,
    13.108701799858));
#10607 = CARTESIAN_POINT('',(-2.097918445648,-5.697334301833,
    13.211122611224));
#10608 = CARTESIAN_POINT('',(-2.132862864013,-5.812268674501,
    13.286466503737));
#10609 = CARTESIAN_POINT('',(-2.192977032934,-5.86124281902,
    13.416079062791));
#10610 = CARTESIAN_POINT('',(-2.239655769984,-5.9230890758,
    13.516723397805));
#10611 = CARTESIAN_POINT('',(-2.296518286927,-5.960076562117,
    13.63932504838));
#10612 = CARTESIAN_POINT('',(-2.351532747398,-5.98695200281,
    13.757942092082));
#10613 = CARTESIAN_POINT('',(-2.407758154777,-6.,13.879170066469));
#10614 = CARTESIAN_POINT('',(-2.463798951225,-6.,14.));
#10615 = CARTESIAN_POINT('',(-0.1448041951,-5.,13.));
#10616 = CARTESIAN_POINT('',(-0.144804195099,-5.224796584005,13.));
#10617 = CARTESIAN_POINT('',(-0.250164484599,-5.449687607496,
    13.055054459401));
#10618 = CARTESIAN_POINT('',(-0.459943602206,-5.638890699804,
    13.161856650577));
#10619 = CARTESIAN_POINT('',(-0.741136334369,-5.766783910268,
    13.309918152926));
#10620 = CARTESIAN_POINT('',(-1.038674419082,-5.790732661971,
    13.389791851834));
#10621 = CARTESIAN_POINT('',(-1.180599599861,-5.898716466504,
    13.473914451731));
#10622 = CARTESIAN_POINT('',(-1.464568868931,-5.896156915504,
    13.572731339512));
#10623 = CARTESIAN_POINT('',(-1.599388365123,-5.952751607947,
    13.633143193172));
#10624 = CARTESIAN_POINT('',(-1.80587985379,-5.963963681821,
    13.717961423291));
#10625 = CARTESIAN_POINT('',(-1.967202687666,-5.984504204227,
    13.786250662104));
#10626 = CARTESIAN_POINT('',(-2.135985695021,-5.994482701607,
    13.858656527946));
#10627 = CARTESIAN_POINT('',(-2.299756192149,-6.,13.929261263466));
#10628 = CARTESIAN_POINT('',(-2.463798951225,-6.,14.));
#10629 = DEFINITIONAL_REPRESENTATION('',(#10630),#10634);
#10630 = LINE('',#10631,#10632);
#10631 = CARTESIAN_POINT('',(0.,0.));
#10632 = VECTOR('',#10633,1.);
#10633 = DIRECTION('',(0.,1.));
#10634 = ( GEOMETRIC_REPRESENTATION_CONTEXT(2) 
PARAMETRIC_REPRESENTATION_CONTEXT() REPRESENTATION_CONTEXT('2D SPACE',''
  ) );
#10635 = ORIENTED_EDGE('',*,*,#10636,.T.);
#10636 = EDGE_CURVE('',#10545,#10161,#10637,.T.);
#10637 = SURFACE_CURVE('',#10638,(#10642,#10649),.PCURVE_S1.);
#10638 = LINE('',#10639,#10640);
#10639 = CARTESIAN_POINT('',(-2.763386285369,-6.,13.645942241466));
#10640 = VECTOR('',#10641,1.);
#10641 = DIRECTION('',(-0.645942241466,1.4E-16,-0.763386285369));
#10642 = PCURVE('',#10240,#10643);
#10643 = DEFINITIONAL_REPRESENTATION('',(#10644),#10648);
#10644 = LINE('',#10645,#10646);
#10645 = CARTESIAN_POINT('',(1.570796326795,0.));
#10646 = VECTOR('',#10647,1.);
#10647 = DIRECTION('',(0.,1.));
#10648 = ( GEOMETRIC_REPRESENTATION_CONTEXT(2) 
PARAMETRIC_REPRESENTATION_CONTEXT() REPRESENTATION_CONTEXT('2D SPACE',''
  ) );
#10649 = PCURVE('',#668,#10650);
#10650 = DEFINITIONAL_REPRESENTATION('',(#10651),#10655);
#10651 = LINE('',#10652,#10653);
#10652 = CARTESIAN_POINT('',(-2.763386285369,2.552836392941));
#10653 = VECTOR('',#10654,1.);
#10654 = DIRECTION('',(-0.645942241466,-0.763386285369));
#10655 = ( GEOMETRIC_REPRESENTATION_CONTEXT(2) 
PARAMETRIC_REPRESENTATION_CONTEXT() REPRESENTATION_CONTEXT('2D SPACE',''
  ) );
#10656 = ORIENTED_EDGE('',*,*,#10216,.T.);
#10657 = ADVANCED_FACE('',(#10658),#10497,.T.);
#10658 = FACE_BOUND('',#10659,.T.);
#10659 = EDGE_LOOP('',(#10660,#10683,#10684,#10707));
#10660 = ORIENTED_EDGE('',*,*,#10661,.T.);
#10661 = EDGE_CURVE('',#10662,#10293,#10664,.T.);
#10662 = VERTEX_POINT('',#10663);
#10663 = CARTESIAN_POINT('',(-3.198349336576,-4.,11.583768965865));
#10664 = SURFACE_CURVE('',#10665,(#10669,#10676),.PCURVE_S1.);
#10665 = LINE('',#10666,#10667);
#10666 = CARTESIAN_POINT('',(-2.,-4.,13.));
#10667 = VECTOR('',#10668,1.);
#10668 = DIRECTION('',(-0.645942241466,1.4E-16,-0.763386285369));
#10669 = PCURVE('',#10497,#10670);
#10670 = DEFINITIONAL_REPRESENTATION('',(#10671),#10675);
#10671 = LINE('',#10672,#10673);
#10672 = CARTESIAN_POINT('',(1.570796326795,0.));
#10673 = VECTOR('',#10674,1.);
#10674 = DIRECTION('',(0.,1.));
#10675 = ( GEOMETRIC_REPRESENTATION_CONTEXT(2) 
PARAMETRIC_REPRESENTATION_CONTEXT() REPRESENTATION_CONTEXT('2D SPACE',''
  ) );
#10676 = PCURVE('',#10308,#10677);
#10677 = DEFINITIONAL_REPRESENTATION('',(#10678),#10682);
#10678 = LINE('',#10679,#10680);
#10679 = CARTESIAN_POINT('',(1.23604644912E-15,-4.));
#10680 = VECTOR('',#10681,1.);
#10681 = DIRECTION('',(-1.,1.7E-16));
#10682 = ( GEOMETRIC_REPRESENTATION_CONTEXT(2) 
PARAMETRIC_REPRESENTATION_CONTEXT() REPRESENTATION_CONTEXT('2D SPACE',''
  ) );
#10683 = ORIENTED_EDGE('',*,*,#10476,.T.);
#10684 = ORIENTED_EDGE('',*,*,#10685,.F.);
#10685 = EDGE_CURVE('',#10686,#10426,#10688,.T.);
#10686 = VERTEX_POINT('',#10687);
#10687 = CARTESIAN_POINT('',(-3.8551958049,-2.E-15,17.));
#10688 = SURFACE_CURVE('',#10689,(#10693,#10700),.PCURVE_S1.);
#10689 = LINE('',#10690,#10691);
#10690 = CARTESIAN_POINT('',(-5.053545141476,2.55E-15,15.583768965865));
#10691 = VECTOR('',#10692,1.);
#10692 = DIRECTION('',(-0.645942241466,1.4E-16,-0.763386285369));
#10693 = PCURVE('',#10497,#10694);
#10694 = DEFINITIONAL_REPRESENTATION('',(#10695),#10699);
#10695 = LINE('',#10696,#10697);
#10696 = CARTESIAN_POINT('',(0.,0.));
#10697 = VECTOR('',#10698,1.);
#10698 = DIRECTION('',(0.,1.));
#10699 = ( GEOMETRIC_REPRESENTATION_CONTEXT(2) 
PARAMETRIC_REPRESENTATION_CONTEXT() REPRESENTATION_CONTEXT('2D SPACE',''
  ) );
#10700 = PCURVE('',#100,#10701);
#10701 = DEFINITIONAL_REPRESENTATION('',(#10702),#10706);
#10702 = LINE('',#10703,#10704);
#10703 = CARTESIAN_POINT('',(5.053545141476,7.430485395942));
#10704 = VECTOR('',#10705,1.);
#10705 = DIRECTION('',(0.645942241466,-0.763386285369));
#10706 = ( GEOMETRIC_REPRESENTATION_CONTEXT(2) 
PARAMETRIC_REPRESENTATION_CONTEXT() REPRESENTATION_CONTEXT('2D SPACE',''
  ) );
#10707 = ORIENTED_EDGE('',*,*,#10708,.T.);
#10708 = EDGE_CURVE('',#10686,#10662,#10709,.T.);
#10709 = SURFACE_CURVE('',#10710,(#10721,#10735),.PCURVE_S1.);
#10710 = ( BOUNDED_CURVE() B_SPLINE_CURVE(9,(#10711,#10712,#10713,#10714
    ,#10715,#10716,#10717,#10718,#10719,#10720),.UNSPECIFIED.,.F.,.F.) 
B_SPLINE_CURVE_WITH_KNOTS((10,10),(0.,6.60854487188),
.PIECEWISE_BEZIER_KNOTS.) CURVE() GEOMETRIC_REPRESENTATION_ITEM() 
RATIONAL_B_SPLINE_CURVE((1.,1.,1.,1.,1.,1.,1.,1.,1.,1.)) 
REPRESENTATION_ITEM('') );
#10711 = CARTESIAN_POINT('',(-3.855195985366,1.97E-15,16.999999786723));
#10712 = CARTESIAN_POINT('',(-3.757797460598,-3.9547504E-09,
    16.196870579229));
#10713 = CARTESIAN_POINT('',(-3.660214696722,-9.896707641033E-02,
    15.39296409706));
#10714 = CARTESIAN_POINT('',(-3.565704082349,-0.296989012561,
    14.605423259694));
#10715 = CARTESIAN_POINT('',(-3.470803233579,-0.59726740047,
    13.820735502538));
#10716 = CARTESIAN_POINT('',(-3.389021597059,-1.020710633136,
    13.113012569835));
#10717 = CARTESIAN_POINT('',(-3.305309423137,-1.549916729532,
    12.402930254974));
#10718 = CARTESIAN_POINT('',(-3.233192722133,-2.304060087636,
    11.854786760588));
#10719 = CARTESIAN_POINT('',(-3.198349336576,-3.151697458868,
    11.583768965865));
#10720 = CARTESIAN_POINT('',(-3.198349336576,-4.,11.583768965865));
#10721 = PCURVE('',#10497,#10722);
#10722 = DEFINITIONAL_REPRESENTATION('',(#10723),#10734);
#10723 = B_SPLINE_CURVE_WITH_KNOTS('',9,(#10724,#10725,#10726,#10727,
    #10728,#10729,#10730,#10731,#10732,#10733),.UNSPECIFIED.,.F.,.F.,(10
    ,10),(0.,6.60854487188),.PIECEWISE_BEZIER_KNOTS.);
#10724 = CARTESIAN_POINT('',(6.66763289E-09,-1.855195583022));
#10725 = CARTESIAN_POINT('',(0.148281941041,-1.305011537839));
#10726 = CARTESIAN_POINT('',(0.29659035138,-0.754310028982));
#10727 = CARTESIAN_POINT('',(0.447365590563,-0.214388090952));
#10728 = CARTESIAN_POINT('',(0.603711391218,0.323876420632));
#10729 = CARTESIAN_POINT('',(0.768464895112,0.810561850676));
#10730 = CARTESIAN_POINT('',(0.94508165951,1.299188518342));
#10731 = CARTESIAN_POINT('',(1.146721719569,1.670745262819));
#10732 = CARTESIAN_POINT('',(1.358720691512,1.8551958049));
#10733 = CARTESIAN_POINT('',(1.570796326795,1.8551958049));
#10734 = ( GEOMETRIC_REPRESENTATION_CONTEXT(2) 
PARAMETRIC_REPRESENTATION_CONTEXT() REPRESENTATION_CONTEXT('2D SPACE',''
  ) );
#10735 = PCURVE('',#10736,#10767);
#10736 = ( BOUNDED_SURFACE() B_SPLINE_SURFACE(2,9,(
    (#10737,#10738,#10739,#10740,#10741,#10742,#10743,#10744,#10745
      ,#10746)
    ,(#10747,#10748,#10749,#10750,#10751,#10752,#10753,#10754,#10755
      ,#10756)
    ,(#10757,#10758,#10759,#10760,#10761,#10762,#10763,#10764,#10765
,#10766
    )),.UNSPECIFIED.,.F.,.F.,.F.) B_SPLINE_SURFACE_WITH_KNOTS((3,3),(10,
    10),(0.,6.60854487188),(0.,6.60854487188),.PIECEWISE_BEZIER_KNOTS.) 
GEOMETRIC_REPRESENTATION_ITEM() RATIONAL_B_SPLINE_SURFACE((
    (1.,1.,1.,1.,1.,1.,1.,1.,1.,1.)
    ,(1.,1.,0.995565821955,0.987146893323,0.973173542252,0.958247012494
      ,0.93613704886,0.916685709832,0.907177557446,0.907177557446)
,(1.,1.,1.,1.,1.,1.,1.,1.,1.,1.))) REPRESENTATION_ITEM('') SURFACE() );
#10737 = CARTESIAN_POINT('',(-3.855195985366,1.97E-15,16.999999786723));
#10738 = CARTESIAN_POINT('',(-3.757797460598,-3.9547504E-09,
    16.196870579229));
#10739 = CARTESIAN_POINT('',(-3.660214696722,-9.896707641033E-02,
    15.39296409706));
#10740 = CARTESIAN_POINT('',(-3.565704082349,-0.296989012561,
    14.605423259694));
#10741 = CARTESIAN_POINT('',(-3.470803233579,-0.59726740047,
    13.820735502538));
#10742 = CARTESIAN_POINT('',(-3.389021597059,-1.020710633136,
    13.113012569835));
#10743 = CARTESIAN_POINT('',(-3.305309423137,-1.549916729532,
    12.402930254974));
#10744 = CARTESIAN_POINT('',(-3.233192722133,-2.304060087636,
    11.854786760588));
#10745 = CARTESIAN_POINT('',(-3.198349336576,-3.151697458868,
    11.583768965865));
#10746 = CARTESIAN_POINT('',(-3.198349336576,-4.,11.583768965865));
#10747 = CARTESIAN_POINT('',(-3.85519589328,8.6E-16,16.999999829432));
#10748 = CARTESIAN_POINT('',(-3.531404630408,-1.34343145E-08,
    16.301871336436));
#10749 = CARTESIAN_POINT('',(-3.205001019859,-0.13448301072,
    15.598114004237));
#10750 = CARTESIAN_POINT('',(-2.888955698298,-0.407419146183,
    14.916675611096));
#10751 = CARTESIAN_POINT('',(-2.605644016762,-0.814216734638,
    14.305843071936));
#10752 = CARTESIAN_POINT('',(-2.355982402402,-1.334212544829,
    13.767528072873));
#10753 = CARTESIAN_POINT('',(-2.174924221049,-1.970538789659,
    13.377159043164));
#10754 = CARTESIAN_POINT('',(-2.060273125214,-2.61781891137,
    13.129954437624));
#10755 = CARTESIAN_POINT('',(-2.,-3.301871507004,13.));
#10756 = CARTESIAN_POINT('',(-2.,-4.,13.));
#10757 = CARTESIAN_POINT('',(-3.8551958049,1.97E-15,17.));
#10758 = CARTESIAN_POINT('',(-3.305011800218,-2.291388237E-08,
    16.406872093643));
#10759 = CARTESIAN_POINT('',(-2.754350662666,-9.896700531356E-02,
    15.813102886007));
#10760 = CARTESIAN_POINT('',(-2.214209478532,-0.296989149677,
    15.232245039531));
#10761 = CARTESIAN_POINT('',(-1.676476872076,-0.597267237963,
    14.652942187158));
#10762 = CARTESIAN_POINT('',(-1.189050337509,-1.020710755016,
    14.13335693274));
#10763 = CARTESIAN_POINT('',(-0.701047957877,-1.549916674686,
    13.610783991278));
#10764 = CARTESIAN_POINT('',(-0.329189241586,-2.304060099486,
    13.20166052922));
#10765 = CARTESIAN_POINT('',(-0.1448041951,-3.151697458868,13.));
#10766 = CARTESIAN_POINT('',(-0.1448041951,-4.,13.));
#10767 = DEFINITIONAL_REPRESENTATION('',(#10768),#10772);
#10768 = LINE('',#10769,#10770);
#10769 = CARTESIAN_POINT('',(0.,0.));
#10770 = VECTOR('',#10771,1.);
#10771 = DIRECTION('',(0.,1.));
#10772 = ( GEOMETRIC_REPRESENTATION_CONTEXT(2) 
PARAMETRIC_REPRESENTATION_CONTEXT() REPRESENTATION_CONTEXT('2D SPACE',''
  ) );
#10773 = ADVANCED_FACE('',(#10774),#10308,.F.);
#10774 = FACE_BOUND('',#10775,.T.);
#10775 = EDGE_LOOP('',(#10776,#10777,#10778,#10779));
#10776 = ORIENTED_EDGE('',*,*,#10521,.T.);
#10777 = ORIENTED_EDGE('',*,*,#10292,.T.);
#10778 = ORIENTED_EDGE('',*,*,#10661,.F.);
#10779 = ORIENTED_EDGE('',*,*,#10780,.T.);
#10780 = EDGE_CURVE('',#10662,#10522,#10781,.T.);
#10781 = SURFACE_CURVE('',#10782,(#10786,#10793),.PCURVE_S1.);
#10782 = LINE('',#10783,#10784);
#10783 = CARTESIAN_POINT('',(-3.198349336576,-4.,11.583768965865));
#10784 = VECTOR('',#10785,1.);
#10785 = DIRECTION('',(-2.2E-16,-1.,4.4E-16));
#10786 = PCURVE('',#10308,#10787);
#10787 = DEFINITIONAL_REPRESENTATION('',(#10788),#10792);
#10788 = LINE('',#10789,#10790);
#10789 = CARTESIAN_POINT('',(-1.8551958049,-4.));
#10790 = VECTOR('',#10791,1.);
#10791 = DIRECTION('',(1.637826724399E-16,-1.));
#10792 = ( GEOMETRIC_REPRESENTATION_CONTEXT(2) 
PARAMETRIC_REPRESENTATION_CONTEXT() REPRESENTATION_CONTEXT('2D SPACE',''
  ) );
#10793 = PCURVE('',#10794,#10799);
#10794 = CYLINDRICAL_SURFACE('',#10795,4.);
#10795 = AXIS2_PLACEMENT_3D('',#10796,#10797,#10798);
#10796 = CARTESIAN_POINT('',(-0.1448041951,-4.,9.));
#10797 = DIRECTION('',(-2.2E-16,-1.,4.4E-16));
#10798 = DIRECTION('',(-0.763386285369,4.521595690263E-16,0.645942241466
    ));
#10799 = DEFINITIONAL_REPRESENTATION('',(#10800),#10804);
#10800 = LINE('',#10801,#10802);
#10801 = CARTESIAN_POINT('',(-0.,0.));
#10802 = VECTOR('',#10803,1.);
#10803 = DIRECTION('',(-0.,1.));
#10804 = ( GEOMETRIC_REPRESENTATION_CONTEXT(2) 
PARAMETRIC_REPRESENTATION_CONTEXT() REPRESENTATION_CONTEXT('2D SPACE',''
  ) );
#10805 = ADVANCED_FACE('',(#10806),#9793,.F.);
#10806 = FACE_BOUND('',#10807,.F.);
#10807 = EDGE_LOOP('',(#10808,#10809,#10832,#10938));
#10808 = ORIENTED_EDGE('',*,*,#9917,.T.);
#10809 = ORIENTED_EDGE('',*,*,#10810,.T.);
#10810 = EDGE_CURVE('',#9833,#10811,#10813,.T.);
#10811 = VERTEX_POINT('',#10812);
#10812 = CARTESIAN_POINT('',(-70.,1.4E-14,6.));
#10813 = SURFACE_CURVE('',#10814,(#10818,#10825),.PCURVE_S1.);
#10814 = LINE('',#10815,#10816);
#10815 = CARTESIAN_POINT('',(-70.,1.532E-14,1.));
#10816 = VECTOR('',#10817,1.);
#10817 = DIRECTION('',(-2.2E-16,0.,1.));
#10818 = PCURVE('',#9793,#10819);
#10819 = DEFINITIONAL_REPRESENTATION('',(#10820),#10824);
#10820 = LINE('',#10821,#10822);
#10821 = CARTESIAN_POINT('',(1.570796326795,0.));
#10822 = VECTOR('',#10823,1.);
#10823 = DIRECTION('',(0.,1.));
#10824 = ( GEOMETRIC_REPRESENTATION_CONTEXT(2) 
PARAMETRIC_REPRESENTATION_CONTEXT() REPRESENTATION_CONTEXT('2D SPACE',''
  ) );
#10825 = PCURVE('',#100,#10826);
#10826 = DEFINITIONAL_REPRESENTATION('',(#10827),#10831);
#10827 = LINE('',#10828,#10829);
#10828 = CARTESIAN_POINT('',(70.000000000004,-7.153283569923));
#10829 = VECTOR('',#10830,1.);
#10830 = DIRECTION('',(2.2E-16,1.));
#10831 = ( GEOMETRIC_REPRESENTATION_CONTEXT(2) 
PARAMETRIC_REPRESENTATION_CONTEXT() REPRESENTATION_CONTEXT('2D SPACE',''
  ) );
#10832 = ORIENTED_EDGE('',*,*,#10833,.F.);
#10833 = EDGE_CURVE('',#9778,#10811,#10834,.T.);
#10834 = SURFACE_CURVE('',#10835,(#10840,#10847),.PCURVE_S1.);
#10835 = CIRCLE('',#10836,5.);
#10836 = AXIS2_PLACEMENT_3D('',#10837,#10838,#10839);
#10837 = CARTESIAN_POINT('',(-70.,5.,6.));
#10838 = DIRECTION('',(-2.2E-16,0.,1.));
#10839 = DIRECTION('',(-1.,2.2E-16,-2.2E-16));
#10840 = PCURVE('',#9793,#10841);
#10841 = DEFINITIONAL_REPRESENTATION('',(#10842),#10846);
#10842 = LINE('',#10843,#10844);
#10843 = CARTESIAN_POINT('',(0.,5.));
#10844 = VECTOR('',#10845,1.);
#10845 = DIRECTION('',(1.,0.));
#10846 = ( GEOMETRIC_REPRESENTATION_CONTEXT(2) 
PARAMETRIC_REPRESENTATION_CONTEXT() REPRESENTATION_CONTEXT('2D SPACE',''
  ) );
#10847 = PCURVE('',#10848,#10909);
#10848 = ( BOUNDED_SURFACE() B_SPLINE_SURFACE(2,10,(
    (#10849,#10850,#10851,#10852,#10853,#10854,#10855,#10856,#10857
      ,#10858,#10859,#10860,#10861,#10862,#10863,#10864,#10865,#10866
      ,#10867,#10868)
    ,(#10869,#10870,#10871,#10872,#10873,#10874,#10875,#10876,#10877
      ,#10878,#10879,#10880,#10881,#10882,#10883,#10884,#10885,#10886
      ,#10887,#10888)
    ,(#10889,#10890,#10891,#10892,#10893,#10894,#10895,#10896,#10897
      ,#10898,#10899,#10900,#10901,#10902,#10903,#10904,#10905,#10906
      ,#10907,#10908
)),.UNSPECIFIED.,.F.,.F.,.F.) B_SPLINE_SURFACE_WITH_KNOTS((3,3),(11,9,11
    ),(0.,7.640395561405),(6.910098894519,10.730296675221,
14.550494455924),.UNSPECIFIED.) GEOMETRIC_REPRESENTATION_ITEM() 
RATIONAL_B_SPLINE_SURFACE((
    (1.,1.,1.,1.,1.,1.,1.,1.,1.,1.,1.,1.,1.,1.,1.,1.,1.,1.,1.,1.)
    ,(0.707106781187,0.707106781187,0.724164697322,0.757362158266
      ,0.803367272802,0.833856347702,0.863001955141,0.88624371892
      ,0.90589728812,0.922552019146,0.950868920564,0.962538285723
      ,0.972257128299,0.980341286805,0.986961302471,0.992202450245
      ,0.996107373641,0.998701323399,1.,1.)
    ,(1.,1.,1.,1.,1.,1.,1.,1.,1.,1.,1.,1.,1.,1.,1.,1.,1.,1.,1.,1.
))) REPRESENTATION_ITEM('') SURFACE() );
#10849 = CARTESIAN_POINT('',(-75.,5.,6.));
#10850 = CARTESIAN_POINT('',(-75.,5.,6.706855109613));
#10851 = CARTESIAN_POINT('',(-75.13883003761,4.740610171102,
    7.412803455998));
#10852 = CARTESIAN_POINT('',(-75.41521247048,4.228381017449,
    8.029091179395));
#10853 = CARTESIAN_POINT('',(-75.76653477343,3.531735481043,
    8.424152681567));
#10854 = CARTESIAN_POINT('',(-75.97994613062,2.960178595433,
    8.695313354921));
#10855 = CARTESIAN_POINT('',(-76.24831826861,2.380062680013,
    8.942017866994));
#10856 = CARTESIAN_POINT('',(-76.45758204603,1.853471832667,
    9.113407607488));
#10857 = CARTESIAN_POINT('',(-76.67132401146,1.350828915266,
    9.268290411253));
#10858 = CARTESIAN_POINT('',(-76.87349927441,0.869976741699,
    9.395442267935));
#10859 = CARTESIAN_POINT('',(-77.26932752542,-6.157145922867E-02,
    9.613281931507));
#10860 = CARTESIAN_POINT('',(-77.46249984727,-0.512164286364,
    9.703490904421));
#10861 = CARTESIAN_POINT('',(-77.65371769997,-0.953833518205,
    9.77941250246));
#10862 = CARTESIAN_POINT('',(-77.84456457705,-1.390851778345,
    9.843243906189));
#10863 = CARTESIAN_POINT('',(-78.03580993975,-1.825904338656,
    9.895901959441));
#10864 = CARTESIAN_POINT('',(-78.22771769796,-2.260464621528,
    9.93771556584));
#10865 = CARTESIAN_POINT('',(-78.42027336347,-2.695147501651,
    9.968864515173));
#10866 = CARTESIAN_POINT('',(-78.61332987549,-3.130040407316,
    9.989564739579));
#10867 = CARTESIAN_POINT('',(-78.80667209834,-3.565012221258,
    9.999999999592));
#10868 = CARTESIAN_POINT('',(-78.99999998629,-3.999999986292,10.));
#10869 = CARTESIAN_POINT('',(-75.,1.799E-14,6.));
#10870 = CARTESIAN_POINT('',(-75.,2.669E-14,6.314157826495));
#10871 = CARTESIAN_POINT('',(-74.98457214884,1.542785116391E-02,
    6.614566150774));
#10872 = CARTESIAN_POINT('',(-74.95964543695,4.035456304643E-02,
    6.921592682979));
#10873 = CARTESIAN_POINT('',(-74.94701655089,5.298344910981E-02,
    7.299763367795));
#10874 = CARTESIAN_POINT('',(-75.09113308877,-9.113308876956E-02,
    7.67769465076));
#10875 = CARTESIAN_POINT('',(-75.22501157239,-0.225011572394,
    7.974975272477));
#10876 = CARTESIAN_POINT('',(-75.41743837992,-0.417438379918,
    8.273911159964));
#10877 = CARTESIAN_POINT('',(-75.62535566669,-0.625355666695,
    8.529296493072));
#10878 = CARTESIAN_POINT('',(-75.85496433038,-0.854964330376,
    8.762380922104));
#10879 = CARTESIAN_POINT('',(-76.33914241809,-1.339142418093,
    9.171727222657));
#10880 = CARTESIAN_POINT('',(-76.59563780828,-1.595637808283,
    9.352214208023));
#10881 = CARTESIAN_POINT('',(-76.86693673537,-1.866936735366,
    9.511616099845));
#10882 = CARTESIAN_POINT('',(-77.15072622428,-2.150726224277,
    9.649591088635));
#10883 = CARTESIAN_POINT('',(-77.44507351726,-2.445073517258,
    9.765629522979));
#10884 = CARTESIAN_POINT('',(-77.74803973701,-2.748039737011,
    9.859161198859));
#10885 = CARTESIAN_POINT('',(-78.05746159533,-3.057461595327,
    9.92963982877));
#10886 = CARTESIAN_POINT('',(-78.37090911434,-3.370909114339,
    9.976641200248));
#10887 = CARTESIAN_POINT('',(-78.6858421598,-3.685842159797,
    9.999999999592));
#10888 = CARTESIAN_POINT('',(-78.99999998629,-3.999999986292,10.));
#10889 = CARTESIAN_POINT('',(-70.,1.643E-14,6.));
#10890 = CARTESIAN_POINT('',(-70.,-1.126E-14,6.706855109613));
#10891 = CARTESIAN_POINT('',(-70.2593898289,-0.138830037605,
    7.412803455998));
#10892 = CARTESIAN_POINT('',(-70.77161898255,-0.415212470479,
    8.029091179395));
#10893 = CARTESIAN_POINT('',(-71.46826451896,-0.76653477343,
    8.424152681567));
#10894 = CARTESIAN_POINT('',(-72.03982140457,-0.979946130617,
    8.695313354921));
#10895 = CARTESIAN_POINT('',(-72.61993731999,-1.248318268614,
    8.942017866993));
#10896 = CARTESIAN_POINT('',(-73.14652816733,-1.457582046033,
    9.113407607488));
#10897 = CARTESIAN_POINT('',(-73.64917108473,-1.671324011457,
    9.268290411253));
#10898 = CARTESIAN_POINT('',(-74.1300232583,-1.873499274406,
    9.395442267935));
#10899 = CARTESIAN_POINT('',(-75.06157145923,-2.269327525417,
    9.613281931507));
#10900 = CARTESIAN_POINT('',(-75.51216428636,-2.462499847268,
    9.703490904421));
#10901 = CARTESIAN_POINT('',(-75.9538335182,-2.653717699972,
    9.77941250246));
#10902 = CARTESIAN_POINT('',(-76.39085177834,-2.844564577054,
    9.84324390619));
#10903 = CARTESIAN_POINT('',(-76.82590433866,-3.035809939751,
    9.895901959441));
#10904 = CARTESIAN_POINT('',(-77.26046462153,-3.227717697958,
    9.93771556584));
#10905 = CARTESIAN_POINT('',(-77.69514750165,-3.420273363476,
    9.968864515173));
#10906 = CARTESIAN_POINT('',(-78.13004040732,-3.613329875486,
    9.98956473958));
#10907 = CARTESIAN_POINT('',(-78.56501222126,-3.806672098337,
    9.999999999592));
#10908 = CARTESIAN_POINT('',(-78.99999998629,-3.999999986292,10.));
#10909 = DEFINITIONAL_REPRESENTATION('',(#10910),#10937);
#10910 = B_SPLINE_CURVE_WITH_KNOTS('',7,(#10911,#10912,#10913,#10914,
    #10915,#10916,#10917,#10918,#10919,#10920,#10921,#10922,#10923,
    #10924,#10925,#10926,#10927,#10928,#10929,#10930,#10931,#10932,
    #10933,#10934,#10935,#10936),.UNSPECIFIED.,.F.,.F.,(8,6,6,6,8),(0.,
    0.392699081699,0.785398163397,1.178097245096,1.570796326795),
  .UNSPECIFIED.);
#10911 = CARTESIAN_POINT('',(-1.33E-15,6.910098894519));
#10912 = CARTESIAN_POINT('',(0.303083777505,6.910098894519));
#10913 = CARTESIAN_POINT('',(0.597950873052,6.910098894519));
#10914 = CARTESIAN_POINT('',(0.885781317873,6.910098894519));
#10915 = CARTESIAN_POINT('',(1.167595654951,6.910098894518));
#10916 = CARTESIAN_POINT('',(1.444305064478,6.910098894519));
#10917 = CARTESIAN_POINT('',(1.716740247048,6.910098894519));
#10918 = CARTESIAN_POINT('',(2.254607969747,6.910098894519));
#10919 = CARTESIAN_POINT('',(2.520040839025,6.910098894519));
#10920 = CARTESIAN_POINT('',(2.782745396333,6.910098894519));
#10921 = CARTESIAN_POINT('',(3.043438193678,6.910098894519));
#10922 = CARTESIAN_POINT('',(3.302801472682,6.910098894519));
#10923 = CARTESIAN_POINT('',(3.561499593906,6.910098894519));
#10924 = CARTESIAN_POINT('',(4.0788959675,6.910098894519));
#10925 = CARTESIAN_POINT('',(4.337594088724,6.910098894519));
#10926 = CARTESIAN_POINT('',(4.596957367727,6.910098894518));
#10927 = CARTESIAN_POINT('',(4.857650165073,6.910098894519));
#10928 = CARTESIAN_POINT('',(5.120354722381,6.910098894519));
#10929 = CARTESIAN_POINT('',(5.385787591658,6.910098894519));
#10930 = CARTESIAN_POINT('',(5.923655314357,6.910098894519));
#10931 = CARTESIAN_POINT('',(6.196090496927,6.910098894519));
#10932 = CARTESIAN_POINT('',(6.472799906455,6.910098894519));
#10933 = CARTESIAN_POINT('',(6.754614243532,6.910098894518));
#10934 = CARTESIAN_POINT('',(7.042444688353,6.910098894519));
#10935 = CARTESIAN_POINT('',(7.3373117839,6.910098894519));
#10936 = CARTESIAN_POINT('',(7.640395561405,6.910098894519));
#10937 = ( GEOMETRIC_REPRESENTATION_CONTEXT(2) 
PARAMETRIC_REPRESENTATION_CONTEXT() REPRESENTATION_CONTEXT('2D SPACE',''
  ) );
#10938 = ORIENTED_EDGE('',*,*,#9777,.F.);
#10939 = ADVANCED_FACE('',(#10940),#9365,.T.);
#10940 = FACE_BOUND('',#10941,.F.);
#10941 = EDGE_LOOP('',(#10942,#10963,#11235,#11236,#11259));
#10942 = ORIENTED_EDGE('',*,*,#10943,.F.);
#10943 = EDGE_CURVE('',#8590,#10811,#10944,.T.);
#10944 = SURFACE_CURVE('',#10945,(#10949,#10956),.PCURVE_S1.);
#10945 = LINE('',#10946,#10947);
#10946 = CARTESIAN_POINT('',(-44.,1.066E-14,6.));
#10947 = VECTOR('',#10948,1.);
#10948 = DIRECTION('',(-1.,2.2E-16,-2.2E-16));
#10949 = PCURVE('',#9365,#10950);
#10950 = DEFINITIONAL_REPRESENTATION('',(#10951),#10955);
#10951 = LINE('',#10952,#10953);
#10952 = CARTESIAN_POINT('',(-0.,0.));
#10953 = VECTOR('',#10954,1.);
#10954 = DIRECTION('',(-0.,1.));
#10955 = ( GEOMETRIC_REPRESENTATION_CONTEXT(2) 
PARAMETRIC_REPRESENTATION_CONTEXT() REPRESENTATION_CONTEXT('2D SPACE',''
  ) );
#10956 = PCURVE('',#100,#10957);
#10957 = DEFINITIONAL_REPRESENTATION('',(#10958),#10962);
#10958 = LINE('',#10959,#10960);
#10959 = CARTESIAN_POINT('',(44.,-2.153283569923));
#10960 = VECTOR('',#10961,1.);
#10961 = DIRECTION('',(1.,-2.2E-16));
#10962 = ( GEOMETRIC_REPRESENTATION_CONTEXT(2) 
PARAMETRIC_REPRESENTATION_CONTEXT() REPRESENTATION_CONTEXT('2D SPACE',''
  ) );
#10963 = ORIENTED_EDGE('',*,*,#10964,.F.);
#10964 = EDGE_CURVE('',#9320,#8590,#10965,.T.);
#10965 = SURFACE_CURVE('',#10966,(#11089,#11228),.PCURVE_S1.);
#10966 = ( BOUNDED_CURVE() B_SPLINE_CURVE(13,(#10967,#10968,#10969,
    #10970,#10971,#10972,#10973,#10974,#10975,#10976,#10977,#10978,
    #10979,#10980,#10981,#10982,#10983,#10984,#10985,#10986,#10987,
    #10988,#10989,#10990,#10991,#10992,#10993,#10994,#10995,#10996,
    #10997,#10998,#10999,#11000,#11001,#11002,#11003,#11004,#11005,
    #11006,#11007,#11008,#11009,#11010,#11011,#11012,#11013,#11014,
    #11015,#11016,#11017,#11018,#11019,#11020,#11021,#11022,#11023,
    #11024,#11025,#11026,#11027,#11028,#11029,#11030,#11031,#11032,
    #11033,#11034,#11035,#11036,#11037,#11038,#11039,#11040,#11041,
    #11042,#11043,#11044,#11045,#11046,#11047,#11048,#11049,#11050,
    #11051,#11052,#11053,#11054,#11055,#11056,#11057,#11058,#11059,
    #11060,#11061,#11062,#11063,#11064,#11065,#11066,#11067,#11068,
    #11069,#11070,#11071,#11072,#11073,#11074,#11075,#11076,#11077,
    #11078,#11079,#11080,#11081,#11082,#11083,#11084,#11085,#11086,
#11087,#11088),.UNSPECIFIED.,.F.,.F.) B_SPLINE_CURVE_WITH_KNOTS((14,12,
    12,12,12,12,12,12,12,12,14),(9.045954789351,10.319381503328,
    10.949664231938,12.610933589512,13.019857284606,13.224319132153,
    13.393797831312,13.411289405506,13.420035192603,13.424408086152,
13.4287809797),.UNSPECIFIED.) CURVE() GEOMETRIC_REPRESENTATION_ITEM() 
RATIONAL_B_SPLINE_CURVE((1.,1.,1.000000000001,0.999999999997,
    1.000000000005,0.999999999993,1.000000000008,0.999999999992,
    1.000000000006,0.999999999997,1.000000000002,0.999999999999,1.,1.,1.
    ,1.000000000001,0.999999999998,1.000000000003,0.999999999996,
    1.000000000004,0.999999999997,1.000000000002,0.999999999999,1.,1.,1.
    ,1.,1.,0.999999999999,1.000000000002,0.999999999998,1.000000000003,
    0.999999999997,1.000000000002,0.999999999999,1.,1.,1.,0.999999999999
    ,1.000000000002,0.999999999997,1.000000000005,0.999999999994,
    1.000000000005,0.999999999996,1.000000000002,0.999999999999,1.,1.,1.
    ,0.999999999999,1.000000000002,0.999999999996,1.000000000006,
    0.999999999993,1.000000000006,0.999999999995,1.000000000003,
    0.999999999998,1.000000000001,1.,1.,0.999999999998,1.000000000007,
    0.999999999987,1.000000000019,0.999999999977,1.000000000021,
    0.999999999984,1.00000000001,0.999999999995,1.000000000002,1.,1.,1.,
    0.999999999999,1.000000000002,0.999999999997,1.000000000004,
    0.999999999996,1.000000000003,0.999999999998,1.000000000001,
    0.999999999999,1.,1.,1.000000000001,0.999999999996,1.000000000008,
    0.999999999988,1.000000000015,0.999999999986,1.000000000011,
    0.999999999993,1.000000000003,0.999999999999,1.,1.,0.999999999999,
    1.000000000002,0.999999999995,1.000000000007,0.999999999991,
    1.000000000009,0.999999999993,1.000000000004,0.999999999998,
    1.000000000001,1.,1.,1.,1.,1.,1.,1.,1.,1.000000000001,1.,1.,1.,1.,1.
)) REPRESENTATION_ITEM('') );
#10967 = CARTESIAN_POINT('',(-46.,-2.000000000041,9.464101615162));
#10968 = CARTESIAN_POINT('',(-46.,-1.913540472694,9.414184183775));
#10969 = CARTESIAN_POINT('',(-45.98783389798,-1.828450524925,
    9.36189005314));
#10970 = CARTESIAN_POINT('',(-45.96542615157,-1.744725777625,
    9.307430267444));
#10971 = CARTESIAN_POINT('',(-45.93413165134,-1.66250082448,
    9.250591227457));
#10972 = CARTESIAN_POINT('',(-45.89509014062,-1.581892834553,
    9.191489114968));
#10973 = CARTESIAN_POINT('',(-45.8493734856,-1.50290417626,
    9.130328622598));
#10974 = CARTESIAN_POINT('',(-45.79798418771,-1.425495491215,
    9.067106906953));
#10975 = CARTESIAN_POINT('',(-45.74177482346,-1.349800069143,
    9.001715975635));
#10976 = CARTESIAN_POINT('',(-45.68136938849,-1.27630979781,
    8.934409010575));
#10977 = CARTESIAN_POINT('',(-45.61717881664,-1.205722384839,
    8.866108422975));
#10978 = CARTESIAN_POINT('',(-45.54961423594,-1.137998970824,
    8.797545726918));
#10979 = CARTESIAN_POINT('',(-45.47961281773,-1.070040676218,
    8.725735611556));
#10980 = CARTESIAN_POINT('',(-45.37495068344,-0.952255604009,
    8.591284687739));
#10981 = CARTESIAN_POINT('',(-45.34176992009,-0.900261547094,
    8.530460638655));
#10982 = CARTESIAN_POINT('',(-45.30685199392,-0.851309450681,
    8.470040120501));
#10983 = CARTESIAN_POINT('',(-45.2703148188,-0.807164536082,
    8.412705323901));
#10984 = CARTESIAN_POINT('',(-45.23289915583,-0.766133604256,
    8.357296896088));
#10985 = CARTESIAN_POINT('',(-45.1950139705,-0.727144893317,
    8.302879842966));
#10986 = CARTESIAN_POINT('',(-45.15670396251,-0.690213375235,
    8.249439524449));
#10987 = CARTESIAN_POINT('',(-45.11793296892,-0.655588467159,
    8.197252066695));
#10988 = CARTESIAN_POINT('',(-45.0787969752,-0.623056593356,
    8.146263996335));
#10989 = CARTESIAN_POINT('',(-45.03950050254,-0.592046494781,
    8.096106384321));
#10990 = CARTESIAN_POINT('',(-45.00015017417,-0.562360643834,
    8.046659268462));
#10991 = CARTESIAN_POINT('',(-44.96063929679,-0.534531582844,
    7.998372606119));
#10992 = CARTESIAN_POINT('',(-44.81694719404,-0.437987380778,
    7.825557590802));
#10993 = CARTESIAN_POINT('',(-44.71259428962,-0.3776368403,
    7.706138313073));
#10994 = CARTESIAN_POINT('',(-44.6087513753,-0.325039178973,
    7.591645730511));
#10995 = CARTESIAN_POINT('',(-44.5057665437,-0.278803884993,
    7.481270733388));
#10996 = CARTESIAN_POINT('',(-44.40375761981,-0.237918536915,
    7.374325461013));
#10997 = CARTESIAN_POINT('',(-44.30270517929,-0.201648584535,
    7.270234405706));
#10998 = CARTESIAN_POINT('',(-44.20252418449,-0.169454973569,
    7.168523188433));
#10999 = CARTESIAN_POINT('',(-44.10311423823,-0.140929614061,
    7.06880500617));
#11000 = CARTESIAN_POINT('',(-44.00438845531,-0.115748692624,
    6.970764750924));
#11001 = CARTESIAN_POINT('',(-43.90628095171,-9.364382838677E-02,
    6.874140800465));
#11002 = CARTESIAN_POINT('',(-43.80873295162,-7.439107277403E-02,
    6.778704480741));
#11003 = CARTESIAN_POINT('',(-43.71165751208,-5.781775301274E-02,
    6.684237199988));
#11004 = CARTESIAN_POINT('',(-43.5910616556,-4.038335594611E-02,
    6.567433009614));
#11005 = CARTESIAN_POINT('',(-43.56726144465,-3.709453649164E-02,
    6.544406580605));
#11006 = CARTESIAN_POINT('',(-43.54348135211,-3.39594331107E-02,
    6.521423802858));
#11007 = CARTESIAN_POINT('',(-43.51972049741,-3.097677784331E-02,
    6.498482511758));
#11008 = CARTESIAN_POINT('',(-43.495978,-2.814530271223E-02,
    6.475580542625));
#11009 = CARTESIAN_POINT('',(-43.47225297934,-2.5463739773E-02,
    6.452715730899));
#11010 = CARTESIAN_POINT('',(-43.44854455486,-2.29308210305E-02,
    6.429885911841));
#11011 = CARTESIAN_POINT('',(-43.42485184601,-2.054527855451E-02,
    6.407088920932));
#11012 = CARTESIAN_POINT('',(-43.40117397223,-1.83058443455E-02,
    6.384322593427));
#11013 = CARTESIAN_POINT('',(-43.37751005298,-1.62112504655E-02,
    6.361584764776));
#11014 = CARTESIAN_POINT('',(-43.3538592077,-1.426022893144E-02,
    6.338873270288));
#11015 = CARTESIAN_POINT('',(-43.33022055583,-1.245151178709E-02,
    6.316185945356));
#11016 = CARTESIAN_POINT('',(-43.29477954731,-9.949990701871E-03,
    6.282187965323));
#11017 = CARTESIAN_POINT('',(-43.28296860413,-9.151572107499E-03,
    6.270860788288));
#11018 = CARTESIAN_POINT('',(-43.27116026089,-8.388500905157E-03,
    6.259538838276));
#11019 = CARTESIAN_POINT('',(-43.25935439122,-7.660702724052E-03,
    6.248221859344));
#11020 = CARTESIAN_POINT('',(-43.24755086872,-6.968103183407E-03,
    6.236909595527));
#11021 = CARTESIAN_POINT('',(-43.23574956703,-6.310627920372E-03,
    6.225601790899));
#11022 = CARTESIAN_POINT('',(-43.22395035974,-5.688202545356E-03,
    6.214298189473));
#11023 = CARTESIAN_POINT('',(-43.21215312051,-5.100752702121E-03,
    6.202998535346));
#11024 = CARTESIAN_POINT('',(-43.20035772291,-4.548203999631E-03,
    6.191702572517));
#11025 = CARTESIAN_POINT('',(-43.1885640406,-4.030482077086E-03,
    6.180410045078));
#11026 = CARTESIAN_POINT('',(-43.17677194718,-3.547512552019E-03,
    6.16912069705));
#11027 = CARTESIAN_POINT('',(-43.16498131626,-3.099221054537E-03,
    6.157834272499));
#11028 = CARTESIAN_POINT('',(-43.14341985925,-2.342626800082E-03,
    6.137197394157));
#11029 = CARTESIAN_POINT('',(-43.13364861609,-2.023507140664E-03,
    6.127846111758));
#11030 = CARTESIAN_POINT('',(-43.12387822116,-1.728158164458E-03,
    6.118496527888));
#11031 = CARTESIAN_POINT('',(-43.11410860361,-1.456563805539E-03,
    6.109148502187));
#11032 = CARTESIAN_POINT('',(-43.10433969257,-1.208707997503E-03,
    6.099801894247));
#11033 = CARTESIAN_POINT('',(-43.09457141721,-9.845746744848E-04,
    6.090456563743));
#11034 = CARTESIAN_POINT('',(-43.08480370666,-7.841477699588E-04,
    6.08111237023));
#11035 = CARTESIAN_POINT('',(-43.07503649009,-6.074112182457E-04,
    6.071769173411));
#11036 = CARTESIAN_POINT('',(-43.06526969663,-4.543489526967E-04,
    6.062426832834));
#11037 = CARTESIAN_POINT('',(-43.05550325544,-3.249449075501E-04,
    6.053085208184));
#11038 = CARTESIAN_POINT('',(-43.04573709566,-2.191830164629E-04,
    6.043744159045));
#11039 = CARTESIAN_POINT('',(-43.03597114645,-1.370472132701E-04,
    6.034403545061));
#11040 = CARTESIAN_POINT('',(-43.02519742633,-7.248109737745E-05,
    6.024099229268));
#11041 = CARTESIAN_POINT('',(-43.02418951729,-6.669247808244E-05,
    6.023135235941));
#11042 = CARTESIAN_POINT('',(-43.02318160978,-6.115557153707E-05,
    6.022171245729));
#11043 = CARTESIAN_POINT('',(-43.02217370372,-5.587037012322E-05,
    6.021207258476));
#11044 = CARTESIAN_POINT('',(-43.02116579905,-5.083687829577E-05,
    6.020243274065));
#11045 = CARTESIAN_POINT('',(-43.02015789571,-4.605507839572E-05,
    6.019279292311));
#11046 = CARTESIAN_POINT('',(-43.01914999361,-4.152498554022E-05,
    6.018315313128));
#11047 = CARTESIAN_POINT('',(-43.01814209271,-3.724657468185E-05,
    6.01735133631));
#11048 = CARTESIAN_POINT('',(-43.01713419292,-3.321986181826E-05,
    6.01638736177));
#11049 = CARTESIAN_POINT('',(-43.01612629418,-2.944482798739E-05,
    6.015423389325));
#11050 = CARTESIAN_POINT('',(-43.01511839643,-2.592147880776E-05,
    6.014459418855));
#11051 = CARTESIAN_POINT('',(-43.0141104996,-2.264980594691E-05,
    6.013495450207));
#11052 = CARTESIAN_POINT('',(-43.01259865563,-1.811980776623E-05,
    6.012049499758));
#11053 = CARTESIAN_POINT('',(-43.01209470786,-1.66727274834E-05,
    6.011567516694));
#11054 = CARTESIAN_POINT('',(-43.01159076028,-1.528856463351E-05,
    6.011085534033));
#11055 = CARTESIAN_POINT('',(-43.0110868129,-1.396732329606E-05,
    6.010603551751));
#11056 = CARTESIAN_POINT('',(-43.0105828657,-1.270899414452E-05,
    6.010121569834));
#11057 = CARTESIAN_POINT('',(-43.01007891868,-1.151359168261E-05,
    6.009639588259));
#11058 = CARTESIAN_POINT('',(-43.00957497181,-1.038109645035E-05,
    6.009157607008));
#11059 = CARTESIAN_POINT('',(-43.00907102511,-9.31152866479E-06,
    6.008675626067));
#11060 = CARTESIAN_POINT('',(-43.00856707854,-8.30487016179E-06,
    6.008193645405));
#11061 = CARTESIAN_POINT('',(-43.00806313212,-7.36113360977E-06,
    6.007711665018));
#11062 = CARTESIAN_POINT('',(-43.00755918582,-6.48031118278E-06,
    6.007229684875));
#11063 = CARTESIAN_POINT('',(-43.00705523963,-5.66240619382E-06,
    6.006747704963));
#11064 = CARTESIAN_POINT('',(-43.00629932051,-4.52992260014E-06,
    6.006024735409));
#11065 = CARTESIAN_POINT('',(-43.0060473475,-4.16815725091E-06,
    6.00578374561));
#11066 = CARTESIAN_POINT('',(-43.00579537451,-3.8221206291E-06,
    6.005542755862));
#11067 = CARTESIAN_POINT('',(-43.00554340155,-3.49181382031E-06,
    6.00530176616));
#11068 = CARTESIAN_POINT('',(-43.00529142861,-3.17723465937E-06,
    6.005060776506));
#11069 = CARTESIAN_POINT('',(-43.00503945568,-2.8783865601E-06,
    6.004819786891));
#11070 = CARTESIAN_POINT('',(-43.00478748279,-2.59526494384E-06,
    6.00457879732));
#11071 = CARTESIAN_POINT('',(-43.00453550991,-2.32787490995E-06,
    6.004337807784));
#11072 = CARTESIAN_POINT('',(-43.00428353705,-2.07621158621E-06,
    6.004096818285));
#11073 = CARTESIAN_POINT('',(-43.0040315642,-1.84027889483E-06,
    6.00385582882));
#11074 = CARTESIAN_POINT('',(-43.00377959137,-1.62007408011E-06,
    6.003614839384));
#11075 = CARTESIAN_POINT('',(-43.00352761856,-1.41559876388E-06,
    6.003373849978));
#11076 = CARTESIAN_POINT('',(-43.00302367295,-1.03810543584E-06,
    6.002891871217));
#11077 = CARTESIAN_POINT('',(-43.00267367804,-8.6508836339E-07,
    6.002699892922));
#11078 = CARTESIAN_POINT('',(-43.00321479332,-7.0779763617E-07,
    6.002062359564));
#11079 = CARTESIAN_POINT('',(-42.99976551728,-5.6624215816E-07,
    6.003420021899));
#11080 = CARTESIAN_POINT('',(-43.00784109629,-4.404037236E-07,
    5.999015256706));
#11081 = CARTESIAN_POINT('',(-42.99220665267,-3.3031177804E-07,
    6.00646550289));
#11082 = CARTESIAN_POINT('',(-43.01298042402,-2.3592735609E-07,
    5.995711641558));
#11083 = CARTESIAN_POINT('',(-42.99106556362,-1.5729319658E-07,
    6.006302096167));
#11084 = CARTESIAN_POINT('',(-43.00768052347,-9.437021497E-08,
    5.997627640619));
#11085 = CARTESIAN_POINT('',(-42.99762812182,-4.718807645E-08,
    6.002286865859));
#11086 = CARTESIAN_POINT('',(-43.00148416643,-1.572830555E-08,
    5.999991867963));
#11087 = CARTESIAN_POINT('',(-43.00008393489,-1.1036E-13,6.000325008146)
  );
#11088 = CARTESIAN_POINT('',(-43.,1.132E-14,6.000000000004));
#11089 = PCURVE('',#9365,#11090);
#11090 = DEFINITIONAL_REPRESENTATION('',(#11091),#11227);
#11091 = B_SPLINE_CURVE_WITH_KNOTS('',8,(#11092,#11093,#11094,#11095,
    #11096,#11097,#11098,#11099,#11100,#11101,#11102,#11103,#11104,
    #11105,#11106,#11107,#11108,#11109,#11110,#11111,#11112,#11113,
    #11114,#11115,#11116,#11117,#11118,#11119,#11120,#11121,#11122,
    #11123,#11124,#11125,#11126,#11127,#11128,#11129,#11130,#11131,
    #11132,#11133,#11134,#11135,#11136,#11137,#11138,#11139,#11140,
    #11141,#11142,#11143,#11144,#11145,#11146,#11147,#11148,#11149,
    #11150,#11151,#11152,#11153,#11154,#11155,#11156,#11157,#11158,
    #11159,#11160,#11161,#11162,#11163,#11164,#11165,#11166,#11167,
    #11168,#11169,#11170,#11171,#11172,#11173,#11174,#11175,#11176,
    #11177,#11178,#11179,#11180,#11181,#11182,#11183,#11184,#11185,
    #11186,#11187,#11188,#11189,#11190,#11191,#11192,#11193,#11194,
    #11195,#11196,#11197,#11198,#11199,#11200,#11201,#11202,#11203,
    #11204,#11205,#11206,#11207,#11208,#11209,#11210,#11211,#11212,
    #11213,#11214,#11215,#11216,#11217,#11218,#11219,#11220,#11221,
    #11222,#11223,#11224,#11225,#11226),.UNSPECIFIED.,.F.,.F.,(9,7,7,7,7
    ,7,7,7,7,7,7,7,7,7,7,7,7,7,7,9),(9.045954789351,10.141661336938,
    10.278624655387,10.312865484999,10.347106314611,10.415587973835,
    10.689514610732,10.963441247629,11.237367884526,12.333074432113,
    12.880927705907,13.154854342803,13.291817661252,13.360299320476,
    13.394540150088,13.411660564894,13.420220772297,13.424500875999,
    13.426640927849,13.4287809797),.UNSPECIFIED.);
#11092 = CARTESIAN_POINT('',(-1.047197551208,2.));
#11093 = CARTESIAN_POINT('',(-1.012299923928,1.999999999999));
#11094 = CARTESIAN_POINT('',(-0.977397392363,1.974913264802));
#11095 = CARTESIAN_POINT('',(-0.94253476376,1.930968931469));
#11096 = CARTESIAN_POINT('',(-0.907512489713,1.871331043334));
#11097 = CARTESIAN_POINT('',(-0.872927883494,1.799573832824));
#11098 = CARTESIAN_POINT('',(-0.837338888782,1.718916297287));
#11099 = CARTESIAN_POINT('',(-0.803985210136,1.629587252376));
#11100 = CARTESIAN_POINT('',(-0.764081191882,1.523248760154));
#11101 = CARTESIAN_POINT('',(-0.759613811266,1.511352394797));
#11102 = CARTESIAN_POINT('',(-0.755105240669,1.499381360244));
#11103 = CARTESIAN_POINT('',(-0.75054510943,1.487343139099));
#11104 = CARTESIAN_POINT('',(-0.745920265396,1.475246388435));
#11105 = CARTESIAN_POINT('',(-0.741214774925,1.463100939793));
#11106 = CARTESIAN_POINT('',(-0.736409922883,1.450917799183));
#11107 = CARTESIAN_POINT('',(-0.730252785086,1.435656984058));
#11108 = CARTESIAN_POINT('',(-0.729013811664,1.432603223633));
#11109 = CARTESIAN_POINT('',(-0.727766899298,1.429548080876));
#11110 = CARTESIAN_POINT('',(-0.726511654905,1.426491770852));
#11111 = CARTESIAN_POINT('',(-0.725247685403,1.423434508627));
#11112 = CARTESIAN_POINT('',(-0.72397459771,1.420376509269));
#11113 = CARTESIAN_POINT('',(-0.722691998743,1.417317987843));
#11114 = CARTESIAN_POINT('',(-0.720106992096,1.411200330987));
#11115 = CARTESIAN_POINT('',(-0.718797320235,1.408143784586));
#11116 = CARTESIAN_POINT('',(-0.717546592536,1.405061870863));
#11117 = CARTESIAN_POINT('',(-0.716058112832,1.402064569666));
#11118 = CARTESIAN_POINT('',(-0.714730818738,1.399000735662));
#11119 = CARTESIAN_POINT('',(-0.713255329671,1.395986947291));
#11120 = CARTESIAN_POINT('',(-0.711794606074,1.392960840047));
#11121 = CARTESIAN_POINT('',(-0.707320751838,1.383896089867));
#11122 = CARTESIAN_POINT('',(-0.704243813821,1.377860139728));
#11123 = CARTESIAN_POINT('',(-0.701096283118,1.371819714572));
#11124 = CARTESIAN_POINT('',(-0.69789845065,1.365765254204));
#11125 = CARTESIAN_POINT('',(-0.694667122414,1.359689329899));
#11126 = CARTESIAN_POINT('',(-0.691415619484,1.353586644398));
#11127 = CARTESIAN_POINT('',(-0.688153778013,1.347454031914));
#11128 = CARTESIAN_POINT('',(-0.671824634109,1.316636162969));
#11129 = CARTESIAN_POINT('',(-0.658717276332,1.291471992374));
#11130 = CARTESIAN_POINT('',(-0.646024456869,1.265698238825));
#11131 = CARTESIAN_POINT('',(-0.63376023237,1.239440620529));
#11132 = CARTESIAN_POINT('',(-0.62182431127,1.2128464566));
#11133 = CARTESIAN_POINT('',(-0.610173335631,1.185988601037));
#11134 = CARTESIAN_POINT('',(-0.598833268731,1.158877135471));
#11135 = CARTESIAN_POINT('',(-0.576672508052,1.10428050593));
#11136 = CARTESIAN_POINT('',(-0.565858302902,1.076791470294));
#11137 = CARTESIAN_POINT('',(-0.555293256054,1.049146682469));
#11138 = CARTESIAN_POINT('',(-0.544948091696,1.021398602906));
#11139 = CARTESIAN_POINT('',(-0.534808198306,0.993583977067));
#11140 = CARTESIAN_POINT('',(-0.524877363376,0.965716016732));
#11141 = CARTESIAN_POINT('',(-0.515158319634,0.937801969343));
#11142 = CARTESIAN_POINT('',(-0.496061885896,0.881970181478));
#11143 = CARTESIAN_POINT('',(-0.486696085303,0.854045546595));
#11144 = CARTESIAN_POINT('',(-0.477501836889,0.826126724179));
#11145 = CARTESIAN_POINT('',(-0.46846896204,0.798226334301));
#11146 = CARTESIAN_POINT('',(-0.459587967621,0.770355063675));
#11147 = CARTESIAN_POINT('',(-0.450850045984,0.742521665669));
#11148 = CARTESIAN_POINT('',(-0.442247074961,0.714732960295));
#11149 = CARTESIAN_POINT('',(-0.399869789482,0.576037329895));
#11150 = CARTESIAN_POINT('',(-0.368004332538,0.465902988612));
#11151 = CARTESIAN_POINT('',(-0.337703501619,0.356865028694));
#11152 = CARTESIAN_POINT('',(-0.308623220392,0.248964943807));
#11153 = CARTESIAN_POINT('',(-0.280516734764,0.14209582643));
#11154 = CARTESIAN_POINT('',(-0.253204266043,3.608669132549E-02));
#11155 = CARTESIAN_POINT('',(-0.226542664098,-6.92132009919E-02));
#11156 = CARTESIAN_POINT('',(-0.18732125873,-0.226168430674));
#11157 = CARTESIAN_POINT('',(-0.174376790323,-0.278324035528));
#11158 = CARTESIAN_POINT('',(-0.161545046377,-0.330341939978));
#11159 = CARTESIAN_POINT('',(-0.148811216081,-0.382242902871));
#11160 = CARTESIAN_POINT('',(-0.136162286735,-0.434043337263));
#11161 = CARTESIAN_POINT('',(-0.12358704375,-0.485755310422));
#11162 = CARTESIAN_POINT('',(-0.111076070649,-0.537386543825));
#11163 = CARTESIAN_POINT('',(-9.23945882676E-02,-0.614717347826));
#11164 = CARTESIAN_POINT('',(-8.61812058191E-02,-0.640475738839));
#11165 = CARTESIAN_POINT('',(-7.998040576527E-02,-0.66621716345));
#11166 = CARTESIAN_POINT('',(-7.379099215566E-02,-0.691943198911));
#11167 = CARTESIAN_POINT('',(-6.761176903975E-02,-0.717655422475));
#11168 = CARTESIAN_POINT('',(-6.14415404671E-02,-0.743355411394));
#11169 = CARTESIAN_POINT('',(-5.527911048722E-02,-0.769044742921));
#11170 = CARTESIAN_POINT('',(-4.604536948084E-02,-0.80756512));
#11171 = CARTESIAN_POINT('',(-4.296911734336E-02,-0.820402989009));
#11172 = CARTESIAN_POINT('',(-3.989438625467E-02,-0.833238792913));
#11173 = CARTESIAN_POINT('',(-3.682103573224E-02,-0.846072723288));
#11174 = CARTESIAN_POINT('',(-3.374892529354E-02,-0.858904971713));
#11175 = CARTESIAN_POINT('',(-3.067791445605E-02,-0.871735729764));
#11176 = CARTESIAN_POINT('',(-2.760786273723E-02,-0.88456518902));
#11177 = CARTESIAN_POINT('',(-2.300401311324E-02,-0.903807717077));
#11178 = CARTESIAN_POINT('',(-2.14696019015E-02,-0.910221616275));
#11179 = CARTESIAN_POINT('',(-1.993537865526E-02,-0.916635262546));
#11180 = CARTESIAN_POINT('',(-1.84013260104E-02,-0.92304867979));
#11181 = CARTESIAN_POINT('',(-1.686742660283E-02,-0.929461891901));
#11182 = CARTESIAN_POINT('',(-1.533366306844E-02,-0.935874922777));
#11183 = CARTESIAN_POINT('',(-1.380001804313E-02,-0.942287796314));
#11184 = CARTESIAN_POINT('',(-1.149970222263E-02,-0.951906906458));
#11185 = CARTESIAN_POINT('',(-1.073295555959E-02,-0.95511324317));
#11186 = CARTESIAN_POINT('',(-9.966232012218E-03,-0.958319549502));
#11187 = CARTESIAN_POINT('',(-9.199529419066E-03,-0.961525828411));
#11188 = CARTESIAN_POINT('',(-8.432845618682E-03,-0.964732082852));
#11189 = CARTESIAN_POINT('',(-7.666178449612E-03,-0.96793831578));
#11190 = CARTESIAN_POINT('',(-6.899525750405E-03,-0.971144530153));
#11191 = CARTESIAN_POINT('',(-5.749565164207E-03,-0.975953828312));
#11192 = CARTESIAN_POINT('',(-5.366248125904E-03,-0.977556923538));
#11193 = CARTESIAN_POINT('',(-4.982933987766E-03,-0.979160014924));
#11194 = CARTESIAN_POINT('',(-4.599622492864E-03,-0.980763102791));
#11195 = CARTESIAN_POINT('',(-4.216313384265E-03,-0.982366187461));
#11196 = CARTESIAN_POINT('',(-3.833006405043E-03,-0.983969269255));
#11197 = CARTESIAN_POINT('',(-3.449701298265E-03,-0.985572348495));
#11198 = CARTESIAN_POINT('',(-2.874746061369E-03,-0.987976964003));
#11199 = CARTESIAN_POINT('',(-2.683094718971E-03,-0.98877850195));
#11200 = CARTESIAN_POINT('',(-2.491443746281E-03,-0.989580039388));
#11201 = CARTESIAN_POINT('',(-2.299793109774E-03,-0.990381576361));
#11202 = CARTESIAN_POINT('',(-2.108142775923E-03,-0.991183112917));
#11203 = CARTESIAN_POINT('',(-1.916492711203E-03,-0.991984649102));
#11204 = CARTESIAN_POINT('',(-1.724842882088E-03,-0.992786184961));
#11205 = CARTESIAN_POINT('',(-1.437368441536E-03,-0.993988488329));
#11206 = CARTESIAN_POINT('',(-1.341890715247E-03,-0.994392032344));
#11207 = CARTESIAN_POINT('',(-1.24626770521E-03,-0.994794413656));
#11208 = CARTESIAN_POINT('',(-1.15026472549E-03,-0.995193754816));
#11209 = CARTESIAN_POINT('',(-1.053904775199E-03,-0.995590239858));
#11210 = CARTESIAN_POINT('',(-9.574685384918E-04,-0.995986114293));
#11211 = CARTESIAN_POINT('',(-8.614943845683E-04,-0.996385685116));
#11212 = CARTESIAN_POINT('',(-7.194203592247E-04,-0.997000138641));
#11213 = CARTESIAN_POINT('',(-6.706532634516E-04,-0.997193683725));
#11214 = CARTESIAN_POINT('',(-6.222920257702E-04,-0.99739047562));
#11215 = CARTESIAN_POINT('',(-5.746739117884E-04,-0.997593212455));
#11216 = CARTESIAN_POINT('',(-5.273095776425E-04,-0.997797979484));
#11217 = CARTESIAN_POINT('',(-4.795341403354E-04,-0.997999457649));
#11218 = CARTESIAN_POINT('',(-4.311582480741E-04,-0.99819613214));
#11219 = CARTESIAN_POINT('',(-3.350800531417E-04,-0.998594869778));
#11220 = CARTESIAN_POINT('',(-2.777333964196E-04,-0.998719778094));
#11221 = CARTESIAN_POINT('',(-2.836655353489E-04,-0.999350916749));
#11222 = CARTESIAN_POINT('',(-1.068791330245E-04,-0.998520307057));
#11223 = CARTESIAN_POINT('',(-2.341122166402E-04,-1.000121853233));
#11224 = CARTESIAN_POINT('',(-4.052838916942E-05,-0.999156864115));
#11225 = CARTESIAN_POINT('',(-6.461643752068E-05,-0.999933249995));
#11226 = CARTESIAN_POINT('',(-5.9998E-13,-0.999999999994));
#11227 = ( GEOMETRIC_REPRESENTATION_CONTEXT(2) 
PARAMETRIC_REPRESENTATION_CONTEXT() REPRESENTATION_CONTEXT('2D SPACE',''
  ) );
#11228 = PCURVE('',#8867,#11229);
#11229 = DEFINITIONAL_REPRESENTATION('',(#11230),#11234);
#11230 = LINE('',#11231,#11232);
#11231 = CARTESIAN_POINT('',(4.382826190349,0.));
#11232 = VECTOR('',#11233,1.);
#11233 = DIRECTION('',(0.,1.));
#11234 = ( GEOMETRIC_REPRESENTATION_CONTEXT(2) 
PARAMETRIC_REPRESENTATION_CONTEXT() REPRESENTATION_CONTEXT('2D SPACE',''
  ) );
#11235 = ORIENTED_EDGE('',*,*,#9350,.F.);
#11236 = ORIENTED_EDGE('',*,*,#11237,.T.);
#11237 = EDGE_CURVE('',#9295,#11238,#11240,.T.);
#11238 = VERTEX_POINT('',#11239);
#11239 = CARTESIAN_POINT('',(-79.,-4.,10.));
#11240 = SURFACE_CURVE('',#11241,(#11245,#11252),.PCURVE_S1.);
#11241 = LINE('',#11242,#11243);
#11242 = CARTESIAN_POINT('',(-44.,-4.,10.));
#11243 = VECTOR('',#11244,1.);
#11244 = DIRECTION('',(-1.,2.2E-16,-2.2E-16));
#11245 = PCURVE('',#9365,#11246);
#11246 = DEFINITIONAL_REPRESENTATION('',(#11247),#11251);
#11247 = LINE('',#11248,#11249);
#11248 = CARTESIAN_POINT('',(-1.570796326795,0.));
#11249 = VECTOR('',#11250,1.);
#11250 = DIRECTION('',(-0.,1.));
#11251 = ( GEOMETRIC_REPRESENTATION_CONTEXT(2) 
PARAMETRIC_REPRESENTATION_CONTEXT() REPRESENTATION_CONTEXT('2D SPACE',''
  ) );
#11252 = PCURVE('',#8389,#11253);
#11253 = DEFINITIONAL_REPRESENTATION('',(#11254),#11258);
#11254 = LINE('',#11255,#11256);
#11255 = CARTESIAN_POINT('',(26.891122641047,-6.654402136581));
#11256 = VECTOR('',#11257,1.);
#11257 = DIRECTION('',(-1.,0.));
#11258 = ( GEOMETRIC_REPRESENTATION_CONTEXT(2) 
PARAMETRIC_REPRESENTATION_CONTEXT() REPRESENTATION_CONTEXT('2D SPACE',''
  ) );
#11259 = ORIENTED_EDGE('',*,*,#11260,.F.);
#11260 = EDGE_CURVE('',#10811,#11238,#11261,.T.);
#11261 = SURFACE_CURVE('',#11262,(#11283,#11309),.PCURVE_S1.);
#11262 = ( BOUNDED_CURVE() B_SPLINE_CURVE(10,(#11263,#11264,#11265,
    #11266,#11267,#11268,#11269,#11270,#11271,#11272,#11273,#11274,
    #11275,#11276,#11277,#11278,#11279,#11280,#11281,#11282),
.UNSPECIFIED.,.F.,.F.) B_SPLINE_CURVE_WITH_KNOTS((11,9,11),(
6.910098894519,10.730296675221,14.550494455924),.UNSPECIFIED.) CURVE() 
GEOMETRIC_REPRESENTATION_ITEM() RATIONAL_B_SPLINE_CURVE((1.,1.,1.,1.,1.,
1.,1.,1.,1.,1.,1.,1.,1.,1.,1.,1.,1.,1.,1.,1.)) REPRESENTATION_ITEM('') 
  );
#11263 = CARTESIAN_POINT('',(-70.,1.643E-14,6.));
#11264 = CARTESIAN_POINT('',(-70.,-1.126E-14,6.706855109613));
#11265 = CARTESIAN_POINT('',(-70.2593898289,-0.138830037605,
    7.412803455998));
#11266 = CARTESIAN_POINT('',(-70.77161898255,-0.415212470479,
    8.029091179395));
#11267 = CARTESIAN_POINT('',(-71.46826451896,-0.76653477343,
    8.424152681567));
#11268 = CARTESIAN_POINT('',(-72.03982140457,-0.979946130617,
    8.695313354921));
#11269 = CARTESIAN_POINT('',(-72.61993731999,-1.248318268614,
    8.942017866993));
#11270 = CARTESIAN_POINT('',(-73.14652816733,-1.457582046033,
    9.113407607488));
#11271 = CARTESIAN_POINT('',(-73.64917108473,-1.671324011457,
    9.268290411253));
#11272 = CARTESIAN_POINT('',(-74.1300232583,-1.873499274406,
    9.395442267935));
#11273 = CARTESIAN_POINT('',(-75.06157145923,-2.269327525417,
    9.613281931507));
#11274 = CARTESIAN_POINT('',(-75.51216428636,-2.462499847268,
    9.703490904421));
#11275 = CARTESIAN_POINT('',(-75.9538335182,-2.653717699972,
    9.77941250246));
#11276 = CARTESIAN_POINT('',(-76.39085177834,-2.844564577054,
    9.84324390619));
#11277 = CARTESIAN_POINT('',(-76.82590433866,-3.035809939751,
    9.895901959441));
#11278 = CARTESIAN_POINT('',(-77.26046462153,-3.227717697958,
    9.93771556584));
#11279 = CARTESIAN_POINT('',(-77.69514750165,-3.420273363476,
    9.968864515173));
#11280 = CARTESIAN_POINT('',(-78.13004040732,-3.613329875486,
    9.98956473958));
#11281 = CARTESIAN_POINT('',(-78.56501222126,-3.806672098337,
    9.999999999592));
#11282 = CARTESIAN_POINT('',(-78.99999998629,-3.999999986292,10.));
#11283 = PCURVE('',#9365,#11284);
#11284 = DEFINITIONAL_REPRESENTATION('',(#11285),#11308);
#11285 = B_SPLINE_CURVE_WITH_KNOTS('',11,(#11286,#11287,#11288,#11289,
    #11290,#11291,#11292,#11293,#11294,#11295,#11296,#11297,#11298,
    #11299,#11300,#11301,#11302,#11303,#11304,#11305,#11306,#11307),
  .UNSPECIFIED.,.F.,.F.,(12,10,12),(6.910098894519,10.730296675221,
    14.550494455924),.UNSPECIFIED.);
#11286 = CARTESIAN_POINT('',(3.25E-15,26.000000000004));
#11287 = CARTESIAN_POINT('',(-0.160648888548,26.000000000005));
#11288 = CARTESIAN_POINT('',(-0.321172519786,26.21211169522));
#11289 = CARTESIAN_POINT('',(-0.470449849481,26.632570058228));
#11290 = CARTESIAN_POINT('',(-0.593485755628,27.213246150264));
#11291 = CARTESIAN_POINT('',(-0.690450298319,27.782644495595));
#11292 = CARTESIAN_POINT('',(-0.769109609681,28.300912848968));
#11293 = CARTESIAN_POINT('',(-0.842819299552,28.813075940211));
#11294 = CARTESIAN_POINT('',(-0.903920611823,29.282985673882));
#11295 = CARTESIAN_POINT('',(-0.96241793039,29.736706145028));
#11296 = CARTESIAN_POINT('',(-1.016351296463,30.172371083646));
#11297 = CARTESIAN_POINT('',(-1.11903470606,31.019223633895));
#11298 = CARTESIAN_POINT('',(-1.167687413638,31.430239435289));
#11299 = CARTESIAN_POINT('',(-1.214646609554,31.833382167719));
#11300 = CARTESIAN_POINT('',(-1.260533243894,32.231937901261));
#11301 = CARTESIAN_POINT('',(-1.305718220238,32.628151464511));
#11302 = CARTESIAN_POINT('',(-1.350421055764,33.023428516708));
#11303 = CARTESIAN_POINT('',(-1.394782712779,33.418529606219));
#11304 = CARTESIAN_POINT('',(-1.438912601303,33.813756205886));
#11305 = CARTESIAN_POINT('',(-1.482909753115,34.209128735241));
#11306 = CARTESIAN_POINT('',(-1.526858166887,34.604556560832));
#11307 = CARTESIAN_POINT('',(-1.570796324686,34.999999981024));
#11308 = ( GEOMETRIC_REPRESENTATION_CONTEXT(2) 
PARAMETRIC_REPRESENTATION_CONTEXT() REPRESENTATION_CONTEXT('2D SPACE',''
  ) );
#11309 = PCURVE('',#10848,#11310);
#11310 = DEFINITIONAL_REPRESENTATION('',(#11311),#11315);
#11311 = LINE('',#11312,#11313);
#11312 = CARTESIAN_POINT('',(7.640395561405,0.));
#11313 = VECTOR('',#11314,1.);
#11314 = DIRECTION('',(0.,1.));
#11315 = ( GEOMETRIC_REPRESENTATION_CONTEXT(2) 
PARAMETRIC_REPRESENTATION_CONTEXT() REPRESENTATION_CONTEXT('2D SPACE',''
  ) );
#11316 = ADVANCED_FACE('',(#11317),#9279,.T.);
#11317 = FACE_BOUND('',#11318,.T.);
#11318 = EDGE_LOOP('',(#11319,#11320,#11321,#11350));
#11319 = ORIENTED_EDGE('',*,*,#9264,.F.);
#11320 = ORIENTED_EDGE('',*,*,#9435,.T.);
#11321 = ORIENTED_EDGE('',*,*,#11322,.T.);
#11322 = EDGE_CURVE('',#9413,#11323,#11325,.T.);
#11323 = VERTEX_POINT('',#11324);
#11324 = CARTESIAN_POINT('',(-42.,7.E-15,16.5));
#11325 = SURFACE_CURVE('',#11326,(#11331,#11338),.PCURVE_S1.);
#11326 = CIRCLE('',#11327,1.);
#11327 = AXIS2_PLACEMENT_3D('',#11328,#11329,#11330);
#11328 = CARTESIAN_POINT('',(-42.,-1.,16.5));
#11329 = DIRECTION('',(-1.,2.2E-16,-1.06E-15));
#11330 = DIRECTION('',(-1.06E-15,0.,1.));
#11331 = PCURVE('',#9279,#11332);
#11332 = DEFINITIONAL_REPRESENTATION('',(#11333),#11337);
#11333 = LINE('',#11334,#11335);
#11334 = CARTESIAN_POINT('',(1.570796326795,0.));
#11335 = VECTOR('',#11336,1.);
#11336 = DIRECTION('',(0.,1.));
#11337 = ( GEOMETRIC_REPRESENTATION_CONTEXT(2) 
PARAMETRIC_REPRESENTATION_CONTEXT() REPRESENTATION_CONTEXT('2D SPACE',''
  ) );
#11338 = PCURVE('',#11339,#11344);
#11339 = CYLINDRICAL_SURFACE('',#11340,1.);
#11340 = AXIS2_PLACEMENT_3D('',#11341,#11342,#11343);
#11341 = CARTESIAN_POINT('',(-42.,-1.,16.5));
#11342 = DIRECTION('',(1.,-2.2E-16,2.2E-16));
#11343 = DIRECTION('',(-2.2E-16,4.4E-16,1.));
#11344 = DEFINITIONAL_REPRESENTATION('',(#11345),#11349);
#11345 = LINE('',#11346,#11347);
#11346 = CARTESIAN_POINT('',(-0.,0.));
#11347 = VECTOR('',#11348,1.);
#11348 = DIRECTION('',(-1.,0.));
#11349 = ( GEOMETRIC_REPRESENTATION_CONTEXT(2) 
PARAMETRIC_REPRESENTATION_CONTEXT() REPRESENTATION_CONTEXT('2D SPACE',''
  ) );
#11350 = ORIENTED_EDGE('',*,*,#11351,.F.);
#11351 = EDGE_CURVE('',#9242,#11323,#11352,.T.);
#11352 = SURFACE_CURVE('',#11353,(#11358,#11365),.PCURVE_S1.);
#11353 = CIRCLE('',#11354,1.);
#11354 = AXIS2_PLACEMENT_3D('',#11355,#11356,#11357);
#11355 = CARTESIAN_POINT('',(-42.,1.033E-14,15.5));
#11356 = DIRECTION('',(2.2E-16,1.,0.));
#11357 = DIRECTION('',(-1.,2.2E-16,-1.E-15));
#11358 = PCURVE('',#9279,#11359);
#11359 = DEFINITIONAL_REPRESENTATION('',(#11360),#11364);
#11360 = LINE('',#11361,#11362);
#11361 = CARTESIAN_POINT('',(0.,1.570796326795));
#11362 = VECTOR('',#11363,1.);
#11363 = DIRECTION('',(1.,0.));
#11364 = ( GEOMETRIC_REPRESENTATION_CONTEXT(2) 
PARAMETRIC_REPRESENTATION_CONTEXT() REPRESENTATION_CONTEXT('2D SPACE',''
  ) );
#11365 = PCURVE('',#100,#11366);
#11366 = DEFINITIONAL_REPRESENTATION('',(#11367),#11371);
#11367 = CIRCLE('',#11368,1.);
#11368 = AXIS2_PLACEMENT_2D('',#11369,#11370);
#11369 = CARTESIAN_POINT('',(42.,7.346716430077));
#11370 = DIRECTION('',(1.,-1.E-15));
#11371 = ( GEOMETRIC_REPRESENTATION_CONTEXT(2) 
PARAMETRIC_REPRESENTATION_CONTEXT() REPRESENTATION_CONTEXT('2D SPACE',''
  ) );
#11372 = ADVANCED_FACE('',(#11373),#11339,.T.);
#11373 = FACE_BOUND('',#11374,.F.);
#11374 = EDGE_LOOP('',(#11375,#11376,#11399,#11436));
#11375 = ORIENTED_EDGE('',*,*,#11322,.T.);
#11376 = ORIENTED_EDGE('',*,*,#11377,.T.);
#11377 = EDGE_CURVE('',#11323,#11378,#11380,.T.);
#11378 = VERTEX_POINT('',#11379);
#11379 = CARTESIAN_POINT('',(-15.9172374697,1.E-15,16.5));
#11380 = SURFACE_CURVE('',#11381,(#11385,#11392),.PCURVE_S1.);
#11381 = LINE('',#11382,#11383);
#11382 = CARTESIAN_POINT('',(-42.,1.01E-14,16.5));
#11383 = VECTOR('',#11384,1.);
#11384 = DIRECTION('',(1.,-2.2E-16,2.2E-16));
#11385 = PCURVE('',#11339,#11386);
#11386 = DEFINITIONAL_REPRESENTATION('',(#11387),#11391);
#11387 = LINE('',#11388,#11389);
#11388 = CARTESIAN_POINT('',(-1.570796326795,0.));
#11389 = VECTOR('',#11390,1.);
#11390 = DIRECTION('',(-0.,1.));
#11391 = ( GEOMETRIC_REPRESENTATION_CONTEXT(2) 
PARAMETRIC_REPRESENTATION_CONTEXT() REPRESENTATION_CONTEXT('2D SPACE',''
  ) );
#11392 = PCURVE('',#100,#11393);
#11393 = DEFINITIONAL_REPRESENTATION('',(#11394),#11398);
#11394 = LINE('',#11395,#11396);
#11395 = CARTESIAN_POINT('',(42.,8.346716430077));
#11396 = VECTOR('',#11397,1.);
#11397 = DIRECTION('',(-1.,2.2E-16));
#11398 = ( GEOMETRIC_REPRESENTATION_CONTEXT(2) 
PARAMETRIC_REPRESENTATION_CONTEXT() REPRESENTATION_CONTEXT('2D SPACE',''
  ) );
#11399 = ORIENTED_EDGE('',*,*,#11400,.F.);
#11400 = EDGE_CURVE('',#11401,#11378,#11403,.T.);
#11401 = VERTEX_POINT('',#11402);
#11402 = CARTESIAN_POINT('',(-16.,-1.,17.5));
#11403 = SURFACE_CURVE('',#11404,(#11409,#11420),.PCURVE_S1.);
#11404 = ELLIPSE('',#11405,1.003418973521,1.);
#11405 = AXIS2_PLACEMENT_3D('',#11406,#11407,#11408);
#11406 = CARTESIAN_POINT('',(-15.9172374697,-1.,16.5));
#11407 = DIRECTION('',(-0.99659267603,2.2E-16,-8.248053154489E-02));
#11408 = DIRECTION('',(8.248053154489E-02,-2.E-17,-0.99659267603));
#11409 = PCURVE('',#11339,#11410);
#11410 = DEFINITIONAL_REPRESENTATION('',(#11411),#11419);
#11411 = B_SPLINE_CURVE_WITH_KNOTS('',6,(#11412,#11413,#11414,#11415,
    #11416,#11417,#11418),.UNSPECIFIED.,.F.,.F.,(7,7),(3.14159265359,
    4.712388980385),.PIECEWISE_BEZIER_KNOTS.);
#11412 = CARTESIAN_POINT('',(-2.2E-16,26.));
#11413 = CARTESIAN_POINT('',(-0.261799387799,26.));
#11414 = CARTESIAN_POINT('',(-0.523598760791,26.006805510348));
#11415 = CARTESIAN_POINT('',(-0.785398170908,26.020426653113));
#11416 = CARTESIAN_POINT('',(-1.047197560652,26.039429825923));
#11417 = CARTESIAN_POINT('',(-1.308996938996,26.061095350533));
#11418 = CARTESIAN_POINT('',(-1.570796326795,26.082762530298));
#11419 = ( GEOMETRIC_REPRESENTATION_CONTEXT(2) 
PARAMETRIC_REPRESENTATION_CONTEXT() REPRESENTATION_CONTEXT('2D SPACE',''
  ) );
#11420 = PCURVE('',#11421,#11426);
#11421 = CYLINDRICAL_SURFACE('',#11422,1.);
#11422 = AXIS2_PLACEMENT_3D('',#11423,#11424,#11425);
#11423 = CARTESIAN_POINT('',(-12.83560101269,-1.,17.013606076168));
#11424 = DIRECTION('',(-0.986393923832,2.2E-16,-0.164398987305));
#11425 = DIRECTION('',(2.22952609189E-16,1.,4.921015315029E-19));
#11426 = DEFINITIONAL_REPRESENTATION('',(#11427),#11435);
#11427 = B_SPLINE_CURVE_WITH_KNOTS('',6,(#11428,#11429,#11430,#11431,
    #11432,#11433,#11434),.UNSPECIFIED.,.F.,.F.,(7,7),(3.14159265359,
    4.712388980385),.PIECEWISE_BEZIER_KNOTS.);
#11428 = CARTESIAN_POINT('',(-1.570796326795,3.041381265149));
#11429 = CARTESIAN_POINT('',(-1.308996938996,3.041381265149));
#11430 = CARTESIAN_POINT('',(-1.047197566003,3.048186775497));
#11431 = CARTESIAN_POINT('',(-0.785398155887,3.061807918263));
#11432 = CARTESIAN_POINT('',(-0.523598766143,3.080811091072));
#11433 = CARTESIAN_POINT('',(-0.261799387799,3.102476615683));
#11434 = CARTESIAN_POINT('',(-1.3E-16,3.124143795447));
#11435 = ( GEOMETRIC_REPRESENTATION_CONTEXT(2) 
PARAMETRIC_REPRESENTATION_CONTEXT() REPRESENTATION_CONTEXT('2D SPACE',''
  ) );
#11436 = ORIENTED_EDGE('',*,*,#11437,.F.);
#11437 = EDGE_CURVE('',#9413,#11401,#11438,.T.);
#11438 = SURFACE_CURVE('',#11439,(#11443,#11450),.PCURVE_S1.);
#11439 = LINE('',#11440,#11441);
#11440 = CARTESIAN_POINT('',(-42.,-1.,17.5));
#11441 = VECTOR('',#11442,1.);
#11442 = DIRECTION('',(1.,-2.2E-16,2.2E-16));
#11443 = PCURVE('',#11339,#11444);
#11444 = DEFINITIONAL_REPRESENTATION('',(#11445),#11449);
#11445 = LINE('',#11446,#11447);
#11446 = CARTESIAN_POINT('',(-0.,0.));
#11447 = VECTOR('',#11448,1.);
#11448 = DIRECTION('',(-0.,1.));
#11449 = ( GEOMETRIC_REPRESENTATION_CONTEXT(2) 
PARAMETRIC_REPRESENTATION_CONTEXT() REPRESENTATION_CONTEXT('2D SPACE',''
  ) );
#11450 = PCURVE('',#7264,#11451);
#11451 = DEFINITIONAL_REPRESENTATION('',(#11452),#11456);
#11452 = LINE('',#11453,#11454);
#11453 = CARTESIAN_POINT('',(-2.,-5.));
#11454 = VECTOR('',#11455,1.);
#11455 = DIRECTION('',(-1.,-9.038065763132E-34));
#11456 = ( GEOMETRIC_REPRESENTATION_CONTEXT(2) 
PARAMETRIC_REPRESENTATION_CONTEXT() REPRESENTATION_CONTEXT('2D SPACE',''
  ) );
#11457 = ADVANCED_FACE('',(#11458),#11421,.T.);
#11458 = FACE_BOUND('',#11459,.F.);
#11459 = EDGE_LOOP('',(#11460,#11491,#11517,#11518));
#11460 = ORIENTED_EDGE('',*,*,#11461,.T.);
#11461 = EDGE_CURVE('',#11462,#11464,#11466,.T.);
#11462 = VERTEX_POINT('',#11463);
#11463 = CARTESIAN_POINT('',(-6.917237469702,-1.E-15,18.));
#11464 = VERTEX_POINT('',#11465);
#11465 = CARTESIAN_POINT('',(-13.,-1.,18.));
#11466 = SURFACE_CURVE('',#11467,(#11472,#11484),.PCURVE_S1.);
#11467 = ELLIPSE('',#11468,6.082762530298,1.);
#11468 = AXIS2_PLACEMENT_3D('',#11469,#11470,#11471);
#11469 = CARTESIAN_POINT('',(-6.917237469702,-1.,18.));
#11470 = DIRECTION('',(-2.2E-16,4.4E-16,1.));
#11471 = DIRECTION('',(-1.,3.E-16,-2.2E-16));
#11472 = PCURVE('',#11421,#11473);
#11473 = DEFINITIONAL_REPRESENTATION('',(#11474),#11483);
#11474 = B_SPLINE_CURVE_WITH_KNOTS('',7,(#11475,#11476,#11477,#11478,
    #11479,#11480,#11481,#11482),.UNSPECIFIED.,.F.,.F.,(8,8),(
    4.712388980385,6.28318530718),.PIECEWISE_BEZIER_KNOTS.);
#11475 = CARTESIAN_POINT('',(1.1E-16,-6.));
#11476 = CARTESIAN_POINT('',(-0.224399475256,-4.653603148462));
#11477 = CARTESIAN_POINT('',(-0.448818997028,-3.307221964162));
#11478 = CARTESIAN_POINT('',(-0.673139017433,-2.071490646886));
#11479 = CARTESIAN_POINT('',(-0.897661733701,-1.05745618499));
#11480 = CARTESIAN_POINT('',(-1.121972799911,-0.352478552506));
#11481 = CARTESIAN_POINT('',(-1.346396851539,7.82E-15));
#11482 = CARTESIAN_POINT('',(-1.570796326795,1.55E-15));
#11483 = ( GEOMETRIC_REPRESENTATION_CONTEXT(2) 
PARAMETRIC_REPRESENTATION_CONTEXT() REPRESENTATION_CONTEXT('2D SPACE',''
  ) );
#11484 = PCURVE('',#5573,#11485);
#11485 = DEFINITIONAL_REPRESENTATION('',(#11486),#11490);
#11486 = ELLIPSE('',#11487,6.082762530298,1.);
#11487 = AXIS2_PLACEMENT_2D('',#11488,#11489);
#11488 = CARTESIAN_POINT('',(-2.115937739045,-6.917237469702));
#11489 = DIRECTION('',(-3.E-16,-1.));
#11490 = ( GEOMETRIC_REPRESENTATION_CONTEXT(2) 
PARAMETRIC_REPRESENTATION_CONTEXT() REPRESENTATION_CONTEXT('2D SPACE',''
  ) );
#11491 = ORIENTED_EDGE('',*,*,#11492,.T.);
#11492 = EDGE_CURVE('',#11464,#11401,#11493,.T.);
#11493 = SURFACE_CURVE('',#11494,(#11498,#11505),.PCURVE_S1.);
#11494 = LINE('',#11495,#11496);
#11495 = CARTESIAN_POINT('',(-13.,-1.,18.));
#11496 = VECTOR('',#11497,1.);
#11497 = DIRECTION('',(-0.986393923832,2.2E-16,-0.164398987305));
#11498 = PCURVE('',#11421,#11499);
#11499 = DEFINITIONAL_REPRESENTATION('',(#11500),#11504);
#11500 = LINE('',#11501,#11502);
#11501 = CARTESIAN_POINT('',(-1.570796326795,0.));
#11502 = VECTOR('',#11503,1.);
#11503 = DIRECTION('',(-0.,1.));
#11504 = ( GEOMETRIC_REPRESENTATION_CONTEXT(2) 
PARAMETRIC_REPRESENTATION_CONTEXT() REPRESENTATION_CONTEXT('2D SPACE',''
  ) );
#11505 = PCURVE('',#11506,#11511);
#11506 = PLANE('',#11507);
#11507 = AXIS2_PLACEMENT_3D('',#11508,#11509,#11510);
#11508 = CARTESIAN_POINT('',(-13.,6.88E-15,18.));
#11509 = DIRECTION('',(-0.164398987305,2.6E-16,0.986393923832));
#11510 = DIRECTION('',(0.986393923832,-1.9E-16,0.164398987305));
#11511 = DEFINITIONAL_REPRESENTATION('',(#11512),#11516);
#11512 = LINE('',#11513,#11514);
#11513 = CARTESIAN_POINT('',(1.9E-16,-1.));
#11514 = VECTOR('',#11515,1.);
#11515 = DIRECTION('',(-1.,3.E-17));
#11516 = ( GEOMETRIC_REPRESENTATION_CONTEXT(2) 
PARAMETRIC_REPRESENTATION_CONTEXT() REPRESENTATION_CONTEXT('2D SPACE',''
  ) );
#11517 = ORIENTED_EDGE('',*,*,#11400,.T.);
#11518 = ORIENTED_EDGE('',*,*,#11519,.F.);
#11519 = EDGE_CURVE('',#11462,#11378,#11520,.T.);
#11520 = SURFACE_CURVE('',#11521,(#11525,#11532),.PCURVE_S1.);
#11521 = LINE('',#11522,#11523);
#11522 = CARTESIAN_POINT('',(-12.83560101269,3.85E-15,17.013606076168));
#11523 = VECTOR('',#11524,1.);
#11524 = DIRECTION('',(-0.986393923832,2.2E-16,-0.164398987305));
#11525 = PCURVE('',#11421,#11526);
#11526 = DEFINITIONAL_REPRESENTATION('',(#11527),#11531);
#11527 = LINE('',#11528,#11529);
#11528 = CARTESIAN_POINT('',(-0.,0.));
#11529 = VECTOR('',#11530,1.);
#11530 = DIRECTION('',(-0.,1.));
#11531 = ( GEOMETRIC_REPRESENTATION_CONTEXT(2) 
PARAMETRIC_REPRESENTATION_CONTEXT() REPRESENTATION_CONTEXT('2D SPACE',''
  ) );
#11532 = PCURVE('',#100,#11533);
#11533 = DEFINITIONAL_REPRESENTATION('',(#11534),#11538);
#11534 = LINE('',#11535,#11536);
#11535 = CARTESIAN_POINT('',(12.835601012695,8.860322506245));
#11536 = VECTOR('',#11537,1.);
#11537 = DIRECTION('',(0.986393923832,-0.164398987305));
#11538 = ( GEOMETRIC_REPRESENTATION_CONTEXT(2) 
PARAMETRIC_REPRESENTATION_CONTEXT() REPRESENTATION_CONTEXT('2D SPACE',''
  ) );
#11539 = ADVANCED_FACE('',(#11540),#7264,.T.);
#11540 = FACE_BOUND('',#11541,.F.);
#11541 = EDGE_LOOP('',(#11542,#11543,#11544,#11565,#11586,#11587));
#11542 = ORIENTED_EDGE('',*,*,#9412,.T.);
#11543 = ORIENTED_EDGE('',*,*,#11437,.T.);
#11544 = ORIENTED_EDGE('',*,*,#11545,.T.);
#11545 = EDGE_CURVE('',#11401,#9952,#11546,.T.);
#11546 = SURFACE_CURVE('',#11547,(#11551,#11558),.PCURVE_S1.);
#11547 = LINE('',#11548,#11549);
#11548 = CARTESIAN_POINT('',(-16.,7.44E-15,17.5));
#11549 = VECTOR('',#11550,1.);
#11550 = DIRECTION('',(-2.2E-16,-1.,2.2E-16));
#11551 = PCURVE('',#7264,#11552);
#11552 = DEFINITIONAL_REPRESENTATION('',(#11553),#11557);
#11553 = LINE('',#11554,#11555);
#11554 = CARTESIAN_POINT('',(-28.,-6.));
#11555 = VECTOR('',#11556,1.);
#11556 = DIRECTION('',(-4.84E-32,1.));
#11557 = ( GEOMETRIC_REPRESENTATION_CONTEXT(2) 
PARAMETRIC_REPRESENTATION_CONTEXT() REPRESENTATION_CONTEXT('2D SPACE',''
  ) );
#11558 = PCURVE('',#11506,#11559);
#11559 = DEFINITIONAL_REPRESENTATION('',(#11560),#11564);
#11560 = LINE('',#11561,#11562);
#11561 = CARTESIAN_POINT('',(-3.041381265149,-1.786244037833E-17));
#11562 = VECTOR('',#11563,1.);
#11563 = DIRECTION('',(9.161113964107E-18,-1.));
#11564 = ( GEOMETRIC_REPRESENTATION_CONTEXT(2) 
PARAMETRIC_REPRESENTATION_CONTEXT() REPRESENTATION_CONTEXT('2D SPACE',''
  ) );
#11565 = ORIENTED_EDGE('',*,*,#11566,.F.);
#11566 = EDGE_CURVE('',#6830,#9952,#11567,.T.);
#11567 = SURFACE_CURVE('',#11568,(#11572,#11579),.PCURVE_S1.);
#11568 = LINE('',#11569,#11570);
#11569 = CARTESIAN_POINT('',(-44.,-6.,17.5));
#11570 = VECTOR('',#11571,1.);
#11571 = DIRECTION('',(1.,-2.2E-16,2.2E-16));
#11572 = PCURVE('',#7264,#11573);
#11573 = DEFINITIONAL_REPRESENTATION('',(#11574),#11578);
#11574 = LINE('',#11575,#11576);
#11575 = CARTESIAN_POINT('',(-1.758593271006E-30,7.993605777301E-15));
#11576 = VECTOR('',#11577,1.);
#11577 = DIRECTION('',(-1.,-9.038065763132E-34));
#11578 = ( GEOMETRIC_REPRESENTATION_CONTEXT(2) 
PARAMETRIC_REPRESENTATION_CONTEXT() REPRESENTATION_CONTEXT('2D SPACE',''
  ) );
#11579 = PCURVE('',#212,#11580);
#11580 = DEFINITIONAL_REPRESENTATION('',(#11581),#11585);
#11581 = LINE('',#11582,#11583);
#11582 = CARTESIAN_POINT('',(-16.08344429963,-44.));
#11583 = VECTOR('',#11584,1.);
#11584 = DIRECTION('',(5.191412073696E-17,1.));
#11585 = ( GEOMETRIC_REPRESENTATION_CONTEXT(2) 
PARAMETRIC_REPRESENTATION_CONTEXT() REPRESENTATION_CONTEXT('2D SPACE',''
  ) );
#11586 = ORIENTED_EDGE('',*,*,#7250,.F.);
#11587 = ORIENTED_EDGE('',*,*,#11588,.F.);
#11588 = EDGE_CURVE('',#9382,#7032,#11589,.T.);
#11589 = SURFACE_CURVE('',#11590,(#11594,#11601),.PCURVE_S1.);
#11590 = LINE('',#11591,#11592);
#11591 = CARTESIAN_POINT('',(-44.,-6.,17.5));
#11592 = VECTOR('',#11593,1.);
#11593 = DIRECTION('',(1.,-2.2E-16,2.2E-16));
#11594 = PCURVE('',#7264,#11595);
#11595 = DEFINITIONAL_REPRESENTATION('',(#11596),#11600);
#11596 = LINE('',#11597,#11598);
#11597 = CARTESIAN_POINT('',(-1.758593271006E-30,7.993605777301E-15));
#11598 = VECTOR('',#11599,1.);
#11599 = DIRECTION('',(-1.,-9.038065763132E-34));
#11600 = ( GEOMETRIC_REPRESENTATION_CONTEXT(2) 
PARAMETRIC_REPRESENTATION_CONTEXT() REPRESENTATION_CONTEXT('2D SPACE',''
  ) );
#11601 = PCURVE('',#212,#11602);
#11602 = DEFINITIONAL_REPRESENTATION('',(#11603),#11607);
#11603 = LINE('',#11604,#11605);
#11604 = CARTESIAN_POINT('',(-16.08344429963,-44.));
#11605 = VECTOR('',#11606,1.);
#11606 = DIRECTION('',(5.191412073696E-17,1.));
#11607 = ( GEOMETRIC_REPRESENTATION_CONTEXT(2) 
PARAMETRIC_REPRESENTATION_CONTEXT() REPRESENTATION_CONTEXT('2D SPACE',''
  ) );
#11608 = ADVANCED_FACE('',(#11609),#8389,.T.);
#11609 = FACE_BOUND('',#11610,.F.);
#11610 = EDGE_LOOP('',(#11611,#11612,#11613,#11614,#11615,#11616));
#11611 = ORIENTED_EDGE('',*,*,#11237,.F.);
#11612 = ORIENTED_EDGE('',*,*,#9462,.F.);
#11613 = ORIENTED_EDGE('',*,*,#8371,.F.);
#11614 = ORIENTED_EDGE('',*,*,#8541,.F.);
#11615 = ORIENTED_EDGE('',*,*,#9670,.F.);
#11616 = ORIENTED_EDGE('',*,*,#11617,.F.);
#11617 = EDGE_CURVE('',#11238,#9671,#11618,.T.);
#11618 = SURFACE_CURVE('',#11619,(#11623,#11630),.PCURVE_S1.);
#11619 = LINE('',#11620,#11621);
#11620 = CARTESIAN_POINT('',(-79.,1.754E-14,10.));
#11621 = VECTOR('',#11622,1.);
#11622 = DIRECTION('',(2.2E-16,1.,0.));
#11623 = PCURVE('',#8389,#11624);
#11624 = DEFINITIONAL_REPRESENTATION('',(#11625),#11629);
#11625 = LINE('',#11626,#11627);
#11626 = CARTESIAN_POINT('',(-8.108877358957,-2.654402136581));
#11627 = VECTOR('',#11628,1.);
#11628 = DIRECTION('',(-0.,1.));
#11629 = ( GEOMETRIC_REPRESENTATION_CONTEXT(2) 
PARAMETRIC_REPRESENTATION_CONTEXT() REPRESENTATION_CONTEXT('2D SPACE',''
  ) );
#11630 = PCURVE('',#9710,#11631);
#11631 = DEFINITIONAL_REPRESENTATION('',(#11632),#11636);
#11632 = LINE('',#11633,#11634);
#11633 = CARTESIAN_POINT('',(-1.570796326795,0.));
#11634 = VECTOR('',#11635,1.);
#11635 = DIRECTION('',(-0.,1.));
#11636 = ( GEOMETRIC_REPRESENTATION_CONTEXT(2) 
PARAMETRIC_REPRESENTATION_CONTEXT() REPRESENTATION_CONTEXT('2D SPACE',''
  ) );
#11637 = ADVANCED_FACE('',(#11638),#8867,.F.);
#11638 = FACE_BOUND('',#11639,.F.);
#11639 = EDGE_LOOP('',(#11640,#11641,#11642));
#11640 = ORIENTED_EDGE('',*,*,#9319,.T.);
#11641 = ORIENTED_EDGE('',*,*,#10964,.T.);
#11642 = ORIENTED_EDGE('',*,*,#8589,.F.);
#11643 = ADVANCED_FACE('',(#11644),#9710,.T.);
#11644 = FACE_BOUND('',#11645,.F.);
#11645 = EDGE_LOOP('',(#11646,#11647,#11704,#11705));
#11646 = ORIENTED_EDGE('',*,*,#9805,.F.);
#11647 = ORIENTED_EDGE('',*,*,#11648,.T.);
#11648 = EDGE_CURVE('',#9778,#11238,#11649,.T.);
#11649 = SURFACE_CURVE('',#11650,(#11671,#11697),.PCURVE_S1.);
#11650 = ( BOUNDED_CURVE() B_SPLINE_CURVE(10,(#11651,#11652,#11653,
    #11654,#11655,#11656,#11657,#11658,#11659,#11660,#11661,#11662,
    #11663,#11664,#11665,#11666,#11667,#11668,#11669,#11670),
.UNSPECIFIED.,.F.,.F.) B_SPLINE_CURVE_WITH_KNOTS((11,9,11),(
6.910098894519,10.730296675221,14.550494455924),.UNSPECIFIED.) CURVE() 
GEOMETRIC_REPRESENTATION_ITEM() RATIONAL_B_SPLINE_CURVE((1.,1.,1.,1.,1.,
1.,1.,1.,1.,1.,1.,1.,1.,1.,1.,1.,1.,1.,1.,1.)) REPRESENTATION_ITEM('') 
  );
#11651 = CARTESIAN_POINT('',(-75.,5.,6.));
#11652 = CARTESIAN_POINT('',(-75.,5.,6.706855109613));
#11653 = CARTESIAN_POINT('',(-75.13883003761,4.740610171102,
    7.412803455998));
#11654 = CARTESIAN_POINT('',(-75.41521247048,4.228381017449,
    8.029091179395));
#11655 = CARTESIAN_POINT('',(-75.76653477343,3.531735481043,
    8.424152681567));
#11656 = CARTESIAN_POINT('',(-75.97994613062,2.960178595433,
    8.695313354921));
#11657 = CARTESIAN_POINT('',(-76.24831826861,2.380062680013,
    8.942017866994));
#11658 = CARTESIAN_POINT('',(-76.45758204603,1.853471832667,
    9.113407607488));
#11659 = CARTESIAN_POINT('',(-76.67132401146,1.350828915266,
    9.268290411253));
#11660 = CARTESIAN_POINT('',(-76.87349927441,0.869976741699,
    9.395442267935));
#11661 = CARTESIAN_POINT('',(-77.26932752542,-6.157145922867E-02,
    9.613281931507));
#11662 = CARTESIAN_POINT('',(-77.46249984727,-0.512164286364,
    9.703490904421));
#11663 = CARTESIAN_POINT('',(-77.65371769997,-0.953833518205,
    9.77941250246));
#11664 = CARTESIAN_POINT('',(-77.84456457705,-1.390851778345,
    9.843243906189));
#11665 = CARTESIAN_POINT('',(-78.03580993975,-1.825904338656,
    9.895901959441));
#11666 = CARTESIAN_POINT('',(-78.22771769796,-2.260464621528,
    9.93771556584));
#11667 = CARTESIAN_POINT('',(-78.42027336347,-2.695147501651,
    9.968864515173));
#11668 = CARTESIAN_POINT('',(-78.61332987549,-3.130040407316,
    9.989564739579));
#11669 = CARTESIAN_POINT('',(-78.80667209834,-3.565012221258,
    9.999999999592));
#11670 = CARTESIAN_POINT('',(-78.99999998629,-3.999999986292,10.));
#11671 = PCURVE('',#9710,#11672);
#11672 = DEFINITIONAL_REPRESENTATION('',(#11673),#11696);
#11673 = B_SPLINE_CURVE_WITH_KNOTS('',11,(#11674,#11675,#11676,#11677,
    #11678,#11679,#11680,#11681,#11682,#11683,#11684,#11685,#11686,
    #11687,#11688,#11689,#11690,#11691,#11692,#11693,#11694,#11695),
  .UNSPECIFIED.,.F.,.F.,(12,10,12),(6.910098894519,10.730296675221,
    14.550494455924),.UNSPECIFIED.);
#11674 = CARTESIAN_POINT('',(4.8E-16,5.));
#11675 = CARTESIAN_POINT('',(-0.160648888548,5.));
#11676 = CARTESIAN_POINT('',(-0.321172519786,4.787888304783));
#11677 = CARTESIAN_POINT('',(-0.470449849481,4.367429941775));
#11678 = CARTESIAN_POINT('',(-0.593485755628,3.78675384975));
#11679 = CARTESIAN_POINT('',(-0.690450298319,3.217355504388));
#11680 = CARTESIAN_POINT('',(-0.769109609681,2.699087151064));
#11681 = CARTESIAN_POINT('',(-0.842819299552,2.186924059769));
#11682 = CARTESIAN_POINT('',(-0.903920611823,1.717014326135));
#11683 = CARTESIAN_POINT('',(-0.96241793039,1.263293854973));
#11684 = CARTESIAN_POINT('',(-1.016351296463,0.827628916357));
#11685 = CARTESIAN_POINT('',(-1.11903470606,-1.922363388715E-02));
#11686 = CARTESIAN_POINT('',(-1.167687413638,-0.430239435303));
#11687 = CARTESIAN_POINT('',(-1.214646609555,-0.83338216767));
#11688 = CARTESIAN_POINT('',(-1.260533243893,-1.231937901331));
#11689 = CARTESIAN_POINT('',(-1.30571822024,-1.628151464415));
#11690 = CARTESIAN_POINT('',(-1.350421055763,-2.02342851679));
#11691 = CARTESIAN_POINT('',(-1.39478271278,-2.418529606153));
#11692 = CARTESIAN_POINT('',(-1.438912601303,-2.813756205916));
#11693 = CARTESIAN_POINT('',(-1.482909753116,-3.209128735224));
#11694 = CARTESIAN_POINT('',(-1.526858166887,-3.604556560831));
#11695 = CARTESIAN_POINT('',(-1.570796324686,-3.99999998102));
#11696 = ( GEOMETRIC_REPRESENTATION_CONTEXT(2) 
PARAMETRIC_REPRESENTATION_CONTEXT() REPRESENTATION_CONTEXT('2D SPACE',''
  ) );
#11697 = PCURVE('',#10848,#11698);
#11698 = DEFINITIONAL_REPRESENTATION('',(#11699),#11703);
#11699 = LINE('',#11700,#11701);
#11700 = CARTESIAN_POINT('',(0.,0.));
#11701 = VECTOR('',#11702,1.);
#11702 = DIRECTION('',(0.,1.));
#11703 = ( GEOMETRIC_REPRESENTATION_CONTEXT(2) 
PARAMETRIC_REPRESENTATION_CONTEXT() REPRESENTATION_CONTEXT('2D SPACE',''
  ) );
#11704 = ORIENTED_EDGE('',*,*,#11617,.T.);
#11705 = ORIENTED_EDGE('',*,*,#9693,.F.);
#11706 = ADVANCED_FACE('',(#11707),#11506,.T.);
#11707 = FACE_BOUND('',#11708,.F.);
#11708 = EDGE_LOOP('',(#11709,#11732,#11753,#11754));
#11709 = ORIENTED_EDGE('',*,*,#11710,.T.);
#11710 = EDGE_CURVE('',#11464,#11711,#11713,.T.);
#11711 = VERTEX_POINT('',#11712);
#11712 = CARTESIAN_POINT('',(-13.,-6.,18.));
#11713 = SURFACE_CURVE('',#11714,(#11718,#11725),.PCURVE_S1.);
#11714 = LINE('',#11715,#11716);
#11715 = CARTESIAN_POINT('',(-13.,6.88E-15,18.));
#11716 = VECTOR('',#11717,1.);
#11717 = DIRECTION('',(-2.2E-16,-1.,2.2E-16));
#11718 = PCURVE('',#11506,#11719);
#11719 = DEFINITIONAL_REPRESENTATION('',(#11720),#11724);
#11720 = LINE('',#11721,#11722);
#11721 = CARTESIAN_POINT('',(-0.,0.));
#11722 = VECTOR('',#11723,1.);
#11723 = DIRECTION('',(9.161113964107E-18,-1.));
#11724 = ( GEOMETRIC_REPRESENTATION_CONTEXT(2) 
PARAMETRIC_REPRESENTATION_CONTEXT() REPRESENTATION_CONTEXT('2D SPACE',''
  ) );
#11725 = PCURVE('',#5573,#11726);
#11726 = DEFINITIONAL_REPRESENTATION('',(#11727),#11731);
#11727 = LINE('',#11728,#11729);
#11728 = CARTESIAN_POINT('',(-3.115937739045,-13.));
#11729 = VECTOR('',#11730,1.);
#11730 = DIRECTION('',(1.,-2.2E-16));
#11731 = ( GEOMETRIC_REPRESENTATION_CONTEXT(2) 
PARAMETRIC_REPRESENTATION_CONTEXT() REPRESENTATION_CONTEXT('2D SPACE',''
  ) );
#11732 = ORIENTED_EDGE('',*,*,#11733,.T.);
#11733 = EDGE_CURVE('',#11711,#9952,#11734,.T.);
#11734 = SURFACE_CURVE('',#11735,(#11739,#11746),.PCURVE_S1.);
#11735 = LINE('',#11736,#11737);
#11736 = CARTESIAN_POINT('',(-13.,-6.,18.));
#11737 = VECTOR('',#11738,1.);
#11738 = DIRECTION('',(-0.986393923832,2.6E-16,-0.164398987305));
#11739 = PCURVE('',#11506,#11740);
#11740 = DEFINITIONAL_REPRESENTATION('',(#11741),#11745);
#11741 = LINE('',#11742,#11743);
#11742 = CARTESIAN_POINT('',(-6.121875929421E-16,-6.));
#11743 = VECTOR('',#11744,1.);
#11744 = DIRECTION('',(-1.,7.E-17));
#11745 = ( GEOMETRIC_REPRESENTATION_CONTEXT(2) 
PARAMETRIC_REPRESENTATION_CONTEXT() REPRESENTATION_CONTEXT('2D SPACE',''
  ) );
#11746 = PCURVE('',#668,#11747);
#11747 = DEFINITIONAL_REPRESENTATION('',(#11748),#11752);
#11748 = LINE('',#11749,#11750);
#11749 = CARTESIAN_POINT('',(-13.,6.906894151475));
#11750 = VECTOR('',#11751,1.);
#11751 = DIRECTION('',(-0.986393923832,-0.164398987305));
#11752 = ( GEOMETRIC_REPRESENTATION_CONTEXT(2) 
PARAMETRIC_REPRESENTATION_CONTEXT() REPRESENTATION_CONTEXT('2D SPACE',''
  ) );
#11753 = ORIENTED_EDGE('',*,*,#11545,.F.);
#11754 = ORIENTED_EDGE('',*,*,#11492,.F.);
#11755 = ADVANCED_FACE('',(#11756),#10586,.T.);
#11756 = FACE_BOUND('',#11757,.T.);
#11757 = EDGE_LOOP('',(#11758,#11797,#11851));
#11758 = ORIENTED_EDGE('',*,*,#11759,.T.);
#11759 = EDGE_CURVE('',#10522,#11760,#11762,.T.);
#11760 = VERTEX_POINT('',#11761);
#11761 = CARTESIAN_POINT('',(-0.1448041951,-5.,13.));
#11762 = SURFACE_CURVE('',#11763,(#11768,#11790),.PCURVE_S1.);
#11763 = CIRCLE('',#11764,4.);
#11764 = AXIS2_PLACEMENT_3D('',#11765,#11766,#11767);
#11765 = CARTESIAN_POINT('',(-0.1448041951,-5.,9.));
#11766 = DIRECTION('',(2.2E-16,1.,-4.4E-16));
#11767 = DIRECTION('',(-0.763386285369,4.521595690263E-16,0.645942241466
    ));
#11768 = PCURVE('',#10586,#11769);
#11769 = DEFINITIONAL_REPRESENTATION('',(#11770),#11789);
#11770 = B_SPLINE_CURVE_WITH_KNOTS('',5,(#11771,#11772,#11773,#11774,
    #11775,#11776,#11777,#11778,#11779,#11780,#11781,#11782,#11783,
    #11784,#11785,#11786,#11787,#11788),.UNSPECIFIED.,.F.,.F.,(6,4,4,4,6
    ),(0.,0.217134848821,0.434269697643,0.651404546464,0.868539395286),
  .UNSPECIFIED.);
#11771 = CARTESIAN_POINT('',(-1.1E-16,7.60854487188));
#11772 = CARTESIAN_POINT('',(8.526157095047E-02,7.60854487188));
#11773 = CARTESIAN_POINT('',(0.169502090987,7.60854487188));
#11774 = CARTESIAN_POINT('',(0.252913411963,7.60854487188));
#11775 = CARTESIAN_POINT('',(0.335670601485,7.60854487188));
#11776 = CARTESIAN_POINT('',(0.500211278494,7.60854487188));
#11777 = CARTESIAN_POINT('',(0.581995054643,7.60854487188));
#11778 = CARTESIAN_POINT('',(0.663459130881,7.60854487188));
#11779 = CARTESIAN_POINT('',(0.74476364602,7.60854487188));
#11780 = CARTESIAN_POINT('',(0.907372601338,7.60854487188));
#11781 = CARTESIAN_POINT('',(0.988677116477,7.60854487188));
#11782 = CARTESIAN_POINT('',(1.070141192714,7.60854487188));
#11783 = CARTESIAN_POINT('',(1.151924968864,7.60854487188));
#11784 = CARTESIAN_POINT('',(1.316465645873,7.60854487188));
#11785 = CARTESIAN_POINT('',(1.399222835394,7.60854487188));
#11786 = CARTESIAN_POINT('',(1.48263415637,7.60854487188));
#11787 = CARTESIAN_POINT('',(1.566874676407,7.60854487188));
#11788 = CARTESIAN_POINT('',(1.652136247358,7.60854487188));
#11789 = ( GEOMETRIC_REPRESENTATION_CONTEXT(2) 
PARAMETRIC_REPRESENTATION_CONTEXT() REPRESENTATION_CONTEXT('2D SPACE',''
  ) );
#11790 = PCURVE('',#10794,#11791);
#11791 = DEFINITIONAL_REPRESENTATION('',(#11792),#11796);
#11792 = LINE('',#11793,#11794);
#11793 = CARTESIAN_POINT('',(-0.,1.));
#11794 = VECTOR('',#11795,1.);
#11795 = DIRECTION('',(-1.,0.));
#11796 = ( GEOMETRIC_REPRESENTATION_CONTEXT(2) 
PARAMETRIC_REPRESENTATION_CONTEXT() REPRESENTATION_CONTEXT('2D SPACE',''
  ) );
#11797 = ORIENTED_EDGE('',*,*,#11798,.T.);
#11798 = EDGE_CURVE('',#11760,#10545,#11799,.T.);
#11799 = SURFACE_CURVE('',#11800,(#11815,#11822),.PCURVE_S1.);
#11800 = ( BOUNDED_CURVE() B_SPLINE_CURVE(13,(#11801,#11802,#11803,
    #11804,#11805,#11806,#11807,#11808,#11809,#11810,#11811,#11812,
#11813,#11814),.UNSPECIFIED.,.F.,.F.) B_SPLINE_CURVE_WITH_KNOTS((14,14),
(7.60854487188,9.260681119238),.PIECEWISE_BEZIER_KNOTS.) CURVE() 
GEOMETRIC_REPRESENTATION_ITEM() RATIONAL_B_SPLINE_CURVE((1.,1.,
    1.000000000001,0.999999999997,1.000000000006,0.999999999991,
    1.000000000011,0.99999999999,1.000000000007,0.999999999996,
1.000000000002,0.999999999999,1.,1.)) REPRESENTATION_ITEM('') );
#11801 = CARTESIAN_POINT('',(-0.1448041951,-5.,13.));
#11802 = CARTESIAN_POINT('',(-0.144804195099,-5.224796584005,13.));
#11803 = CARTESIAN_POINT('',(-0.250164484599,-5.449687607496,
    13.055054459401));
#11804 = CARTESIAN_POINT('',(-0.459943602206,-5.638890699804,
    13.161856650577));
#11805 = CARTESIAN_POINT('',(-0.741136334369,-5.766783910268,
    13.309918152926));
#11806 = CARTESIAN_POINT('',(-1.038674419082,-5.790732661971,
    13.389791851834));
#11807 = CARTESIAN_POINT('',(-1.180599599861,-5.898716466504,
    13.473914451731));
#11808 = CARTESIAN_POINT('',(-1.464568868931,-5.896156915504,
    13.572731339512));
#11809 = CARTESIAN_POINT('',(-1.599388365123,-5.952751607947,
    13.633143193172));
#11810 = CARTESIAN_POINT('',(-1.80587985379,-5.963963681821,
    13.717961423291));
#11811 = CARTESIAN_POINT('',(-1.967202687666,-5.984504204227,
    13.786250662104));
#11812 = CARTESIAN_POINT('',(-2.135985695021,-5.994482701607,
    13.858656527946));
#11813 = CARTESIAN_POINT('',(-2.299756192149,-6.,13.929261263466));
#11814 = CARTESIAN_POINT('',(-2.463798951225,-6.,14.));
#11815 = PCURVE('',#10586,#11816);
#11816 = DEFINITIONAL_REPRESENTATION('',(#11817),#11821);
#11817 = LINE('',#11818,#11819);
#11818 = CARTESIAN_POINT('',(1.652136247358,0.));
#11819 = VECTOR('',#11820,1.);
#11820 = DIRECTION('',(0.,1.));
#11821 = ( GEOMETRIC_REPRESENTATION_CONTEXT(2) 
PARAMETRIC_REPRESENTATION_CONTEXT() REPRESENTATION_CONTEXT('2D SPACE',''
  ) );
#11822 = PCURVE('',#5828,#11823);
#11823 = DEFINITIONAL_REPRESENTATION('',(#11824),#11850);
#11824 = B_SPLINE_CURVE_WITH_KNOTS('',3,(#11825,#11826,#11827,#11828,
    #11829,#11830,#11831,#11832,#11833,#11834,#11835,#11836,#11837,
    #11838,#11839,#11840,#11841,#11842,#11843,#11844,#11845,#11846,
    #11847,#11848,#11849),.UNSPECIFIED.,.F.,.F.,(4,1,1,1,1,1,1,1,1,1,1,1
    ,1,1,1,1,1,1,1,1,1,1,4),(7.60854487188,7.683641974033,7.758739076186
    ,7.833836178338,7.908933280491,7.984030382643,8.059127484796,
    8.134224586949,8.209321689101,8.284418791254,8.359515893407,
    8.434612995559,8.509710097712,8.584807199864,8.659904302017,
    8.73500140417,8.810098506322,8.885195608475,8.960292710628,
    9.03538981278,9.110486914933,9.185584017085,9.260681119238),
  .QUASI_UNIFORM_KNOTS.);
#11825 = CARTESIAN_POINT('',(1.570796326795,-0.1448041951));
#11826 = CARTESIAN_POINT('',(1.526482472509,-0.14462169673));
#11827 = CARTESIAN_POINT('',(1.437978088176,-0.156272590674));
#11828 = CARTESIAN_POINT('',(1.308316600078,-0.206085250431));
#11829 = CARTESIAN_POINT('',(1.184700592487,-0.285300795463));
#11830 = CARTESIAN_POINT('',(1.069291990064,-0.38826307347));
#11831 = CARTESIAN_POINT('',(0.96340003484,-0.508492108168));
#11832 = CARTESIAN_POINT('',(0.867380000698,-0.639444989321));
#11833 = CARTESIAN_POINT('',(0.780810262682,-0.77544846663));
#11834 = CARTESIAN_POINT('',(0.702756779289,-0.91216089304));
#11835 = CARTESIAN_POINT('',(0.632043765204,-1.046669397356));
#11836 = CARTESIAN_POINT('',(0.567462807247,-1.177299503545));
#11837 = CARTESIAN_POINT('',(0.507902339568,-1.303297598146));
#11838 = CARTESIAN_POINT('',(0.452405070526,-1.424512968625));
#11839 = CARTESIAN_POINT('',(0.400175222496,-1.541152198774));
#11840 = CARTESIAN_POINT('',(0.350560042114,-1.653619405749));
#11841 = CARTESIAN_POINT('',(0.303025152701,-1.762419004608));
#11842 = CARTESIAN_POINT('',(0.257134064789,-1.868090569634));
#11843 = CARTESIAN_POINT('',(0.21253236763,-1.971161143163));
#11844 = CARTESIAN_POINT('',(0.168930995832,-2.072120498086));
#11845 = CARTESIAN_POINT('',(0.126084776645,-2.171427672262));
#11846 = CARTESIAN_POINT('',(8.377226789096E-02,-2.26953410959));
#11847 = CARTESIAN_POINT('',(4.179604351491E-02,-2.366871966049));
#11848 = CARTESIAN_POINT('',(1.39309540564E-02,-2.431492712205));
#11849 = CARTESIAN_POINT('',(0.,-2.463798951225));
#11850 = ( GEOMETRIC_REPRESENTATION_CONTEXT(2) 
PARAMETRIC_REPRESENTATION_CONTEXT() REPRESENTATION_CONTEXT('2D SPACE',''
  ) );
#11851 = ORIENTED_EDGE('',*,*,#10544,.F.);
#11852 = ADVANCED_FACE('',(#11853),#10736,.T.);
#11853 = FACE_BOUND('',#11854,.T.);
#11854 = EDGE_LOOP('',(#11855,#11907,#11933));
#11855 = ORIENTED_EDGE('',*,*,#11856,.T.);
#11856 = EDGE_CURVE('',#10686,#11857,#11859,.T.);
#11857 = VERTEX_POINT('',#11858);
#11858 = CARTESIAN_POINT('',(-0.1448041951,-4.,13.));
#11859 = SURFACE_CURVE('',#11860,(#11871,#11878),.PCURVE_S1.);
#11860 = ( BOUNDED_CURVE() B_SPLINE_CURVE(9,(#11861,#11862,#11863,#11864
    ,#11865,#11866,#11867,#11868,#11869,#11870),.UNSPECIFIED.,.F.,.F.) 
B_SPLINE_CURVE_WITH_KNOTS((10,10),(0.,6.60854487188),
.PIECEWISE_BEZIER_KNOTS.) CURVE() GEOMETRIC_REPRESENTATION_ITEM() 
RATIONAL_B_SPLINE_CURVE((1.,1.,1.,1.,1.,1.,1.,1.,1.,1.)) 
REPRESENTATION_ITEM('') );
#11861 = CARTESIAN_POINT('',(-3.8551958049,1.97E-15,17.));
#11862 = CARTESIAN_POINT('',(-3.305011800218,-2.291388237E-08,
    16.406872093643));
#11863 = CARTESIAN_POINT('',(-2.754350662666,-9.896700531356E-02,
    15.813102886007));
#11864 = CARTESIAN_POINT('',(-2.214209478532,-0.296989149677,
    15.232245039531));
#11865 = CARTESIAN_POINT('',(-1.676476872076,-0.597267237963,
    14.652942187158));
#11866 = CARTESIAN_POINT('',(-1.189050337509,-1.020710755016,
    14.13335693274));
#11867 = CARTESIAN_POINT('',(-0.701047957877,-1.549916674686,
    13.610783991278));
#11868 = CARTESIAN_POINT('',(-0.329189241586,-2.304060099486,
    13.20166052922));
#11869 = CARTESIAN_POINT('',(-0.1448041951,-3.151697458868,13.));
#11870 = CARTESIAN_POINT('',(-0.1448041951,-4.,13.));
#11871 = PCURVE('',#10736,#11872);
#11872 = DEFINITIONAL_REPRESENTATION('',(#11873),#11877);
#11873 = LINE('',#11874,#11875);
#11874 = CARTESIAN_POINT('',(6.60854487188,0.));
#11875 = VECTOR('',#11876,1.);
#11876 = DIRECTION('',(0.,1.));
#11877 = ( GEOMETRIC_REPRESENTATION_CONTEXT(2) 
PARAMETRIC_REPRESENTATION_CONTEXT() REPRESENTATION_CONTEXT('2D SPACE',''
  ) );
#11878 = PCURVE('',#5889,#11879);
#11879 = DEFINITIONAL_REPRESENTATION('',(#11880),#11906);
#11880 = B_SPLINE_CURVE_WITH_KNOTS('',3,(#11881,#11882,#11883,#11884,
    #11885,#11886,#11887,#11888,#11889,#11890,#11891,#11892,#11893,
    #11894,#11895,#11896,#11897,#11898,#11899,#11900,#11901,#11902,
    #11903,#11904,#11905),.UNSPECIFIED.,.F.,.F.,(4,1,1,1,1,1,1,1,1,1,1,1
    ,1,1,1,1,1,1,1,1,1,1,4),(0.,0.300388403267,0.600776806535,
    0.901165209802,1.201553613069,1.501942016336,1.802330419604,
    2.102718822871,2.403107226138,2.703495629406,3.003884032673,
    3.30427243594,3.604660839207,3.905049242475,4.205437645742,
    4.505826049009,4.806214452277,5.106602855544,5.406991258811,
    5.707379662079,6.007768065346,6.308156468613,6.60854487188),
  .QUASI_UNIFORM_KNOTS.);
#11881 = CARTESIAN_POINT('',(0.,-3.8551958049));
#11882 = CARTESIAN_POINT('',(-2.02225897262E-02,-3.780165222483));
#11883 = CARTESIAN_POINT('',(-6.066590002618E-02,-3.630104778902));
#11884 = CARTESIAN_POINT('',(-0.121451931226,-3.405364594058));
#11885 = CARTESIAN_POINT('',(-0.182480427984,-3.18132818203));
#11886 = CARTESIAN_POINT('',(-0.243891247001,-2.958331420795));
#11887 = CARTESIAN_POINT('',(-0.305823103719,-2.736759300509));
#11888 = CARTESIAN_POINT('',(-0.368418068368,-2.517052653595));
#11889 = CARTESIAN_POINT('',(-0.431824676606,-2.299718868672));
#11890 = CARTESIAN_POINT('',(-0.496201600672,-2.085344920078));
#11891 = CARTESIAN_POINT('',(-0.561718575316,-1.874621257889));
#11892 = CARTESIAN_POINT('',(-0.628554259953,-1.668376230234));
#11893 = CARTESIAN_POINT('',(-0.696890967117,-1.467618138587));
#11894 = CARTESIAN_POINT('',(-0.766906682277,-1.273578952646));
#11895 = CARTESIAN_POINT('',(-0.838764834343,-1.087751965888));
#11896 = CARTESIAN_POINT('',(-0.912602174885,-0.911914734824));
#11897 = CARTESIAN_POINT('',(-0.988514979012,-0.748128767242));
#11898 = CARTESIAN_POINT('',(-1.066543770131,-0.598708116928));
#11899 = CARTESIAN_POINT('',(-1.146657110969,-0.466152013155));
#11900 = CARTESIAN_POINT('',(-1.228735716887,-0.35303555853));
#11901 = CARTESIAN_POINT('',(-1.312559821815,-0.261871035964));
#11902 = CARTESIAN_POINT('',(-1.397803362098,-0.194902149718));
#11903 = CARTESIAN_POINT('',(-1.484044994841,-0.154004218154));
#11904 = CARTESIAN_POINT('',(-1.541875719324,-0.144737897039));
#11905 = CARTESIAN_POINT('',(-1.570796326795,-0.1448041951));
#11906 = ( GEOMETRIC_REPRESENTATION_CONTEXT(2) 
PARAMETRIC_REPRESENTATION_CONTEXT() REPRESENTATION_CONTEXT('2D SPACE',''
  ) );
#11907 = ORIENTED_EDGE('',*,*,#11908,.F.);
#11908 = EDGE_CURVE('',#10662,#11857,#11909,.T.);
#11909 = SURFACE_CURVE('',#11910,(#11914,#11921),.PCURVE_S1.);
#11910 = ( BOUNDED_CURVE() B_SPLINE_CURVE(2,(#11911,#11912,#11913),
.UNSPECIFIED.,.F.,.F.) B_SPLINE_CURVE_WITH_KNOTS((3,3),(0.,6.60854487188
),.PIECEWISE_BEZIER_KNOTS.) CURVE() GEOMETRIC_REPRESENTATION_ITEM() 
RATIONAL_B_SPLINE_CURVE((1.,0.907177557446,1.)) REPRESENTATION_ITEM('') 
  );
#11911 = CARTESIAN_POINT('',(-3.198349336576,-4.,11.583768965865));
#11912 = CARTESIAN_POINT('',(-2.,-4.,13.));
#11913 = CARTESIAN_POINT('',(-0.1448041951,-4.,13.));
#11914 = PCURVE('',#10736,#11915);
#11915 = DEFINITIONAL_REPRESENTATION('',(#11916),#11920);
#11916 = LINE('',#11917,#11918);
#11917 = CARTESIAN_POINT('',(0.,6.60854487188));
#11918 = VECTOR('',#11919,1.);
#11919 = DIRECTION('',(1.,0.));
#11920 = ( GEOMETRIC_REPRESENTATION_CONTEXT(2) 
PARAMETRIC_REPRESENTATION_CONTEXT() REPRESENTATION_CONTEXT('2D SPACE',''
  ) );
#11921 = PCURVE('',#10794,#11922);
#11922 = DEFINITIONAL_REPRESENTATION('',(#11923),#11932);
#11923 = B_SPLINE_CURVE_WITH_KNOTS('',7,(#11924,#11925,#11926,#11927,
    #11928,#11929,#11930,#11931),.UNSPECIFIED.,.F.,.F.,(8,8),(0.,
    6.60854487188),.PIECEWISE_BEZIER_KNOTS.);
#11924 = CARTESIAN_POINT('',(0.,-6.3E-16));
#11925 = CARTESIAN_POINT('',(-0.120213714205,-5.4E-16));
#11926 = CARTESIAN_POINT('',(-0.244147023461,-4.5E-16));
#11927 = CARTESIAN_POINT('',(-0.37058751639,-3.6E-16));
#11928 = CARTESIAN_POINT('',(-0.497951878896,-2.7E-16));
#11929 = CARTESIAN_POINT('',(-0.624392371825,-1.8E-16));
#11930 = CARTESIAN_POINT('',(-0.748325681081,-9.E-17));
#11931 = CARTESIAN_POINT('',(-0.868539395286,0.));
#11932 = ( GEOMETRIC_REPRESENTATION_CONTEXT(2) 
PARAMETRIC_REPRESENTATION_CONTEXT() REPRESENTATION_CONTEXT('2D SPACE',''
  ) );
#11933 = ORIENTED_EDGE('',*,*,#10708,.F.);
#11934 = ADVANCED_FACE('',(#11935),#10794,.F.);
#11935 = FACE_BOUND('',#11936,.T.);
#11936 = EDGE_LOOP('',(#11937,#11938,#11959,#11960));
#11937 = ORIENTED_EDGE('',*,*,#11908,.T.);
#11938 = ORIENTED_EDGE('',*,*,#11939,.T.);
#11939 = EDGE_CURVE('',#11857,#11760,#11940,.T.);
#11940 = SURFACE_CURVE('',#11941,(#11945,#11952),.PCURVE_S1.);
#11941 = LINE('',#11942,#11943);
#11942 = CARTESIAN_POINT('',(-0.1448041951,-4.,13.));
#11943 = VECTOR('',#11944,1.);
#11944 = DIRECTION('',(-2.2E-16,-1.,4.4E-16));
#11945 = PCURVE('',#10794,#11946);
#11946 = DEFINITIONAL_REPRESENTATION('',(#11947),#11951);
#11947 = LINE('',#11948,#11949);
#11948 = CARTESIAN_POINT('',(-0.868539395286,0.));
#11949 = VECTOR('',#11950,1.);
#11950 = DIRECTION('',(-0.,1.));
#11951 = ( GEOMETRIC_REPRESENTATION_CONTEXT(2) 
PARAMETRIC_REPRESENTATION_CONTEXT() REPRESENTATION_CONTEXT('2D SPACE',''
  ) );
#11952 = PCURVE('',#5968,#11953);
#11953 = DEFINITIONAL_REPRESENTATION('',(#11954),#11958);
#11954 = LINE('',#11955,#11956);
#11955 = CARTESIAN_POINT('',(0.5,-0.1448041951));
#11956 = VECTOR('',#11957,1.);
#11957 = DIRECTION('',(-1.,-2.2E-16));
#11958 = ( GEOMETRIC_REPRESENTATION_CONTEXT(2) 
PARAMETRIC_REPRESENTATION_CONTEXT() REPRESENTATION_CONTEXT('2D SPACE',''
  ) );
#11959 = ORIENTED_EDGE('',*,*,#11759,.F.);
#11960 = ORIENTED_EDGE('',*,*,#10780,.F.);
#11961 = ADVANCED_FACE('',(#11962),#10848,.F.);
#11962 = FACE_BOUND('',#11963,.F.);
#11963 = EDGE_LOOP('',(#11964,#11965,#11966));
#11964 = ORIENTED_EDGE('',*,*,#10833,.T.);
#11965 = ORIENTED_EDGE('',*,*,#11260,.T.);
#11966 = ORIENTED_EDGE('',*,*,#11648,.F.);
#11967 = ADVANCED_FACE('',(#11968),#6817,.F.);
#11968 = FACE_BOUND('',#11969,.T.);
#11969 = EDGE_LOOP('',(#11970,#11971,#11972,#11973));
#11970 = ORIENTED_EDGE('',*,*,#7077,.F.);
#11971 = ORIENTED_EDGE('',*,*,#7171,.T.);
#11972 = ORIENTED_EDGE('',*,*,#6801,.T.);
#11973 = ORIENTED_EDGE('',*,*,#7277,.F.);
#11974 = ADVANCED_FACE('',(#11975,#12035,#12041),#100,.T.);
#11975 = FACE_BOUND('',#11976,.T.);
#11976 = EDGE_LOOP('',(#11977,#11978,#11979,#12000,#12001,#12002,#12003,
    #12004,#12005,#12006,#12007,#12008,#12029,#12030,#12031,#12032,
    #12033,#12034));
#11977 = ORIENTED_EDGE('',*,*,#2498,.F.);
#11978 = ORIENTED_EDGE('',*,*,#4981,.F.);
#11979 = ORIENTED_EDGE('',*,*,#11980,.F.);
#11980 = EDGE_CURVE('',#10686,#4982,#11981,.T.);
#11981 = SURFACE_CURVE('',#11982,(#11986,#11993),.PCURVE_S1.);
#11982 = LINE('',#11983,#11984);
#11983 = CARTESIAN_POINT('',(0.,1.11E-15,17.));
#11984 = VECTOR('',#11985,1.);
#11985 = DIRECTION('',(1.,0.,0.));
#11986 = PCURVE('',#100,#11987);
#11987 = DEFINITIONAL_REPRESENTATION('',(#11988),#11992);
#11988 = LINE('',#11989,#11990);
#11989 = CARTESIAN_POINT('',(-1.92E-15,8.846716430077));
#11990 = VECTOR('',#11991,1.);
#11991 = DIRECTION('',(-1.,0.));
#11992 = ( GEOMETRIC_REPRESENTATION_CONTEXT(2) 
PARAMETRIC_REPRESENTATION_CONTEXT() REPRESENTATION_CONTEXT('2D SPACE',''
  ) );
#11993 = PCURVE('',#5889,#11994);
#11994 = DEFINITIONAL_REPRESENTATION('',(#11995),#11999);
#11995 = LINE('',#11996,#11997);
#11996 = CARTESIAN_POINT('',(-0.,0.));
#11997 = VECTOR('',#11998,1.);
#11998 = DIRECTION('',(-0.,1.));
#11999 = ( GEOMETRIC_REPRESENTATION_CONTEXT(2) 
PARAMETRIC_REPRESENTATION_CONTEXT() REPRESENTATION_CONTEXT('2D SPACE',''
  ) );
#12000 = ORIENTED_EDGE('',*,*,#10685,.T.);
#12001 = ORIENTED_EDGE('',*,*,#10425,.T.);
#12002 = ORIENTED_EDGE('',*,*,#10810,.T.);
#12003 = ORIENTED_EDGE('',*,*,#10943,.F.);
#12004 = ORIENTED_EDGE('',*,*,#9241,.T.);
#12005 = ORIENTED_EDGE('',*,*,#11351,.T.);
#12006 = ORIENTED_EDGE('',*,*,#11377,.T.);
#12007 = ORIENTED_EDGE('',*,*,#11519,.F.);
#12008 = ORIENTED_EDGE('',*,*,#12009,.F.);
#12009 = EDGE_CURVE('',#5550,#11462,#12010,.T.);
#12010 = SURFACE_CURVE('',#12011,(#12015,#12022),.PCURVE_S1.);
#12011 = LINE('',#12012,#12013);
#12012 = CARTESIAN_POINT('',(-4.E-15,0.,18.));
#12013 = VECTOR('',#12014,1.);
#12014 = DIRECTION('',(-1.,2.2E-16,-2.2E-16));
#12015 = PCURVE('',#100,#12016);
#12016 = DEFINITIONAL_REPRESENTATION('',(#12017),#12021);
#12017 = LINE('',#12018,#12019);
#12018 = CARTESIAN_POINT('',(2.08E-15,9.846716430077));
#12019 = VECTOR('',#12020,1.);
#12020 = DIRECTION('',(1.,-2.2E-16));
#12021 = ( GEOMETRIC_REPRESENTATION_CONTEXT(2) 
PARAMETRIC_REPRESENTATION_CONTEXT() REPRESENTATION_CONTEXT('2D SPACE',''
  ) );
#12022 = PCURVE('',#5573,#12023);
#12023 = DEFINITIONAL_REPRESENTATION('',(#12024),#12028);
#12024 = LINE('',#12025,#12026);
#12025 = CARTESIAN_POINT('',(-3.115937739045,-1.49E-15));
#12026 = VECTOR('',#12027,1.);
#12027 = DIRECTION('',(-2.2E-16,-1.));
#12028 = ( GEOMETRIC_REPRESENTATION_CONTEXT(2) 
PARAMETRIC_REPRESENTATION_CONTEXT() REPRESENTATION_CONTEXT('2D SPACE',''
  ) );
#12029 = ORIENTED_EDGE('',*,*,#5616,.T.);
#12030 = ORIENTED_EDGE('',*,*,#5465,.F.);
#12031 = ORIENTED_EDGE('',*,*,#5435,.F.);
#12032 = ORIENTED_EDGE('',*,*,#4594,.F.);
#12033 = ORIENTED_EDGE('',*,*,#5105,.T.);
#12034 = ORIENTED_EDGE('',*,*,#1999,.F.);
#12035 = FACE_BOUND('',#12036,.T.);
#12036 = EDGE_LOOP('',(#12037,#12038,#12039,#12040));
#12037 = ORIENTED_EDGE('',*,*,#84,.T.);
#12038 = ORIENTED_EDGE('',*,*,#305,.T.);
#12039 = ORIENTED_EDGE('',*,*,#467,.T.);
#12040 = ORIENTED_EDGE('',*,*,#493,.T.);
#12041 = FACE_BOUND('',#12042,.T.);
#12042 = EDGE_LOOP('',(#12043,#12044,#12045,#12046));
#12043 = ORIENTED_EDGE('',*,*,#6750,.F.);
#12044 = ORIENTED_EDGE('',*,*,#7149,.F.);
#12045 = ORIENTED_EDGE('',*,*,#7123,.F.);
#12046 = ORIENTED_EDGE('',*,*,#6961,.F.);
#12047 = ADVANCED_FACE('',(#12048),#212,.T.);
#12048 = FACE_BOUND('',#12049,.T.);
#12049 = EDGE_LOOP('',(#12050,#12051,#12052,#12053,#12054,#12055,#12056,
    #12057,#12058,#12079,#12080,#12081,#12082,#12083,#12084,#12085,
    #12086,#12087));
#12050 = ORIENTED_EDGE('',*,*,#3150,.T.);
#12051 = ORIENTED_EDGE('',*,*,#4727,.T.);
#12052 = ORIENTED_EDGE('',*,*,#5691,.T.);
#12053 = ORIENTED_EDGE('',*,*,#375,.T.);
#12054 = ORIENTED_EDGE('',*,*,#540,.F.);
#12055 = ORIENTED_EDGE('',*,*,#196,.F.);
#12056 = ORIENTED_EDGE('',*,*,#5669,.T.);
#12057 = ORIENTED_EDGE('',*,*,#827,.T.);
#12058 = ORIENTED_EDGE('',*,*,#12059,.T.);
#12059 = EDGE_CURVE('',#799,#10051,#12060,.T.);
#12060 = SURFACE_CURVE('',#12061,(#12065,#12072),.PCURVE_S1.);
#12061 = LINE('',#12062,#12063);
#12062 = CARTESIAN_POINT('',(16.,-24.07920713218,4.654247563971));
#12063 = VECTOR('',#12064,1.);
#12064 = DIRECTION('',(-1.,0.,-2.2E-16));
#12065 = PCURVE('',#212,#12066);
#12066 = DEFINITIONAL_REPRESENTATION('',(#12067),#12071);
#12067 = LINE('',#12068,#12069);
#12068 = CARTESIAN_POINT('',(6.094722580801,16.));
#12069 = VECTOR('',#12070,1.);
#12070 = DIRECTION('',(1.274255690816E-16,-1.));
#12071 = ( GEOMETRIC_REPRESENTATION_CONTEXT(2) 
PARAMETRIC_REPRESENTATION_CONTEXT() REPRESENTATION_CONTEXT('2D SPACE',''
  ) );
#12072 = PCURVE('',#815,#12073);
#12073 = DEFINITIONAL_REPRESENTATION('',(#12074),#12078);
#12074 = LINE('',#12075,#12076);
#12075 = CARTESIAN_POINT('',(0.,0.));
#12076 = VECTOR('',#12077,1.);
#12077 = DIRECTION('',(0.,1.));
#12078 = ( GEOMETRIC_REPRESENTATION_CONTEXT(2) 
PARAMETRIC_REPRESENTATION_CONTEXT() REPRESENTATION_CONTEXT('2D SPACE',''
  ) );
#12079 = ORIENTED_EDGE('',*,*,#10078,.F.);
#12080 = ORIENTED_EDGE('',*,*,#11566,.F.);
#12081 = ORIENTED_EDGE('',*,*,#6857,.T.);
#12082 = ORIENTED_EDGE('',*,*,#7196,.T.);
#12083 = ORIENTED_EDGE('',*,*,#7031,.F.);
#12084 = ORIENTED_EDGE('',*,*,#11588,.F.);
#12085 = ORIENTED_EDGE('',*,*,#9381,.F.);
#12086 = ORIENTED_EDGE('',*,*,#7585,.F.);
#12087 = ORIENTED_EDGE('',*,*,#12088,.F.);
#12088 = EDGE_CURVE('',#3151,#7586,#12089,.T.);
#12089 = SURFACE_CURVE('',#12090,(#12094,#12101),.PCURVE_S1.);
#12090 = LINE('',#12091,#12092);
#12091 = CARTESIAN_POINT('',(-7.72E-15,-24.57920713218,4.298984406076));
#12092 = VECTOR('',#12093,1.);
#12093 = DIRECTION('',(-1.,2.2E-16,-0.));
#12094 = PCURVE('',#212,#12095);
#12095 = DEFINITIONAL_REPRESENTATION('',(#12096),#12100);
#12096 = LINE('',#12097,#12098);
#12097 = CARTESIAN_POINT('',(6.708083739791,-6.42E-15));
#12098 = VECTOR('',#12099,1.);
#12099 = DIRECTION('',(-1.793396898186E-16,-1.));
#12100 = ( GEOMETRIC_REPRESENTATION_CONTEXT(2) 
PARAMETRIC_REPRESENTATION_CONTEXT() REPRESENTATION_CONTEXT('2D SPACE',''
  ) );
#12101 = PCURVE('',#3190,#12102);
#12102 = DEFINITIONAL_REPRESENTATION('',(#12103),#12129);
#12103 = B_SPLINE_CURVE_WITH_KNOTS('',3,(#12104,#12105,#12106,#12107,
    #12108,#12109,#12110,#12111,#12112,#12113,#12114,#12115,#12116,
    #12117,#12118,#12119,#12120,#12121,#12122,#12123,#12124,#12125,
    #12126,#12127,#12128),.UNSPECIFIED.,.F.,.F.,(4,1,1,1,1,1,1,1,1,1,1,1
    ,1,1,1,1,1,1,1,1,1,1,4),(-44.,2.,4.,6.,8.,10.,12.,14.,16.,18.,20.,
    22.,24.,26.,28.,30.,32.,34.,36.,38.,40.,42.,44.),.UNSPECIFIED.);
#12104 = CARTESIAN_POINT('',(0.,44.));
#12105 = CARTESIAN_POINT('',(0.,28.666666666667));
#12106 = CARTESIAN_POINT('',(-1.046E-14,12.666666666667));
#12107 = CARTESIAN_POINT('',(1.78E-15,-4.));
#12108 = CARTESIAN_POINT('',(0.,-6.));
#12109 = CARTESIAN_POINT('',(-4.44E-15,-8.));
#12110 = CARTESIAN_POINT('',(-2.66E-15,-10.));
#12111 = CARTESIAN_POINT('',(-2.66E-15,-12.));
#12112 = CARTESIAN_POINT('',(-4.44E-15,-14.));
#12113 = CARTESIAN_POINT('',(-3.55E-15,-16.));
#12114 = CARTESIAN_POINT('',(-2.66E-15,-18.));
#12115 = CARTESIAN_POINT('',(-9.77E-15,-20.));
#12116 = CARTESIAN_POINT('',(-5.33E-15,-22.));
#12117 = CARTESIAN_POINT('',(-1.155E-14,-24.));
#12118 = CARTESIAN_POINT('',(-9.77E-15,-26.));
#12119 = CARTESIAN_POINT('',(-1.155E-14,-28.));
#12120 = CARTESIAN_POINT('',(-1.066E-14,-30.));
#12121 = CARTESIAN_POINT('',(-1.066E-14,-32.));
#12122 = CARTESIAN_POINT('',(-1.066E-14,-34.));
#12123 = CARTESIAN_POINT('',(-1.155E-14,-36.));
#12124 = CARTESIAN_POINT('',(-9.77E-15,-38.));
#12125 = CARTESIAN_POINT('',(-1.421E-14,-40.));
#12126 = CARTESIAN_POINT('',(-1.599E-14,-42.));
#12127 = CARTESIAN_POINT('',(-7.99E-15,-43.33333333333));
#12128 = CARTESIAN_POINT('',(0.,-44.));
#12129 = ( GEOMETRIC_REPRESENTATION_CONTEXT(2) 
PARAMETRIC_REPRESENTATION_CONTEXT() REPRESENTATION_CONTEXT('2D SPACE',''
  ) );
#12130 = ADVANCED_FACE('',(#12131),#3218,.T.);
#12131 = FACE_BOUND('',#12132,.T.);
#12132 = EDGE_LOOP('',(#12133,#12134,#12155,#12156));
#12133 = ORIENTED_EDGE('',*,*,#3202,.F.);
#12134 = ORIENTED_EDGE('',*,*,#12135,.F.);
#12135 = EDGE_CURVE('',#7609,#3174,#12136,.T.);
#12136 = SURFACE_CURVE('',#12137,(#12141,#12148),.PCURVE_S1.);
#12137 = LINE('',#12138,#12139);
#12138 = CARTESIAN_POINT('',(1.49E-15,-25.,3.48380399781));
#12139 = VECTOR('',#12140,1.);
#12140 = DIRECTION('',(1.,0.,2.2E-16));
#12141 = PCURVE('',#3218,#12142);
#12142 = DEFINITIONAL_REPRESENTATION('',(#12143),#12147);
#12143 = LINE('',#12144,#12145);
#12144 = CARTESIAN_POINT('',(4.E-15,1.241901998905));
#12145 = VECTOR('',#12146,1.);
#12146 = DIRECTION('',(1.,2.2E-16));
#12147 = ( GEOMETRIC_REPRESENTATION_CONTEXT(2) 
PARAMETRIC_REPRESENTATION_CONTEXT() REPRESENTATION_CONTEXT('2D SPACE',''
  ) );
#12148 = PCURVE('',#3190,#12149);
#12149 = DEFINITIONAL_REPRESENTATION('',(#12150),#12154);
#12150 = LINE('',#12151,#12152);
#12151 = CARTESIAN_POINT('',(0.953040601229,0.));
#12152 = VECTOR('',#12153,1.);
#12153 = DIRECTION('',(0.,1.));
#12154 = ( GEOMETRIC_REPRESENTATION_CONTEXT(2) 
PARAMETRIC_REPRESENTATION_CONTEXT() REPRESENTATION_CONTEXT('2D SPACE',''
  ) );
#12155 = ORIENTED_EDGE('',*,*,#7636,.T.);
#12156 = ORIENTED_EDGE('',*,*,#12157,.F.);
#12157 = EDGE_CURVE('',#3203,#7637,#12158,.T.);
#12158 = SURFACE_CURVE('',#12159,(#12163,#12170),.PCURVE_S1.);
#12159 = LINE('',#12160,#12161);
#12160 = CARTESIAN_POINT('',(-5.77E-15,-25.,1.));
#12161 = VECTOR('',#12162,1.);
#12162 = DIRECTION('',(-1.,2.2E-16,-2.2E-16));
#12163 = PCURVE('',#3218,#12164);
#12164 = DEFINITIONAL_REPRESENTATION('',(#12165),#12169);
#12165 = LINE('',#12166,#12167);
#12166 = CARTESIAN_POINT('',(-3.26E-15,-1.241901998905));
#12167 = VECTOR('',#12168,1.);
#12168 = DIRECTION('',(-1.,-2.2E-16));
#12169 = ( GEOMETRIC_REPRESENTATION_CONTEXT(2) 
PARAMETRIC_REPRESENTATION_CONTEXT() REPRESENTATION_CONTEXT('2D SPACE',''
  ) );
#12170 = PCURVE('',#3247,#12171);
#12171 = DEFINITIONAL_REPRESENTATION('',(#12172),#12176);
#12172 = LINE('',#12173,#12174);
#12173 = CARTESIAN_POINT('',(0.,-5.77E-15));
#12174 = VECTOR('',#12175,1.);
#12175 = DIRECTION('',(0.,-1.));
#12176 = ( GEOMETRIC_REPRESENTATION_CONTEXT(2) 
PARAMETRIC_REPRESENTATION_CONTEXT() REPRESENTATION_CONTEXT('2D SPACE',''
  ) );
#12177 = ADVANCED_FACE('',(#12178),#786,.T.);
#12178 = FACE_BOUND('',#12179,.T.);
#12179 = EDGE_LOOP('',(#12180,#12181,#12202,#12203));
#12180 = ORIENTED_EDGE('',*,*,#770,.T.);
#12181 = ORIENTED_EDGE('',*,*,#12182,.T.);
#12182 = EDGE_CURVE('',#738,#10004,#12183,.T.);
#12183 = SURFACE_CURVE('',#12184,(#12188,#12195),.PCURVE_S1.);
#12184 = LINE('',#12185,#12186);
#12185 = CARTESIAN_POINT('',(16.,-22.5,1.));
#12186 = VECTOR('',#12187,1.);
#12187 = DIRECTION('',(-1.,0.,-2.2E-16));
#12188 = PCURVE('',#786,#12189);
#12189 = DEFINITIONAL_REPRESENTATION('',(#12190),#12194);
#12190 = LINE('',#12191,#12192);
#12191 = CARTESIAN_POINT('',(-16.,-1.419533577852));
#12192 = VECTOR('',#12193,1.);
#12193 = DIRECTION('',(1.,-2.2E-16));
#12194 = ( GEOMETRIC_REPRESENTATION_CONTEXT(2) 
PARAMETRIC_REPRESENTATION_CONTEXT() REPRESENTATION_CONTEXT('2D SPACE',''
  ) );
#12195 = PCURVE('',#758,#12196);
#12196 = DEFINITIONAL_REPRESENTATION('',(#12197),#12201);
#12197 = LINE('',#12198,#12199);
#12198 = CARTESIAN_POINT('',(-1.570796326795,-0.));
#12199 = VECTOR('',#12200,1.);
#12200 = DIRECTION('',(-0.,1.));
#12201 = ( GEOMETRIC_REPRESENTATION_CONTEXT(2) 
PARAMETRIC_REPRESENTATION_CONTEXT() REPRESENTATION_CONTEXT('2D SPACE',''
  ) );
#12202 = ORIENTED_EDGE('',*,*,#10027,.F.);
#12203 = ORIENTED_EDGE('',*,*,#12204,.T.);
#12204 = EDGE_CURVE('',#10028,#771,#12205,.T.);
#12205 = SURFACE_CURVE('',#12206,(#12210,#12217),.PCURVE_S1.);
#12206 = LINE('',#12207,#12208);
#12207 = CARTESIAN_POINT('',(-16.,-22.5,3.839067155705));
#12208 = VECTOR('',#12209,1.);
#12209 = DIRECTION('',(1.,-2.2E-16,0.));
#12210 = PCURVE('',#786,#12211);
#12211 = DEFINITIONAL_REPRESENTATION('',(#12212),#12216);
#12212 = LINE('',#12213,#12214);
#12213 = CARTESIAN_POINT('',(16.,1.419533577852));
#12214 = VECTOR('',#12215,1.);
#12215 = DIRECTION('',(-1.,4.84E-32));
#12216 = ( GEOMETRIC_REPRESENTATION_CONTEXT(2) 
PARAMETRIC_REPRESENTATION_CONTEXT() REPRESENTATION_CONTEXT('2D SPACE',''
  ) );
#12217 = PCURVE('',#815,#12218);
#12218 = DEFINITIONAL_REPRESENTATION('',(#12219),#12223);
#12219 = LINE('',#12220,#12221);
#12220 = CARTESIAN_POINT('',(2.188552052361,32.));
#12221 = VECTOR('',#12222,1.);
#12222 = DIRECTION('',(2.5E-16,-1.));
#12223 = ( GEOMETRIC_REPRESENTATION_CONTEXT(2) 
PARAMETRIC_REPRESENTATION_CONTEXT() REPRESENTATION_CONTEXT('2D SPACE',''
  ) );
#12224 = ADVANCED_FACE('',(#12225),#668,.T.);
#12225 = FACE_BOUND('',#12226,.T.);
#12226 = EDGE_LOOP('',(#12227,#12228,#12229,#12230,#12231,#12232,#12253,
    #12254,#12255,#12256,#12257,#12258));
#12227 = ORIENTED_EDGE('',*,*,#4932,.T.);
#12228 = ORIENTED_EDGE('',*,*,#953,.F.);
#12229 = ORIENTED_EDGE('',*,*,#852,.F.);
#12230 = ORIENTED_EDGE('',*,*,#645,.F.);
#12231 = ORIENTED_EDGE('',*,*,#5738,.F.);
#12232 = ORIENTED_EDGE('',*,*,#12233,.F.);
#12233 = EDGE_CURVE('',#11711,#5716,#12234,.T.);
#12234 = SURFACE_CURVE('',#12235,(#12239,#12246),.PCURVE_S1.);
#12235 = LINE('',#12236,#12237);
#12236 = CARTESIAN_POINT('',(0.,-6.,18.));
#12237 = VECTOR('',#12238,1.);
#12238 = DIRECTION('',(1.,0.,0.));
#12239 = PCURVE('',#668,#12240);
#12240 = DEFINITIONAL_REPRESENTATION('',(#12241),#12245);
#12241 = LINE('',#12242,#12243);
#12242 = CARTESIAN_POINT('',(1.E-16,6.906894151475));
#12243 = VECTOR('',#12244,1.);
#12244 = DIRECTION('',(1.,0.));
#12245 = ( GEOMETRIC_REPRESENTATION_CONTEXT(2) 
PARAMETRIC_REPRESENTATION_CONTEXT() REPRESENTATION_CONTEXT('2D SPACE',''
  ) );
#12246 = PCURVE('',#5573,#12247);
#12247 = DEFINITIONAL_REPRESENTATION('',(#12248),#12252);
#12248 = LINE('',#12249,#12250);
#12249 = CARTESIAN_POINT('',(2.884062260955,2.51E-15));
#12250 = VECTOR('',#12251,1.);
#12251 = DIRECTION('',(0.,1.));
#12252 = ( GEOMETRIC_REPRESENTATION_CONTEXT(2) 
PARAMETRIC_REPRESENTATION_CONTEXT() REPRESENTATION_CONTEXT('2D SPACE',''
  ) );
#12253 = ORIENTED_EDGE('',*,*,#11733,.T.);
#12254 = ORIENTED_EDGE('',*,*,#9951,.T.);
#12255 = ORIENTED_EDGE('',*,*,#10103,.T.);
#12256 = ORIENTED_EDGE('',*,*,#10160,.T.);
#12257 = ORIENTED_EDGE('',*,*,#10636,.F.);
#12258 = ORIENTED_EDGE('',*,*,#12259,.F.);
#12259 = EDGE_CURVE('',#4841,#10545,#12260,.T.);
#12260 = SURFACE_CURVE('',#12261,(#12265,#12272),.PCURVE_S1.);
#12261 = LINE('',#12262,#12263);
#12262 = CARTESIAN_POINT('',(-4.44E-15,-6.,14.));
#12263 = VECTOR('',#12264,1.);
#12264 = DIRECTION('',(-1.,2.2E-16,-2.2E-16));
#12265 = PCURVE('',#668,#12266);
#12266 = DEFINITIONAL_REPRESENTATION('',(#12267),#12271);
#12267 = LINE('',#12268,#12269);
#12268 = CARTESIAN_POINT('',(-4.34E-15,2.906894151475));
#12269 = VECTOR('',#12270,1.);
#12270 = DIRECTION('',(-1.,-2.2E-16));
#12271 = ( GEOMETRIC_REPRESENTATION_CONTEXT(2) 
PARAMETRIC_REPRESENTATION_CONTEXT() REPRESENTATION_CONTEXT('2D SPACE',''
  ) );
#12272 = PCURVE('',#5828,#12273);
#12273 = DEFINITIONAL_REPRESENTATION('',(#12274),#12278);
#12274 = LINE('',#12275,#12276);
#12275 = CARTESIAN_POINT('',(0.,-4.44E-15));
#12276 = VECTOR('',#12277,1.);
#12277 = DIRECTION('',(0.,-1.));
#12278 = ( GEOMETRIC_REPRESENTATION_CONTEXT(2) 
PARAMETRIC_REPRESENTATION_CONTEXT() REPRESENTATION_CONTEXT('2D SPACE',''
  ) );
#12279 = ADVANCED_FACE('',(#12280),#5573,.T.);
#12280 = FACE_BOUND('',#12281,.T.);
#12281 = EDGE_LOOP('',(#12282,#12283,#12284,#12285,#12286,#12287));
#12282 = ORIENTED_EDGE('',*,*,#5715,.F.);
#12283 = ORIENTED_EDGE('',*,*,#5549,.F.);
#12284 = ORIENTED_EDGE('',*,*,#12009,.T.);
#12285 = ORIENTED_EDGE('',*,*,#11461,.T.);
#12286 = ORIENTED_EDGE('',*,*,#11710,.T.);
#12287 = ORIENTED_EDGE('',*,*,#12233,.T.);
#12288 = ADVANCED_FACE('',(#12289),#5968,.T.);
#12289 = FACE_BOUND('',#12290,.T.);
#12290 = EDGE_LOOP('',(#12291,#12312,#12313,#12334));
#12291 = ORIENTED_EDGE('',*,*,#12292,.F.);
#12292 = EDGE_CURVE('',#11760,#5765,#12293,.T.);
#12293 = SURFACE_CURVE('',#12294,(#12298,#12305),.PCURVE_S1.);
#12294 = LINE('',#12295,#12296);
#12295 = CARTESIAN_POINT('',(0.,-5.,13.));
#12296 = VECTOR('',#12297,1.);
#12297 = DIRECTION('',(1.,0.,0.));
#12298 = PCURVE('',#5968,#12299);
#12299 = DEFINITIONAL_REPRESENTATION('',(#12300),#12304);
#12300 = LINE('',#12301,#12302);
#12301 = CARTESIAN_POINT('',(-0.5,1.95E-15));
#12302 = VECTOR('',#12303,1.);
#12303 = DIRECTION('',(0.,1.));
#12304 = ( GEOMETRIC_REPRESENTATION_CONTEXT(2) 
PARAMETRIC_REPRESENTATION_CONTEXT() REPRESENTATION_CONTEXT('2D SPACE',''
  ) );
#12305 = PCURVE('',#5828,#12306);
#12306 = DEFINITIONAL_REPRESENTATION('',(#12307),#12311);
#12307 = LINE('',#12308,#12309);
#12308 = CARTESIAN_POINT('',(1.570796326795,0.));
#12309 = VECTOR('',#12310,1.);
#12310 = DIRECTION('',(0.,1.));
#12311 = ( GEOMETRIC_REPRESENTATION_CONTEXT(2) 
PARAMETRIC_REPRESENTATION_CONTEXT() REPRESENTATION_CONTEXT('2D SPACE',''
  ) );
#12312 = ORIENTED_EDGE('',*,*,#11939,.F.);
#12313 = ORIENTED_EDGE('',*,*,#12314,.F.);
#12314 = EDGE_CURVE('',#5867,#11857,#12315,.T.);
#12315 = SURFACE_CURVE('',#12316,(#12320,#12327),.PCURVE_S1.);
#12316 = LINE('',#12317,#12318);
#12317 = CARTESIAN_POINT('',(-3.77E-15,-4.,13.));
#12318 = VECTOR('',#12319,1.);
#12319 = DIRECTION('',(-1.,2.2E-16,-2.2E-16));
#12320 = PCURVE('',#5968,#12321);
#12321 = DEFINITIONAL_REPRESENTATION('',(#12322),#12326);
#12322 = LINE('',#12323,#12324);
#12323 = CARTESIAN_POINT('',(0.5,-1.82E-15));
#12324 = VECTOR('',#12325,1.);
#12325 = DIRECTION('',(2.2E-16,-1.));
#12326 = ( GEOMETRIC_REPRESENTATION_CONTEXT(2) 
PARAMETRIC_REPRESENTATION_CONTEXT() REPRESENTATION_CONTEXT('2D SPACE',''
  ) );
#12327 = PCURVE('',#5889,#12328);
#12328 = DEFINITIONAL_REPRESENTATION('',(#12329),#12333);
#12329 = LINE('',#12330,#12331);
#12330 = CARTESIAN_POINT('',(-1.570796326795,-3.77E-15));
#12331 = VECTOR('',#12332,1.);
#12332 = DIRECTION('',(-0.,-1.));
#12333 = ( GEOMETRIC_REPRESENTATION_CONTEXT(2) 
PARAMETRIC_REPRESENTATION_CONTEXT() REPRESENTATION_CONTEXT('2D SPACE',''
  ) );
#12334 = ORIENTED_EDGE('',*,*,#5954,.T.);
#12335 = ADVANCED_FACE('',(#12336),#3247,.T.);
#12336 = FACE_BOUND('',#12337,.T.);
#12337 = EDGE_LOOP('',(#12338,#12339,#12340,#12341));
#12338 = ORIENTED_EDGE('',*,*,#7659,.T.);
#12339 = ORIENTED_EDGE('',*,*,#5995,.T.);
#12340 = ORIENTED_EDGE('',*,*,#3230,.F.);
#12341 = ORIENTED_EDGE('',*,*,#12157,.T.);
#12342 = ADVANCED_FACE('',(#12343),#758,.T.);
#12343 = FACE_BOUND('',#12344,.F.);
#12344 = EDGE_LOOP('',(#12345,#12346,#12347,#12348));
#12345 = ORIENTED_EDGE('',*,*,#10003,.F.);
#12346 = ORIENTED_EDGE('',*,*,#6611,.T.);
#12347 = ORIENTED_EDGE('',*,*,#737,.T.);
#12348 = ORIENTED_EDGE('',*,*,#12182,.T.);
#12349 = ADVANCED_FACE('',(#12350),#3190,.T.);
#12350 = FACE_BOUND('',#12351,.T.);
#12351 = EDGE_LOOP('',(#12352,#12353,#12354,#12355));
#12352 = ORIENTED_EDGE('',*,*,#7608,.T.);
#12353 = ORIENTED_EDGE('',*,*,#12135,.T.);
#12354 = ORIENTED_EDGE('',*,*,#3173,.F.);
#12355 = ORIENTED_EDGE('',*,*,#12088,.T.);
#12356 = ADVANCED_FACE('',(#12357),#815,.T.);
#12357 = FACE_BOUND('',#12358,.T.);
#12358 = EDGE_LOOP('',(#12359,#12360,#12361,#12362));
#12359 = ORIENTED_EDGE('',*,*,#12204,.F.);
#12360 = ORIENTED_EDGE('',*,*,#10050,.F.);
#12361 = ORIENTED_EDGE('',*,*,#12059,.F.);
#12362 = ORIENTED_EDGE('',*,*,#798,.T.);
#12363 = ADVANCED_FACE('',(#12364),#5889,.T.);
#12364 = FACE_BOUND('',#12365,.F.);
#12365 = EDGE_LOOP('',(#12366,#12367,#12368,#12369));
#12366 = ORIENTED_EDGE('',*,*,#11856,.T.);
#12367 = ORIENTED_EDGE('',*,*,#12314,.F.);
#12368 = ORIENTED_EDGE('',*,*,#5866,.F.);
#12369 = ORIENTED_EDGE('',*,*,#11980,.F.);
#12370 = ADVANCED_FACE('',(#12371),#5828,.T.);
#12371 = FACE_BOUND('',#12372,.T.);
#12372 = EDGE_LOOP('',(#12373,#12374,#12375,#12376));
#12373 = ORIENTED_EDGE('',*,*,#12259,.T.);
#12374 = ORIENTED_EDGE('',*,*,#11798,.F.);
#12375 = ORIENTED_EDGE('',*,*,#12292,.T.);
#12376 = ORIENTED_EDGE('',*,*,#5803,.T.);
#12377 = ( GEOMETRIC_REPRESENTATION_CONTEXT(3) 
GLOBAL_UNCERTAINTY_ASSIGNED_CONTEXT((#12381)) 
GLOBAL_UNIT_ASSIGNED_CONTEXT((#12378,#12379,#12380)) 
REPRESENTATION_CONTEXT('Context #1',
  '3D Context with UNIT and UNCERTAINTY') );
#12378 = ( LENGTH_UNIT() NAMED_UNIT(*) SI_UNIT(.MILLI.,.METRE.) );
#12379 = ( NAMED_UNIT(*) PLANE_ANGLE_UNIT() SI_UNIT($,.RADIAN.) );
#12380 = ( NAMED_UNIT(*) SI_UNIT($,.STERADIAN.) SOLID_ANGLE_UNIT() );
#12381 = UNCERTAINTY_MEASURE_WITH_UNIT(LENGTH_MEASURE(1.E-04),#12378,
  'distance_accuracy_value','confusion accuracy');
#12382 = PRODUCT_RELATED_PRODUCT_CATEGORY('part',$,(#7));
#12383 = MECHANICAL_DESIGN_GEOMETRIC_PRESENTATION_REPRESENTATION('',(
    #12384),#12377);
#12384 = STYLED_ITEM('color',(#12385),#15);
#12385 = PRESENTATION_STYLE_ASSIGNMENT((#12386,#12392));
#12386 = SURFACE_STYLE_USAGE(.BOTH.,#12387);
#12387 = SURFACE_SIDE_STYLE('',(#12388));
#12388 = SURFACE_STYLE_FILL_AREA(#12389);
#12389 = FILL_AREA_STYLE('',(#12390));
#12390 = FILL_AREA_STYLE_COLOUR('',#12391);
#12391 = COLOUR_RGB('',0.447058818107,0.474509808674,0.501960817233);
#12392 = CURVE_STYLE('',#12393,POSITIVE_LENGTH_MEASURE(0.1),#12394);
#12393 = DRAUGHTING_PRE_DEFINED_CURVE_FONT('continuous');
#12394 = COLOUR_RGB('',9.803921802644E-02,9.803921802644E-02,
  9.803921802644E-02);
ENDSEC;
END-ISO-10303-21;
