ISO-10303-21;
HEADER;
FILE_DESCRIPTION(('FreeCAD Model'),'2;1');
FILE_NAME('Open CASCADE Shape Model','2025-08-26T12:23:50',(''),(''),
  'Open CASCADE STEP processor 7.8','FreeCAD','Unknown');
FILE_SCHEMA(('AUTOMOTIVE_DESIGN { 1 0 10303 214 1 1 1 1 }'));
ENDSEC;
DATA;
#1 = APPLICATION_PROTOCOL_DEFINITION('international standard',
  'automotive_design',2000,#2);
#2 = APPLICATION_CONTEXT(
  'core data for automotive mechanical design processes');
#3 = SHAPE_DEFINITION_REPRESENTATION(#4,#10);
#4 = PRODUCT_DEFINITION_SHAPE('','',#5);
#5 = PRODUCT_DEFINITION('design','',#6,#9);
#6 = PRODUCT_DEFINITION_FORMATION('','',#7);
#7 = PRODUCT('Arm','Arm','',(#8));
#8 = PRODUCT_CONTEXT('',#2,'mechanical');
#9 = PRODUCT_DEFINITION_CONTEXT('part definition',#2,'design');
#10 = ADVANCED_BREP_SHAPE_REPRESENTATION('',(#11,#15),#5849);
#11 = AXIS2_PLACEMENT_3D('',#12,#13,#14);
#12 = CARTESIAN_POINT('',(0.,0.,0.));
#13 = DIRECTION('',(0.,0.,1.));
#14 = DIRECTION('',(1.,0.,-0.));
#15 = MANIFOLD_SOLID_BREP('',#16);
#16 = CLOSED_SHELL('',(#17,#1284,#1677,#2189,#2323,#2462,#2558,#2952,
    #3305,#3688,#3720,#3746,#3772,#3863,#4142,#4183,#4263,#4438,#4494,
    #4526,#4581,#4613,#4693,#4886,#4942,#4997,#5052,#5085,#5112,#5194,
    #5246,#5252,#5325,#5375,#5552,#5648,#5654,#5681,#5730,#5757,#5798,
    #5843));
#17 = ADVANCED_FACE('',(#18,#944),#129,.F.);
#18 = FACE_BOUND('',#19,.F.);
#19 = EDGE_LOOP('',(#20));
#20 = ORIENTED_EDGE('',*,*,#21,.T.);
#21 = EDGE_CURVE('',#22,#22,#24,.T.);
#22 = VERTEX_POINT('',#23);
#23 = CARTESIAN_POINT('',(61.771004939718,140.54534182589,8.499998334059
    ));
#24 = SURFACE_CURVE('',#25,(#128,#630),.PCURVE_S1.);
#25 = ( BOUNDED_CURVE() B_SPLINE_CURVE(12,(#26,#27,#28,#29,#30,#31,#32,
    #33,#34,#35,#36,#37,#38,#39,#40,#41,#42,#43,#44,#45,#46,#47,#48,#49,
    #50,#51,#52,#53,#54,#55,#56,#57,#58,#59,#60,#61,#62,#63,#64,#65,#66,
    #67,#68,#69,#70,#71,#72,#73,#74,#75,#76,#77,#78,#79,#80,#81,#82,#83,
    #84,#85,#86,#87,#88,#89,#90,#91,#92,#93,#94,#95,#96,#97,#98,#99,#100
    ,#101,#102,#103,#104,#105,#106,#107,#108,#109,#110,#111,#112,#113,
    #114,#115,#116,#117,#118,#119,#120,#121,#122,#123,#124,#125,#126,
#127),.UNSPECIFIED.,.T.,.F.) B_SPLINE_CURVE_WITH_KNOTS((13,11,11,12,11,
    11,11,11,11,13),(-6.317185399427,-2.309954432333,-0.644240713539,0.,
    1.634850237771,4.854585697263,6.944106704029,8.625746848801,
8.964808646714,9.390910255225),.UNSPECIFIED.) CURVE() 
GEOMETRIC_REPRESENTATION_ITEM() RATIONAL_B_SPLINE_CURVE((1.,1.,1.,1.,1.,
    1.,1.,1.,1.,1.,1.,1.,1.,1.,1.,1.,1.,1.,1.,1.,1.,1.,1.,1.,
    0.999999999999,1.000000000002,0.999999999997,1.000000000004,
    0.999999999996,1.000000000004,0.999999999998,1.000000000001,1.,1.,1.
    ,1.,1.,1.000000000001,0.999999999999,1.000000000001,0.999999999999,
    1.000000000001,0.999999999999,1.,1.,1.,1.,1.,1.,1.,1.,0.999999999999
    ,1.000000000001,1.,1.,1.,1.,1.,1.,1.,1.,1.,1.,1.,1.,1.,1.,1.,1.,1.,
    1.000000000001,0.999999999998,1.000000000003,0.999999999997,
    1.000000000003,0.999999999998,1.000000000001,1.,1.,1.,1.,1.,
    0.999999999999,1.000000000001,0.999999999999,1.000000000001,
    0.999999999999,1.,1.,1.,1.,1.,1.000000000001,0.999999999998,
    1.000000000002,0.999999999998,1.000000000002,0.999999999999,
1.000000000001,1.,1.,1.)) REPRESENTATION_ITEM('') );
#26 = CARTESIAN_POINT('',(61.771004939718,140.54534182589,8.499998334059
    ));
#27 = CARTESIAN_POINT('',(61.982665125185,139.88858763699,8.499639505229
    ));
#28 = CARTESIAN_POINT('',(62.192626376569,139.23224541952,8.351939056001
    ));
#29 = CARTESIAN_POINT('',(62.383492027931,138.63026127321,8.05540512219)
  );
#30 = CARTESIAN_POINT('',(62.525054995488,138.17872375942,7.653535753981
    ));
#31 = CARTESIAN_POINT('',(62.648171450576,137.78689604347,7.2365927157)
  );
#32 = CARTESIAN_POINT('',(62.733516187707,137.51185129695,6.744864699551
    ));
#33 = CARTESIAN_POINT('',(62.799925219583,137.29928566106,6.266302484927
    ));
#34 = CARTESIAN_POINT('',(62.838080142568,137.17602028512,5.748839126944
    ));
#35 = CARTESIAN_POINT('',(62.854764109549,137.12252456073,5.240249357093
    ));
#36 = CARTESIAN_POINT('',(62.847351874368,137.14643734493,4.724810396977
    ));
#37 = CARTESIAN_POINT('',(62.816071315248,137.24706487024,4.219248614755
    ));
#38 = CARTESIAN_POINT('',(62.73587015765,137.50409530024,3.528832616963)
  );
#39 = CARTESIAN_POINT('',(62.707947681204,137.59351989658,3.329200701136
    ));
#40 = CARTESIAN_POINT('',(62.675533568523,137.69723094204,3.133492878287
    ));
#41 = CARTESIAN_POINT('',(62.638525156572,137.81551028563,2.942527502791
    ));
#42 = CARTESIAN_POINT('',(62.596806224345,137.94867362027,2.757219865626
    ));
#43 = CARTESIAN_POINT('',(62.550236561069,138.09709830172,2.578669926507
    ));
#44 = CARTESIAN_POINT('',(62.49866015625,138.26119479019,2.408226016564)
  );
#45 = CARTESIAN_POINT('',(62.441932011611,138.44132171425,2.247524511859
    ));
#46 = CARTESIAN_POINT('',(62.379963574862,138.63764455763,2.098505477394
    ));
#47 = CARTESIAN_POINT('',(62.312786795368,138.84993796829,1.963404281965
    ));
#48 = CARTESIAN_POINT('',(62.240636801655,139.07733169025,1.844719183547
    ));
#49 = CARTESIAN_POINT('',(62.134433300866,139.41108237911,1.706646843088
    ));
#50 = CARTESIAN_POINT('',(62.104146911267,139.50616233154,1.670965346285
    ));
#51 = CARTESIAN_POINT('',(62.073227894885,139.60312509959,1.638286153359
    ));
#52 = CARTESIAN_POINT('',(62.041716575244,139.7018366815,1.608768374565)
  );
#53 = CARTESIAN_POINT('',(62.0096597365,139.80214394933,1.58255447208));
#54 = CARTESIAN_POINT('',(61.977110623453,139.90387464893,1.559770260041
    ));
#55 = CARTESIAN_POINT('',(61.944128941528,140.00683739999,1.540524904488
    ));
#56 = CARTESIAN_POINT('',(61.910780856798,140.110821696,1.524910923431)
  );
#57 = CARTESIAN_POINT('',(61.877138995963,140.21559790426,1.513004186783
    ));
#58 = CARTESIAN_POINT('',(61.843282446365,140.3209172659,1.504863916419)
  );
#59 = CARTESIAN_POINT('',(61.809296755977,140.42651189583,1.500532686131
    ));
#60 = CARTESIAN_POINT('',(61.775273933414,140.53209478281,1.500036421655
    ));
#61 = CARTESIAN_POINT('',(61.71872663214,140.70757779301,1.499211610633)
  );
#62 = CARTESIAN_POINT('',(61.662038815766,140.88315010747,1.508906710826
    ));
#63 = CARTESIAN_POINT('',(61.605605914909,141.05758134135,1.529176884039
    ));
#64 = CARTESIAN_POINT('',(61.549813465266,141.22968669609,1.559808414692
    ));
#65 = CARTESIAN_POINT('',(61.49501697643,141.39838601774,1.600380926073)
  );
#66 = CARTESIAN_POINT('',(61.441527098343,141.56274669108,1.650324726428
    ));
#67 = CARTESIAN_POINT('',(61.389600085382,141.72201036914,1.708973284803
    ));
#68 = CARTESIAN_POINT('',(61.339433558062,141.87560353857,1.775610836777
    ));
#69 = CARTESIAN_POINT('',(61.291167562393,142.02313192039,1.84951511991)
  );
#70 = CARTESIAN_POINT('',(61.244890926846,142.16435870656,1.929995239082
    ));
#71 = CARTESIAN_POINT('',(61.20065291697,142.29916663202,2.016424661577)
  );
#72 = CARTESIAN_POINT('',(61.075423630532,142.68025608353,2.289151705146
    ));
#73 = CARTESIAN_POINT('',(61.000437839687,142.90772569181,2.490964696584
    ));
#74 = CARTESIAN_POINT('',(60.933704044136,143.10960680376,2.709203170808
    ));
#75 = CARTESIAN_POINT('',(60.87515491599,143.28630959811,2.940319305779)
  );
#76 = CARTESIAN_POINT('',(60.824583994366,143.43863061252,3.181524681294
    ));
#77 = CARTESIAN_POINT('',(60.781732136673,143.56749296422,3.430615017778
    ));
#78 = CARTESIAN_POINT('',(60.746350997296,143.67375651495,3.685817575713
    ));
#79 = CARTESIAN_POINT('',(60.718243533605,143.75809797978,3.945661215446
    ));
#80 = CARTESIAN_POINT('',(60.697281539376,143.82096098029,4.208869117659
    ));
#81 = CARTESIAN_POINT('',(60.683400205532,143.86257604162,4.474274164236
    ));
#82 = CARTESIAN_POINT('',(60.676569708282,143.8830505339,4.74075697974)
  );
#83 = CARTESIAN_POINT('',(60.676856821385,143.88218980902,5.180125233494
    ));
#84 = CARTESIAN_POINT('',(60.67992980996,143.8729776508,5.353049578582)
  );
#85 = CARTESIAN_POINT('',(60.685959837043,143.85490036321,5.525657051222
    ));
#86 = CARTESIAN_POINT('',(60.69495461241,143.82793117391,5.697637705646)
  );
#87 = CARTESIAN_POINT('',(60.706931577529,143.79201075891,5.868682796137
    ));
#88 = CARTESIAN_POINT('',(60.721916974198,143.74704974352,6.038473305465
    ));
#89 = CARTESIAN_POINT('',(60.73994491316,143.69293120334,6.206668473302)
  );
#90 = CARTESIAN_POINT('',(60.761056442749,143.62951316524,6.372894324669
    ));
#91 = CARTESIAN_POINT('',(60.785298617496,143.55663110837,6.53673219834)
  );
#92 = CARTESIAN_POINT('',(60.81272356678,143.47410046512,6.697707275296)
  );
#93 = CARTESIAN_POINT('',(60.843387563441,143.38171912211,6.855277107127
    ));
#94 = CARTESIAN_POINT('',(60.904683032334,143.19681911621,7.132391113489
    ));
#95 = CARTESIAN_POINT('',(60.934107616887,143.10798423884,7.253293290342
    ));
#96 = CARTESIAN_POINT('',(60.965845783759,143.01206803293,7.371471315073
    ));
#97 = CARTESIAN_POINT('',(60.999640558283,142.90983440616,7.486131599186
    ));
#98 = CARTESIAN_POINT('',(61.035563723157,142.80104125269,7.596981780697
    ));
#99 = CARTESIAN_POINT('',(61.073850251168,142.68494444309,7.703904399729
    ));
#100 = CARTESIAN_POINT('',(61.1145413956,142.56138727653,7.806379474554)
  );
#101 = CARTESIAN_POINT('',(61.157384405044,142.43110807754,
    7.903386767235));
#102 = CARTESIAN_POINT('',(61.202102901239,142.29491700635,
    7.993934637132));
#103 = CARTESIAN_POINT('',(61.248818030673,142.15241153912,
    8.077778489905));
#104 = CARTESIAN_POINT('',(61.29806657254,142.00191846124,8.155307938671
    ));
#105 = CARTESIAN_POINT('',(61.359904253831,141.81260251056,
    8.239049188246));
#106 = CARTESIAN_POINT('',(61.370611550183,141.77981055207,
    8.253102362597));
#107 = CARTESIAN_POINT('',(61.381617398894,141.7460923877,8.267096269261
    ));
#108 = CARTESIAN_POINT('',(61.39296043376,141.7113283933,8.281039689246)
  );
#109 = CARTESIAN_POINT('',(61.404713445807,141.67529391039,8.29497135735
    ));
#110 = CARTESIAN_POINT('',(61.416957379682,141.6377389995,8.308930276724
    ));
#111 = CARTESIAN_POINT('',(61.42976655091,141.59843369829,8.322936332825
    ));
#112 = CARTESIAN_POINT('',(61.443205084048,141.5571787839,8.336981206127
    ));
#113 = CARTESIAN_POINT('',(61.45733457171,141.51378204002,8.351029584337
    ));
#114 = CARTESIAN_POINT('',(61.472232954479,141.46800002837,
    8.365030673384));
#115 = CARTESIAN_POINT('',(61.488024621702,141.41944536473,
    8.378940007779));
#116 = CARTESIAN_POINT('',(61.526156465035,141.30212845663,8.41010864536
    ));
#117 = CARTESIAN_POINT('',(61.54780397872,141.23547952516,8.426217832433
    ));
#118 = CARTESIAN_POINT('',(61.569753404614,141.16784978112,
    8.440881100433));
#119 = CARTESIAN_POINT('',(61.591851583831,141.09970963922,
    8.453974598587));
#120 = CARTESIAN_POINT('',(61.614007686498,141.03133837398,
    8.465444290453));
#121 = CARTESIAN_POINT('',(61.636213452563,140.9627607571,8.475284603492
    ));
#122 = CARTESIAN_POINT('',(61.658509931938,140.89384934645,
    8.483509334082));
#123 = CARTESIAN_POINT('',(61.680931600792,140.82449696187,
    8.490124058831));
#124 = CARTESIAN_POINT('',(61.703458730799,140.7547638831,8.495109302228
    ));
#125 = CARTESIAN_POINT('',(61.726008888172,140.68490430521,
    8.498423711602));
#126 = CARTESIAN_POINT('',(61.748498439288,140.61517658675,
    8.500036489469));
#127 = CARTESIAN_POINT('',(61.771004939718,140.54534182589,
    8.499998334059));
#128 = PCURVE('',#129,#136);
#129 = SURFACE_OF_LINEAR_EXTRUSION('',#130,#134);
#130 = B_SPLINE_CURVE_WITH_KNOTS('',2,(#131,#132,#133),.UNSPECIFIED.,.F.
  ,.F.,(3,3),(0.,1.),.PIECEWISE_BEZIER_KNOTS.);
#131 = CARTESIAN_POINT('',(58.019768,151.539139,10.));
#132 = CARTESIAN_POINT('',(74.120404404708,106.91147263425,10.));
#133 = CARTESIAN_POINT('',(79.999950645067,50.,10.));
#134 = VECTOR('',#135,1.);
#135 = DIRECTION('',(0.,0.,1.));
#136 = DEFINITIONAL_REPRESENTATION('',(#137),#629);
#137 = B_SPLINE_CURVE_WITH_KNOTS('',10,(#138,#139,#140,#141,#142,#143,
    #144,#145,#146,#147,#148,#149,#150,#151,#152,#153,#154,#155,#156,
    #157,#158,#159,#160,#161,#162,#163,#164,#165,#166,#167,#168,#169,
    #170,#171,#172,#173,#174,#175,#176,#177,#178,#179,#180,#181,#182,
    #183,#184,#185,#186,#187,#188,#189,#190,#191,#192,#193,#194,#195,
    #196,#197,#198,#199,#200,#201,#202,#203,#204,#205,#206,#207,#208,
    #209,#210,#211,#212,#213,#214,#215,#216,#217,#218,#219,#220,#221,
    #222,#223,#224,#225,#226,#227,#228,#229,#230,#231,#232,#233,#234,
    #235,#236,#237,#238,#239,#240,#241,#242,#243,#244,#245,#246,#247,
    #248,#249,#250,#251,#252,#253,#254,#255,#256,#257,#258,#259,#260,
    #261,#262,#263,#264,#265,#266,#267,#268,#269,#270,#271,#272,#273,
    #274,#275,#276,#277,#278,#279,#280,#281,#282,#283,#284,#285,#286,
    #287,#288,#289,#290,#291,#292,#293,#294,#295,#296,#297,#298,#299,
    #300,#301,#302,#303,#304,#305,#306,#307,#308,#309,#310,#311,#312,
    #313,#314,#315,#316,#317,#318,#319,#320,#321,#322,#323,#324,#325,
    #326,#327,#328,#329,#330,#331,#332,#333,#334,#335,#336,#337,#338,
    #339,#340,#341,#342,#343,#344,#345,#346,#347,#348,#349,#350,#351,
    #352,#353,#354,#355,#356,#357,#358,#359,#360,#361,#362,#363,#364,
    #365,#366,#367,#368,#369,#370,#371,#372,#373,#374,#375,#376,#377,
    #378,#379,#380,#381,#382,#383,#384,#385,#386,#387,#388,#389,#390,
    #391,#392,#393,#394,#395,#396,#397,#398,#399,#400,#401,#402,#403,
    #404,#405,#406,#407,#408,#409,#410,#411,#412,#413,#414,#415,#416,
    #417,#418,#419,#420,#421,#422,#423,#424,#425,#426,#427,#428,#429,
    #430,#431,#432,#433,#434,#435,#436,#437,#438,#439,#440,#441,#442,
    #443,#444,#445,#446,#447,#448,#449,#450,#451,#452,#453,#454,#455,
    #456,#457,#458,#459,#460,#461,#462,#463,#464,#465,#466,#467,#468,
    #469,#470,#471,#472,#473,#474,#475,#476,#477,#478,#479,#480,#481,
    #482,#483,#484,#485,#486,#487,#488,#489,#490,#491,#492,#493,#494,
    #495,#496,#497,#498,#499,#500,#501,#502,#503,#504,#505,#506,#507,
    #508,#509,#510,#511,#512,#513,#514,#515,#516,#517,#518,#519,#520,
    #521,#522,#523,#524,#525,#526,#527,#528,#529,#530,#531,#532,#533,
    #534,#535,#536,#537,#538,#539,#540,#541,#542,#543,#544,#545,#546,
    #547,#548,#549,#550,#551,#552,#553,#554,#555,#556,#557,#558,#559,
    #560,#561,#562,#563,#564,#565,#566,#567,#568,#569,#570,#571,#572,
    #573,#574,#575,#576,#577,#578,#579,#580,#581,#582,#583,#584,#585,
    #586,#587,#588,#589,#590,#591,#592,#593,#594,#595,#596,#597,#598,
    #599,#600,#601,#602,#603,#604,#605,#606,#607,#608,#609,#610,#611,
    #612,#613,#614,#615,#616,#617,#618,#619,#620,#621,#622,#623,#624,
    #625,#626,#627,#628),.UNSPECIFIED.,.F.,.F.,(11,10,10,10,10,10,10,10,
    10,10,10,10,10,10,10,10,10,10,10,10,10,10,10,10,10,10,10,10,10,10,10
    ,10,10,10,10,10,10,10,10,10,10,10,10,10,10,10,10,10,10,11),(
    -6.317185399427,-4.353673442595,-2.390161485764,-1.899283496556,
    -1.408405507348,-0.91752751814,-0.672088523536,-0.426649528933,
    -0.181210534329,-5.849103702666E-02,-2.781116270117E-02,
    -1.247122553843E-02,-4.801256957052E-03,-9.662726663659E-04,
    -7.52659369432E-06,-3.639000157335E-08,7.453813691173E-06,
    2.243422107667E-05,5.239503584765E-05,1.123166653896E-04,
    2.321599244736E-04,4.718464426415E-04,9.512194789773E-04,
    2.86871162432E-03,6.42284602753E-02,0.555106449483,1.536862427899,
    1.782301422503,2.027740417107,2.518618406315,3.50037438473,
    4.482130363146,4.973008352354,5.463886341562,6.445642319977,
    6.936520309185,7.427398298393,8.409154276809,8.531873774111,
    8.593233522762,8.623913397087,8.654593271413,8.900032266017,
    8.961392014668,8.969061983249,8.97673195183,8.992071888993,
    9.022751763319,9.145471260621,9.390910255225),.UNSPECIFIED.);
#138 = CARTESIAN_POINT('',(0.121152387763,-1.500001665941));
#139 = CARTESIAN_POINT('',(0.125339285414,-1.500213123048));
#140 = CARTESIAN_POINT('',(0.129519471446,-1.552304272431));
#141 = CARTESIAN_POINT('',(0.133566531121,-1.656623617684));
#142 = CARTESIAN_POINT('',(0.137294058868,-1.807283936021));
#143 = CARTESIAN_POINT('',(0.14067176991,-1.992485045458));
#144 = CARTESIAN_POINT('',(0.143682788413,-2.205226811061));
#145 = CARTESIAN_POINT('',(0.146337789184,-2.439075516845));
#146 = CARTESIAN_POINT('',(0.148646625498,-2.689621315056));
#147 = CARTESIAN_POINT('',(0.150622793287,-2.953144244889));
#148 = CARTESIAN_POINT('',(0.152277570193,-3.226726944678));
#149 = CARTESIAN_POINT('',(0.153932345057,-3.500310767618));
#150 = CARTESIAN_POINT('',(0.155265812462,-3.783938460367));
#151 = CARTESIAN_POINT('',(0.156289264115,-4.074723684992));
#152 = CARTESIAN_POINT('',(0.157013459708,-4.370287708355));
#153 = CARTESIAN_POINT('',(0.157444587455,-4.669010901656));
#154 = CARTESIAN_POINT('',(0.1575870362,-4.969081519684));
#155 = CARTESIAN_POINT('',(0.157441983307,-5.268898535182));
#156 = CARTESIAN_POINT('',(0.157006046773,-5.567223541046));
#157 = CARTESIAN_POINT('',(0.156274575193,-5.861888281727));
#158 = CARTESIAN_POINT('',(0.155239555254,-6.150849236221));
#159 = CARTESIAN_POINT('',(0.154980792327,-6.223090338172));
#160 = CARTESIAN_POINT('',(0.154703110818,-6.294974333938));
#161 = CARTESIAN_POINT('',(0.154406046192,-6.366472432009));
#162 = CARTESIAN_POINT('',(0.154090405833,-6.437582911289));
#163 = CARTESIAN_POINT('',(0.153754490343,-6.508176287157));
#164 = CARTESIAN_POINT('',(0.153399789688,-6.57833353957));
#165 = CARTESIAN_POINT('',(0.153024827957,-6.64790469256));
#166 = CARTESIAN_POINT('',(0.152630221955,-6.716920098681));
#167 = CARTESIAN_POINT('',(0.15221545312,-6.785300272853));
#168 = CARTESIAN_POINT('',(0.151780452468,-6.853009261494));
#169 = CARTESIAN_POINT('',(0.151345450797,-6.920718041674));
#170 = CARTESIAN_POINT('',(0.15089019458,-6.987753284468));
#171 = CARTESIAN_POINT('',(0.15041451211,-7.054067606517));
#172 = CARTESIAN_POINT('',(0.149918221303,-7.11961045764));
#173 = CARTESIAN_POINT('',(0.149401135051,-7.18432780395));
#174 = CARTESIAN_POINT('',(0.148863066571,-7.24816181109));
#175 = CARTESIAN_POINT('',(0.148303834759,-7.311050527302));
#176 = CARTESIAN_POINT('',(0.147723269541,-7.372927566682));
#177 = CARTESIAN_POINT('',(0.147121217225,-7.433721792267));
#178 = CARTESIAN_POINT('',(0.14649754585,-7.493356999244));
#179 = CARTESIAN_POINT('',(0.145873876705,-7.5529922972));
#180 = CARTESIAN_POINT('',(0.145228588501,-7.611468575298));
#181 = CARTESIAN_POINT('',(0.144561559971,-7.668710051337));
#182 = CARTESIAN_POINT('',(0.143872691519,-7.724635877992));
#183 = CARTESIAN_POINT('',(0.143161919447,-7.779160170017));
#184 = CARTESIAN_POINT('',(0.142429230193,-7.832192031584));
#185 = CARTESIAN_POINT('',(0.141674674558,-7.88363558346));
#186 = CARTESIAN_POINT('',(0.140898381942,-7.93338999034));
#187 = CARTESIAN_POINT('',(0.140100574577,-7.981349488056));
#188 = CARTESIAN_POINT('',(0.139281581763,-8.027403410868));
#189 = CARTESIAN_POINT('',(0.13887208457,-8.050430376124));
#190 = CARTESIAN_POINT('',(0.138457294527,-8.072981015139));
#191 = CARTESIAN_POINT('',(0.138037250589,-8.095041482998));
#192 = CARTESIAN_POINT('',(0.137612000639,-8.116597666631));
#193 = CARTESIAN_POINT('',(0.137181601486,-8.137635184749));
#194 = CARTESIAN_POINT('',(0.136746118868,-8.158139387944));
#195 = CARTESIAN_POINT('',(0.136305627447,-8.178095358567));
#196 = CARTESIAN_POINT('',(0.135860210815,-8.197487910845));
#197 = CARTESIAN_POINT('',(0.13540996149,-8.216301590793));
#198 = CARTESIAN_POINT('',(0.134954980917,-8.234520676265));
#199 = CARTESIAN_POINT('',(0.134499999106,-8.252740463866));
#200 = CARTESIAN_POINT('',(0.134040303291,-8.270362049027));
#201 = CARTESIAN_POINT('',(0.133575983184,-8.287372463068));
#202 = CARTESIAN_POINT('',(0.133106983776,-8.303804261298));
#203 = CARTESIAN_POINT('',(0.132633870019,-8.319523491931));
#204 = CARTESIAN_POINT('',(0.132156211615,-8.33467060507));
#205 = CARTESIAN_POINT('',(0.131674702614,-8.349085061105));
#206 = CARTESIAN_POINT('',(0.131189147257,-8.362850523063));
#207 = CARTESIAN_POINT('',(0.130699900174,-8.375905718401));
#208 = CARTESIAN_POINT('',(0.130207089269,-8.388254159212));
#209 = CARTESIAN_POINT('',(0.129714279707,-8.400602237657));
#210 = CARTESIAN_POINT('',(0.129217917899,-8.412240444709));
#211 = CARTESIAN_POINT('',(0.128718191848,-8.423156093266));
#212 = CARTESIAN_POINT('',(0.128215299997,-8.433337322862));
#213 = CARTESIAN_POINT('',(0.127709451224,-8.442773099597));
#214 = CARTESIAN_POINT('',(0.127200864847,-8.451453216235));
#215 = CARTESIAN_POINT('',(0.126689770622,-8.459368292095));
#216 = CARTESIAN_POINT('',(0.126176408742,-8.466509773148));
#217 = CARTESIAN_POINT('',(0.125661029838,-8.472869931949));
#218 = CARTESIAN_POINT('',(0.12514389498,-8.478441867674));
#219 = CARTESIAN_POINT('',(0.124885330485,-8.481228068081));
#220 = CARTESIAN_POINT('',(0.124626323305,-8.483816919976));
#221 = CARTESIAN_POINT('',(0.124366908355,-8.486207741606));
#222 = CARTESIAN_POINT('',(0.124107120551,-8.488399851241));
#223 = CARTESIAN_POINT('',(0.123846994809,-8.490392567109));
#224 = CARTESIAN_POINT('',(0.123586566045,-8.492185207497));
#225 = CARTESIAN_POINT('',(0.123325869175,-8.493777090629));
#226 = CARTESIAN_POINT('',(0.123064939114,-8.495167534781));
#227 = CARTESIAN_POINT('',(0.122803810779,-8.496355858194));
#228 = CARTESIAN_POINT('',(0.122542519085,-8.497341379129));
#229 = CARTESIAN_POINT('',(0.122477196907,-8.497587818397));
#230 = CARTESIAN_POINT('',(0.122411864735,-8.497821599666));
#231 = CARTESIAN_POINT('',(0.122346523161,-8.498042715813));
#232 = CARTESIAN_POINT('',(0.122281172773,-8.498251159724));
#233 = CARTESIAN_POINT('',(0.122215814162,-8.49844692427));
#234 = CARTESIAN_POINT('',(0.122150447918,-8.498630002338));
#235 = CARTESIAN_POINT('',(0.122085074632,-8.498800386804));
#236 = CARTESIAN_POINT('',(0.122019694893,-8.498958070548));
#237 = CARTESIAN_POINT('',(0.121954309292,-8.499103046452));
#238 = CARTESIAN_POINT('',(0.121888918419,-8.499235307393));
#239 = CARTESIAN_POINT('',(0.121856222536,-8.499301442919));
#240 = CARTESIAN_POINT('',(0.12182352564,-8.499364396891));
#241 = CARTESIAN_POINT('',(0.12179082773,-8.499424169302));
#242 = CARTESIAN_POINT('',(0.121758128806,-8.499480760164));
#243 = CARTESIAN_POINT('',(0.121725428869,-8.499534169461));
#244 = CARTESIAN_POINT('',(0.121692727918,-8.49958439721));
#245 = CARTESIAN_POINT('',(0.121660025954,-8.499631443396));
#246 = CARTESIAN_POINT('',(0.121627322976,-8.499675308029));
#247 = CARTESIAN_POINT('',(0.121594618985,-8.499715991105));
#248 = CARTESIAN_POINT('',(0.12156191398,-8.499753492624));
#249 = CARTESIAN_POINT('',(0.121545561647,-8.499772241661));
#250 = CARTESIAN_POINT('',(0.121529209174,-8.499790194221));
#251 = CARTESIAN_POINT('',(0.121512856562,-8.499807350296));
#252 = CARTESIAN_POINT('',(0.12149650381,-8.499823709904));
#253 = CARTESIAN_POINT('',(0.121480150918,-8.499839273016));
#254 = CARTESIAN_POINT('',(0.121463797887,-8.499854039668));
#255 = CARTESIAN_POINT('',(0.121447444716,-8.499868009825));
#256 = CARTESIAN_POINT('',(0.121431091406,-8.499881183513));
#257 = CARTESIAN_POINT('',(0.121414737955,-8.499893560717));
#258 = CARTESIAN_POINT('',(0.121398384365,-8.499905141444));
#259 = CARTESIAN_POINT('',(0.121390207592,-8.499910931612));
#260 = CARTESIAN_POINT('',(0.121382030798,-8.499916522532));
#261 = CARTESIAN_POINT('',(0.121373853983,-8.499921914211));
#262 = CARTESIAN_POINT('',(0.121365677148,-8.499927106633));
#263 = CARTESIAN_POINT('',(0.121357500292,-8.499932099822));
#264 = CARTESIAN_POINT('',(0.121349323416,-8.499936893751));
#265 = CARTESIAN_POINT('',(0.121341146519,-8.499941488445));
#266 = CARTESIAN_POINT('',(0.121332969602,-8.499945883885));
#267 = CARTESIAN_POINT('',(0.121324792663,-8.499950080082));
#268 = CARTESIAN_POINT('',(0.121316615705,-8.499954077031));
#269 = CARTESIAN_POINT('',(0.121314571463,-8.499955020202));
#270 = CARTESIAN_POINT('',(0.121312527221,-8.499955963372));
#271 = CARTESIAN_POINT('',(0.121310482979,-8.499956906545));
#272 = CARTESIAN_POINT('',(0.121308438736,-8.499957849711));
#273 = CARTESIAN_POINT('',(0.121306394495,-8.499958792887));
#274 = CARTESIAN_POINT('',(0.121304350252,-8.499959736052));
#275 = CARTESIAN_POINT('',(0.12130230601,-8.499960679227));
#276 = CARTESIAN_POINT('',(0.121300261768,-8.499961622395));
#277 = CARTESIAN_POINT('',(0.121298217526,-8.499962565567));
#278 = CARTESIAN_POINT('',(0.121296173284,-8.499963508737));
#279 = CARTESIAN_POINT('',(0.121296157313,-8.499963515665));
#280 = CARTESIAN_POINT('',(0.121296141343,-8.499963522591));
#281 = CARTESIAN_POINT('',(0.121296125372,-8.49996352952));
#282 = CARTESIAN_POINT('',(0.121296109401,-8.499963536444));
#283 = CARTESIAN_POINT('',(0.121296093431,-8.499963543375));
#284 = CARTESIAN_POINT('',(0.12129607746,-8.499963550299));
#285 = CARTESIAN_POINT('',(0.121296061489,-8.499963557229));
#286 = CARTESIAN_POINT('',(0.121296045519,-8.499963564154));
#287 = CARTESIAN_POINT('',(0.121296029548,-8.499963571082));
#288 = CARTESIAN_POINT('',(0.121296013577,-8.499963578009));
#289 = CARTESIAN_POINT('',(0.121296003091,-8.499963582554));
#290 = CARTESIAN_POINT('',(0.121295992604,-8.499963587098));
#291 = CARTESIAN_POINT('',(0.121295982117,-8.499963591646));
#292 = CARTESIAN_POINT('',(0.12129597163,-8.499963596186));
#293 = CARTESIAN_POINT('',(0.121295961143,-8.499963600736));
#294 = CARTESIAN_POINT('',(0.121295950656,-8.499963605277));
#295 = CARTESIAN_POINT('',(0.121295940169,-8.499963609824));
#296 = CARTESIAN_POINT('',(0.121295929683,-8.499963614368));
#297 = CARTESIAN_POINT('',(0.121295919196,-8.499963618913));
#298 = CARTESIAN_POINT('',(0.121295908709,-8.499963623458));
#299 = CARTESIAN_POINT('',(0.121295887789,-8.499963632515));
#300 = CARTESIAN_POINT('',(0.121295866869,-8.499963641575));
#301 = CARTESIAN_POINT('',(0.121295845948,-8.499963650628));
#302 = CARTESIAN_POINT('',(0.121295825028,-8.499963659694));
#303 = CARTESIAN_POINT('',(0.121295804108,-8.499963668742));
#304 = CARTESIAN_POINT('',(0.121295783188,-8.499963677809));
#305 = CARTESIAN_POINT('',(0.121295762268,-8.499963686861));
#306 = CARTESIAN_POINT('',(0.121295741348,-8.499963695922));
#307 = CARTESIAN_POINT('',(0.121295720427,-8.499963704978));
#308 = CARTESIAN_POINT('',(0.121295699507,-8.499963714036));
#309 = CARTESIAN_POINT('',(0.121295657667,-8.499963732117));
#310 = CARTESIAN_POINT('',(0.121295615827,-8.499963750199));
#311 = CARTESIAN_POINT('',(0.121295573986,-8.499963768275));
#312 = CARTESIAN_POINT('',(0.121295532146,-8.499963786363));
#313 = CARTESIAN_POINT('',(0.121295490306,-8.499963804435));
#314 = CARTESIAN_POINT('',(0.121295448465,-8.499963822524));
#315 = CARTESIAN_POINT('',(0.121295406625,-8.499963840599));
#316 = CARTESIAN_POINT('',(0.121295364785,-8.499963858683));
#317 = CARTESIAN_POINT('',(0.121295322944,-8.499963876762));
#318 = CARTESIAN_POINT('',(0.121295281104,-8.499963894843));
#319 = CARTESIAN_POINT('',(0.121295197423,-8.499963930864));
#320 = CARTESIAN_POINT('',(0.121295113743,-8.499963966887));
#321 = CARTESIAN_POINT('',(0.121295030062,-8.499964002906));
#322 = CARTESIAN_POINT('',(0.121294946381,-8.499964038931));
#323 = CARTESIAN_POINT('',(0.121294862701,-8.499964074949));
#324 = CARTESIAN_POINT('',(0.12129477902,-8.499964110973));
#325 = CARTESIAN_POINT('',(0.121294695339,-8.499964146993));
#326 = CARTESIAN_POINT('',(0.121294611659,-8.499964183015));
#327 = CARTESIAN_POINT('',(0.121294527978,-8.499964219036));
#328 = CARTESIAN_POINT('',(0.121294444297,-8.499964255058));
#329 = CARTESIAN_POINT('',(0.121294276936,-8.499964326541));
#330 = CARTESIAN_POINT('',(0.121294109574,-8.499964398025));
#331 = CARTESIAN_POINT('',(0.121293942213,-8.499964469505));
#332 = CARTESIAN_POINT('',(0.121293774851,-8.499964540994));
#333 = CARTESIAN_POINT('',(0.12129360749,-8.499964612471));
#334 = CARTESIAN_POINT('',(0.121293440128,-8.499964683959));
#335 = CARTESIAN_POINT('',(0.121293272767,-8.499964755439));
#336 = CARTESIAN_POINT('',(0.121293105406,-8.499964826924));
#337 = CARTESIAN_POINT('',(0.121292938044,-8.499964898407));
#338 = CARTESIAN_POINT('',(0.121292770683,-8.49996496989));
#339 = CARTESIAN_POINT('',(0.121292435959,-8.499965110617));
#340 = CARTESIAN_POINT('',(0.121292101236,-8.499965251347));
#341 = CARTESIAN_POINT('',(0.121291766513,-8.499965392071));
#342 = CARTESIAN_POINT('',(0.121291431789,-8.499965532805));
#343 = CARTESIAN_POINT('',(0.121291097066,-8.499965673525));
#344 = CARTESIAN_POINT('',(0.121290762343,-8.49996581426));
#345 = CARTESIAN_POINT('',(0.121290427619,-8.499965954983));
#346 = CARTESIAN_POINT('',(0.121290092896,-8.499966095713));
#347 = CARTESIAN_POINT('',(0.121289758172,-8.49996623644));
#348 = CARTESIAN_POINT('',(0.121289423449,-8.499966377168));
#349 = CARTESIAN_POINT('',(0.121288754001,-8.499966649669));
#350 = CARTESIAN_POINT('',(0.121288084552,-8.499966922172));
#351 = CARTESIAN_POINT('',(0.121287415104,-8.499967194669));
#352 = CARTESIAN_POINT('',(0.121286745656,-8.499967467176));
#353 = CARTESIAN_POINT('',(0.121286076207,-8.49996773967));
#354 = CARTESIAN_POINT('',(0.121285406759,-8.499968012177));
#355 = CARTESIAN_POINT('',(0.12128473731,-8.499968284674));
#356 = CARTESIAN_POINT('',(0.121284067862,-8.499968557177));
#357 = CARTESIAN_POINT('',(0.121283398414,-8.499968829678));
#358 = CARTESIAN_POINT('',(0.121282728965,-8.499969102179));
#359 = CARTESIAN_POINT('',(0.121280051167,-8.499970168305));
#360 = CARTESIAN_POINT('',(0.121277373365,-8.499971213206));
#361 = CARTESIAN_POINT('',(0.121274695559,-8.499972236875));
#362 = CARTESIAN_POINT('',(0.12127201775,-8.499973239327));
#363 = CARTESIAN_POINT('',(0.121269339937,-8.49997422054));
#364 = CARTESIAN_POINT('',(0.12126666212,-8.499975180539));
#365 = CARTESIAN_POINT('',(0.121263984299,-8.499976119302));
#366 = CARTESIAN_POINT('',(0.121261306475,-8.499977036843));
#367 = CARTESIAN_POINT('',(0.121258628646,-8.499977933156));
#368 = CARTESIAN_POINT('',(0.121255950814,-8.499978808242));
#369 = CARTESIAN_POINT('',(0.121170260187,-8.500006816462));
#370 = CARTESIAN_POINT('',(0.121084565888,-8.500013081077));
#371 = CARTESIAN_POINT('',(0.120998869201,-8.499997601457));
#372 = CARTESIAN_POINT('',(0.12091317141,-8.499960376965));
#373 = CARTESIAN_POINT('',(0.120827473799,-8.499901406976));
#374 = CARTESIAN_POINT('',(0.120741777649,-8.499820690851));
#375 = CARTESIAN_POINT('',(0.120656084246,-8.499718227962));
#376 = CARTESIAN_POINT('',(0.120570394873,-8.499594017674));
#377 = CARTESIAN_POINT('',(0.120484710812,-8.499448059356));
#378 = CARTESIAN_POINT('',(0.120399033348,-8.499280352376));
#379 = CARTESIAN_POINT('',(0.119713613943,-8.497938749878));
#380 = CARTESIAN_POINT('',(0.119028614418,-8.495205639289));
#381 = CARTESIAN_POINT('',(0.118344688356,-8.491082877798));
#382 = CARTESIAN_POINT('',(0.117662475075,-8.485577050748));
#383 = CARTESIAN_POINT('',(0.116982596429,-8.478699043986));
#384 = CARTESIAN_POINT('',(0.116305653589,-8.470463616024));
#385 = CARTESIAN_POINT('',(0.115632223846,-8.460888970461));
#386 = CARTESIAN_POINT('',(0.114962857396,-8.449996328117));
#387 = CARTESIAN_POINT('',(0.114298074134,-8.437809499417));
#388 = CARTESIAN_POINT('',(0.113638360445,-8.424354456605));
#389 = CARTESIAN_POINT('',(0.112318933801,-8.397444390945));
#390 = CARTESIAN_POINT('',(0.111019789672,-8.365461583569));
#391 = CARTESIAN_POINT('',(0.109744833033,-8.328614191194));
#392 = CARTESIAN_POINT('',(0.108497463643,-8.287145805127));
#393 = CARTESIAN_POINT('',(0.10728051908,-8.241323022135));
#394 = CARTESIAN_POINT('',(0.106096254109,-8.191424020522));
#395 = CARTESIAN_POINT('',(0.104946356382,-8.137728141015));
#396 = CARTESIAN_POINT('',(0.103831998475,-8.080506472911));
#397 = CARTESIAN_POINT('',(0.102753926268,-8.020013445075));
#398 = CARTESIAN_POINT('',(0.101712583648,-7.956479422092));
#399 = CARTESIAN_POINT('',(0.101452251833,-7.940596040259));
#400 = CARTESIAN_POINT('',(0.101194189545,-7.924521794194));
#401 = CARTESIAN_POINT('',(0.100938505343,-7.908263209902));
#402 = CARTESIAN_POINT('',(0.10068502485,-7.891819342396));
#403 = CARTESIAN_POINT('',(0.100433889196,-7.875195318955));
#404 = CARTESIAN_POINT('',(0.10018514216,-7.858397671356));
#405 = CARTESIAN_POINT('',(9.993870432737E-02,-7.841428756978));
#406 = CARTESIAN_POINT('',(9.969458878157E-02,-7.824289575845));
#407 = CARTESIAN_POINT('',(9.945283334041E-02,-7.806986938592));
#408 = CARTESIAN_POINT('',(9.921340891149E-02,-7.789522228408));
#409 = CARTESIAN_POINT('',(9.89739839041E-02,-7.772057298204));
#410 = CARTESIAN_POINT('',(9.873690155501E-02,-7.754431195242));
#411 = CARTESIAN_POINT('',(9.850216105297E-02,-7.736647031866));
#412 = CARTESIAN_POINT('',(9.82697615866E-02,-7.718707920409));
#413 = CARTESIAN_POINT('',(9.803970234477E-02,-7.700616973223));
#414 = CARTESIAN_POINT('',(9.7811982516E-02,-7.682377302636));
#415 = CARTESIAN_POINT('',(9.758660128919E-02,-7.663992020999));
#416 = CARTESIAN_POINT('',(9.736355785292E-02,-7.645464240647));
#417 = CARTESIAN_POINT('',(9.714285139599E-02,-7.626797073922));
#418 = CARTESIAN_POINT('',(9.692448110706E-02,-7.607993633165));
#419 = CARTESIAN_POINT('',(9.64877351691E-02,-7.570386072782));
#420 = CARTESIAN_POINT('',(9.606032696121E-02,-7.5322321297));
#421 = CARTESIAN_POINT('',(9.564223515592E-02,-7.493554708807));
#422 = CARTESIAN_POINT('',(9.523343452437E-02,-7.454375863724));
#423 = CARTESIAN_POINT('',(9.483389593536E-02,-7.414716796768));
#424 = CARTESIAN_POINT('',(9.44435863568E-02,-7.374597859001));
#425 = CARTESIAN_POINT('',(9.406246885398E-02,-7.334038550178));
#426 = CARTESIAN_POINT('',(9.369050259122E-02,-7.293057518789));
#427 = CARTESIAN_POINT('',(9.332764283061E-02,-7.251672562034));
#428 = CARTESIAN_POINT('',(9.297384093275E-02,-7.209900625833));
#429 = CARTESIAN_POINT('',(9.226623811792E-02,-7.126356880404));
#430 = CARTESIAN_POINT('',(9.159488248634E-02,-7.041266080592));
#431 = CARTESIAN_POINT('',(9.095939961064E-02,-6.954765078506));
#432 = CARTESIAN_POINT('',(9.035939103218E-02,-6.866979367844));
#433 = CARTESIAN_POINT('',(8.979444525179E-02,-6.778024163342));
#434 = CARTESIAN_POINT('',(8.926414872089E-02,-6.688005480241));
#435 = CARTESIAN_POINT('',(8.87680968322E-02,-6.59702121373));
#436 = CARTESIAN_POINT('',(8.830590491085E-02,-6.505162218414));
#437 = CARTESIAN_POINT('',(8.787721920516E-02,-6.412513387762));
#438 = CARTESIAN_POINT('',(8.748172787763E-02,-6.319154733568));
#439 = CARTESIAN_POINT('',(8.708623312657E-02,-6.225795979511));
#440 = CARTESIAN_POINT('',(8.67239327399E-02,-6.131727401333));
#441 = CARTESIAN_POINT('',(8.639449858804E-02,-6.037028528669));
#442 = CARTESIAN_POINT('',(8.609764442797E-02,-5.941774008776));
#443 = CARTESIAN_POINT('',(8.583312340809E-02,-5.84603428354));
#444 = CARTESIAN_POINT('',(8.560072557427E-02,-5.749876266601));
#445 = CARTESIAN_POINT('',(8.540027537438E-02,-5.653364020318));
#446 = CARTESIAN_POINT('',(8.523162916427E-02,-5.556559432906));
#447 = CARTESIAN_POINT('',(8.509467271267E-02,-5.459522895425));
#448 = CARTESIAN_POINT('',(8.498931870676E-02,-5.362313978872));
#449 = CARTESIAN_POINT('',(8.493663769931E-02,-5.313709681347));
#450 = CARTESIAN_POINT('',(8.489188323753E-02,-5.26506063547));
#451 = CARTESIAN_POINT('',(8.48549021924E-02,-5.21638275283));
#452 = CARTESIAN_POINT('',(8.48260977995E-02,-5.167658079145));
#453 = CARTESIAN_POINT('',(8.480462393939E-02,-5.118946129561));
#454 = CARTESIAN_POINT('',(8.479166671542E-02,-5.070177026954));
#455 = CARTESIAN_POINT('',(8.478602790817E-02,-5.02143897984));
#456 = CARTESIAN_POINT('',(8.47884436655E-02,-4.972682444012));
#457 = CARTESIAN_POINT('',(8.479870275737E-02,-4.923936228721));
#458 = CARTESIAN_POINT('',(8.481681885905E-02,-4.875204012112));
#459 = CARTESIAN_POINT('',(8.483493678612E-02,-4.82647170736));
#460 = CARTESIAN_POINT('',(8.486091819496E-02,-4.777753718015));
#461 = CARTESIAN_POINT('',(8.489476563516E-02,-4.729057473176));
#462 = CARTESIAN_POINT('',(8.49364840591E-02,-4.680390425646));
#463 = CARTESIAN_POINT('',(8.498608082231E-02,-4.631760051971));
#464 = CARTESIAN_POINT('',(8.504356568295E-02,-4.583173852382));
#465 = CARTESIAN_POINT('',(8.510895080239E-02,-4.534639350866));
#466 = CARTESIAN_POINT('',(8.518225074469E-02,-4.486164095096));
#467 = CARTESIAN_POINT('',(8.5263482477E-02,-4.437755656487));
#468 = CARTESIAN_POINT('',(8.535266536928E-02,-4.389421630159));
#469 = CARTESIAN_POINT('',(8.553103088586E-02,-4.292753686178));
#470 = CARTESIAN_POINT('',(8.574119997519E-02,-4.196383824816));
#471 = CARTESIAN_POINT('',(8.598332527635E-02,-4.100373748759));
#472 = CARTESIAN_POINT('',(8.625759482116E-02,-4.004786778559));
#473 = CARTESIAN_POINT('',(8.656422999705E-02,-3.909688678299));
#474 = CARTESIAN_POINT('',(8.690348351171E-02,-3.81514848132));
#475 = CARTESIAN_POINT('',(8.727563735547E-02,-3.721239315867));
#476 = CARTESIAN_POINT('',(8.768100076596E-02,-3.628039230819));
#477 = CARTESIAN_POINT('',(8.811990819094E-02,-3.535632021351));
#478 = CARTESIAN_POINT('',(8.859271725232E-02,-3.444108054635));
#479 = CARTESIAN_POINT('',(8.882912191672E-02,-3.398346017049));
#480 = CARTESIAN_POINT('',(8.907400172256E-02,-3.352804898532));
#481 = CARTESIAN_POINT('',(8.932740166238E-02,-3.3074958775));
#482 = CARTESIAN_POINT('',(8.958936798621E-02,-3.262430620482));
#483 = CARTESIAN_POINT('',(8.98599482018E-02,-3.217621282131));
#484 = CARTESIAN_POINT('',(9.01391910744E-02,-3.173080505213));
#485 = CARTESIAN_POINT('',(9.042714662691E-02,-3.128821420619));
#486 = CARTESIAN_POINT('',(9.072386613982E-02,-3.084857647352));
#487 = CARTESIAN_POINT('',(9.102940215122E-02,-3.041203292538));
#488 = CARTESIAN_POINT('',(9.134380845678E-02,-2.997872951418));
#489 = CARTESIAN_POINT('',(9.165823648181E-02,-2.954541773031));
#490 = CARTESIAN_POINT('',(9.198132526873E-02,-2.911543286313));
#491 = CARTESIAN_POINT('',(9.231342324379E-02,-2.868879665856));
#492 = CARTESIAN_POINT('',(9.265462523597E-02,-2.826565001101));
#493 = CARTESIAN_POINT('',(9.300491779122E-02,-2.78461843638));
#494 = CARTESIAN_POINT('',(9.336427029784E-02,-2.743060102073));
#495 = CARTESIAN_POINT('',(9.373268118441E-02,-2.701909266832));
#496 = CARTESIAN_POINT('',(9.411018845629E-02,-2.66118414078));
#497 = CARTESIAN_POINT('',(9.449685383154E-02,-2.620902759626));
#498 = CARTESIAN_POINT('',(9.489272974189E-02,-2.581084379614));
#499 = CARTESIAN_POINT('',(9.568448300559E-02,-2.501447563025));
#500 = CARTESIAN_POINT('',(9.651309101143E-02,-2.423662261414));
#501 = CARTESIAN_POINT('',(9.737903624638E-02,-2.347880098368));
#502 = CARTESIAN_POINT('',(9.828287313029E-02,-2.27426388928));
#503 = CARTESIAN_POINT('',(9.922472103222E-02,-2.203012244564));
#504 = CARTESIAN_POINT('',(0.100203532621,-2.134387989175));
#505 = CARTESIAN_POINT('',(0.101217669272,-2.068677892065));
#506 = CARTESIAN_POINT('',(0.102266668691,-2.006097835163));
#507 = CARTESIAN_POINT('',(0.103352443354,-1.946744186985));
#508 = CARTESIAN_POINT('',(0.104476501794,-1.890778781949));
#509 = CARTESIAN_POINT('',(0.104617007459,-1.883783256041));
#510 = CARTESIAN_POINT('',(0.104758113193,-1.876840494484));
#511 = CARTESIAN_POINT('',(0.104899820994,-1.86995090873));
#512 = CARTESIAN_POINT('',(0.105042132859,-1.863114910234));
#513 = CARTESIAN_POINT('',(0.105185050784,-1.856332910452));
#514 = CARTESIAN_POINT('',(0.105328576767,-1.849605320835));
#515 = CARTESIAN_POINT('',(0.105472712804,-1.84293255284));
#516 = CARTESIAN_POINT('',(0.105617460892,-1.83631501792));
#517 = CARTESIAN_POINT('',(0.105762823028,-1.829753127529));
#518 = CARTESIAN_POINT('',(0.10590880121,-1.823247293123));
#519 = CARTESIAN_POINT('',(0.105981788901,-1.819994490377));
#520 = CARTESIAN_POINT('',(0.106054930247,-1.816755735176));
#521 = CARTESIAN_POINT('',(0.106128225011,-1.813531116562));
#522 = CARTESIAN_POINT('',(0.106201672951,-1.810320723574));
#523 = CARTESIAN_POINT('',(0.106275273828,-1.807124645255));
#524 = CARTESIAN_POINT('',(0.106349027403,-1.803942970646));
#525 = CARTESIAN_POINT('',(0.106422933436,-1.800775788788));
#526 = CARTESIAN_POINT('',(0.106496991686,-1.797623188721));
#527 = CARTESIAN_POINT('',(0.106571201914,-1.794485259488));
#528 = CARTESIAN_POINT('',(0.106645563882,-1.79136209013));
#529 = CARTESIAN_POINT('',(0.10668274519,-1.78980042873));
#530 = CARTESIAN_POINT('',(0.10671996401,-1.788242523141));
#531 = CARTESIAN_POINT('',(0.106757220342,-1.786688373362));
#532 = CARTESIAN_POINT('',(0.106794514186,-1.785137979392));
#533 = CARTESIAN_POINT('',(0.106831845542,-1.783591341234));
#534 = CARTESIAN_POINT('',(0.106869214409,-1.782048458885));
#535 = CARTESIAN_POINT('',(0.106906620788,-1.780509332346));
#536 = CARTESIAN_POINT('',(0.106944064679,-1.778973961618));
#537 = CARTESIAN_POINT('',(0.106981546082,-1.777442346699));
#538 = CARTESIAN_POINT('',(0.107019064997,-1.775914487591));
#539 = CARTESIAN_POINT('',(0.107056586851,-1.774386582353));
#540 = CARTESIAN_POINT('',(0.107094079048,-1.772865156681));
#541 = CARTESIAN_POINT('',(0.107131952949,-1.77133382482));
#542 = CARTESIAN_POINT('',(0.107169711339,-1.76981244688));
#543 = CARTESIAN_POINT('',(0.107207721793,-1.768286390499));
#544 = CARTESIAN_POINT('',(0.107245912229,-1.766758565471));
#545 = CARTESIAN_POINT('',(0.1072840867,-1.765236825753));
#546 = CARTESIAN_POINT('',(0.107322521745,-1.763710180834));
#547 = CARTESIAN_POINT('',(0.107361020079,-1.762186545005));
#548 = CARTESIAN_POINT('',(0.107399669111,-1.760662478668));
#549 = CARTESIAN_POINT('',(0.107708839506,-1.748470819907));
#550 = CARTESIAN_POINT('',(0.108026382007,-1.736302372919));
#551 = CARTESIAN_POINT('',(0.108352598942,-1.724169301647));
#552 = CARTESIAN_POINT('',(0.108688837578,-1.712054767694));
#553 = CARTESIAN_POINT('',(0.109036853454,-1.699934075832));
#554 = CARTESIAN_POINT('',(0.109398411117,-1.687789299661));
#555 = CARTESIAN_POINT('',(0.109775122225,-1.6756173873));
#556 = CARTESIAN_POINT('',(0.110168521048,-1.663431747241));
#557 = CARTESIAN_POINT('',(0.110580377343,-1.651257314252));
#558 = CARTESIAN_POINT('',(0.111013246619,-1.639119095407));
#559 = CARTESIAN_POINT('',(0.111121462543,-1.63608457153));
#560 = CARTESIAN_POINT('',(0.111230994536,-1.633052250269));
#561 = CARTESIAN_POINT('',(0.1113418796,-1.630022586553));
#562 = CARTESIAN_POINT('',(0.111454159657,-1.626995995442));
#563 = CARTESIAN_POINT('',(0.111567881551,-1.623972852152));
#564 = CARTESIAN_POINT('',(0.111683097044,-1.620953492024));
#565 = CARTESIAN_POINT('',(0.111799862823,-1.617938210559));
#566 = CARTESIAN_POINT('',(0.111918240494,-1.614927263383));
#567 = CARTESIAN_POINT('',(0.112038296585,-1.611920866275));
#568 = CARTESIAN_POINT('',(0.112160102545,-1.60891919515));
#569 = CARTESIAN_POINT('',(0.112175332839,-1.608543875142));
#570 = CARTESIAN_POINT('',(0.112190550892,-1.608169599537));
#571 = CARTESIAN_POINT('',(0.112205970167,-1.607791137367));
#572 = CARTESIAN_POINT('',(0.112220950582,-1.607424194148));
#573 = CARTESIAN_POINT('',(0.112236768828,-1.607037442319));
#574 = CARTESIAN_POINT('',(0.112251736054,-1.606672356625));
#575 = CARTESIAN_POINT('',(0.112267276675,-1.606293934165));
#576 = CARTESIAN_POINT('',(0.112282569966,-1.605922358661));
#577 = CARTESIAN_POINT('',(0.112297946479,-1.605549496446));
#578 = CARTESIAN_POINT('',(0.112313315125,-1.605177592158));
#579 = CARTESIAN_POINT('',(0.112328685342,-1.604805643209));
#580 = CARTESIAN_POINT('',(0.112344061955,-1.604434304552));
#581 = CARTESIAN_POINT('',(0.112359444963,-1.604063576186));
#582 = CARTESIAN_POINT('',(0.112374834367,-1.603693458112));
#583 = CARTESIAN_POINT('',(0.112390230165,-1.60332395033));
#584 = CARTESIAN_POINT('',(0.11240563236,-1.60295505284));
#585 = CARTESIAN_POINT('',(0.112421040949,-1.602586765642));
#586 = CARTESIAN_POINT('',(0.112436455934,-1.602219088735));
#587 = CARTESIAN_POINT('',(0.112451877314,-1.601852022121));
#588 = CARTESIAN_POINT('',(0.11246730509,-1.601485565798));
#589 = CARTESIAN_POINT('',(0.112498160135,-1.600752675501));
#590 = CARTESIAN_POINT('',(0.112529040103,-1.600022259296));
#591 = CARTESIAN_POINT('',(0.112559944649,-1.599294331537));
#592 = CARTESIAN_POINT('',(0.112590873429,-1.59856890658));
#593 = CARTESIAN_POINT('',(0.1126218261,-1.597845998775));
#594 = CARTESIAN_POINT('',(0.112652802317,-1.597125622481));
#595 = CARTESIAN_POINT('',(0.112683801736,-1.596407792048));
#596 = CARTESIAN_POINT('',(0.112714824014,-1.595692521834));
#597 = CARTESIAN_POINT('',(0.112745868805,-1.59497982619));
#598 = CARTESIAN_POINT('',(0.112776935767,-1.594269719473));
#599 = CARTESIAN_POINT('',(0.112839069839,-1.592849484386));
#600 = CARTESIAN_POINT('',(0.112901292392,-1.591439622796));
#601 = CARTESIAN_POINT('',(0.112963600745,-1.590040226572));
#602 = CARTESIAN_POINT('',(0.113025992217,-1.588651387581));
#603 = CARTESIAN_POINT('',(0.113088464126,-1.587273197691));
#604 = CARTESIAN_POINT('',(0.11315101379,-1.585905748768));
#605 = CARTESIAN_POINT('',(0.113213638529,-1.584549132681));
#606 = CARTESIAN_POINT('',(0.113276335661,-1.583203441297));
#607 = CARTESIAN_POINT('',(0.113339102503,-1.581868766485));
#608 = CARTESIAN_POINT('',(0.113401936375,-1.58054520011));
#609 = CARTESIAN_POINT('',(0.113653270783,-1.575250863228));
#610 = CARTESIAN_POINT('',(0.113905687572,-1.570133874321));
#611 = CARTESIAN_POINT('',(0.11415901737,-1.565199219672));
#612 = CARTESIAN_POINT('',(0.114413119446,-1.560450850103));
#613 = CARTESIAN_POINT('',(0.114667879897,-1.555891818561));
#614 = CARTESIAN_POINT('',(0.114923209839,-1.551524417751));
#615 = CARTESIAN_POINT('',(0.115179043597,-1.547350317717));
#616 = CARTESIAN_POINT('',(0.115435336893,-1.543370703471));
#617 = CARTESIAN_POINT('',(0.115692065041,-1.539586412589));
#618 = CARTESIAN_POINT('',(0.11594922113,-1.535998072818));
#619 = CARTESIAN_POINT('',(0.116463530099,-1.528821395401));
#620 = CARTESIAN_POINT('',(0.11697953288,-1.522428529459));
#621 = CARTESIAN_POINT('',(0.117497118071,-1.516824494097));
#622 = CARTESIAN_POINT('',(0.118016344661,-1.512010847859));
#623 = CARTESIAN_POINT('',(0.118537246962,-1.507989649246));
#624 = CARTESIAN_POINT('',(0.119059607795,-1.504766366582));
#625 = CARTESIAN_POINT('',(0.119582843816,-1.502350452733));
#626 = CARTESIAN_POINT('',(0.120106146841,-1.50075230025));
#627 = CARTESIAN_POINT('',(0.120629025023,-1.499975292442));
#628 = CARTESIAN_POINT('',(0.121152387763,-1.500001665941));
#629 = ( GEOMETRIC_REPRESENTATION_CONTEXT(2) 
PARAMETRIC_REPRESENTATION_CONTEXT() REPRESENTATION_CONTEXT('2D SPACE',''
  ) );
#630 = PCURVE('',#631,#938);
#631 = ( BOUNDED_SURFACE() B_SPLINE_SURFACE(2,12,(
    (#632,#633,#634,#635,#636,#637,#638,#639,#640,#641,#642,#643,#644
      ,#645,#646,#647,#648,#649,#650,#651,#652,#653,#654,#655,#656,#657
      ,#658,#659,#660,#661,#662,#663,#664,#665,#666,#667,#668,#669,#670
      ,#671,#672,#673,#674,#675,#676,#677,#678,#679,#680,#681,#682,#683
      ,#684,#685,#686,#687,#688,#689,#690,#691,#692,#693,#694,#695,#696
      ,#697,#698,#699,#700,#701,#702,#703,#704,#705,#706,#707,#708,#709
      ,#710,#711,#712,#713,#714,#715,#716,#717,#718,#719,#720,#721,#722
      ,#723,#724,#725,#726,#727,#728,#729,#730,#731,#732,#733)
    ,(#734,#735,#736,#737,#738,#739,#740,#741,#742,#743,#744,#745,#746
      ,#747,#748,#749,#750,#751,#752,#753,#754,#755,#756,#757,#758,#759
      ,#760,#761,#762,#763,#764,#765,#766,#767,#768,#769,#770,#771,#772
      ,#773,#774,#775,#776,#777,#778,#779,#780,#781,#782,#783,#784,#785
      ,#786,#787,#788,#789,#790,#791,#792,#793,#794,#795,#796,#797,#798
      ,#799,#800,#801,#802,#803,#804,#805,#806,#807,#808,#809,#810,#811
      ,#812,#813,#814,#815,#816,#817,#818,#819,#820,#821,#822,#823,#824
      ,#825,#826,#827,#828,#829,#830,#831,#832,#833,#834,#835)
    ,(#836,#837,#838,#839,#840,#841,#842,#843,#844,#845,#846,#847,#848
      ,#849,#850,#851,#852,#853,#854,#855,#856,#857,#858,#859,#860,#861
      ,#862,#863,#864,#865,#866,#867,#868,#869,#870,#871,#872,#873,#874
      ,#875,#876,#877,#878,#879,#880,#881,#882,#883,#884,#885,#886,#887
      ,#888,#889,#890,#891,#892,#893,#894,#895,#896,#897,#898,#899,#900
      ,#901,#902,#903,#904,#905,#906,#907,#908,#909,#910,#911,#912,#913
      ,#914,#915,#916,#917,#918,#919,#920,#921,#922,#923,#924,#925,#926
      ,#927,#928,#929,#930,#931,#932,#933,#934,#935,#936,#937
)),.UNSPECIFIED.,.F.,.T.,.F.) B_SPLINE_SURFACE_WITH_KNOTS((3,3),(13,11,
    11,12,11,11,11,11,11,13),(0.,15.708095654651),(-6.317185399427,
    -2.309954432333,-0.644240713539,0.,1.634850237771,4.854585697263,
    6.944106704029,8.625746848801,8.964808646714,9.390910255225),
.UNSPECIFIED.) GEOMETRIC_REPRESENTATION_ITEM() RATIONAL_B_SPLINE_SURFACE
((
    (1.,1.,1.,1.,1.,1.,1.,1.,1.,1.,1.,1.,1.,1.,1.,1.,1.,1.,1.,1.,1.,1.
      ,1.,1.,0.999999999999,1.000000000002,0.999999999997,1.000000000004
      ,0.999999999996,1.000000000004,0.999999999998,1.000000000001,1.,1.
      ,1.,1.,1.,1.000000000001,0.999999999999,1.000000000001
      ,0.999999999999,1.000000000001,0.999999999999,1.,1.,1.,1.,1.,1.,1.
      ,1.,0.999999999999,1.000000000001,1.,1.,1.,1.,1.,1.,1.,1.,1.,1.,1.
      ,1.,1.,1.,1.,1.,1.,1.000000000001,0.999999999998,1.000000000003
      ,0.999999999997,1.000000000003,0.999999999998,1.000000000001,1.,1.
      ,1.,1.,1.,0.999999999999,1.000000000001,0.999999999999
      ,1.000000000001,0.999999999999,1.,1.,1.,1.,1.,1.000000000001
      ,0.999999999998,1.000000000002,0.999999999998,1.000000000002
      ,0.999999999999,1.000000000001,1.,1.,1.)
    ,(0.707106777762,0.706787317753,0.70616744336,0.70527220947
      ,0.704291265905,0.703496202502,0.702724605605,0.702221806495
      ,0.701857007048,0.701725138868,0.701793083047,0.702063203129
      ,0.702694735391,0.70291072099,0.703155276122,0.703426254857
      ,0.703721020138,0.70403617576,0.704367358388,0.704709089679
      ,0.705054688441,0.705396242898,0.705724642997,0.70614764783
      ,0.70626224166,0.706372793456,0.706478689741,0.70657936444
      ,0.706674298813,0.706763021546,0.706845108645,0.70692018354
      ,0.706987917002,0.707048027197,0.707100279655,0.707187125529
      ,0.707252575186,0.707295814343,0.707316969277,0.707316926196
      ,0.707297159321,0.707259567834,0.707206321475,0.707139715033
      ,0.707062031498,0.706975414065,0.706697275131,0.706485502562
      ,0.70626214939,0.706039902284,0.705828848213,0.705636861605
      ,0.705469944754,0.705332521505,0.705227684192,0.705157393848
      ,0.705122633676,0.705124088253,0.705139673452,0.705170221446
      ,0.705215540285,0.705275273551,0.705348877877,0.705435600505
      ,0.705534456795,0.705644207786,0.705763337708,0.705890031535
      ,0.706128483067,0.706238174481,0.706350749095,0.706463856997
      ,0.706576366645,0.706687456534,0.706795191545,0.706896444566
      ,0.706988401407,0.707070263949,0.707142143878,0.707207479229
      ,0.707218347868,0.707228755597,0.707238608556,0.707247920675
      ,0.707256696647,0.707264862996,0.707272247071,0.707278604168
      ,0.707283692587,0.707287396779,0.707293042372,0.707292177827
      ,0.707288655183,0.707282276204,0.707272530831,0.707259156999
      ,0.707242224539,0.707221943966,0.707198401227,0.707171419195
      ,0.70714074696,0.707106777762)
    ,(1.,1.,1.,1.,1.,1.,1.,1.,1.,1.,1.,1.,1.,1.,1.,1.,1.,1.,1.,1.,1.,1.
      ,1.,1.,0.999999999999,1.000000000002,0.999999999997,1.000000000004
      ,0.999999999996,1.000000000004,0.999999999998,1.000000000001,1.,1.
      ,1.,1.,1.,1.000000000001,0.999999999999,1.000000000001
      ,0.999999999999,1.000000000001,0.999999999999,1.,1.,1.,1.,1.,1.,1.
      ,1.,0.999999999999,1.000000000001,1.,1.,1.,1.,1.,1.,1.,1.,1.,1.,1.
      ,1.,1.,1.,1.,1.,1.,1.000000000001,0.999999999998,1.000000000003
      ,0.999999999997,1.000000000003,0.999999999998,1.000000000001,1.,1.
      ,1.,1.,1.,0.999999999999,1.000000000001,0.999999999999
      ,1.000000000001,0.999999999999,1.,1.,1.,1.,1.,1.000000000001
      ,0.999999999998,1.000000000002,0.999999999998,1.000000000002
,0.999999999999,1.000000000001,1.,1.,1.
))) REPRESENTATION_ITEM('') SURFACE() );
#632 = CARTESIAN_POINT('',(61.771004939718,140.54534182589,
    8.499998334059));
#633 = CARTESIAN_POINT('',(61.982665125185,139.88858763699,
    8.499639505229));
#634 = CARTESIAN_POINT('',(62.192626376569,139.23224541952,
    8.351939056001));
#635 = CARTESIAN_POINT('',(62.383492027931,138.63026127321,8.05540512219
    ));
#636 = CARTESIAN_POINT('',(62.525054995488,138.17872375942,
    7.653535753981));
#637 = CARTESIAN_POINT('',(62.648171450576,137.78689604347,7.2365927157)
  );
#638 = CARTESIAN_POINT('',(62.733516187707,137.51185129695,
    6.744864699551));
#639 = CARTESIAN_POINT('',(62.799925219583,137.29928566106,
    6.266302484927));
#640 = CARTESIAN_POINT('',(62.838080142568,137.17602028512,
    5.748839126944));
#641 = CARTESIAN_POINT('',(62.854764109549,137.12252456073,
    5.240249357093));
#642 = CARTESIAN_POINT('',(62.847351874368,137.14643734493,
    4.724810396977));
#643 = CARTESIAN_POINT('',(62.816071315248,137.24706487024,
    4.219248614755));
#644 = CARTESIAN_POINT('',(62.73587015765,137.50409530024,3.528832616963
    ));
#645 = CARTESIAN_POINT('',(62.707947681204,137.59351989658,
    3.329200701136));
#646 = CARTESIAN_POINT('',(62.675533568523,137.69723094204,
    3.133492878287));
#647 = CARTESIAN_POINT('',(62.638525156572,137.81551028563,
    2.942527502791));
#648 = CARTESIAN_POINT('',(62.596806224345,137.94867362027,
    2.757219865626));
#649 = CARTESIAN_POINT('',(62.550236561069,138.09709830172,
    2.578669926507));
#650 = CARTESIAN_POINT('',(62.49866015625,138.26119479019,2.408226016564
    ));
#651 = CARTESIAN_POINT('',(62.441932011611,138.44132171425,
    2.247524511859));
#652 = CARTESIAN_POINT('',(62.379963574862,138.63764455763,
    2.098505477394));
#653 = CARTESIAN_POINT('',(62.312786795368,138.84993796829,
    1.963404281965));
#654 = CARTESIAN_POINT('',(62.240636801655,139.07733169025,
    1.844719183547));
#655 = CARTESIAN_POINT('',(62.134433300866,139.41108237911,
    1.706646843088));
#656 = CARTESIAN_POINT('',(62.104146911267,139.50616233154,
    1.670965346285));
#657 = CARTESIAN_POINT('',(62.073227894885,139.60312509959,
    1.638286153359));
#658 = CARTESIAN_POINT('',(62.041716575244,139.7018366815,1.608768374565
    ));
#659 = CARTESIAN_POINT('',(62.0096597365,139.80214394933,1.58255447208)
  );
#660 = CARTESIAN_POINT('',(61.977110623453,139.90387464893,
    1.559770260041));
#661 = CARTESIAN_POINT('',(61.944128941528,140.00683739999,
    1.540524904488));
#662 = CARTESIAN_POINT('',(61.910780856798,140.110821696,1.524910923431)
  );
#663 = CARTESIAN_POINT('',(61.877138995963,140.21559790426,
    1.513004186783));
#664 = CARTESIAN_POINT('',(61.843282446365,140.3209172659,1.504863916419
    ));
#665 = CARTESIAN_POINT('',(61.809296755977,140.42651189583,
    1.500532686131));
#666 = CARTESIAN_POINT('',(61.775273933414,140.53209478281,
    1.500036421655));
#667 = CARTESIAN_POINT('',(61.71872663214,140.70757779301,1.499211610633
    ));
#668 = CARTESIAN_POINT('',(61.662038815766,140.88315010747,
    1.508906710826));
#669 = CARTESIAN_POINT('',(61.605605914909,141.05758134135,
    1.529176884039));
#670 = CARTESIAN_POINT('',(61.549813465266,141.22968669609,
    1.559808414692));
#671 = CARTESIAN_POINT('',(61.49501697643,141.39838601774,1.600380926073
    ));
#672 = CARTESIAN_POINT('',(61.441527098343,141.56274669108,
    1.650324726428));
#673 = CARTESIAN_POINT('',(61.389600085382,141.72201036914,
    1.708973284803));
#674 = CARTESIAN_POINT('',(61.339433558062,141.87560353857,
    1.775610836777));
#675 = CARTESIAN_POINT('',(61.291167562393,142.02313192039,1.84951511991
    ));
#676 = CARTESIAN_POINT('',(61.244890926846,142.16435870656,
    1.929995239082));
#677 = CARTESIAN_POINT('',(61.20065291697,142.29916663202,2.016424661577
    ));
#678 = CARTESIAN_POINT('',(61.075423630532,142.68025608353,
    2.289151705146));
#679 = CARTESIAN_POINT('',(61.000437839687,142.90772569181,
    2.490964696584));
#680 = CARTESIAN_POINT('',(60.933704044136,143.10960680376,
    2.709203170808));
#681 = CARTESIAN_POINT('',(60.87515491599,143.28630959811,2.940319305779
    ));
#682 = CARTESIAN_POINT('',(60.824583994366,143.43863061252,
    3.181524681294));
#683 = CARTESIAN_POINT('',(60.781732136673,143.56749296422,
    3.430615017778));
#684 = CARTESIAN_POINT('',(60.746350997296,143.67375651495,
    3.685817575713));
#685 = CARTESIAN_POINT('',(60.718243533605,143.75809797978,
    3.945661215446));
#686 = CARTESIAN_POINT('',(60.697281539376,143.82096098029,
    4.208869117659));
#687 = CARTESIAN_POINT('',(60.683400205532,143.86257604162,
    4.474274164236));
#688 = CARTESIAN_POINT('',(60.676569708282,143.8830505339,4.74075697974)
  );
#689 = CARTESIAN_POINT('',(60.676856821385,143.88218980902,
    5.180125233494));
#690 = CARTESIAN_POINT('',(60.67992980996,143.8729776508,5.353049578582)
  );
#691 = CARTESIAN_POINT('',(60.685959837043,143.85490036321,
    5.525657051222));
#692 = CARTESIAN_POINT('',(60.69495461241,143.82793117391,5.697637705646
    ));
#693 = CARTESIAN_POINT('',(60.706931577529,143.79201075891,
    5.868682796137));
#694 = CARTESIAN_POINT('',(60.721916974198,143.74704974352,
    6.038473305465));
#695 = CARTESIAN_POINT('',(60.73994491316,143.69293120334,6.206668473302
    ));
#696 = CARTESIAN_POINT('',(60.761056442749,143.62951316524,
    6.372894324669));
#697 = CARTESIAN_POINT('',(60.785298617496,143.55663110837,6.53673219834
    ));
#698 = CARTESIAN_POINT('',(60.81272356678,143.47410046512,6.697707275296
    ));
#699 = CARTESIAN_POINT('',(60.843387563441,143.38171912211,
    6.855277107127));
#700 = CARTESIAN_POINT('',(60.904683032334,143.19681911621,
    7.132391113489));
#701 = CARTESIAN_POINT('',(60.934107616887,143.10798423884,
    7.253293290342));
#702 = CARTESIAN_POINT('',(60.965845783759,143.01206803293,
    7.371471315073));
#703 = CARTESIAN_POINT('',(60.999640558283,142.90983440616,
    7.486131599186));
#704 = CARTESIAN_POINT('',(61.035563723157,142.80104125269,
    7.596981780697));
#705 = CARTESIAN_POINT('',(61.073850251168,142.68494444309,
    7.703904399729));
#706 = CARTESIAN_POINT('',(61.1145413956,142.56138727653,7.806379474554)
  );
#707 = CARTESIAN_POINT('',(61.157384405044,142.43110807754,
    7.903386767235));
#708 = CARTESIAN_POINT('',(61.202102901239,142.29491700635,
    7.993934637132));
#709 = CARTESIAN_POINT('',(61.248818030673,142.15241153912,
    8.077778489905));
#710 = CARTESIAN_POINT('',(61.29806657254,142.00191846124,8.155307938671
    ));
#711 = CARTESIAN_POINT('',(61.359904253831,141.81260251056,
    8.239049188246));
#712 = CARTESIAN_POINT('',(61.370611550183,141.77981055207,
    8.253102362597));
#713 = CARTESIAN_POINT('',(61.381617398894,141.7460923877,8.267096269261
    ));
#714 = CARTESIAN_POINT('',(61.39296043376,141.7113283933,8.281039689246)
  );
#715 = CARTESIAN_POINT('',(61.404713445807,141.67529391039,8.29497135735
    ));
#716 = CARTESIAN_POINT('',(61.416957379682,141.6377389995,8.308930276724
    ));
#717 = CARTESIAN_POINT('',(61.42976655091,141.59843369829,8.322936332825
    ));
#718 = CARTESIAN_POINT('',(61.443205084048,141.5571787839,8.336981206127
    ));
#719 = CARTESIAN_POINT('',(61.45733457171,141.51378204002,8.351029584337
    ));
#720 = CARTESIAN_POINT('',(61.472232954479,141.46800002837,
    8.365030673384));
#721 = CARTESIAN_POINT('',(61.488024621702,141.41944536473,
    8.378940007779));
#722 = CARTESIAN_POINT('',(61.526156465035,141.30212845663,8.41010864536
    ));
#723 = CARTESIAN_POINT('',(61.54780397872,141.23547952516,8.426217832433
    ));
#724 = CARTESIAN_POINT('',(61.569753404614,141.16784978112,
    8.440881100433));
#725 = CARTESIAN_POINT('',(61.591851583831,141.09970963922,
    8.453974598587));
#726 = CARTESIAN_POINT('',(61.614007686498,141.03133837398,
    8.465444290453));
#727 = CARTESIAN_POINT('',(61.636213452563,140.9627607571,8.475284603492
    ));
#728 = CARTESIAN_POINT('',(61.658509931938,140.89384934645,
    8.483509334082));
#729 = CARTESIAN_POINT('',(61.680931600792,140.82449696187,
    8.490124058831));
#730 = CARTESIAN_POINT('',(61.703458730799,140.7547638831,8.495109302228
    ));
#731 = CARTESIAN_POINT('',(61.726008888172,140.68490430521,
    8.498423711602));
#732 = CARTESIAN_POINT('',(61.748498439288,140.61517658675,
    8.500036489469));
#733 = CARTESIAN_POINT('',(61.771004939718,140.54534182589,
    8.499998334059));
#734 = CARTESIAN_POINT('',(61.770443398236,140.54708421651,7.5));
#735 = CARTESIAN_POINT('',(61.921700404045,140.07776512699,
    7.499098105302));
#736 = CARTESIAN_POINT('',(62.072214014268,139.60866624942,
    7.392167229626));
#737 = CARTESIAN_POINT('',(62.209034448305,139.17995908716,
    7.178439315134));
#738 = CARTESIAN_POINT('',(62.31125460483,138.85750044755,6.888128577642
    ));
#739 = CARTESIAN_POINT('',(62.397649608531,138.58536869729,
    6.592842204036));
#740 = CARTESIAN_POINT('',(62.460797988836,138.38501819328,
    6.238052710592));
#741 = CARTESIAN_POINT('',(62.506182566827,138.24157459668,
    5.901555801644));
#742 = CARTESIAN_POINT('',(62.534765998866,138.1507754036,5.531296639278
    ));
#743 = CARTESIAN_POINT('',(62.546075521007,138.11499270052,
    5.171078973613));
#744 = CARTESIAN_POINT('',(62.540980998915,138.13116947418,
    4.804658861808));
#745 = CARTESIAN_POINT('',(62.518599339841,138.20211386016,
    4.444956328845));
#746 = CARTESIAN_POINT('',(62.461174199294,138.3837391451,3.952984361788
    ));
#747 = CARTESIAN_POINT('',(62.441192693233,138.44691170475,
    3.810756311428));
#748 = CARTESIAN_POINT('',(62.417996335166,138.52020769086,
    3.671242705894));
#749 = CARTESIAN_POINT('',(62.391509384634,138.60384729013,
    3.535009931596));
#750 = CARTESIAN_POINT('',(62.361645034695,138.69808163528,
    3.402696527163));
#751 = CARTESIAN_POINT('',(62.328299221404,138.80320988399,
    3.275079518393));
#752 = CARTESIAN_POINT('',(62.291357571521,138.9195561813,3.153122107105
    ));
#753 = CARTESIAN_POINT('',(62.250715436404,139.04740666363,
    3.038002904092));
#754 = CARTESIAN_POINT('',(62.206310960622,139.18690665846,2.93112693995
    ));
#755 = CARTESIAN_POINT('',(62.158171146212,139.33791819417,
    2.834118723948));
#756 = CARTESIAN_POINT('',(62.106470901845,139.49983784419,
    2.748797642686));
#757 = CARTESIAN_POINT('',(62.030397629871,139.73767961481,
    2.649436328651));
#758 = CARTESIAN_POINT('',(62.008714563335,139.80543028123,
    2.623752319269));
#759 = CARTESIAN_POINT('',(61.986580731621,139.87454551529,
    2.600212501671));
#760 = CARTESIAN_POINT('',(61.964025602718,139.944930023,2.578933202631)
  );
#761 = CARTESIAN_POINT('',(61.941083298579,140.01647447133,
    2.560018576361));
#762 = CARTESIAN_POINT('',(61.917792598366,140.08905547726,
    2.543560646411));
#763 = CARTESIAN_POINT('',(61.894196943109,140.16253559227,
    2.529639345523));
#764 = CARTESIAN_POINT('',(61.870344441904,140.23676328231,
    2.518322552449));
#765 = CARTESIAN_POINT('',(61.846287879549,140.31157290316,2.50966612587
    ));
#766 = CARTESIAN_POINT('',(61.822084725703,140.38678467135,
    2.503713934385));
#767 = CARTESIAN_POINT('',(61.797797145454,140.46220463067,
    2.500497882779));
#768 = CARTESIAN_POINT('',(61.773492011291,140.53762461449,
    2.500037933874));
#769 = CARTESIAN_POINT('',(61.733103757046,140.66295128258,
    2.499273628966));
#770 = CARTESIAN_POINT('',(61.692633792028,140.7883829281,2.50606520295)
  );
#771 = CARTESIAN_POINT('',(61.652368673148,140.9130289001,2.520457648153
    ));
#772 = CARTESIAN_POINT('',(61.612586872983,141.0360301446,2.542299411711
    ));
#773 = CARTESIAN_POINT('',(61.57354417395,141.15660301275,2.57128796844)
  );
#774 = CARTESIAN_POINT('',(61.535462984163,141.27407102941,
    2.607011652114));
#775 = CARTESIAN_POINT('',(61.498525566521,141.38788464618,
    2.648987822148));
#776 = CARTESIAN_POINT('',(61.462871181313,141.49762897638,
    2.696697435563));
#777 = CARTESIAN_POINT('',(61.428597150001,141.60301948649,
    2.749616082365));
#778 = CARTESIAN_POINT('',(61.395763853389,141.70388560214,
    2.807241527787));
#779 = CARTESIAN_POINT('',(61.36440368071,141.80014217677,2.869117790358
    ));
#780 = CARTESIAN_POINT('',(61.275684220052,142.07223323428,
    3.064373574559));
#781 = CARTESIAN_POINT('',(61.222648818684,142.23457837882,
    3.208858961367));
#782 = CARTESIAN_POINT('',(61.175536875222,142.37855594849,3.36502875524
    ));
#783 = CARTESIAN_POINT('',(61.134276809284,142.50447352692,
    3.530308359037));
#784 = CARTESIAN_POINT('',(61.098696912799,142.61292916452,
    3.702685479723));
#785 = CARTESIAN_POINT('',(61.068589250945,142.70461712014,
    3.880581042796));
#786 = CARTESIAN_POINT('',(61.043756769397,142.78018506845,
    4.062736826338));
#787 = CARTESIAN_POINT('',(61.024043468828,142.84014321006,
    4.248119590581));
#788 = CARTESIAN_POINT('',(61.00934751268,142.88482570126,4.435841635194
    ));
#789 = CARTESIAN_POINT('',(60.999617159491,142.91440473942,
    4.625097808848));
#790 = CARTESIAN_POINT('',(60.994829446911,142.92895752825,4.8151190435)
  );
#791 = CARTESIAN_POINT('',(60.995030864103,142.9283452584,5.128462322182
    ));
#792 = CARTESIAN_POINT('',(60.997185322868,142.9217961709,5.251775619722
    ));
#793 = CARTESIAN_POINT('',(61.00141242537,142.90894642349,5.374862488839
    ));
#794 = CARTESIAN_POINT('',(61.007718107612,142.88977645228,
    5.497511227116));
#795 = CARTESIAN_POINT('',(61.016116053326,142.8642417553,5.619509954727
    ));
#796 = CARTESIAN_POINT('',(61.026626966895,142.83227496196,
    5.740638255023));
#797 = CARTESIAN_POINT('',(61.039277854406,142.79378787799,
    5.860658839339));
#798 = CARTESIAN_POINT('',(61.054101314948,142.74867349997,
    5.979309236504));
#799 = CARTESIAN_POINT('',(61.071134844338,142.69680799209,
    6.096293506119));
#800 = CARTESIAN_POINT('',(61.090420153647,142.63805261836,
    6.211273973307));
#801 = CARTESIAN_POINT('',(61.112002504954,142.57225562231,
    6.323862980266));
#802 = CARTESIAN_POINT('',(61.155180393092,142.44052243949,
    6.521912627999));
#803 = CARTESIAN_POINT('',(61.17595723891,142.37710080721,6.608343247474
    ));
#804 = CARTESIAN_POINT('',(61.198231336845,142.30907262586,
    6.692779718075));
#805 = CARTESIAN_POINT('',(61.22212867591,142.2360404891,6.774850933764)
  );
#806 = CARTESIAN_POINT('',(61.247612362361,142.15810683786,6.85421692138
    ));
#807 = CARTESIAN_POINT('',(61.274626984563,142.07543128571,
    6.930628024116));
#808 = CARTESIAN_POINT('',(61.303243733743,141.9877839327,7.003827585937
    ));
#809 = CARTESIAN_POINT('',(61.333591597511,141.89475521784,
    7.073391385008));
#810 = CARTESIAN_POINT('',(61.3656070157,141.79652400417,7.138632382428)
  );
#811 = CARTESIAN_POINT('',(61.398881622543,141.69432624533,
    7.198736288656));
#812 = CARTESIAN_POINT('',(61.433135395722,141.58900582037,
    7.253331721465));
#813 = CARTESIAN_POINT('',(61.47754158498,141.45233500295,7.313900003955
    ));
#814 = CARTESIAN_POINT('',(61.485097951616,141.42907159396,
    7.323895063466));
#815 = CARTESIAN_POINT('',(61.492876884771,141.4051176493,7.33384454638)
  );
#816 = CARTESIAN_POINT('',(61.500930515347,141.38031278853,
    7.343796732545));
#817 = CARTESIAN_POINT('',(61.509287715533,141.35456745863,
    7.353764355001));
#818 = CARTESIAN_POINT('',(61.517982140824,141.32777698526,
    7.363750166508));
#819 = CARTESIAN_POINT('',(61.527066980266,141.29977638724,
    7.373760314945));
#820 = CARTESIAN_POINT('',(61.536616413157,141.27033595968,
    7.383805524242));
#821 = CARTESIAN_POINT('',(61.546713769729,141.23919763348,
    7.393890077199));
#822 = CARTESIAN_POINT('',(61.557426392258,141.20615212201,
    7.403988596137));
#823 = CARTESIAN_POINT('',(61.568767191199,141.17115687192,
    7.414010616543));
#824 = CARTESIAN_POINT('',(61.595567050808,141.08842175055,
    7.435996114808));
#825 = CARTESIAN_POINT('',(61.611296835267,141.03984635249,
    7.447752099656));
#826 = CARTESIAN_POINT('',(61.626988654171,140.99136321107,
    7.458259557373));
#827 = CARTESIAN_POINT('',(61.642594643275,140.94312042399,
    7.467481412293));
#828 = CARTESIAN_POINT('',(61.658281089604,140.89460697475,
    7.475566755425));
#829 = CARTESIAN_POINT('',(61.674146864893,140.84551840197,7.48259513047
    ));
#830 = CARTESIAN_POINT('',(61.690156836073,140.79596193718,
    7.488522058037));
#831 = CARTESIAN_POINT('',(61.706205205157,140.74626231967,7.49324462015
    ));
#832 = CARTESIAN_POINT('',(61.722223703741,140.6966295816,7.496705904505
    ));
#833 = CARTESIAN_POINT('',(61.738249522889,140.64695023314,
    7.498957080957));
#834 = CARTESIAN_POINT('',(61.75436779854,140.59696346522,7.500095853399
    ));
#835 = CARTESIAN_POINT('',(61.770443398236,140.54708421651,7.5));
#836 = CARTESIAN_POINT('',(60.818653434312,140.24033369255,7.5));
#837 = CARTESIAN_POINT('',(60.968547995451,139.77229639818,7.5));
#838 = CARTESIAN_POINT('',(61.116900045343,139.3042000695,7.394717956296
    ));
#839 = CARTESIAN_POINT('',(61.251062381208,138.87550898637,
    7.183425600474));
#840 = CARTESIAN_POINT('',(61.351183454683,138.55052711473,6.89531061668
    ));
#841 = CARTESIAN_POINT('',(61.436049597272,138.27574482539,
    6.599851148062));
#842 = CARTESIAN_POINT('',(61.497742714329,138.07276285379,
    6.245094116147));
#843 = CARTESIAN_POINT('',(61.542372933123,137.92695565212,
    5.906551115496));
#844 = CARTESIAN_POINT('',(61.570285487114,137.83484849187,
    5.534455115551));
#845 = CARTESIAN_POINT('',(61.581383718968,137.79848954971,
    5.171831647935));
#846 = CARTESIAN_POINT('',(61.576374270125,137.81503946517,
    4.803319418957));
#847 = CARTESIAN_POINT('',(61.554473365389,137.88700650727,
    4.442022283087));
#848 = CARTESIAN_POINT('',(61.498304618561,138.07059759642,
    3.948653492073));
#849 = CARTESIAN_POINT('',(61.478743734655,138.13447056639,
    3.806005872385));
#850 = CARTESIAN_POINT('',(61.4560303043,138.20853787733,3.666171525176)
  );
#851 = CARTESIAN_POINT('',(61.43008838827,138.29299982072,3.529734589902
    ));
#852 = CARTESIAN_POINT('',(61.400830945887,138.38808312191,
    3.397348590736));
#853 = CARTESIAN_POINT('',(61.36815326295,138.49405684511,3.269799864322
    ));
#854 = CARTESIAN_POINT('',(61.331939134466,138.61120990774,
    3.148053283403));
#855 = CARTESIAN_POINT('',(61.292079802173,138.73979020379,
    3.033280276381));
#856 = CARTESIAN_POINT('',(61.248505646865,138.8799053365,2.926869142724
    ));
#857 = CARTESIAN_POINT('',(61.201230635509,139.03138496012,
    2.830417664322));
#858 = CARTESIAN_POINT('',(61.150409523167,139.19360473094,
    2.745708012701));
#859 = CARTESIAN_POINT('',(61.075521806306,139.43166680505,
    2.647186555681));
#860 = CARTESIAN_POINT('',(61.054158500869,139.49948147717,
    2.621730212818));
#861 = CARTESIAN_POINT('',(61.032341034649,139.56863379315,
    2.598420324252));
#862 = CARTESIAN_POINT('',(61.010097217388,139.63902800967,
    2.577370385134));
#863 = CARTESIAN_POINT('',(60.987459527327,139.71055473071,
    2.558681985074));
#864 = CARTESIAN_POINT('',(60.964465111195,139.78309090755,
    2.542444808138));
#865 = CARTESIAN_POINT('',(60.941155784227,139.85649983877,
    2.528736632855));
#866 = CARTESIAN_POINT('',(60.917578030139,139.93063117024,
    2.517623332211));
#867 = CARTESIAN_POINT('',(60.89378300116,140.00532089512,2.509158873653
    ));
#868 = CARTESIAN_POINT('',(60.869826517998,140.08039135388,
    2.503385319086));
#869 = CARTESIAN_POINT('',(60.845769069868,140.15565123429,
    2.500332824874));
#870 = CARTESIAN_POINT('',(60.821675814476,140.2308955714,2.500019641842
    ));
#871 = CARTESIAN_POINT('',(60.781631766359,140.35595496277,
    2.499499117896));
#872 = CARTESIAN_POINT('',(60.741460752454,140.48106302219,
    2.506493456669));
#873 = CARTESIAN_POINT('',(60.701443311992,140.60534043199,
    2.521040018028));
#874 = CARTESIAN_POINT('',(60.661853711306,140.72794238121,
    2.542984612595));
#875 = CARTESIAN_POINT('',(60.622945505162,140.84810022771,
    2.572025964548));
#876 = CARTESIAN_POINT('',(60.584940888735,140.96515160173,
    2.607756625533));
#877 = CARTESIAN_POINT('',(60.548023840121,141.07855895071,
    2.649700339752));
#878 = CARTESIAN_POINT('',(60.512337053543,141.18791652558,
    2.697345860147));
#879 = CARTESIAN_POINT('',(60.477982663059,141.29294580839,2.75017721576
    ));
#880 = CARTESIAN_POINT('',(60.445026756971,141.39347938121,
    2.807700430205));
#881 = CARTESIAN_POINT('',(60.413507682761,141.48943323657,
    2.869466691293));
#882 = CARTESIAN_POINT('',(60.324247755479,141.76064471518,
    3.064336863934));
#883 = CARTESIAN_POINT('',(60.27074361465,141.92249574692,3.208511234038
    ));
#884 = CARTESIAN_POINT('',(60.223084894753,142.0661119334,3.364394630551
    ));
#885 = CARTESIAN_POINT('',(60.181239769033,142.19179428218,
    3.529453787281));
#886 = CARTESIAN_POINT('',(60.145073947686,142.30011816786,
    3.701699598396));
#887 = CARTESIAN_POINT('',(60.114412786377,142.39174794939,3.87956074954
    ));
#888 = CARTESIAN_POINT('',(60.089086964994,142.46730153608,
    4.061774005056));
#889 = CARTESIAN_POINT('',(60.068961736656,142.52726490227,
    4.247291151341));
#890 = CARTESIAN_POINT('',(60.05394974696,142.57195655086,4.435202596289
    ));
#891 = CARTESIAN_POINT('',(60.044007423476,142.60154192542,
    4.624677624876));
#892 = CARTESIAN_POINT('',(60.039114935483,142.61609777112,4.81492131084
    ));
#893 = CARTESIAN_POINT('',(60.039320708298,142.61548546334,5.12860010238
    ));
#894 = CARTESIAN_POINT('',(60.041521726608,142.60893629175,5.2520504802)
  );
#895 = CARTESIAN_POINT('',(60.045840571224,142.5960849301,5.375273049192
    ));
#896 = CARTESIAN_POINT('',(60.052282477494,142.57691218463,
    5.498049406827));
#897 = CARTESIAN_POINT('',(60.060859423448,142.55137546165,
    5.620160960318));
#898 = CARTESIAN_POINT('',(60.071589429481,142.51941056182,
    5.741380970116));
#899 = CARTESIAN_POINT('',(60.084495858009,142.4809334745,5.861466593454
    ));
#900 = CARTESIAN_POINT('',(60.099606713169,142.43584217199,
    5.980150927827));
#901 = CARTESIAN_POINT('',(60.116953940461,142.38401840388,
    6.097135054537));
#902 = CARTESIAN_POINT('',(60.136572726449,142.32532949137,
    6.212080082185));
#903 = CARTESIAN_POINT('',(60.158500798416,142.25963012154,
    6.324599190198));
#904 = CARTESIAN_POINT('',(60.202315719884,142.12812182291,
    6.522496046539));
#905 = CARTESIAN_POINT('',(60.223384179583,142.06480780701,
    6.608856257334));
#906 = CARTESIAN_POINT('',(60.245949125912,141.99691563778,
    6.693201060273));
#907 = CARTESIAN_POINT('',(60.270131822825,141.92404090195,
    6.775165354773));
#908 = CARTESIAN_POINT('',(60.295890204879,141.84629157504,6.85441006216
    ));
#909 = CARTESIAN_POINT('',(60.323163109817,141.76383745874,
    6.930685914799));
#910 = CARTESIAN_POINT('',(60.352015472049,141.6764502498,7.00374194004)
  );
#911 = CARTESIAN_POINT('',(60.382569776213,141.58371187091,
    7.073164467627));
#912 = CARTESIAN_POINT('',(60.414756211664,141.48579478342,
    7.138275534102));
#913 = CARTESIAN_POINT('',(60.448161110205,141.38394409254,
    7.198262602753));
#914 = CARTESIAN_POINT('',(60.482500390979,141.27901734502,
    7.252754562452));
#915 = CARTESIAN_POINT('',(60.526950310817,141.14280906922,
    7.313253351718));
#916 = CARTESIAN_POINT('',(60.534512503056,141.11962706968,
    7.323236998189));
#917 = CARTESIAN_POINT('',(60.54229519717,141.09575667868,7.333176177232
    ));
#918 = CARTESIAN_POINT('',(60.550350325196,141.07103727277,
    7.343119611921));
#919 = CARTESIAN_POINT('',(60.558706457674,141.0453803589,7.353079986887
    ));
#920 = CARTESIAN_POINT('',(60.567396912596,141.0186823479,7.363060007131
    ));
#921 = CARTESIAN_POINT('',(60.576474524286,140.99077868003,
    7.373066053364));
#922 = CARTESIAN_POINT('',(60.586013072326,140.96143930277,
    7.383109433566));
#923 = CARTESIAN_POINT('',(60.596095370383,140.93040550063,
    7.393195231123));
#924 = CARTESIAN_POINT('',(60.606788015084,140.89746807719,
    7.403298749188));
#925 = CARTESIAN_POINT('',(60.618102794814,140.86258688923,
    7.413329551562));
#926 = CARTESIAN_POINT('',(60.644826646786,140.78013771694,7.43534046021
    ));
#927 = CARTESIAN_POINT('',(60.660505671188,140.73171088734,
    7.447122068671));
#928 = CARTESIAN_POINT('',(60.676136869835,140.68338244234,
    7.457659831898));
#929 = CARTESIAN_POINT('',(60.691672838517,140.63529724769,
    7.466917382537));
#930 = CARTESIAN_POINT('',(60.707280518025,140.58693759443,
    7.475046046535));
#931 = CARTESIAN_POINT('',(60.723059006214,140.537995921,7.482126463361)
  );
#932 = CARTESIAN_POINT('',(60.738973007399,140.48858060028,
    7.488113706373));
#933 = CARTESIAN_POINT('',(60.754916531693,140.4390188919,7.492903750406
    ));
#934 = CARTESIAN_POINT('',(60.77082145687,140.38952116051,7.496439133824
    ));
#935 = CARTESIAN_POINT('',(60.78672556538,140.33997046021,7.498771662072
    ));
#936 = CARTESIAN_POINT('',(60.802714669081,140.29010158605,7.5));
#937 = CARTESIAN_POINT('',(60.818653434312,140.24033369255,7.5));
#938 = DEFINITIONAL_REPRESENTATION('',(#939),#943);
#939 = LINE('',#940,#941);
#940 = CARTESIAN_POINT('',(0.,0.));
#941 = VECTOR('',#942,1.);
#942 = DIRECTION('',(0.,1.));
#943 = ( GEOMETRIC_REPRESENTATION_CONTEXT(2) 
PARAMETRIC_REPRESENTATION_CONTEXT() REPRESENTATION_CONTEXT('2D SPACE',''
  ) );
#944 = FACE_BOUND('',#945,.F.);
#945 = EDGE_LOOP('',(#946,#1008,#1127,#1167));
#946 = ORIENTED_EDGE('',*,*,#947,.F.);
#947 = EDGE_CURVE('',#948,#950,#952,.T.);
#948 = VERTEX_POINT('',#949);
#949 = CARTESIAN_POINT('',(79.896317508869,50.994615590609,9.));
#950 = VERTEX_POINT('',#951);
#951 = CARTESIAN_POINT('',(79.896317508869,50.994615590609,1.));
#952 = SURFACE_CURVE('',#953,(#959,#965),.PCURVE_S1.);
#953 = B_SPLINE_CURVE_WITH_KNOTS('',2,(#954,#955,#956,#957,#958),
  .UNSPECIFIED.,.F.,.F.,(3,1,1,3),(-0.612,-6.096251975451E-15,10.,10.612
    ),.UNSPECIFIED.);
#954 = CARTESIAN_POINT('',(79.896317508869,50.994615590609,10.612));
#955 = CARTESIAN_POINT('',(79.896317508869,50.994615590609,10.306));
#956 = CARTESIAN_POINT('',(79.896317508869,50.994615590609,5.));
#957 = CARTESIAN_POINT('',(79.896317508869,50.994615590609,-0.306));
#958 = CARTESIAN_POINT('',(79.896317508869,50.994615590609,-0.612));
#959 = PCURVE('',#129,#960);
#960 = DEFINITIONAL_REPRESENTATION('',(#961),#964);
#961 = B_SPLINE_CURVE_WITH_KNOTS('',1,(#962,#963),.UNSPECIFIED.,.F.,.F.,
  (2,2),(-6.096251975451E-15,10.),.PIECEWISE_BEZIER_KNOTS.);
#962 = CARTESIAN_POINT('',(0.99125347424,0.));
#963 = CARTESIAN_POINT('',(0.99125347424,-10.));
#964 = ( GEOMETRIC_REPRESENTATION_CONTEXT(2) 
PARAMETRIC_REPRESENTATION_CONTEXT() REPRESENTATION_CONTEXT('2D SPACE',''
  ) );
#965 = PCURVE('',#966,#1002);
#966 = B_SPLINE_SURFACE_WITH_KNOTS('',2,2,(
    (#967,#968,#969,#970,#971,#972,#973)
    ,(#974,#975,#976,#977,#978,#979,#980)
    ,(#981,#982,#983,#984,#985,#986,#987)
    ,(#988,#989,#990,#991,#992,#993,#994)
    ,(#995,#996,#997,#998,#999,#1000,#1001
    )),.UNSPECIFIED.,.F.,.F.,.F.,(3,1,1,3),(3,1,1,1,1,3),(
    -11.32190100082,0.,10.,21.321901000821),(-11.93390100082,-0.612,
    -6.096251975451E-15,10.,10.612,21.933901000821),.UNSPECIFIED.);
#967 = CARTESIAN_POINT('',(71.485916160838,58.574232430359,
    21.933901000821));
#968 = CARTESIAN_POINT('',(71.485916160838,58.574232430359,
    16.272950500411));
#969 = CARTESIAN_POINT('',(71.485916160838,58.574232430359,10.306));
#970 = CARTESIAN_POINT('',(71.485916160838,58.574232430359,5.));
#971 = CARTESIAN_POINT('',(71.485916160838,58.574232430359,-0.306));
#972 = CARTESIAN_POINT('',(71.485916160838,58.574232430359,
    -6.272950500411));
#973 = CARTESIAN_POINT('',(71.485916160838,58.574232430359,
    -11.93390100082));
#974 = CARTESIAN_POINT('',(79.271556253407,51.557662553146,
    21.933901000821));
#975 = CARTESIAN_POINT('',(79.271556253407,51.557662553146,
    16.272950500411));
#976 = CARTESIAN_POINT('',(79.271556253407,51.557662553146,10.306));
#977 = CARTESIAN_POINT('',(79.271556253407,51.557662553146,5.));
#978 = CARTESIAN_POINT('',(79.271556253407,51.557662553146,-0.306));
#979 = CARTESIAN_POINT('',(79.271556253407,51.557662553146,
    -6.272950500411));
#980 = CARTESIAN_POINT('',(79.271556253407,51.557662553146,
    -11.93390100082));
#981 = CARTESIAN_POINT('',(80.448134076968,50.497307795304,
    21.933901000821));
#982 = CARTESIAN_POINT('',(80.448134076968,50.497307795304,
    16.272950500411));
#983 = CARTESIAN_POINT('',(80.448134076968,50.497307795304,10.306));
#984 = CARTESIAN_POINT('',(80.448134076968,50.497307795304,5.));
#985 = CARTESIAN_POINT('',(80.448134076968,50.497307795304,-0.306));
#986 = CARTESIAN_POINT('',(80.448134076968,50.497307795304,
    -6.272950500411));
#987 = CARTESIAN_POINT('',(80.448134076968,50.497307795304,
    -11.93390100082));
#988 = CARTESIAN_POINT('',(81.624711900529,49.436953037463,
    21.933901000821));
#989 = CARTESIAN_POINT('',(81.624711900529,49.436953037463,
    16.272950500411));
#990 = CARTESIAN_POINT('',(81.624711900529,49.436953037463,10.306));
#991 = CARTESIAN_POINT('',(81.624711900529,49.436953037463,5.));
#992 = CARTESIAN_POINT('',(81.624711900529,49.436953037463,-0.306));
#993 = CARTESIAN_POINT('',(81.624711900529,49.436953037463,
    -6.272950500411));
#994 = CARTESIAN_POINT('',(81.624711900529,49.436953037463,
    -11.93390100082));
#995 = CARTESIAN_POINT('',(89.410351993098,42.420383160249,
    21.933901000821));
#996 = CARTESIAN_POINT('',(89.410351993098,42.420383160249,
    16.272950500411));
#997 = CARTESIAN_POINT('',(89.410351993098,42.420383160249,10.306));
#998 = CARTESIAN_POINT('',(89.410351993098,42.420383160249,5.));
#999 = CARTESIAN_POINT('',(89.410351993098,42.420383160249,-0.306));
#1000 = CARTESIAN_POINT('',(89.410351993098,42.420383160249,
    -6.272950500411));
#1001 = CARTESIAN_POINT('',(89.410351993098,42.420383160249,
    -11.93390100082));
#1002 = DEFINITIONAL_REPRESENTATION('',(#1003),#1007);
#1003 = LINE('',#1004,#1005);
#1004 = CARTESIAN_POINT('',(0.,0.));
#1005 = VECTOR('',#1006,1.);
#1006 = DIRECTION('',(0.,1.));
#1007 = ( GEOMETRIC_REPRESENTATION_CONTEXT(2) 
PARAMETRIC_REPRESENTATION_CONTEXT() REPRESENTATION_CONTEXT('2D SPACE',''
  ) );
#1008 = ORIENTED_EDGE('',*,*,#1009,.F.);
#1009 = EDGE_CURVE('',#1010,#948,#1012,.T.);
#1010 = VERTEX_POINT('',#1011);
#1011 = CARTESIAN_POINT('',(58.347642627807,150.62609957598,9.));
#1012 = SURFACE_CURVE('',#1013,(#1037,#1050),.PCURVE_S1.);
#1013 = B_SPLINE_CURVE_WITH_KNOTS('',8,(#1014,#1015,#1016,#1017,#1018,
    #1019,#1020,#1021,#1022,#1023,#1024,#1025,#1026,#1027,#1028,#1029,
    #1030,#1031,#1032,#1033,#1034,#1035,#1036),.UNSPECIFIED.,.F.,.F.,(9,
    7,7,9),(-4.920134503961,-3.668273350821E-02,137.22094106316,
    141.39476873366),.UNSPECIFIED.);
#1014 = CARTESIAN_POINT('',(56.350664637218,156.16407273638,9.));
#1015 = CARTESIAN_POINT('',(56.576155351249,155.53925914131,9.));
#1016 = CARTESIAN_POINT('',(56.796425508197,154.9289112197,9.));
#1017 = CARTESIAN_POINT('',(57.011475108063,154.33302897157,9.));
#1018 = CARTESIAN_POINT('',(57.221304150845,153.7516123969,9.));
#1019 = CARTESIAN_POINT('',(57.425912636544,153.1846614957,9.));
#1020 = CARTESIAN_POINT('',(57.625300565161,152.63217626797,9.));
#1021 = CARTESIAN_POINT('',(57.819467936694,152.0941567137,9.));
#1022 = CARTESIAN_POINT('',(63.319082695563,136.85524062898,9.));
#1023 = CARTESIAN_POINT('',(67.994597859722,121.37663713041,9.));
#1024 = CARTESIAN_POINT('',(72.034894272111,105.13434760134,
    8.999999999999));
#1025 = CARTESIAN_POINT('',(75.440108021837,88.130372431453,
    9.000000000001));
#1026 = CARTESIAN_POINT('',(78.210199734443,70.35977762108,9.));
#1027 = CARTESIAN_POINT('',(80.345193387125,51.829603870249,9.));
#1028 = CARTESIAN_POINT('',(81.844931490819,32.531702037955,9.));
#1029 = CARTESIAN_POINT('',(82.735746984318,11.866232425985,9.));
#1030 = CARTESIAN_POINT('',(82.762036118153,11.256367307615,9.));
#1031 = CARTESIAN_POINT('',(82.788325251987,10.646502189246,9.));
#1032 = CARTESIAN_POINT('',(82.814614385822,10.036637070876,9.));
#1033 = CARTESIAN_POINT('',(82.840903519657,9.426771952507,9.));
#1034 = CARTESIAN_POINT('',(82.867192653492,8.816906834138,9.));
#1035 = CARTESIAN_POINT('',(82.893481787327,8.207041715768,9.));
#1036 = CARTESIAN_POINT('',(82.919770921161,7.597176597399,9.));
#1037 = PCURVE('',#129,#1038);
#1038 = DEFINITIONAL_REPRESENTATION('',(#1039),#1049);
#1039 = B_SPLINE_CURVE_WITH_KNOTS('',8,(#1040,#1041,#1042,#1043,#1044,
    #1045,#1046,#1047,#1048),.UNSPECIFIED.,.F.,.F.,(9,9),(1.062950379536
    ,103.14606020537),.PIECEWISE_BEZIER_KNOTS.);
#1040 = CARTESIAN_POINT('',(1.021516123279E-02,-1.));
#1041 = CARTESIAN_POINT('',(0.132845018948,-1.));
#1042 = CARTESIAN_POINT('',(0.25547447906,-1.));
#1043 = CARTESIAN_POINT('',(0.378104928065,-1.));
#1044 = CARTESIAN_POINT('',(0.500731382494,-1.));
#1045 = CARTESIAN_POINT('',(0.623362122702,-1.));
#1046 = CARTESIAN_POINT('',(0.745991891897,-1.));
#1047 = CARTESIAN_POINT('',(0.868623149473,-1.));
#1048 = CARTESIAN_POINT('',(0.991253478841,-1.));
#1049 = ( GEOMETRIC_REPRESENTATION_CONTEXT(2) 
PARAMETRIC_REPRESENTATION_CONTEXT() REPRESENTATION_CONTEXT('2D SPACE',''
  ) );
#1050 = PCURVE('',#1051,#1121);
#1051 = ( BOUNDED_SURFACE() B_SPLINE_SURFACE(2,8,(
    (#1052,#1053,#1054,#1055,#1056,#1057,#1058,#1059,#1060,#1061,#1062
      ,#1063,#1064,#1065,#1066,#1067,#1068,#1069,#1070,#1071,#1072,#1073
      ,#1074)
    ,(#1075,#1076,#1077,#1078,#1079,#1080,#1081,#1082,#1083,#1084,#1085
      ,#1086,#1087,#1088,#1089,#1090,#1091,#1092,#1093,#1094,#1095,#1096
      ,#1097)
    ,(#1098,#1099,#1100,#1101,#1102,#1103,#1104,#1105,#1106,#1107,#1108
      ,#1109,#1110,#1111,#1112,#1113,#1114,#1115,#1116,#1117,#1118,#1119
,#1120
    )),.UNSPECIFIED.,.F.,.F.,.F.) B_SPLINE_SURFACE_WITH_KNOTS((3,3),(9,7
    ,7,9),(0.,137.25762379667),(-4.920134503961,-3.668273350821E-02,
    137.22094106316,141.39476873366),.UNSPECIFIED.) 
GEOMETRIC_REPRESENTATION_ITEM() RATIONAL_B_SPLINE_SURFACE((
    (1.,1.,1.,1.,1.,1.,1.,1.,1.,1.,1.,1.,1.,1.,1.,1.,1.,1.,1.,1.,1.,1.
      ,1.)
    ,(0.707106781187,0.707106781187,0.707106781187,0.707106781187
      ,0.707106781187,0.707106781187,0.707106781187,0.707106781187
      ,0.707106781187,0.707106781187,0.707106781187,0.707106781187
      ,0.707106781187,0.707106781187,0.707106781187,0.707106781187
      ,0.707106781187,0.707106781187,0.707106781187,0.707106781187
      ,0.707106781187,0.707106781187,0.707106781187)
    ,(1.,1.,1.,1.,1.,1.,1.,1.,1.,1.,1.,1.,1.,1.,1.,1.,1.,1.,1.,1.,1.,1.
,1.))) REPRESENTATION_ITEM('') SURFACE() );
#1052 = CARTESIAN_POINT('',(56.350664637218,156.16407273638,9.));
#1053 = CARTESIAN_POINT('',(56.576155351249,155.53925914131,9.));
#1054 = CARTESIAN_POINT('',(56.796425508197,154.9289112197,9.));
#1055 = CARTESIAN_POINT('',(57.011475108063,154.33302897157,9.));
#1056 = CARTESIAN_POINT('',(57.221304150845,153.7516123969,9.));
#1057 = CARTESIAN_POINT('',(57.425912636544,153.1846614957,9.));
#1058 = CARTESIAN_POINT('',(57.625300565161,152.63217626797,9.));
#1059 = CARTESIAN_POINT('',(57.819467936694,152.0941567137,9.));
#1060 = CARTESIAN_POINT('',(63.319082695563,136.85524062898,9.));
#1061 = CARTESIAN_POINT('',(67.994597859722,121.37663713041,9.));
#1062 = CARTESIAN_POINT('',(72.034894272111,105.13434760134,
    8.999999999999));
#1063 = CARTESIAN_POINT('',(75.440108021837,88.130372431453,
    9.000000000001));
#1064 = CARTESIAN_POINT('',(78.210199734443,70.35977762108,9.));
#1065 = CARTESIAN_POINT('',(80.345193387125,51.829603870249,9.));
#1066 = CARTESIAN_POINT('',(81.844931490819,32.531702037955,9.));
#1067 = CARTESIAN_POINT('',(82.735746984318,11.866232425985,9.));
#1068 = CARTESIAN_POINT('',(82.762036118153,11.256367307615,9.));
#1069 = CARTESIAN_POINT('',(82.788325251987,10.646502189246,9.));
#1070 = CARTESIAN_POINT('',(82.814614385822,10.036637070876,9.));
#1071 = CARTESIAN_POINT('',(82.840903519657,9.426771952507,9.));
#1072 = CARTESIAN_POINT('',(82.867192653492,8.816906834138,9.));
#1073 = CARTESIAN_POINT('',(82.893481787327,8.207041715768,9.));
#1074 = CARTESIAN_POINT('',(82.919770921161,7.597176597399,9.));
#1075 = CARTESIAN_POINT('',(56.350664637218,156.16407273638,10.));
#1076 = CARTESIAN_POINT('',(56.576155351249,155.53925914131,10.));
#1077 = CARTESIAN_POINT('',(56.796425508197,154.9289112197,10.));
#1078 = CARTESIAN_POINT('',(57.011475108062,154.33302897157,10.));
#1079 = CARTESIAN_POINT('',(57.221304150845,153.7516123969,10.));
#1080 = CARTESIAN_POINT('',(57.425912636544,153.1846614957,10.));
#1081 = CARTESIAN_POINT('',(57.625300565161,152.63217626797,10.));
#1082 = CARTESIAN_POINT('',(57.819467936694,152.0941567137,10.));
#1083 = CARTESIAN_POINT('',(63.319082695564,136.85524062898,10.));
#1084 = CARTESIAN_POINT('',(67.99459785972,121.3766371304,10.));
#1085 = CARTESIAN_POINT('',(72.034894272115,105.13434760135,10.));
#1086 = CARTESIAN_POINT('',(75.440108021832,88.130372431448,10.));
#1087 = CARTESIAN_POINT('',(78.210199734447,70.359777621083,10.));
#1088 = CARTESIAN_POINT('',(80.345193387123,51.829603870248,10.));
#1089 = CARTESIAN_POINT('',(81.84493149082,32.531702037955,10.));
#1090 = CARTESIAN_POINT('',(82.735746984318,11.866232425985,10.));
#1091 = CARTESIAN_POINT('',(82.762036118153,11.256367307615,10.));
#1092 = CARTESIAN_POINT('',(82.788325251987,10.646502189246,10.));
#1093 = CARTESIAN_POINT('',(82.814614385822,10.036637070876,10.));
#1094 = CARTESIAN_POINT('',(82.840903519657,9.426771952507,10.));
#1095 = CARTESIAN_POINT('',(82.867192653492,8.816906834138,10.));
#1096 = CARTESIAN_POINT('',(82.893481787327,8.207041715768,10.));
#1097 = CARTESIAN_POINT('',(82.919770921161,7.597176597399,10.));
#1098 = CARTESIAN_POINT('',(55.410045330496,155.82460947703,10.));
#1099 = CARTESIAN_POINT('',(55.63611462231,155.19819269416,10.));
#1100 = CARTESIAN_POINT('',(55.856798048845,154.58669963832,10.));
#1101 = CARTESIAN_POINT('',(56.072095610101,153.99013030952,10.));
#1102 = CARTESIAN_POINT('',(56.282007306078,153.40848470774,10.));
#1103 = CARTESIAN_POINT('',(56.486533136776,152.84176283299,10.));
#1104 = CARTESIAN_POINT('',(56.685673102194,152.28996468528,10.));
#1105 = CARTESIAN_POINT('',(56.879427202333,151.7530902646,10.));
#1106 = CARTESIAN_POINT('',(62.362201429292,136.56083763759,10.));
#1107 = CARTESIAN_POINT('',(67.024970307449,121.12528263115,10.));
#1108 = CARTESIAN_POINT('',(71.055529125723,104.9236666311,
    9.999999999999));
#1109 = CARTESIAN_POINT('',(74.453459877471,87.957990337536,
    10.000000000001));
#1110 = CARTESIAN_POINT('',(77.21831799012,70.223143935664,10.));
#1111 = CARTESIAN_POINT('',(79.349676950288,51.72630986509,10.));
#1112 = CARTESIAN_POINT('',(80.847113471177,32.459683683952,10.));
#1113 = CARTESIAN_POINT('',(81.736646144269,11.82382633513,10.));
#1114 = CARTESIAN_POINT('',(81.762908183443,11.214585426409,10.));
#1115 = CARTESIAN_POINT('',(81.78918098567,10.605094830603,10.));
#1116 = CARTESIAN_POINT('',(81.81546455095,9.995354547714,10.));
#1117 = CARTESIAN_POINT('',(81.841758879282,9.38536457774,10.));
#1118 = CARTESIAN_POINT('',(81.868063970667,8.775124920682,10.));
#1119 = CARTESIAN_POINT('',(81.894379825105,8.16463557654,10.));
#1120 = CARTESIAN_POINT('',(81.920706442595,7.553896545314,10.));
#1121 = DEFINITIONAL_REPRESENTATION('',(#1122),#1126);
#1122 = LINE('',#1123,#1124);
#1123 = CARTESIAN_POINT('',(0.,0.));
#1124 = VECTOR('',#1125,1.);
#1125 = DIRECTION('',(0.,1.));
#1126 = ( GEOMETRIC_REPRESENTATION_CONTEXT(2) 
PARAMETRIC_REPRESENTATION_CONTEXT() REPRESENTATION_CONTEXT('2D SPACE',''
  ) );
#1127 = ORIENTED_EDGE('',*,*,#1128,.T.);
#1128 = EDGE_CURVE('',#1010,#1129,#1131,.T.);
#1129 = VERTEX_POINT('',#1130);
#1130 = CARTESIAN_POINT('',(58.347642627807,150.62609957598,1.));
#1131 = SURFACE_CURVE('',#1132,(#1138,#1144),.PCURVE_S1.);
#1132 = B_SPLINE_CURVE_WITH_KNOTS('',2,(#1133,#1134,#1135,#1136,#1137),
  .UNSPECIFIED.,.F.,.F.,(3,1,1,3),(-0.3672,3.594903636673E-15,10.,
    10.3672),.UNSPECIFIED.);
#1133 = CARTESIAN_POINT('',(58.347642627807,150.62609957598,10.3672));
#1134 = CARTESIAN_POINT('',(58.347642627807,150.62609957598,10.1836));
#1135 = CARTESIAN_POINT('',(58.347642627807,150.62609957598,5.));
#1136 = CARTESIAN_POINT('',(58.347642627807,150.62609957598,-0.1836));
#1137 = CARTESIAN_POINT('',(58.347642627807,150.62609957598,-0.3672));
#1138 = PCURVE('',#129,#1139);
#1139 = DEFINITIONAL_REPRESENTATION('',(#1140),#1143);
#1140 = B_SPLINE_CURVE_WITH_KNOTS('',1,(#1141,#1142),.UNSPECIFIED.,.F.,
  .F.,(2,2),(3.594903636673E-15,10.),.PIECEWISE_BEZIER_KNOTS.);
#1141 = CARTESIAN_POINT('',(1.021516123279E-02,7.842603925605E-15));
#1142 = CARTESIAN_POINT('',(1.021516123279E-02,-10.));
#1143 = ( GEOMETRIC_REPRESENTATION_CONTEXT(2) 
PARAMETRIC_REPRESENTATION_CONTEXT() REPRESENTATION_CONTEXT('2D SPACE',''
  ) );
#1144 = PCURVE('',#1145,#1161);
#1145 = ( BOUNDED_SURFACE() B_SPLINE_SURFACE(2,2,(
    (#1146,#1147,#1148,#1149,#1150)
    ,(#1151,#1152,#1153,#1154,#1155)
    ,(#1156,#1157,#1158,#1159,#1160
)),.UNSPECIFIED.,.F.,.F.,.F.) B_SPLINE_SURFACE_WITH_KNOTS((3,3),(3,1,1,3
    ),(0.,10.),(-0.3672,3.594903636673E-15,10.,10.3672),.UNSPECIFIED.) 
GEOMETRIC_REPRESENTATION_ITEM() RATIONAL_B_SPLINE_SURFACE((
    (1.,1.,1.,1.,1.)
    ,(0.717762822681,0.717762822681,0.717762822681,0.717762822681
      ,0.717762822681)
,(1.,1.,1.,1.,1.))) REPRESENTATION_ITEM('') SURFACE() );
#1146 = CARTESIAN_POINT('',(58.347642627807,150.62609957598,10.3672));
#1147 = CARTESIAN_POINT('',(58.347642627807,150.62609957598,10.1836));
#1148 = CARTESIAN_POINT('',(58.347642627807,150.62609957598,5.));
#1149 = CARTESIAN_POINT('',(58.347642627807,150.62609957598,-0.1836));
#1150 = CARTESIAN_POINT('',(58.347642627807,150.62609957598,-0.3672));
#1151 = CARTESIAN_POINT('',(58.021134679142,151.53958117282,10.3672));
#1152 = CARTESIAN_POINT('',(58.021134679142,151.53958117282,10.1836));
#1153 = CARTESIAN_POINT('',(58.021134679142,151.53958117282,5.));
#1154 = CARTESIAN_POINT('',(58.021134679142,151.53958117282,-0.1836));
#1155 = CARTESIAN_POINT('',(58.021134679142,151.53958117282,-0.3672));
#1156 = CARTESIAN_POINT('',(57.098159316391,151.24096344384,10.3672));
#1157 = CARTESIAN_POINT('',(57.098159316391,151.24096344384,10.1836));
#1158 = CARTESIAN_POINT('',(57.098159316391,151.24096344384,5.));
#1159 = CARTESIAN_POINT('',(57.098159316391,151.24096344384,-0.1836));
#1160 = CARTESIAN_POINT('',(57.098159316391,151.24096344384,-0.3672));
#1161 = DEFINITIONAL_REPRESENTATION('',(#1162),#1166);
#1162 = LINE('',#1163,#1164);
#1163 = CARTESIAN_POINT('',(0.,0.));
#1164 = VECTOR('',#1165,1.);
#1165 = DIRECTION('',(0.,1.));
#1166 = ( GEOMETRIC_REPRESENTATION_CONTEXT(2) 
PARAMETRIC_REPRESENTATION_CONTEXT() REPRESENTATION_CONTEXT('2D SPACE',''
  ) );
#1167 = ORIENTED_EDGE('',*,*,#1168,.T.);
#1168 = EDGE_CURVE('',#1129,#950,#1169,.T.);
#1169 = SURFACE_CURVE('',#1170,(#1194,#1207),.PCURVE_S1.);
#1170 = B_SPLINE_CURVE_WITH_KNOTS('',8,(#1171,#1172,#1173,#1174,#1175,
    #1176,#1177,#1178,#1179,#1180,#1181,#1182,#1183,#1184,#1185,#1186,
    #1187,#1188,#1189,#1190,#1191,#1192,#1193),.UNSPECIFIED.,.F.,.F.,(9,
    7,7,9),(-4.920134503961,-3.66827335082E-02,130.56746259334,
    134.79322580367),.UNSPECIFIED.);
#1171 = CARTESIAN_POINT('',(56.350664637218,156.16407273638,1.));
#1172 = CARTESIAN_POINT('',(56.576155351249,155.53925914131,1.));
#1173 = CARTESIAN_POINT('',(56.796425508197,154.9289112197,1.));
#1174 = CARTESIAN_POINT('',(57.011475108062,154.33302897157,1.));
#1175 = CARTESIAN_POINT('',(57.221304150845,153.7516123969,1.));
#1176 = CARTESIAN_POINT('',(57.425912636544,153.1846614957,1.));
#1177 = CARTESIAN_POINT('',(57.625300565161,152.63217626797,1.));
#1178 = CARTESIAN_POINT('',(57.819467936694,152.0941567137,1.));
#1179 = CARTESIAN_POINT('',(63.061651349667,137.56855871574,1.));
#1180 = CARTESIAN_POINT('',(67.539815818349,122.87546749384,1.));
#1181 = CARTESIAN_POINT('',(71.442879275897,107.4909962508,1.));
#1182 = CARTESIAN_POINT('',(74.770865623871,91.416618687516,1.));
#1183 = CARTESIAN_POINT('',(77.523907471443,74.648897694861,1.));
#1184 = CARTESIAN_POINT('',(79.701841774171,57.19223484512,1.));
#1185 = CARTESIAN_POINT('',(81.304695028063,39.042026194072,1.));
#1186 = CARTESIAN_POINT('',(82.365658501286,19.594127028489,1.));
#1187 = CARTESIAN_POINT('',(82.398910622134,18.984601903805,1.));
#1188 = CARTESIAN_POINT('',(82.432162742982,18.375076779122,1.));
#1189 = CARTESIAN_POINT('',(82.465414863831,17.765551654438,1.));
#1190 = CARTESIAN_POINT('',(82.498666984679,17.156026529754,1.));
#1191 = CARTESIAN_POINT('',(82.531919105528,16.546501405071,1.));
#1192 = CARTESIAN_POINT('',(82.565171226376,15.936976280387,1.));
#1193 = CARTESIAN_POINT('',(82.598423347224,15.327451155703,1.));
#1194 = PCURVE('',#129,#1195);
#1195 = DEFINITIONAL_REPRESENTATION('',(#1196),#1206);
#1196 = B_SPLINE_CURVE_WITH_KNOTS('',8,(#1197,#1198,#1199,#1200,#1201,
    #1202,#1203,#1204,#1205),.UNSPECIFIED.,.F.,.F.,(9,9),(1.062950375669
    ,103.14606005337),.PIECEWISE_BEZIER_KNOTS.);
#1197 = CARTESIAN_POINT('',(1.021516123279E-02,-9.));
#1198 = CARTESIAN_POINT('',(0.132845021152,-9.));
#1199 = CARTESIAN_POINT('',(0.255474514294,-9.));
#1200 = CARTESIAN_POINT('',(0.378104837301,-9.));
#1201 = CARTESIAN_POINT('',(0.500731453425,-9.));
#1202 = CARTESIAN_POINT('',(0.623362113025,-9.));
#1203 = CARTESIAN_POINT('',(0.745991887911,-9.));
#1204 = CARTESIAN_POINT('',(0.8686231395,-9.));
#1205 = CARTESIAN_POINT('',(0.991253477015,-9.));
#1206 = ( GEOMETRIC_REPRESENTATION_CONTEXT(2) 
PARAMETRIC_REPRESENTATION_CONTEXT() REPRESENTATION_CONTEXT('2D SPACE',''
  ) );
#1207 = PCURVE('',#1208,#1278);
#1208 = ( BOUNDED_SURFACE() B_SPLINE_SURFACE(2,8,(
    (#1209,#1210,#1211,#1212,#1213,#1214,#1215,#1216,#1217,#1218,#1219
      ,#1220,#1221,#1222,#1223,#1224,#1225,#1226,#1227,#1228,#1229,#1230
      ,#1231)
    ,(#1232,#1233,#1234,#1235,#1236,#1237,#1238,#1239,#1240,#1241,#1242
      ,#1243,#1244,#1245,#1246,#1247,#1248,#1249,#1250,#1251,#1252,#1253
      ,#1254)
    ,(#1255,#1256,#1257,#1258,#1259,#1260,#1261,#1262,#1263,#1264,#1265
      ,#1266,#1267,#1268,#1269,#1270,#1271,#1272,#1273,#1274,#1275,#1276
,#1277
    )),.UNSPECIFIED.,.F.,.F.,.F.) B_SPLINE_SURFACE_WITH_KNOTS((3,3),(9,7
    ,7,9),(0.,130.60414532685),(-4.920134503961,-3.66827335082E-02,
    130.56746259334,134.79322580367),.UNSPECIFIED.) 
GEOMETRIC_REPRESENTATION_ITEM() RATIONAL_B_SPLINE_SURFACE((
    (1.,1.,1.,1.,1.,1.,1.,1.,1.,1.,1.,1.,1.,1.,1.,1.,1.,1.,1.,1.,1.,1.
      ,1.)
    ,(0.707106781187,0.707106781187,0.707106781187,0.707106781187
      ,0.707106781187,0.707106781187,0.707106781187,0.707106781187
      ,0.707106781187,0.707106781187,0.707106781187,0.707106781187
      ,0.707106781187,0.707106781187,0.707106781187,0.707106781187
      ,0.707106781187,0.707106781187,0.707106781187,0.707106781187
      ,0.707106781187,0.707106781187,0.707106781187)
    ,(1.,1.,1.,1.,1.,1.,1.,1.,1.,1.,1.,1.,1.,1.,1.,1.,1.,1.,1.,1.,1.,1.
,1.))) REPRESENTATION_ITEM('') SURFACE() );
#1209 = CARTESIAN_POINT('',(55.410045330496,155.82460947703,
    -3.552713678801E-15));
#1210 = CARTESIAN_POINT('',(55.63611462231,155.19819269416,
    -3.552713678801E-15));
#1211 = CARTESIAN_POINT('',(55.856798048845,154.58669963832,
    -3.552713678801E-15));
#1212 = CARTESIAN_POINT('',(56.072095610101,153.99013030952,
    -3.552713678801E-15));
#1213 = CARTESIAN_POINT('',(56.282007306078,153.40848470774,
    -3.552713678801E-15));
#1214 = CARTESIAN_POINT('',(56.486533136776,152.84176283299,
    -3.552713678801E-15));
#1215 = CARTESIAN_POINT('',(56.685673102194,152.28996468528,
    -3.552713678801E-15));
#1216 = CARTESIAN_POINT('',(56.879427202333,151.7530902646,
    -3.552713678801E-15));
#1217 = CARTESIAN_POINT('',(62.105558371483,137.27197145559,
    -3.552713678801E-15));
#1218 = CARTESIAN_POINT('',(66.57143283145,122.61992820235,
    -3.5527136788E-15));
#1219 = CARTESIAN_POINT('',(70.464949382406,107.27440798086,
    -3.552713678801E-15));
#1220 = CARTESIAN_POINT('',(73.785667958794,91.23673637049,
    -3.5527136788E-15));
#1221 = CARTESIAN_POINT('',(76.53333969895,74.503577084183,
    -3.552713678801E-15));
#1222 = CARTESIAN_POINT('',(78.707441313237,57.079141127905,
    -3.5527136788E-15));
#1223 = CARTESIAN_POINT('',(80.307724644704,38.95929493745,
    -3.552713678801E-15));
#1224 = CARTESIAN_POINT('',(81.367099760218,19.540449544534,
    -3.552713678801E-15));
#1225 = CARTESIAN_POINT('',(81.400316292923,18.931574837509,
    -3.5527136788E-15));
#1226 = CARTESIAN_POINT('',(81.433547018899,18.322439961131,
    -3.5527136788E-15));
#1227 = CARTESIAN_POINT('',(81.466791938147,17.713044915398,
    -3.5527136788E-15));
#1228 = CARTESIAN_POINT('',(81.500051050665,17.103389700311,
    -3.5527136788E-15));
#1229 = CARTESIAN_POINT('',(81.533324356455,16.49347431587,
    -3.5527136788E-15));
#1230 = CARTESIAN_POINT('',(81.566611855516,15.883298762075,
    -3.5527136788E-15));
#1231 = CARTESIAN_POINT('',(81.599913547849,15.272863038925,
    -3.5527136788E-15));
#1232 = CARTESIAN_POINT('',(56.350664637218,156.16407273638,
    -4.295842902694E-15));
#1233 = CARTESIAN_POINT('',(56.576155351249,155.53925914131,
    -4.164557895385E-15));
#1234 = CARTESIAN_POINT('',(56.796425508197,154.9289112197,
    -4.036312396277E-15));
#1235 = CARTESIAN_POINT('',(57.011475108063,154.33302897157,
    -3.911106405372E-15));
#1236 = CARTESIAN_POINT('',(57.221304150845,153.7516123969,
    -3.788939922668E-15));
#1237 = CARTESIAN_POINT('',(57.425912636544,153.1846614957,
    -3.669812948167E-15));
#1238 = CARTESIAN_POINT('',(57.625300565161,152.63217626797,
    -3.553725481868E-15));
#1239 = CARTESIAN_POINT('',(57.819467936694,152.0941567137,
    -3.440677523771E-15));
#1240 = CARTESIAN_POINT('',(63.061651349667,137.56855871574,
    -3.885780586188E-16));
#1241 = CARTESIAN_POINT('',(67.539815818349,122.87546749384,
    -1.143529715364E-14));
#1242 = CARTESIAN_POINT('',(71.442879275896,107.4909962508,
    1.004751837286E-14));
#1243 = CARTESIAN_POINT('',(74.770865623872,91.41661868752,
    -1.920685832602E-14));
#1244 = CARTESIAN_POINT('',(77.523907471442,74.648897694858,
    9.880984919164E-15));
#1245 = CARTESIAN_POINT('',(79.701841774172,57.192234845122,
    -1.032507412901E-14));
#1246 = CARTESIAN_POINT('',(81.304695028062,39.042026194071,
    -1.33226762955E-15));
#1247 = CARTESIAN_POINT('',(82.365658501286,19.594127028489,
    -3.624557334314E-15));
#1248 = CARTESIAN_POINT('',(82.398910622134,18.984601903805,
    -3.696400989827E-15));
#1249 = CARTESIAN_POINT('',(82.432162742983,18.375076779122,
    -3.76824464534E-15));
#1250 = CARTESIAN_POINT('',(82.465414863831,17.765551654438,
    -3.840088300853E-15));
#1251 = CARTESIAN_POINT('',(82.498666984679,17.156026529754,
    -3.911931956366E-15));
#1252 = CARTESIAN_POINT('',(82.531919105528,16.546501405071,
    -3.98377561188E-15));
#1253 = CARTESIAN_POINT('',(82.565171226376,15.936976280387,
    -4.055619267393E-15));
#1254 = CARTESIAN_POINT('',(82.598423347225,15.327451155703,
    -4.127462922906E-15));
#1255 = CARTESIAN_POINT('',(56.350664637218,156.16407273638,1.));
#1256 = CARTESIAN_POINT('',(56.576155351249,155.53925914131,1.));
#1257 = CARTESIAN_POINT('',(56.796425508197,154.9289112197,1.));
#1258 = CARTESIAN_POINT('',(57.011475108062,154.33302897157,1.));
#1259 = CARTESIAN_POINT('',(57.221304150845,153.7516123969,1.));
#1260 = CARTESIAN_POINT('',(57.425912636544,153.1846614957,1.));
#1261 = CARTESIAN_POINT('',(57.625300565161,152.63217626797,1.));
#1262 = CARTESIAN_POINT('',(57.819467936694,152.0941567137,1.));
#1263 = CARTESIAN_POINT('',(63.061651349667,137.56855871574,1.));
#1264 = CARTESIAN_POINT('',(67.539815818349,122.87546749384,1.));
#1265 = CARTESIAN_POINT('',(71.442879275897,107.4909962508,1.));
#1266 = CARTESIAN_POINT('',(74.770865623871,91.416618687516,1.));
#1267 = CARTESIAN_POINT('',(77.523907471443,74.648897694861,1.));
#1268 = CARTESIAN_POINT('',(79.701841774171,57.19223484512,1.));
#1269 = CARTESIAN_POINT('',(81.304695028063,39.042026194072,1.));
#1270 = CARTESIAN_POINT('',(82.365658501286,19.594127028489,1.));
#1271 = CARTESIAN_POINT('',(82.398910622134,18.984601903805,1.));
#1272 = CARTESIAN_POINT('',(82.432162742982,18.375076779122,1.));
#1273 = CARTESIAN_POINT('',(82.465414863831,17.765551654438,1.));
#1274 = CARTESIAN_POINT('',(82.498666984679,17.156026529754,1.));
#1275 = CARTESIAN_POINT('',(82.531919105528,16.546501405071,1.));
#1276 = CARTESIAN_POINT('',(82.565171226376,15.936976280387,1.));
#1277 = CARTESIAN_POINT('',(82.598423347224,15.327451155703,1.));
#1278 = DEFINITIONAL_REPRESENTATION('',(#1279),#1283);
#1279 = LINE('',#1280,#1281);
#1280 = CARTESIAN_POINT('',(130.60414532685,0.));
#1281 = VECTOR('',#1282,1.);
#1282 = DIRECTION('',(0.,1.));
#1283 = ( GEOMETRIC_REPRESENTATION_CONTEXT(2) 
PARAMETRIC_REPRESENTATION_CONTEXT() REPRESENTATION_CONTEXT('2D SPACE',''
  ) );
#1284 = ADVANCED_FACE('',(#1285),#631,.F.);
#1285 = FACE_BOUND('',#1286,.F.);
#1286 = EDGE_LOOP('',(#1287,#1310,#1675,#1676));
#1287 = ORIENTED_EDGE('',*,*,#1288,.T.);
#1288 = EDGE_CURVE('',#22,#1289,#1291,.T.);
#1289 = VERTEX_POINT('',#1290);
#1290 = CARTESIAN_POINT('',(60.818653434312,140.24033369255,7.5));
#1291 = SEAM_CURVE('',#1292,(#1296,#1303),.PCURVE_S1.);
#1292 = ( BOUNDED_CURVE() B_SPLINE_CURVE(2,(#1293,#1294,#1295),
.UNSPECIFIED.,.F.,.F.) B_SPLINE_CURVE_WITH_KNOTS((3,3),(0.,
15.708095654651),.PIECEWISE_BEZIER_KNOTS.) CURVE() 
GEOMETRIC_REPRESENTATION_ITEM() RATIONAL_B_SPLINE_CURVE((1.,
0.707106777762,1.)) REPRESENTATION_ITEM('') );
#1293 = CARTESIAN_POINT('',(61.771004939718,140.54534182589,
    8.499998334059));
#1294 = CARTESIAN_POINT('',(61.770443398236,140.54708421651,7.5));
#1295 = CARTESIAN_POINT('',(60.818653434312,140.24033369255,7.5));
#1296 = PCURVE('',#631,#1297);
#1297 = DEFINITIONAL_REPRESENTATION('',(#1298),#1302);
#1298 = LINE('',#1299,#1300);
#1299 = CARTESIAN_POINT('',(0.,-6.317185399427));
#1300 = VECTOR('',#1301,1.);
#1301 = DIRECTION('',(1.,0.));
#1302 = ( GEOMETRIC_REPRESENTATION_CONTEXT(2) 
PARAMETRIC_REPRESENTATION_CONTEXT() REPRESENTATION_CONTEXT('2D SPACE',''
  ) );
#1303 = PCURVE('',#631,#1304);
#1304 = DEFINITIONAL_REPRESENTATION('',(#1305),#1309);
#1305 = LINE('',#1306,#1307);
#1306 = CARTESIAN_POINT('',(0.,9.390910255225));
#1307 = VECTOR('',#1308,1.);
#1308 = DIRECTION('',(1.,0.));
#1309 = ( GEOMETRIC_REPRESENTATION_CONTEXT(2) 
PARAMETRIC_REPRESENTATION_CONTEXT() REPRESENTATION_CONTEXT('2D SPACE',''
  ) );
#1310 = ORIENTED_EDGE('',*,*,#1311,.T.);
#1311 = EDGE_CURVE('',#1289,#1289,#1312,.T.);
#1312 = SURFACE_CURVE('',#1313,(#1416,#1423),.PCURVE_S1.);
#1313 = ( BOUNDED_CURVE() B_SPLINE_CURVE(12,(#1314,#1315,#1316,#1317,
    #1318,#1319,#1320,#1321,#1322,#1323,#1324,#1325,#1326,#1327,#1328,
    #1329,#1330,#1331,#1332,#1333,#1334,#1335,#1336,#1337,#1338,#1339,
    #1340,#1341,#1342,#1343,#1344,#1345,#1346,#1347,#1348,#1349,#1350,
    #1351,#1352,#1353,#1354,#1355,#1356,#1357,#1358,#1359,#1360,#1361,
    #1362,#1363,#1364,#1365,#1366,#1367,#1368,#1369,#1370,#1371,#1372,
    #1373,#1374,#1375,#1376,#1377,#1378,#1379,#1380,#1381,#1382,#1383,
    #1384,#1385,#1386,#1387,#1388,#1389,#1390,#1391,#1392,#1393,#1394,
    #1395,#1396,#1397,#1398,#1399,#1400,#1401,#1402,#1403,#1404,#1405,
    #1406,#1407,#1408,#1409,#1410,#1411,#1412,#1413,#1414,#1415),
.UNSPECIFIED.,.T.,.F.) B_SPLINE_CURVE_WITH_KNOTS((13,11,11,12,11,11,11,
    11,11,13),(-6.317185399427,-2.309954432333,-0.644240713539,0.,
    1.634850237771,4.854585697263,6.944106704029,8.625746848801,
8.964808646714,9.390910255225),.UNSPECIFIED.) CURVE() 
GEOMETRIC_REPRESENTATION_ITEM() RATIONAL_B_SPLINE_CURVE((1.,1.,1.,1.,1.,
    1.,1.,1.,1.,1.,1.,1.,1.,1.,1.,1.,1.,1.,1.,1.,1.,1.,1.,1.,
    0.999999999999,1.000000000002,0.999999999997,1.000000000004,
    0.999999999996,1.000000000004,0.999999999998,1.000000000001,1.,1.,1.
    ,1.,1.,1.000000000001,0.999999999999,1.000000000001,0.999999999999,
    1.000000000001,0.999999999999,1.,1.,1.,1.,1.,1.,1.,1.,0.999999999999
    ,1.000000000001,1.,1.,1.,1.,1.,1.,1.,1.,1.,1.,1.,1.,1.,1.,1.,1.,1.,
    1.000000000001,0.999999999998,1.000000000003,0.999999999997,
    1.000000000003,0.999999999998,1.000000000001,1.,1.,1.,1.,1.,
    0.999999999999,1.000000000001,0.999999999999,1.000000000001,
    0.999999999999,1.,1.,1.,1.,1.,1.000000000001,0.999999999998,
    1.000000000002,0.999999999998,1.000000000002,0.999999999999,
1.000000000001,1.,1.,1.)) REPRESENTATION_ITEM('') );
#1314 = CARTESIAN_POINT('',(60.818653434312,140.24033369255,7.5));
#1315 = CARTESIAN_POINT('',(60.968547995451,139.77229639818,7.5));
#1316 = CARTESIAN_POINT('',(61.116900045343,139.3042000695,
    7.394717956296));
#1317 = CARTESIAN_POINT('',(61.251062381208,138.87550898637,
    7.183425600474));
#1318 = CARTESIAN_POINT('',(61.351183454683,138.55052711473,
    6.89531061668));
#1319 = CARTESIAN_POINT('',(61.436049597272,138.27574482539,
    6.599851148062));
#1320 = CARTESIAN_POINT('',(61.497742714329,138.07276285379,
    6.245094116147));
#1321 = CARTESIAN_POINT('',(61.542372933123,137.92695565212,
    5.906551115496));
#1322 = CARTESIAN_POINT('',(61.570285487114,137.83484849187,
    5.534455115551));
#1323 = CARTESIAN_POINT('',(61.581383718968,137.79848954971,
    5.171831647935));
#1324 = CARTESIAN_POINT('',(61.576374270125,137.81503946517,
    4.803319418957));
#1325 = CARTESIAN_POINT('',(61.554473365389,137.88700650727,
    4.442022283087));
#1326 = CARTESIAN_POINT('',(61.498304618561,138.07059759642,
    3.948653492073));
#1327 = CARTESIAN_POINT('',(61.478743734655,138.13447056639,
    3.806005872385));
#1328 = CARTESIAN_POINT('',(61.4560303043,138.20853787733,3.666171525176
    ));
#1329 = CARTESIAN_POINT('',(61.43008838827,138.29299982072,
    3.529734589902));
#1330 = CARTESIAN_POINT('',(61.400830945887,138.38808312191,
    3.397348590736));
#1331 = CARTESIAN_POINT('',(61.36815326295,138.49405684511,
    3.269799864322));
#1332 = CARTESIAN_POINT('',(61.331939134466,138.61120990774,
    3.148053283403));
#1333 = CARTESIAN_POINT('',(61.292079802173,138.73979020379,
    3.033280276381));
#1334 = CARTESIAN_POINT('',(61.248505646865,138.8799053365,
    2.926869142724));
#1335 = CARTESIAN_POINT('',(61.201230635509,139.03138496012,
    2.830417664322));
#1336 = CARTESIAN_POINT('',(61.150409523167,139.19360473094,
    2.745708012701));
#1337 = CARTESIAN_POINT('',(61.075521806306,139.43166680505,
    2.647186555681));
#1338 = CARTESIAN_POINT('',(61.054158500869,139.49948147717,
    2.621730212818));
#1339 = CARTESIAN_POINT('',(61.032341034649,139.56863379315,
    2.598420324252));
#1340 = CARTESIAN_POINT('',(61.010097217388,139.63902800967,
    2.577370385134));
#1341 = CARTESIAN_POINT('',(60.987459527327,139.71055473071,
    2.558681985074));
#1342 = CARTESIAN_POINT('',(60.964465111195,139.78309090755,
    2.542444808138));
#1343 = CARTESIAN_POINT('',(60.941155784227,139.85649983877,
    2.528736632855));
#1344 = CARTESIAN_POINT('',(60.917578030139,139.93063117024,
    2.517623332211));
#1345 = CARTESIAN_POINT('',(60.89378300116,140.00532089512,
    2.509158873653));
#1346 = CARTESIAN_POINT('',(60.869826517998,140.08039135388,
    2.503385319086));
#1347 = CARTESIAN_POINT('',(60.845769069868,140.15565123429,
    2.500332824874));
#1348 = CARTESIAN_POINT('',(60.821675814476,140.2308955714,
    2.500019641842));
#1349 = CARTESIAN_POINT('',(60.781631766359,140.35595496277,
    2.499499117896));
#1350 = CARTESIAN_POINT('',(60.741460752454,140.48106302219,
    2.506493456669));
#1351 = CARTESIAN_POINT('',(60.701443311992,140.60534043199,
    2.521040018028));
#1352 = CARTESIAN_POINT('',(60.661853711306,140.72794238121,
    2.542984612595));
#1353 = CARTESIAN_POINT('',(60.622945505162,140.84810022771,
    2.572025964548));
#1354 = CARTESIAN_POINT('',(60.584940888735,140.96515160173,
    2.607756625533));
#1355 = CARTESIAN_POINT('',(60.548023840121,141.07855895071,
    2.649700339752));
#1356 = CARTESIAN_POINT('',(60.512337053543,141.18791652558,
    2.697345860147));
#1357 = CARTESIAN_POINT('',(60.477982663059,141.29294580839,
    2.75017721576));
#1358 = CARTESIAN_POINT('',(60.445026756971,141.39347938121,
    2.807700430205));
#1359 = CARTESIAN_POINT('',(60.413507682761,141.48943323657,
    2.869466691293));
#1360 = CARTESIAN_POINT('',(60.324247755479,141.76064471518,
    3.064336863934));
#1361 = CARTESIAN_POINT('',(60.27074361465,141.92249574692,
    3.208511234038));
#1362 = CARTESIAN_POINT('',(60.223084894753,142.0661119334,
    3.364394630551));
#1363 = CARTESIAN_POINT('',(60.181239769033,142.19179428218,
    3.529453787281));
#1364 = CARTESIAN_POINT('',(60.145073947686,142.30011816786,
    3.701699598396));
#1365 = CARTESIAN_POINT('',(60.114412786377,142.39174794939,
    3.87956074954));
#1366 = CARTESIAN_POINT('',(60.089086964994,142.46730153608,
    4.061774005056));
#1367 = CARTESIAN_POINT('',(60.068961736656,142.52726490227,
    4.247291151341));
#1368 = CARTESIAN_POINT('',(60.05394974696,142.57195655086,
    4.435202596289));
#1369 = CARTESIAN_POINT('',(60.044007423476,142.60154192542,
    4.624677624876));
#1370 = CARTESIAN_POINT('',(60.039114935483,142.61609777112,
    4.81492131084));
#1371 = CARTESIAN_POINT('',(60.039320708298,142.61548546334,
    5.12860010238));
#1372 = CARTESIAN_POINT('',(60.041521726608,142.60893629175,5.2520504802
    ));
#1373 = CARTESIAN_POINT('',(60.045840571224,142.5960849301,
    5.375273049192));
#1374 = CARTESIAN_POINT('',(60.052282477494,142.57691218463,
    5.498049406827));
#1375 = CARTESIAN_POINT('',(60.060859423448,142.55137546165,
    5.620160960318));
#1376 = CARTESIAN_POINT('',(60.071589429481,142.51941056182,
    5.741380970116));
#1377 = CARTESIAN_POINT('',(60.084495858009,142.4809334745,
    5.861466593454));
#1378 = CARTESIAN_POINT('',(60.099606713169,142.43584217199,
    5.980150927827));
#1379 = CARTESIAN_POINT('',(60.116953940461,142.38401840388,
    6.097135054537));
#1380 = CARTESIAN_POINT('',(60.136572726449,142.32532949137,
    6.212080082185));
#1381 = CARTESIAN_POINT('',(60.158500798416,142.25963012154,
    6.324599190198));
#1382 = CARTESIAN_POINT('',(60.202315719884,142.12812182291,
    6.522496046539));
#1383 = CARTESIAN_POINT('',(60.223384179583,142.06480780701,
    6.608856257334));
#1384 = CARTESIAN_POINT('',(60.245949125912,141.99691563778,
    6.693201060273));
#1385 = CARTESIAN_POINT('',(60.270131822825,141.92404090195,
    6.775165354773));
#1386 = CARTESIAN_POINT('',(60.295890204879,141.84629157504,
    6.85441006216));
#1387 = CARTESIAN_POINT('',(60.323163109817,141.76383745874,
    6.930685914799));
#1388 = CARTESIAN_POINT('',(60.352015472049,141.6764502498,7.00374194004
    ));
#1389 = CARTESIAN_POINT('',(60.382569776213,141.58371187091,
    7.073164467627));
#1390 = CARTESIAN_POINT('',(60.414756211664,141.48579478342,
    7.138275534102));
#1391 = CARTESIAN_POINT('',(60.448161110205,141.38394409254,
    7.198262602753));
#1392 = CARTESIAN_POINT('',(60.482500390979,141.27901734502,
    7.252754562452));
#1393 = CARTESIAN_POINT('',(60.526950310817,141.14280906922,
    7.313253351718));
#1394 = CARTESIAN_POINT('',(60.534512503056,141.11962706968,
    7.323236998189));
#1395 = CARTESIAN_POINT('',(60.54229519717,141.09575667868,
    7.333176177232));
#1396 = CARTESIAN_POINT('',(60.550350325196,141.07103727277,
    7.343119611921));
#1397 = CARTESIAN_POINT('',(60.558706457674,141.0453803589,
    7.353079986887));
#1398 = CARTESIAN_POINT('',(60.567396912596,141.0186823479,
    7.363060007131));
#1399 = CARTESIAN_POINT('',(60.576474524286,140.99077868003,
    7.373066053364));
#1400 = CARTESIAN_POINT('',(60.586013072326,140.96143930277,
    7.383109433566));
#1401 = CARTESIAN_POINT('',(60.596095370383,140.93040550063,
    7.393195231123));
#1402 = CARTESIAN_POINT('',(60.606788015084,140.89746807719,
    7.403298749188));
#1403 = CARTESIAN_POINT('',(60.618102794814,140.86258688923,
    7.413329551562));
#1404 = CARTESIAN_POINT('',(60.644826646786,140.78013771694,
    7.43534046021));
#1405 = CARTESIAN_POINT('',(60.660505671188,140.73171088734,
    7.447122068671));
#1406 = CARTESIAN_POINT('',(60.676136869835,140.68338244234,
    7.457659831898));
#1407 = CARTESIAN_POINT('',(60.691672838517,140.63529724769,
    7.466917382537));
#1408 = CARTESIAN_POINT('',(60.707280518025,140.58693759443,
    7.475046046535));
#1409 = CARTESIAN_POINT('',(60.723059006214,140.537995921,7.482126463361
    ));
#1410 = CARTESIAN_POINT('',(60.738973007399,140.48858060028,
    7.488113706373));
#1411 = CARTESIAN_POINT('',(60.754916531693,140.4390188919,
    7.492903750406));
#1412 = CARTESIAN_POINT('',(60.77082145687,140.38952116051,
    7.496439133824));
#1413 = CARTESIAN_POINT('',(60.78672556538,140.33997046021,
    7.498771662072));
#1414 = CARTESIAN_POINT('',(60.802714669081,140.29010158605,7.5));
#1415 = CARTESIAN_POINT('',(60.818653434312,140.24033369255,7.5));
#1416 = PCURVE('',#631,#1417);
#1417 = DEFINITIONAL_REPRESENTATION('',(#1418),#1422);
#1418 = LINE('',#1419,#1420);
#1419 = CARTESIAN_POINT('',(15.708095654651,0.));
#1420 = VECTOR('',#1421,1.);
#1421 = DIRECTION('',(0.,1.));
#1422 = ( GEOMETRIC_REPRESENTATION_CONTEXT(2) 
PARAMETRIC_REPRESENTATION_CONTEXT() REPRESENTATION_CONTEXT('2D SPACE',''
  ) );
#1423 = PCURVE('',#1424,#1429);
#1424 = CYLINDRICAL_SURFACE('',#1425,2.5);
#1425 = AXIS2_PLACEMENT_3D('',#1426,#1427,#1428);
#1426 = CARTESIAN_POINT('',(53.880815535391,137.96917810523,5.));
#1427 = DIRECTION('',(-0.950373216313,-0.311112117596,0.));
#1428 = DIRECTION('',(0.,0.,1.));
#1429 = DEFINITIONAL_REPRESENTATION('',(#1430),#1674);
#1430 = B_SPLINE_CURVE_WITH_KNOTS('',11,(#1431,#1432,#1433,#1434,#1435,
    #1436,#1437,#1438,#1439,#1440,#1441,#1442,#1443,#1444,#1445,#1446,
    #1447,#1448,#1449,#1450,#1451,#1452,#1453,#1454,#1455,#1456,#1457,
    #1458,#1459,#1460,#1461,#1462,#1463,#1464,#1465,#1466,#1467,#1468,
    #1469,#1470,#1471,#1472,#1473,#1474,#1475,#1476,#1477,#1478,#1479,
    #1480,#1481,#1482,#1483,#1484,#1485,#1486,#1487,#1488,#1489,#1490,
    #1491,#1492,#1493,#1494,#1495,#1496,#1497,#1498,#1499,#1500,#1501,
    #1502,#1503,#1504,#1505,#1506,#1507,#1508,#1509,#1510,#1511,#1512,
    #1513,#1514,#1515,#1516,#1517,#1518,#1519,#1520,#1521,#1522,#1523,
    #1524,#1525,#1526,#1527,#1528,#1529,#1530,#1531,#1532,#1533,#1534,
    #1535,#1536,#1537,#1538,#1539,#1540,#1541,#1542,#1543,#1544,#1545,
    #1546,#1547,#1548,#1549,#1550,#1551,#1552,#1553,#1554,#1555,#1556,
    #1557,#1558,#1559,#1560,#1561,#1562,#1563,#1564,#1565,#1566,#1567,
    #1568,#1569,#1570,#1571,#1572,#1573,#1574,#1575,#1576,#1577,#1578,
    #1579,#1580,#1581,#1582,#1583,#1584,#1585,#1586,#1587,#1588,#1589,
    #1590,#1591,#1592,#1593,#1594,#1595,#1596,#1597,#1598,#1599,#1600,
    #1601,#1602,#1603,#1604,#1605,#1606,#1607,#1608,#1609,#1610,#1611,
    #1612,#1613,#1614,#1615,#1616,#1617,#1618,#1619,#1620,#1621,#1622,
    #1623,#1624,#1625,#1626,#1627,#1628,#1629,#1630,#1631,#1632,#1633,
    #1634,#1635,#1636,#1637,#1638,#1639,#1640,#1641,#1642,#1643,#1644,
    #1645,#1646,#1647,#1648,#1649,#1650,#1651,#1652,#1653,#1654,#1655,
    #1656,#1657,#1658,#1659,#1660,#1661,#1662,#1663,#1664,#1665,#1666,
    #1667,#1668,#1669,#1670,#1671,#1672,#1673),.UNSPECIFIED.,.F.,.F.,(12
    ,11,11,11,11,11,11,11,11,11,11,11,11,11,11,11,11,11,11,11,11,11,12),
  (-6.317185399427,-2.390161485764,-0.426649528933,-0.181210534329,
    -5.849103702666E-02,-2.781116270117E-02,-1.247122553843E-02,
    -4.801256957052E-03,-9.662726663659E-04,-7.52659369432E-06,
    9.512194789773E-04,2.86871162432E-03,6.42284602753E-02,
    0.555106449483,1.536862427899,5.463886341562,7.427398298393,
    8.409154276809,8.654593271413,8.900032266017,9.022751763319,
    9.145471260621,9.390910255225),.UNSPECIFIED.);
#1431 = CARTESIAN_POINT('',(0.,-7.300119342418));
#1432 = CARTESIAN_POINT('',(-0.210151404081,-7.296744126785));
#1433 = CARTESIAN_POINT('',(-0.420196355351,-7.291667451714));
#1434 = CARTESIAN_POINT('',(-0.621038668939,-7.285156093217));
#1435 = CARTESIAN_POINT('',(-0.794047656565,-7.278972470138));
#1436 = CARTESIAN_POINT('',(-0.969353699944,-7.273987033529));
#1437 = CARTESIAN_POINT('',(-1.126276942935,-7.269624805894));
#1438 = CARTESIAN_POINT('',(-1.285521263505,-7.26700355928));
#1439 = CARTESIAN_POINT('',(-1.438384015349,-7.265445998399));
#1440 = CARTESIAN_POINT('',(-1.592002169292,-7.265430754597));
#1441 = CARTESIAN_POINT('',(-1.746982999972,-7.266738384435));
#1442 = CARTESIAN_POINT('',(-1.906018324634,-7.269307855158));
#1443 = CARTESIAN_POINT('',(-1.98553654383,-7.27059210103));
#1444 = CARTESIAN_POINT('',(-2.066074130928,-7.272189333212));
#1445 = CARTESIAN_POINT('',(-2.147932515673,-7.274083893418));
#1446 = CARTESIAN_POINT('',(-2.231441720971,-7.276253988294));
#1447 = CARTESIAN_POINT('',(-2.316948210007,-7.278671987041));
#1448 = CARTESIAN_POINT('',(-2.404820080847,-7.281300443854));
#1449 = CARTESIAN_POINT('',(-2.495440349903,-7.284086255621));
#1450 = CARTESIAN_POINT('',(-2.589159065925,-7.286955367033));
#1451 = CARTESIAN_POINT('',(-2.686174995855,-7.289810433285));
#1452 = CARTESIAN_POINT('',(-2.786317624193,-7.292533852444));
#1453 = CARTESIAN_POINT('',(-2.888700207286,-7.294998578039));
#1454 = CARTESIAN_POINT('',(-2.901497729052,-7.295306762448));
#1455 = CARTESIAN_POINT('',(-2.914331371055,-7.295610910958));
#1456 = CARTESIAN_POINT('',(-2.927199157172,-7.29591082846));
#1457 = CARTESIAN_POINT('',(-2.940099111266,-7.296206319792));
#1458 = CARTESIAN_POINT('',(-2.953029257228,-7.296497189902));
#1459 = CARTESIAN_POINT('',(-2.965987618904,-7.296783243566));
#1460 = CARTESIAN_POINT('',(-2.978972220199,-7.29706428577));
#1461 = CARTESIAN_POINT('',(-2.991981084958,-7.297340121296));
#1462 = CARTESIAN_POINT('',(-3.005012237072,-7.297610555086));
#1463 = CARTESIAN_POINT('',(-3.018063700405,-7.29787539198));
#1464 = CARTESIAN_POINT('',(-3.031133498833,-7.29813443687));
#1465 = CARTESIAN_POINT('',(-3.037670461461,-7.298264130113));
#1466 = CARTESIAN_POINT('',(-3.04421038224,-7.298392293791));
#1467 = CARTESIAN_POINT('',(-3.050753261174,-7.298518927918));
#1468 = CARTESIAN_POINT('',(-3.057299098251,-7.298644032458));
#1469 = CARTESIAN_POINT('',(-3.063847893495,-7.298767607477));
#1470 = CARTESIAN_POINT('',(-3.070399646871,-7.298889652883));
#1471 = CARTESIAN_POINT('',(-3.076954358419,-7.299010168777));
#1472 = CARTESIAN_POINT('',(-3.083512028103,-7.29912915507));
#1473 = CARTESIAN_POINT('',(-3.090072655947,-7.299246611825));
#1474 = CARTESIAN_POINT('',(-3.09663624194,-7.299362539007));
#1475 = CARTESIAN_POINT('',(-3.103202786085,-7.29947693663));
#1476 = CARTESIAN_POINT('',(-3.104844161022,-7.299504989877));
#1477 = CARTESIAN_POINT('',(-3.106485535957,-7.29953304312));
#1478 = CARTESIAN_POINT('',(-3.108126910896,-7.299561096374));
#1479 = CARTESIAN_POINT('',(-3.109768285827,-7.299589149603));
#1480 = CARTESIAN_POINT('',(-3.11140966077,-7.299617202873));
#1481 = CARTESIAN_POINT('',(-3.113051035698,-7.299645256092));
#1482 = CARTESIAN_POINT('',(-3.114692410642,-7.299673309361));
#1483 = CARTESIAN_POINT('',(-3.116333785573,-7.299701362592));
#1484 = CARTESIAN_POINT('',(-3.117975160511,-7.299729415845));
#1485 = CARTESIAN_POINT('',(-3.119616535447,-7.299757469089));
#1486 = CARTESIAN_POINT('',(-3.121257910383,-7.299785522335));
#1487 = CARTESIAN_POINT('',(-3.122078775427,-7.299799162163));
#1488 = CARTESIAN_POINT('',(-3.12289964047,-7.299812801987));
#1489 = CARTESIAN_POINT('',(-3.123720505514,-7.299826441823));
#1490 = CARTESIAN_POINT('',(-3.124541370556,-7.299840081632));
#1491 = CARTESIAN_POINT('',(-3.125362235601,-7.299853721487));
#1492 = CARTESIAN_POINT('',(-3.126183100642,-7.299867361283));
#1493 = CARTESIAN_POINT('',(-3.127003965687,-7.299881001137));
#1494 = CARTESIAN_POINT('',(-3.12782483073,-7.299894640946));
#1495 = CARTESIAN_POINT('',(-3.128645695774,-7.299908280783));
#1496 = CARTESIAN_POINT('',(-3.129466560817,-7.299921920607));
#1497 = CARTESIAN_POINT('',(-3.13028742586,-7.299935560434));
#1498 = CARTESIAN_POINT('',(-3.130697874423,-7.299942282294));
#1499 = CARTESIAN_POINT('',(-3.131108322984,-7.299949004151));
#1500 = CARTESIAN_POINT('',(-3.13151877155,-7.299955726018));
#1501 = CARTESIAN_POINT('',(-3.131929220104,-7.299962447863));
#1502 = CARTESIAN_POINT('',(-3.132339668677,-7.299969169743));
#1503 = CARTESIAN_POINT('',(-3.132750117227,-7.299975891579));
#1504 = CARTESIAN_POINT('',(-3.1331605658,-7.299982613459));
#1505 = CARTESIAN_POINT('',(-3.133571014355,-7.299989335305));
#1506 = CARTESIAN_POINT('',(-3.13398146292,-7.299996057171));
#1507 = CARTESIAN_POINT('',(-3.134391911481,-7.300002779028));
#1508 = CARTESIAN_POINT('',(-3.134802360043,-7.300009500888));
#1509 = CARTESIAN_POINT('',(-3.135007584731,-7.300012837139));
#1510 = CARTESIAN_POINT('',(-3.135212809416,-7.300016173386));
#1511 = CARTESIAN_POINT('',(-3.135418034107,-7.300019509644));
#1512 = CARTESIAN_POINT('',(-3.135623258786,-7.300022845878));
#1513 = CARTESIAN_POINT('',(-3.135828483484,-7.300026182152));
#1514 = CARTESIAN_POINT('',(-3.136033708158,-7.300029518375));
#1515 = CARTESIAN_POINT('',(-3.136238932857,-7.300032854649));
#1516 = CARTESIAN_POINT('',(-3.136444157536,-7.300036190883));
#1517 = CARTESIAN_POINT('',(-3.136649382227,-7.300039527141));
#1518 = CARTESIAN_POINT('',(-3.136854606912,-7.300042863389));
#1519 = CARTESIAN_POINT('',(-3.137059831599,-7.300046199639));
#1520 = CARTESIAN_POINT('',(-3.137111137638,-7.300047031123));
#1521 = CARTESIAN_POINT('',(-3.137162443675,-7.300047862605));
#1522 = CARTESIAN_POINT('',(-3.137213749716,-7.300048694094));
#1523 = CARTESIAN_POINT('',(-3.137265055749,-7.300049525569));
#1524 = CARTESIAN_POINT('',(-3.137316361795,-7.300050357065));
#1525 = CARTESIAN_POINT('',(-3.137367667824,-7.300051188535));
#1526 = CARTESIAN_POINT('',(-3.137418973871,-7.30005202003));
#1527 = CARTESIAN_POINT('',(-3.137470279904,-7.300052851507));
#1528 = CARTESIAN_POINT('',(-3.137521585944,-7.300053682994));
#1529 = CARTESIAN_POINT('',(-3.137572891982,-7.300054514477));
#1530 = CARTESIAN_POINT('',(-3.13762419802,-7.300055345961));
#1531 = CARTESIAN_POINT('',(-3.137658287626,-7.300055898085));
#1532 = CARTESIAN_POINT('',(-3.137692307755,-7.300056449037));
#1533 = CARTESIAN_POINT('',(-3.137726258413,-7.300056998832));
#1534 = CARTESIAN_POINT('',(-3.137760139589,-7.30005754743));
#1535 = CARTESIAN_POINT('',(-3.137793951301,-7.300058094905));
#1536 = CARTESIAN_POINT('',(-3.137827693525,-7.300058641154));
#1537 = CARTESIAN_POINT('',(-3.137861366287,-7.30005918629));
#1538 = CARTESIAN_POINT('',(-3.137894969564,-7.300059730214));
#1539 = CARTESIAN_POINT('',(-3.137928503372,-7.300060272995));
#1540 = CARTESIAN_POINT('',(-3.137961967703,-7.300060814595));
#1541 = CARTESIAN_POINT('',(-3.137995362559,-7.30006135503));
#1542 = CARTESIAN_POINT('',(-3.138062569314,-7.30006244178));
#1543 = CARTESIAN_POINT('',(-3.138129776068,-7.300063528525));
#1544 = CARTESIAN_POINT('',(-3.138196982826,-7.300064615285));
#1545 = CARTESIAN_POINT('',(-3.138264189574,-7.300065702012));
#1546 = CARTESIAN_POINT('',(-3.138331396338,-7.300066788793));
#1547 = CARTESIAN_POINT('',(-3.138398603083,-7.300067875506));
#1548 = CARTESIAN_POINT('',(-3.138465809846,-7.300068962286));
#1549 = CARTESIAN_POINT('',(-3.138533016595,-7.300070049014));
#1550 = CARTESIAN_POINT('',(-3.138600223353,-7.300071135774));
#1551 = CARTESIAN_POINT('',(-3.138667430107,-7.300072222519));
#1552 = CARTESIAN_POINT('',(-3.138734636862,-7.300073309269));
#1553 = CARTESIAN_POINT('',(-3.14088522653,-7.300107157566));
#1554 = CARTESIAN_POINT('',(-3.143035816198,-7.30014100586));
#1555 = CARTESIAN_POINT('',(-3.145186405869,-7.300174854162));
#1556 = CARTESIAN_POINT('',(-3.147336995532,-7.300208702449));
#1557 = CARTESIAN_POINT('',(-3.149487585208,-7.300242550759));
#1558 = CARTESIAN_POINT('',(-3.151638174867,-7.300276399041));
#1559 = CARTESIAN_POINT('',(-3.153788764543,-7.300310247349));
#1560 = CARTESIAN_POINT('',(-3.155939354207,-7.300344095639));
#1561 = CARTESIAN_POINT('',(-3.158089943877,-7.300377943939));
#1562 = CARTESIAN_POINT('',(-3.160240533545,-7.300411792234));
#1563 = CARTESIAN_POINT('',(-3.162391123214,-7.300445640531));
#1564 = CARTESIAN_POINT('',(-3.179595781766,-7.300709473368));
#1565 = CARTESIAN_POINT('',(-3.196793493253,-7.300961287137));
#1566 = CARTESIAN_POINT('',(-3.21397895466,-7.301201086608));
#1567 = CARTESIAN_POINT('',(-3.231146862956,-7.301428876512));
#1568 = CARTESIAN_POINT('',(-3.248291915141,-7.301644661659));
#1569 = CARTESIAN_POINT('',(-3.265408808166,-7.301848446736));
#1570 = CARTESIAN_POINT('',(-3.282492239046,-7.302040236581));
#1571 = CARTESIAN_POINT('',(-3.29953690473,-7.302220035885));
#1572 = CARTESIAN_POINT('',(-3.31653750222,-7.302387849453));
#1573 = CARTESIAN_POINT('',(-3.333488728484,-7.30254368202));
#1574 = CARTESIAN_POINT('',(-3.350385280507,-7.302687538354));
#1575 = CARTESIAN_POINT('',(-3.384182433688,-7.302976141058));
#1576 = CARTESIAN_POINT('',(-3.417768131854,-7.303217428408));
#1577 = CARTESIAN_POINT('',(-3.451109564716,-7.30341329793));
#1578 = CARTESIAN_POINT('',(-3.484179084305,-7.303565833779));
#1579 = CARTESIAN_POINT('',(-3.516954205038,-7.3036773069));
#1580 = CARTESIAN_POINT('',(-3.549417603611,-7.303750174753));
#1581 = CARTESIAN_POINT('',(-3.581557119141,-7.303787081689));
#1582 = CARTESIAN_POINT('',(-3.613365753013,-7.303790858535));
#1583 = CARTESIAN_POINT('',(-3.644841669015,-7.303764522966));
#1584 = CARTESIAN_POINT('',(-3.67598819324,-7.303711279236));
#1585 = CARTESIAN_POINT('',(-3.706813814144,-7.303634518331));
#1586 = CARTESIAN_POINT('',(-3.83011733985,-7.303326235612));
#1587 = CARTESIAN_POINT('',(-3.948224010484,-7.302629287678));
#1588 = CARTESIAN_POINT('',(-4.061461854649,-7.301735354907));
#1589 = CARTESIAN_POINT('',(-4.170664624643,-7.300795560594));
#1590 = CARTESIAN_POINT('',(-4.276751009429,-7.299920898877));
#1591 = CARTESIAN_POINT('',(-4.380535898208,-7.299187368258));
#1592 = CARTESIAN_POINT('',(-4.482702488608,-7.298643425572));
#1593 = CARTESIAN_POINT('',(-4.583864034794,-7.298317377482));
#1594 = CARTESIAN_POINT('',(-4.684644029303,-7.298222323955));
#1595 = CARTESIAN_POINT('',(-4.785703613862,-7.298356270763));
#1596 = CARTESIAN_POINT('',(-4.887645013267,-7.29869502591));
#1597 = CARTESIAN_POINT('',(-4.938616067232,-7.298864942553));
#1598 = CARTESIAN_POINT('',(-4.989811923217,-7.299085075946));
#1599 = CARTESIAN_POINT('',(-5.041313891266,-7.299353524204));
#1600 = CARTESIAN_POINT('',(-5.093206175233,-7.299666687594));
#1601 = CARTESIAN_POINT('',(-5.145575872842,-7.300019268609));
#1602 = CARTESIAN_POINT('',(-5.198512975578,-7.300404271833));
#1603 = CARTESIAN_POINT('',(-5.252110368847,-7.300813004136));
#1604 = CARTESIAN_POINT('',(-5.306463831791,-7.301235074446));
#1605 = CARTESIAN_POINT('',(-5.361672037457,-7.301658393963));
#1606 = CARTESIAN_POINT('',(-5.417836552674,-7.302069176));
#1607 = CARTESIAN_POINT('',(-5.475061838123,-7.302451936077));
#1608 = CARTESIAN_POINT('',(-5.503668142268,-7.302642960304));
#1609 = CARTESIAN_POINT('',(-5.532554271271,-7.302826401823));
#1610 = CARTESIAN_POINT('',(-5.561698168547,-7.303000620151));
#1611 = CARTESIAN_POINT('',(-5.591121673139,-7.303163359191));
#1612 = CARTESIAN_POINT('',(-5.620854524944,-7.303312020211));
#1613 = CARTESIAN_POINT('',(-5.650912005793,-7.303443866447));
#1614 = CARTESIAN_POINT('',(-5.681286216246,-7.303556159029));
#1615 = CARTESIAN_POINT('',(-5.71195098825,-7.303646224551));
#1616 = CARTESIAN_POINT('',(-5.742880433521,-7.303711454005));
#1617 = CARTESIAN_POINT('',(-5.774081127768,-7.30374923328));
#1618 = CARTESIAN_POINT('',(-5.805637930672,-7.303756805111));
#1619 = CARTESIAN_POINT('',(-5.813526024155,-7.303758644157));
#1620 = CARTESIAN_POINT('',(-5.821446124112,-7.303758675486));
#1621 = CARTESIAN_POINT('',(-5.829386212359,-7.303756666602));
#1622 = CARTESIAN_POINT('',(-5.837350754197,-7.303752588608));
#1623 = CARTESIAN_POINT('',(-5.845349223622,-7.303746456462));
#1624 = CARTESIAN_POINT('',(-5.853389064481,-7.303738231577));
#1625 = CARTESIAN_POINT('',(-5.861473087332,-7.303727786413));
#1626 = CARTESIAN_POINT('',(-5.8696013023,-7.303714931481));
#1627 = CARTESIAN_POINT('',(-5.877777187634,-7.303699504333));
#1628 = CARTESIAN_POINT('',(-5.886018394215,-7.303681520908));
#1629 = CARTESIAN_POINT('',(-5.894371885836,-7.303661388956));
#1630 = CARTESIAN_POINT('',(-5.902726756047,-7.303641269531));
#1631 = CARTESIAN_POINT('',(-5.911231867484,-7.303618305635));
#1632 = CARTESIAN_POINT('',(-5.919915965319,-7.303592320739));
#1633 = CARTESIAN_POINT('',(-5.92880944476,-7.303563049306));
#1634 = CARTESIAN_POINT('',(-5.937944351,-7.30353013676));
#1635 = CARTESIAN_POINT('',(-5.9473543793,-7.303493139536));
#1636 = CARTESIAN_POINT('',(-5.957074874883,-7.303451525014));
#1637 = CARTESIAN_POINT('',(-5.967142833046,-7.30340467159));
#1638 = CARTESIAN_POINT('',(-5.97759689906,-7.303351868614));
#1639 = CARTESIAN_POINT('',(-5.988477368245,-7.303292316433));
#1640 = CARTESIAN_POINT('',(-5.999826185924,-7.303225126368));
#1641 = CARTESIAN_POINT('',(-6.005494388715,-7.303191639134));
#1642 = CARTESIAN_POINT('',(-6.011287079695,-7.303156011146));
#1643 = CARTESIAN_POINT('',(-6.017180838791,-7.303118576321));
#1644 = CARTESIAN_POINT('',(-6.023185519505,-7.303079256375));
#1645 = CARTESIAN_POINT('',(-6.029315131719,-7.303037824073));
#1646 = CARTESIAN_POINT('',(-6.035569598198,-7.302994088561));
#1647 = CARTESIAN_POINT('',(-6.041927385062,-7.302948003202));
#1648 = CARTESIAN_POINT('',(-6.04834900583,-7.302899695324));
#1649 = CARTESIAN_POINT('',(-6.054791399503,-7.302849418555));
#1650 = CARTESIAN_POINT('',(-6.061233182238,-7.302797427109));
#1651 = CARTESIAN_POINT('',(-6.067710772964,-7.302743772518));
#1652 = CARTESIAN_POINT('',(-6.074184375205,-7.302690055117));
#1653 = CARTESIAN_POINT('',(-6.08066581006,-7.302634647252));
#1654 = CARTESIAN_POINT('',(-6.087152073692,-7.302577562266));
#1655 = CARTESIAN_POINT('',(-6.093640946027,-7.302518807593));
#1656 = CARTESIAN_POINT('',(-6.100130990742,-7.302458384773));
#1657 = CARTESIAN_POINT('',(-6.106621555283,-7.302396289429));
#1658 = CARTESIAN_POINT('',(-6.113112770837,-7.302332511294));
#1659 = CARTESIAN_POINT('',(-6.119605552368,-7.302267034186));
#1660 = CARTESIAN_POINT('',(-6.12610159858,-7.302199836024));
#1661 = CARTESIAN_POINT('',(-6.132603391949,-7.302130888824));
#1662 = CARTESIAN_POINT('',(-6.1391141987,-7.302060158695));
#1663 = CARTESIAN_POINT('',(-6.152128218191,-7.301918764048));
#1664 = CARTESIAN_POINT('',(-6.165175595408,-7.301770261801));
#1665 = CARTESIAN_POINT('',(-6.178247449028,-7.301614686164));
#1666 = CARTESIAN_POINT('',(-6.191336557212,-7.301452070726));
#1667 = CARTESIAN_POINT('',(-6.204437357689,-7.301282448489));
#1668 = CARTESIAN_POINT('',(-6.217545947608,-7.301105851806));
#1669 = CARTESIAN_POINT('',(-6.23066008374,-7.300922312472));
#1670 = CARTESIAN_POINT('',(-6.243779182257,-7.300731861616));
#1671 = CARTESIAN_POINT('',(-6.25690431893,-7.300534529804));
#1672 = CARTESIAN_POINT('',(-6.270038228983,-7.300330346961));
#1673 = CARTESIAN_POINT('',(-6.28318530718,-7.300119342418));
#1674 = ( GEOMETRIC_REPRESENTATION_CONTEXT(2) 
PARAMETRIC_REPRESENTATION_CONTEXT() REPRESENTATION_CONTEXT('2D SPACE',''
  ) );
#1675 = ORIENTED_EDGE('',*,*,#1288,.F.);
#1676 = ORIENTED_EDGE('',*,*,#21,.F.);
#1677 = ADVANCED_FACE('',(#1678),#966,.T.);
#1678 = FACE_BOUND('',#1679,.T.);
#1679 = EDGE_LOOP('',(#1680,#1681,#1881,#1927,#1956,#1988,#2022,#2063));
#1680 = ORIENTED_EDGE('',*,*,#947,.F.);
#1681 = ORIENTED_EDGE('',*,*,#1682,.T.);
#1682 = EDGE_CURVE('',#948,#1683,#1685,.T.);
#1683 = VERTEX_POINT('',#1684);
#1684 = CARTESIAN_POINT('',(78.78441940407,51.996679731245,10.));
#1685 = SURFACE_CURVE('',#1686,(#1749,#1815),.PCURVE_S1.);
#1686 = B_SPLINE_CURVE_WITH_KNOTS('',7,(#1687,#1688,#1689,#1690,#1691,
    #1692,#1693,#1694,#1695,#1696,#1697,#1698,#1699,#1700,#1701,#1702,
    #1703,#1704,#1705,#1706,#1707,#1708,#1709,#1710,#1711,#1712,#1713,
    #1714,#1715,#1716,#1717,#1718,#1719,#1720,#1721,#1722,#1723,#1724,
    #1725,#1726,#1727,#1728,#1729,#1730,#1731,#1732,#1733,#1734,#1735,
    #1736,#1737,#1738,#1739,#1740,#1741,#1742,#1743,#1744,#1745,#1746,
    #1747,#1748),.UNSPECIFIED.,.F.,.F.,(8,6,6,6,6,6,6,6,6,6,8),(0.,
    2.677156383877E-02,0.140332636444,0.246319565548,0.352724878582,
    0.458740406172,0.566252721778,0.67357047947,0.781726042918,
    0.890611640256,1.),.UNSPECIFIED.);
#1687 = CARTESIAN_POINT('',(79.896318108344,50.99461505035,9.));
#1688 = CARTESIAN_POINT('',(79.896318108344,50.99461505035,9.00541102983
    ));
#1689 = CARTESIAN_POINT('',(79.896280168418,50.994649242548,
    9.010836205872));
#1690 = CARTESIAN_POINT('',(79.896203931051,50.994717949141,
    9.016275203644));
#1691 = CARTESIAN_POINT('',(79.896089043342,50.994821488173,
    9.021727690002));
#1692 = CARTESIAN_POINT('',(79.895935157002,50.994960173528,
    9.027193323132));
#1693 = CARTESIAN_POINT('',(79.895741928357,50.995134314931,
    9.032671752554));
#1694 = CARTESIAN_POINT('',(79.894521048014,50.996234595979,
    9.061454074967));
#1695 = CARTESIAN_POINT('',(79.892819080642,50.997768441989,
    9.084969329406));
#1696 = CARTESIAN_POINT('',(79.890377270995,50.99996904821,
    9.108680940219));
#1697 = CARTESIAN_POINT('',(79.887171450265,51.002858196038,
    9.132558761481));
#1698 = CARTESIAN_POINT('',(79.883179610662,51.006455719322,
    9.156570003478));
#1699 = CARTESIAN_POINT('',(79.878382431219,51.010779030491,
    9.180679389661));
#1700 = CARTESIAN_POINT('',(79.867519830362,51.020568617096,
    9.227407491953));
#1701 = CARTESIAN_POINT('',(79.861560333133,51.025939431601,
    9.250018394113));
#1702 = CARTESIAN_POINT('',(79.85487212445,51.031966975005,
    9.272651773161));
#1703 = CARTESIAN_POINT('',(79.847444454298,51.038660935427,9.2952755642
    ));
#1704 = CARTESIAN_POINT('',(79.839269321055,51.046028524088,
    9.317856263889));
#1705 = CARTESIAN_POINT('',(79.830341760715,51.054074214642,
    9.340359240182));
#1706 = CARTESIAN_POINT('',(79.810940157216,51.071559316068,
    9.385227406667));
#1707 = CARTESIAN_POINT('',(79.800460161677,51.081004091339,
    9.407591688842));
#1708 = CARTESIAN_POINT('',(79.789218323234,51.091135454212,
    9.429806202098));
#1709 = CARTESIAN_POINT('',(79.777216276321,51.101951931706,
    9.451834373094));
#1710 = CARTESIAN_POINT('',(79.764459150619,51.113448900851,
    9.473639286824));
#1711 = CARTESIAN_POINT('',(79.750955673502,51.125618496369,
    9.495184142541));
#1712 = CARTESIAN_POINT('',(79.722533026091,51.151233537559,
    9.537603438776));
#1713 = CARTESIAN_POINT('',(79.707619225848,51.164674143635,
    9.558480047864));
#1714 = CARTESIAN_POINT('',(79.691989088107,51.178760326961,
    9.579026704079));
#1715 = CARTESIAN_POINT('',(79.675658485775,51.193477782563,
    9.599208166012));
#1716 = CARTESIAN_POINT('',(79.6586467816,51.208809060358,9.618990244871
    ));
#1717 = CARTESIAN_POINT('',(79.640976661467,51.224733715387,
    9.638340265646));
#1718 = CARTESIAN_POINT('',(79.604112865992,51.257956082953,
    9.676381452088));
#1719 = CARTESIAN_POINT('',(79.584901200661,51.275270008418,
    9.695059462946));
#1720 = CARTESIAN_POINT('',(79.56506585188,51.293146009504,
    9.713229500532));
#1721 = CARTESIAN_POINT('',(79.544637020206,51.311556868888,
    9.730861628179));
#1722 = CARTESIAN_POINT('',(79.523647788591,51.330472771568,
    9.747928383737));
#1723 = CARTESIAN_POINT('',(79.502133684418,51.349861699579,
    9.764405130437));
#1724 = CARTESIAN_POINT('',(79.458170613186,51.389482072168,
    9.796106974757));
#1725 = CARTESIAN_POINT('',(79.43572340262,51.409711933761,
    9.811334285204));
#1726 = CARTESIAN_POINT('',(79.412827905886,51.430345799545,
    9.825930923537));
#1727 = CARTESIAN_POINT('',(79.389523369482,51.451348299814,
    9.839878640808));
#1728 = CARTESIAN_POINT('',(79.365850436254,51.472682806446,
    9.853162452946));
#1729 = CARTESIAN_POINT('',(79.341850591307,51.494311932261,
    9.865770739009));
#1730 = CARTESIAN_POINT('',(79.293091037076,51.538254988372,
    9.889713032551));
#1731 = CARTESIAN_POINT('',(79.268326852583,51.560572951813,
    9.90103632209));
#1732 = CARTESIAN_POINT('',(79.243315830256,51.583113370296,
    9.911656781869));
#1733 = CARTESIAN_POINT('',(79.218101001973,51.605837462663,
    9.92156954446));
#1734 = CARTESIAN_POINT('',(79.192725138528,51.62870668304,
    9.930773142348));
#1735 = CARTESIAN_POINT('',(79.16723023251,51.651683186894,
    9.939269349092));
#1736 = CARTESIAN_POINT('',(79.115911114206,51.697932971797,
    9.954909298004));
#1737 = CARTESIAN_POINT('',(79.09008583741,51.721207212203,
    9.962043520082));
#1738 = CARTESIAN_POINT('',(79.06422273362,51.744515543032,
    9.968470592364));
#1739 = CARTESIAN_POINT('',(79.038362033049,51.767821708032,
    9.974198556624));
#1740 = CARTESIAN_POINT('',(79.012542276369,51.791090973604,
    9.979238254528));
#1741 = CARTESIAN_POINT('',(78.986799977777,51.814290432443,
    9.983602991403));
#1742 = CARTESIAN_POINT('',(78.935420252629,51.86059483741,9.99103051681
    ));
#1743 = CARTESIAN_POINT('',(78.909783859235,51.883698852432,
    9.994087196513));
#1744 = CARTESIAN_POINT('',(78.884294801657,51.906670085557,
    9.996493874777));
#1745 = CARTESIAN_POINT('',(78.858985369228,51.929479437015,
    9.998268323566));
#1746 = CARTESIAN_POINT('',(78.833885339913,51.952100070324,
    9.999430067461));
#1747 = CARTESIAN_POINT('',(78.809021873381,51.974507508664,10.));
#1748 = CARTESIAN_POINT('',(78.78441940407,51.996679731245,10.));
#1749 = PCURVE('',#966,#1750);
#1750 = DEFINITIONAL_REPRESENTATION('',(#1751),#1814);
#1751 = B_SPLINE_CURVE_WITH_KNOTS('',7,(#1752,#1753,#1754,#1755,#1756,
    #1757,#1758,#1759,#1760,#1761,#1762,#1763,#1764,#1765,#1766,#1767,
    #1768,#1769,#1770,#1771,#1772,#1773,#1774,#1775,#1776,#1777,#1778,
    #1779,#1780,#1781,#1782,#1783,#1784,#1785,#1786,#1787,#1788,#1789,
    #1790,#1791,#1792,#1793,#1794,#1795,#1796,#1797,#1798,#1799,#1800,
    #1801,#1802,#1803,#1804,#1805,#1806,#1807,#1808,#1809,#1810,#1811,
    #1812,#1813),.UNSPECIFIED.,.F.,.F.,(8,6,6,6,6,6,6,6,6,6,8),(0.,
    2.677156383877E-02,0.140332636444,0.246319565548,0.352724878582,
    0.458740406172,0.566252721778,0.67357047947,0.781726042918,
    0.890611640256,1.),.UNSPECIFIED.);
#1752 = CARTESIAN_POINT('',(5.431829537716E-06,0.999999999946));
#1753 = CARTESIAN_POINT('',(5.431829538224E-06,0.994588970115));
#1754 = CARTESIAN_POINT('',(-3.383359318567E-04,0.989163794109));
#1755 = CARTESIAN_POINT('',(-1.029131282989E-03,0.98372479637));
#1756 = CARTESIAN_POINT('',(-2.069384565319E-03,0.978272310027));
#1757 = CARTESIAN_POINT('',(-3.460696633424E-03,0.972806676888));
#1758 = CARTESIAN_POINT('',(-5.203838855001E-03,0.967328247446));
#1759 = CARTESIAN_POINT('',(-1.618507410973E-02,0.938545925033));
#1760 = CARTESIAN_POINT('',(-3.140076924488E-02,0.915030670594));
#1761 = CARTESIAN_POINT('',(-5.294162119017E-02,0.891319059781));
#1762 = CARTESIAN_POINT('',(-8.053218412998E-02,0.867441238519));
#1763 = CARTESIAN_POINT('',(-0.113658082423,0.843429996522));
#1764 = CARTESIAN_POINT('',(-0.151766668101,0.819320610339));
#1765 = CARTESIAN_POINT('',(-0.234013714434,0.772592508047));
#1766 = CARTESIAN_POINT('',(-0.277580878063,0.749981605887));
#1767 = CARTESIAN_POINT('',(-0.324563735216,0.727348226839));
#1768 = CARTESIAN_POINT('',(-0.374527203221,0.7047244358));
#1769 = CARTESIAN_POINT('',(-0.427081678419,0.682143736111));
#1770 = CARTESIAN_POINT('',(-0.48189187835,0.659640759818));
#1771 = CARTESIAN_POINT('',(-0.595653464062,0.614772593333));
#1772 = CARTESIAN_POINT('',(-0.654620499906,0.592408311158));
#1773 = CARTESIAN_POINT('',(-0.715262358703,0.570193797902));
#1774 = CARTESIAN_POINT('',(-0.777322446986,0.548165626906));
#1775 = CARTESIAN_POINT('',(-0.840579484178,0.526360713176));
#1776 = CARTESIAN_POINT('',(-0.904840036382,0.504815857459));
#1777 = CARTESIAN_POINT('',(-1.034783621599,0.462396561224));
#1778 = CARTESIAN_POINT('',(-1.100460536553,0.441519952136));
#1779 = CARTESIAN_POINT('',(-1.166791587122,0.420973295921));
#1780 = CARTESIAN_POINT('',(-1.233626436504,0.400791833988));
#1781 = CARTESIAN_POINT('',(-1.300831104495,0.381009755129));
#1782 = CARTESIAN_POINT('',(-1.368284453003,0.361659734354));
#1783 = CARTESIAN_POINT('',(-1.504419167573,0.323618547912));
#1784 = CARTESIAN_POINT('',(-1.573104493072,0.304940537054));
#1785 = CARTESIAN_POINT('',(-1.641814768684,0.286770499468));
#1786 = CARTESIAN_POINT('',(-1.710444499143,0.269138371821));
#1787 = CARTESIAN_POINT('',(-1.778897334325,0.252071616263));
#1788 = CARTESIAN_POINT('',(-1.84708483029,0.235594869563));
#1789 = CARTESIAN_POINT('',(-1.98264282411,0.203893025243));
#1790 = CARTESIAN_POINT('',(-2.050014613092,0.188665714796));
#1791 = CARTESIAN_POINT('',(-2.116959503943,0.174069076463));
#1792 = CARTESIAN_POINT('',(-2.18340329894,0.160121359192));
#1793 = CARTESIAN_POINT('',(-2.24927829931,0.146837547054));
#1794 = CARTESIAN_POINT('',(-2.314522928572,0.134229260991));
#1795 = CARTESIAN_POINT('',(-2.444143776414,0.110286967449));
#1796 = CARTESIAN_POINT('',(-2.508509252564,9.89636779102E-02));
#1797 = CARTESIAN_POINT('',(-2.572120686999,8.834321813087E-02));
#1798 = CARTESIAN_POINT('',(-2.634927005004,7.843045553982E-02));
#1799 = CARTESIAN_POINT('',(-2.696882922719,6.922685765223E-02));
#1800 = CARTESIAN_POINT('',(-2.757948715386,6.073065090808E-02));
#1801 = CARTESIAN_POINT('',(-2.878637200364,4.509070199625E-02));
#1802 = CARTESIAN_POINT('',(-2.938247373245,3.795647991798E-02));
#1803 = CARTESIAN_POINT('',(-2.996885388285,3.152940763566E-02));
#1804 = CARTESIAN_POINT('',(-3.054521623693,2.58014433763E-02));
#1805 = CARTESIAN_POINT('',(-3.111131643605,2.076174547187E-02));
#1806 = CARTESIAN_POINT('',(-3.166695889864,1.639700859712E-02));
#1807 = CARTESIAN_POINT('',(-3.275954519149,8.969483189929E-03));
#1808 = CARTESIAN_POINT('',(-3.32963908278,5.912803486593E-03));
#1809 = CARTESIAN_POINT('',(-3.382237845696,3.506125222521E-03));
#1810 = CARTESIAN_POINT('',(-3.4337402328,1.731676434439E-03));
#1811 = CARTESIAN_POINT('',(-3.484139918831,5.699325388702E-04));
#1812 = CARTESIAN_POINT('',(-3.533434434283,4.097448422321E-13));
#1813 = CARTESIAN_POINT('',(-3.581624771341,-5.113933025953E-15));
#1814 = ( GEOMETRIC_REPRESENTATION_CONTEXT(2) 
PARAMETRIC_REPRESENTATION_CONTEXT() REPRESENTATION_CONTEXT('2D SPACE',''
  ) );
#1815 = PCURVE('',#1051,#1816);
#1816 = DEFINITIONAL_REPRESENTATION('',(#1817),#1880);
#1817 = B_SPLINE_CURVE_WITH_KNOTS('',7,(#1818,#1819,#1820,#1821,#1822,
    #1823,#1824,#1825,#1826,#1827,#1828,#1829,#1830,#1831,#1832,#1833,
    #1834,#1835,#1836,#1837,#1838,#1839,#1840,#1841,#1842,#1843,#1844,
    #1845,#1846,#1847,#1848,#1849,#1850,#1851,#1852,#1853,#1854,#1855,
    #1856,#1857,#1858,#1859,#1860,#1861,#1862,#1863,#1864,#1865,#1866,
    #1867,#1868,#1869,#1870,#1871,#1872,#1873,#1874,#1875,#1876,#1877,
    #1878,#1879),.UNSPECIFIED.,.F.,.F.,(8,6,6,6,6,6,6,6,6,6,8),(0.,
    2.677156383877E-02,0.140332636444,0.246319565548,0.352724878582,
    0.458740406172,0.566252721778,0.67357047947,0.781726042918,
    0.890611640256,1.),.UNSPECIFIED.);
#1818 = CARTESIAN_POINT('',(0.,103.14606075186));
#1819 = CARTESIAN_POINT('',(0.525171810384,103.14606075186));
#1820 = CARTESIAN_POINT('',(1.050343332614,103.14602616519));
#1821 = CARTESIAN_POINT('',(1.575514288011,103.14595666593));
#1822 = CARTESIAN_POINT('',(2.10068439475,103.14585193232));
#1823 = CARTESIAN_POINT('',(2.625853367852,103.14571164679));
#1824 = CARTESIAN_POINT('',(3.15102091919,103.14553549591));
#1825 = CARTESIAN_POINT('',(5.903863715464,103.14442251652));
#1826 = CARTESIAN_POINT('',(8.131511065657,103.14287096335));
#1827 = CARTESIAN_POINT('',(10.359103394313,103.1406449367));
#1828 = CARTESIAN_POINT('',(12.586622766209,103.13772237559));
#1829 = CARTESIAN_POINT('',(14.814057988794,103.13408317126));
#1830 = CARTESIAN_POINT('',(17.041402288656,103.12970964401));
#1831 = CARTESIAN_POINT('',(21.347353196087,103.11980597931));
#1832 = CARTESIAN_POINT('',(23.425973063742,103.11437243628));
#1833 = CARTESIAN_POINT('',(25.504513492432,103.10827429911));
#1834 = CARTESIAN_POINT('',(27.58297756899,103.10150168036));
#1835 = CARTESIAN_POINT('',(29.661369646144,103.09404718101));
#1836 = CARTESIAN_POINT('',(31.739695149422,103.08590615435));
#1837 = CARTESIAN_POINT('',(35.904430701621,103.06821281051));
#1838 = CARTESIAN_POINT('',(37.990839367743,103.0586550611));
#1839 = CARTESIAN_POINT('',(40.077193230834,103.04840191988));
#1840 = CARTESIAN_POINT('',(42.163498043223,103.03745472228));
#1841 = CARTESIAN_POINT('',(44.249759233158,103.02581797639));
#1842 = CARTESIAN_POINT('',(46.33598211763,103.01349945926));
#1843 = CARTESIAN_POINT('',(50.500719952141,102.98756874891));
#1844 = CARTESIAN_POINT('',(52.579234843165,102.97396146267));
#1845 = CARTESIAN_POINT('',(54.657721862211,102.95969940666));
#1846 = CARTESIAN_POINT('',(56.736185667353,102.94479685908));
#1847 = CARTESIAN_POINT('',(58.814630600589,102.9292712768));
#1848 = CARTESIAN_POINT('',(60.893060787623,102.91314314811));
#1849 = CARTESIAN_POINT('',(65.0792440054,102.8794926598));
#1850 = CARTESIAN_POINT('',(67.186996656023,102.86195382894));
#1851 = CARTESIAN_POINT('',(69.294742287791,102.84384366371));
#1852 = CARTESIAN_POINT('',(71.402484728543,102.82518950952));
#1853 = CARTESIAN_POINT('',(73.510227558831,102.80602135231));
#1854 = CARTESIAN_POINT('',(75.617974135074,102.78637142438));
#1855 = CARTESIAN_POINT('',(79.8296668285,102.74621256533));
#1856 = CARTESIAN_POINT('',(81.933612906306,102.72570524789));
#1857 = CARTESIAN_POINT('',(84.037568960318,102.7047857256));
#1858 = CARTESIAN_POINT('',(86.141537872629,102.68348966759));
#1859 = CARTESIAN_POINT('',(88.245522287549,102.6618540419));
#1860 = CARTESIAN_POINT('',(90.349524605916,102.63991661291));
#1861 = CARTESIAN_POINT('',(94.57399498551,102.59534094521));
#1862 = CARTESIAN_POINT('',(96.694463368756,102.57269856714));
#1863 = CARTESIAN_POINT('',(98.814954324062,102.54982727526));
#1864 = CARTESIAN_POINT('',(100.93546980254,102.52676630578));
#1865 = CARTESIAN_POINT('',(103.05601150348,102.50355468808));
#1866 = CARTESIAN_POINT('',(105.17658086634,102.4802307724));
#1867 = CARTESIAN_POINT('',(109.4320909799,102.43327480259));
#1868 = CARTESIAN_POINT('',(111.5670321414,102.40964172815));
#1869 = CARTESIAN_POINT('',(113.70200374179,102.38597054131));
#1870 = CARTESIAN_POINT('',(115.83700674154,102.36229804589));
#1871 = CARTESIAN_POINT('',(117.97204186607,102.33865953136));
#1872 = CARTESIAN_POINT('',(120.10710960495,102.31508846183));
#1873 = CARTESIAN_POINT('',(124.38716931394,102.26803548867));
#1874 = CARTESIAN_POINT('',(126.53216161435,102.24455449931));
#1875 = CARTESIAN_POINT('',(128.67718737317,102.22120502225));
#1876 = CARTESIAN_POINT('',(130.82224666405,102.19801670883));
#1877 = CARTESIAN_POINT('',(132.96733938006,102.17501693421));
#1878 = CARTESIAN_POINT('',(135.11246524032,102.15223069522));
#1879 = CARTESIAN_POINT('',(137.25762379667,102.12968050808));
#1880 = ( GEOMETRIC_REPRESENTATION_CONTEXT(2) 
PARAMETRIC_REPRESENTATION_CONTEXT() REPRESENTATION_CONTEXT('2D SPACE',''
  ) );
#1881 = ORIENTED_EDGE('',*,*,#1882,.F.);
#1882 = EDGE_CURVE('',#1883,#1683,#1885,.T.);
#1883 = VERTEX_POINT('',#1884);
#1884 = CARTESIAN_POINT('',(79.896317508869,50.994615590609,10.));
#1885 = SURFACE_CURVE('',#1886,(#1896,#1909),.PCURVE_S1.);
#1886 = B_SPLINE_CURVE_WITH_KNOTS('',8,(#1887,#1888,#1889,#1890,#1891,
    #1892,#1893,#1894,#1895),.UNSPECIFIED.,.F.,.F.,(9,9),(0.,1.),
  .PIECEWISE_BEZIER_KNOTS.);
#1887 = CARTESIAN_POINT('',(79.896317508869,50.994615590609,10.));
#1888 = CARTESIAN_POINT('',(79.83928197175,51.046017123036,10.));
#1889 = CARTESIAN_POINT('',(79.749813594778,51.12664775987,10.));
#1890 = CARTESIAN_POINT('',(79.632008520348,51.232815978128,10.));
#1891 = CARTESIAN_POINT('',(79.491414657085,51.359521894939,10.));
#1892 = CARTESIAN_POINT('',(79.332956208162,51.502327722884,10.));
#1893 = CARTESIAN_POINT('',(79.16067189583,51.657593687128,10.));
#1894 = CARTESIAN_POINT('',(78.977344505207,51.822811887741,10.));
#1895 = CARTESIAN_POINT('',(78.78441940407,51.996679731245,10.));
#1896 = PCURVE('',#966,#1897);
#1897 = DEFINITIONAL_REPRESENTATION('',(#1898),#1908);
#1898 = B_SPLINE_CURVE_WITH_KNOTS('',8,(#1899,#1900,#1901,#1902,#1903,
    #1904,#1905,#1906,#1907),.UNSPECIFIED.,.F.,.F.,(9,9),(0.,1.),
  .PIECEWISE_BEZIER_KNOTS.);
#1899 = CARTESIAN_POINT('',(0.,-5.83387504971E-15));
#1900 = CARTESIAN_POINT('',(-0.516797976146,-5.83387504971E-15));
#1901 = CARTESIAN_POINT('',(-1.018461060739,-1.107060857794E-14));
#1902 = CARTESIAN_POINT('',(-1.499567935534,1.770157696179E-15));
#1903 = CARTESIAN_POINT('',(-1.958299806187,-1.411089332132E-14));
#1904 = CARTESIAN_POINT('',(-2.394422984155,-3.06130905597E-15));
#1905 = CARTESIAN_POINT('',(-2.808920484716,-6.772137695562E-15));
#1906 = CARTESIAN_POINT('',(-3.20373076679,-6.661329191066E-15));
#1907 = CARTESIAN_POINT('',(-3.581624771382,-6.661329191066E-15));
#1908 = ( GEOMETRIC_REPRESENTATION_CONTEXT(2) 
PARAMETRIC_REPRESENTATION_CONTEXT() REPRESENTATION_CONTEXT('2D SPACE',''
  ) );
#1909 = PCURVE('',#1910,#1915);
#1910 = PLANE('',#1911);
#1911 = AXIS2_PLACEMENT_3D('',#1912,#1913,#1914);
#1912 = CARTESIAN_POINT('',(71.097286002774,81.596572889774,10.));
#1913 = DIRECTION('',(0.,0.,1.));
#1914 = DIRECTION('',(1.,0.,0.));
#1915 = DEFINITIONAL_REPRESENTATION('',(#1916),#1926);
#1916 = B_SPLINE_CURVE_WITH_KNOTS('',8,(#1917,#1918,#1919,#1920,#1921,
    #1922,#1923,#1924,#1925),.UNSPECIFIED.,.F.,.F.,(9,9),(0.,1.),
  .PIECEWISE_BEZIER_KNOTS.);
#1917 = CARTESIAN_POINT('',(8.799031506095,-30.60195729916));
#1918 = CARTESIAN_POINT('',(8.741995968975,-30.55055576673));
#1919 = CARTESIAN_POINT('',(8.652527592004,-30.4699251299));
#1920 = CARTESIAN_POINT('',(8.534722517574,-30.36375691164));
#1921 = CARTESIAN_POINT('',(8.394128654311,-30.23705099483));
#1922 = CARTESIAN_POINT('',(8.235670205388,-30.09424516689));
#1923 = CARTESIAN_POINT('',(8.063385893055,-29.93897920264));
#1924 = CARTESIAN_POINT('',(7.880058502433,-29.77376100203));
#1925 = CARTESIAN_POINT('',(7.687133401296,-29.59989315852));
#1926 = ( GEOMETRIC_REPRESENTATION_CONTEXT(2) 
PARAMETRIC_REPRESENTATION_CONTEXT() REPRESENTATION_CONTEXT('2D SPACE',''
  ) );
#1927 = ORIENTED_EDGE('',*,*,#1928,.T.);
#1928 = EDGE_CURVE('',#1883,#1929,#1931,.T.);
#1929 = VERTEX_POINT('',#1930);
#1930 = CARTESIAN_POINT('',(80.999950645067,50.,10.));
#1931 = SURFACE_CURVE('',#1932,(#1938,#1947),.PCURVE_S1.);
#1932 = B_SPLINE_CURVE_WITH_KNOTS('',4,(#1933,#1934,#1935,#1936,#1937),
  .UNSPECIFIED.,.F.,.F.,(5,5),(0.,1.),.PIECEWISE_BEZIER_KNOTS.);
#1933 = CARTESIAN_POINT('',(79.896317508869,50.994615590609,10.));
#1934 = CARTESIAN_POINT('',(80.172225792918,50.745961692957,10.));
#1935 = CARTESIAN_POINT('',(80.448134076968,50.497307795304,10.));
#1936 = CARTESIAN_POINT('',(80.724042361017,50.248653897652,10.));
#1937 = CARTESIAN_POINT('',(80.999950645066,50.,10.));
#1938 = PCURVE('',#966,#1939);
#1939 = DEFINITIONAL_REPRESENTATION('',(#1940),#1946);
#1940 = B_SPLINE_CURVE_WITH_KNOTS('',4,(#1941,#1942,#1943,#1944,#1945),
  .UNSPECIFIED.,.F.,.F.,(5,5),(0.,1.),.PIECEWISE_BEZIER_KNOTS.);
#1941 = CARTESIAN_POINT('',(0.,-5.83387504971E-15));
#1942 = CARTESIAN_POINT('',(2.5,-5.83387504971E-15));
#1943 = CARTESIAN_POINT('',(5.,-5.460351042052E-15));
#1944 = CARTESIAN_POINT('',(7.5,-5.668208957754E-15));
#1945 = CARTESIAN_POINT('',(10.,-5.668208957754E-15));
#1946 = ( GEOMETRIC_REPRESENTATION_CONTEXT(2) 
PARAMETRIC_REPRESENTATION_CONTEXT() REPRESENTATION_CONTEXT('2D SPACE',''
  ) );
#1947 = PCURVE('',#1910,#1948);
#1948 = DEFINITIONAL_REPRESENTATION('',(#1949),#1955);
#1949 = B_SPLINE_CURVE_WITH_KNOTS('',4,(#1950,#1951,#1952,#1953,#1954),
  .UNSPECIFIED.,.F.,.F.,(5,5),(0.,1.),.PIECEWISE_BEZIER_KNOTS.);
#1950 = CARTESIAN_POINT('',(8.799031506095,-30.60195729916));
#1951 = CARTESIAN_POINT('',(9.074939790144,-30.85061119681));
#1952 = CARTESIAN_POINT('',(9.350848074194,-31.09926509447));
#1953 = CARTESIAN_POINT('',(9.626756358243,-31.34791899212));
#1954 = CARTESIAN_POINT('',(9.902664642292,-31.59657288977));
#1955 = ( GEOMETRIC_REPRESENTATION_CONTEXT(2) 
PARAMETRIC_REPRESENTATION_CONTEXT() REPRESENTATION_CONTEXT('2D SPACE',''
  ) );
#1956 = ORIENTED_EDGE('',*,*,#1957,.T.);
#1957 = EDGE_CURVE('',#1929,#1958,#1960,.T.);
#1958 = VERTEX_POINT('',#1959);
#1959 = CARTESIAN_POINT('',(80.999950645067,50.,-3.552713678801E-15));
#1960 = SURFACE_CURVE('',#1961,(#1967,#1974),.PCURVE_S1.);
#1961 = B_SPLINE_CURVE_WITH_KNOTS('',2,(#1962,#1963,#1964,#1965,#1966),
  .UNSPECIFIED.,.F.,.F.,(3,1,1,3),(-0.612,-6.096251975451E-15,10.,10.612
    ),.UNSPECIFIED.);
#1962 = CARTESIAN_POINT('',(80.999950645067,50.,10.612));
#1963 = CARTESIAN_POINT('',(80.999950645067,50.,10.306));
#1964 = CARTESIAN_POINT('',(80.999950645067,50.,5.));
#1965 = CARTESIAN_POINT('',(80.999950645067,50.,-0.306));
#1966 = CARTESIAN_POINT('',(80.999950645067,50.,-0.612));
#1967 = PCURVE('',#966,#1968);
#1968 = DEFINITIONAL_REPRESENTATION('',(#1969),#1973);
#1969 = LINE('',#1970,#1971);
#1970 = CARTESIAN_POINT('',(10.,0.));
#1971 = VECTOR('',#1972,1.);
#1972 = DIRECTION('',(0.,1.));
#1973 = ( GEOMETRIC_REPRESENTATION_CONTEXT(2) 
PARAMETRIC_REPRESENTATION_CONTEXT() REPRESENTATION_CONTEXT('2D SPACE',''
  ) );
#1974 = PCURVE('',#1975,#1980);
#1975 = PLANE('',#1976);
#1976 = AXIS2_PLACEMENT_3D('',#1977,#1978,#1979);
#1977 = CARTESIAN_POINT('',(79.199982028329,50.,5.000006705804));
#1978 = DIRECTION('',(0.,1.,0.));
#1979 = DIRECTION('',(0.,0.,1.));
#1980 = DEFINITIONAL_REPRESENTATION('',(#1981),#1987);
#1981 = B_SPLINE_CURVE_WITH_KNOTS('',2,(#1982,#1983,#1984,#1985,#1986),
  .UNSPECIFIED.,.F.,.F.,(3,1,1,3),(-0.612,-6.096251975451E-15,10.,10.612
    ),.UNSPECIFIED.);
#1982 = CARTESIAN_POINT('',(5.611993294196,1.799968616738));
#1983 = CARTESIAN_POINT('',(5.305993294196,1.799968616738));
#1984 = CARTESIAN_POINT('',(-6.705804466378E-06,1.799968616738));
#1985 = CARTESIAN_POINT('',(-5.306006705804,1.799968616738));
#1986 = CARTESIAN_POINT('',(-5.612006705804,1.799968616738));
#1987 = ( GEOMETRIC_REPRESENTATION_CONTEXT(2) 
PARAMETRIC_REPRESENTATION_CONTEXT() REPRESENTATION_CONTEXT('2D SPACE',''
  ) );
#1988 = ORIENTED_EDGE('',*,*,#1989,.F.);
#1989 = EDGE_CURVE('',#1990,#1958,#1992,.T.);
#1990 = VERTEX_POINT('',#1991);
#1991 = CARTESIAN_POINT('',(79.896317508869,50.994615590609,
    -3.552713678801E-15));
#1992 = SURFACE_CURVE('',#1993,(#1999,#2008),.PCURVE_S1.);
#1993 = B_SPLINE_CURVE_WITH_KNOTS('',4,(#1994,#1995,#1996,#1997,#1998),
  .UNSPECIFIED.,.F.,.F.,(5,5),(0.,1.),.PIECEWISE_BEZIER_KNOTS.);
#1994 = CARTESIAN_POINT('',(79.896317508869,50.994615590609,
    -3.552713678801E-15));
#1995 = CARTESIAN_POINT('',(80.172225792918,50.745961692957,
    -3.552713678801E-15));
#1996 = CARTESIAN_POINT('',(80.448134076968,50.497307795304,
    -3.552713678801E-15));
#1997 = CARTESIAN_POINT('',(80.724042361017,50.248653897652,
    -3.552713678801E-15));
#1998 = CARTESIAN_POINT('',(80.999950645066,50.,-3.552713678801E-15));
#1999 = PCURVE('',#966,#2000);
#2000 = DEFINITIONAL_REPRESENTATION('',(#2001),#2007);
#2001 = B_SPLINE_CURVE_WITH_KNOTS('',4,(#2002,#2003,#2004,#2005,#2006),
  .UNSPECIFIED.,.F.,.F.,(5,5),(0.,1.),.PIECEWISE_BEZIER_KNOTS.);
#2002 = CARTESIAN_POINT('',(0.,10.));
#2003 = CARTESIAN_POINT('',(2.5,10.));
#2004 = CARTESIAN_POINT('',(5.,10.));
#2005 = CARTESIAN_POINT('',(7.5,10.));
#2006 = CARTESIAN_POINT('',(10.,10.));
#2007 = ( GEOMETRIC_REPRESENTATION_CONTEXT(2) 
PARAMETRIC_REPRESENTATION_CONTEXT() REPRESENTATION_CONTEXT('2D SPACE',''
  ) );
#2008 = PCURVE('',#2009,#2014);
#2009 = PLANE('',#2010);
#2010 = AXIS2_PLACEMENT_3D('',#2011,#2012,#2013);
#2011 = CARTESIAN_POINT('',(70.65618304503,85.315610010129,
    -3.552713678801E-15));
#2012 = DIRECTION('',(-0.,-0.,-1.));
#2013 = DIRECTION('',(-1.,0.,0.));
#2014 = DEFINITIONAL_REPRESENTATION('',(#2015),#2021);
#2015 = B_SPLINE_CURVE_WITH_KNOTS('',4,(#2016,#2017,#2018,#2019,#2020),
  .UNSPECIFIED.,.F.,.F.,(5,5),(0.,1.),.PIECEWISE_BEZIER_KNOTS.);
#2016 = CARTESIAN_POINT('',(-9.24013446384,-34.32099441952));
#2017 = CARTESIAN_POINT('',(-9.516042747889,-34.56964831717));
#2018 = CARTESIAN_POINT('',(-9.791951031938,-34.81830221482));
#2019 = CARTESIAN_POINT('',(-10.06785931598,-35.06695611247));
#2020 = CARTESIAN_POINT('',(-10.34376760003,-35.31561001012));
#2021 = ( GEOMETRIC_REPRESENTATION_CONTEXT(2) 
PARAMETRIC_REPRESENTATION_CONTEXT() REPRESENTATION_CONTEXT('2D SPACE',''
  ) );
#2022 = ORIENTED_EDGE('',*,*,#2023,.T.);
#2023 = EDGE_CURVE('',#1990,#2024,#2026,.T.);
#2024 = VERTEX_POINT('',#2025);
#2025 = CARTESIAN_POINT('',(78.784419207078,51.996679908779,
    -3.552713678801E-15));
#2026 = SURFACE_CURVE('',#2027,(#2037,#2050),.PCURVE_S1.);
#2027 = B_SPLINE_CURVE_WITH_KNOTS('',8,(#2028,#2029,#2030,#2031,#2032,
    #2033,#2034,#2035,#2036),.UNSPECIFIED.,.F.,.F.,(9,9),(0.,1.),
  .PIECEWISE_BEZIER_KNOTS.);
#2028 = CARTESIAN_POINT('',(79.896317508869,50.994615590609,
    -3.580469254416E-15));
#2029 = CARTESIAN_POINT('',(79.839275742678,51.046022736796,
    -3.580469254416E-15));
#2030 = CARTESIAN_POINT('',(79.749799477788,51.126660482375,
    -3.580469254416E-15));
#2031 = CARTESIAN_POINT('',(79.631998637427,51.232824884809,
    -3.580469254416E-15));
#2032 = CARTESIAN_POINT('',(79.491418289435,51.359518621394,
    -3.580469254416E-15));
#2033 = CARTESIAN_POINT('',(79.332971264547,51.502314153779,
    -3.580469254416E-15));
#2034 = CARTESIAN_POINT('',(79.160686641533,51.657580398014,
    -3.580469254416E-15));
#2035 = CARTESIAN_POINT('',(78.977347571717,51.822809124142,
    -3.580469254416E-15));
#2036 = CARTESIAN_POINT('',(78.784419207078,51.996679908779,
    -3.580469254416E-15));
#2037 = PCURVE('',#966,#2038);
#2038 = DEFINITIONAL_REPRESENTATION('',(#2039),#2049);
#2039 = B_SPLINE_CURVE_WITH_KNOTS('',8,(#2040,#2041,#2042,#2043,#2044,
    #2045,#2046,#2047,#2048),.UNSPECIFIED.,.F.,.F.,(9,9),(0.,1.),
  .PIECEWISE_BEZIER_KNOTS.);
#2040 = CARTESIAN_POINT('',(0.,10.));
#2041 = CARTESIAN_POINT('',(-0.516854417653,10.));
#2042 = CARTESIAN_POINT('',(-1.018519855583,10.));
#2043 = CARTESIAN_POINT('',(-1.499579927069,10.));
#2044 = CARTESIAN_POINT('',(-1.958281665135,10.));
#2045 = CARTESIAN_POINT('',(-2.394382618473,10.));
#2046 = CARTESIAN_POINT('',(-2.808890757615,10.));
#2047 = CARTESIAN_POINT('',(-3.203724792144,10.));
#2048 = CARTESIAN_POINT('',(-3.581625157244,10.));
#2049 = ( GEOMETRIC_REPRESENTATION_CONTEXT(2) 
PARAMETRIC_REPRESENTATION_CONTEXT() REPRESENTATION_CONTEXT('2D SPACE',''
  ) );
#2050 = PCURVE('',#2009,#2051);
#2051 = DEFINITIONAL_REPRESENTATION('',(#2052),#2062);
#2052 = B_SPLINE_CURVE_WITH_KNOTS('',8,(#2053,#2054,#2055,#2056,#2057,
    #2058,#2059,#2060,#2061),.UNSPECIFIED.,.F.,.F.,(9,9),(0.,1.),
  .PIECEWISE_BEZIER_KNOTS.);
#2053 = CARTESIAN_POINT('',(-9.24013446384,-34.32099441952));
#2054 = CARTESIAN_POINT('',(-9.183092697648,-34.26958727333));
#2055 = CARTESIAN_POINT('',(-9.093616432758,-34.18894952775));
#2056 = CARTESIAN_POINT('',(-8.975815592397,-34.08278512532));
#2057 = CARTESIAN_POINT('',(-8.835235244406,-33.95609138873));
#2058 = CARTESIAN_POINT('',(-8.676788219517,-33.81329585635));
#2059 = CARTESIAN_POINT('',(-8.504503596503,-33.65802961211));
#2060 = CARTESIAN_POINT('',(-8.321164526688,-33.49280088598));
#2061 = CARTESIAN_POINT('',(-8.128236162048,-33.31893010135));
#2062 = ( GEOMETRIC_REPRESENTATION_CONTEXT(2) 
PARAMETRIC_REPRESENTATION_CONTEXT() REPRESENTATION_CONTEXT('2D SPACE',''
  ) );
#2063 = ORIENTED_EDGE('',*,*,#2064,.T.);
#2064 = EDGE_CURVE('',#2024,#950,#2065,.T.);
#2065 = SURFACE_CURVE('',#2066,(#2105,#2147),.PCURVE_S1.);
#2066 = B_SPLINE_CURVE_WITH_KNOTS('',7,(#2067,#2068,#2069,#2070,#2071,
    #2072,#2073,#2074,#2075,#2076,#2077,#2078,#2079,#2080,#2081,#2082,
    #2083,#2084,#2085,#2086,#2087,#2088,#2089,#2090,#2091,#2092,#2093,
    #2094,#2095,#2096,#2097,#2098,#2099,#2100,#2101,#2102,#2103,#2104),
  .UNSPECIFIED.,.F.,.F.,(8,6,6,6,6,6,8),(0.,0.17749588464,0.353827547261
    ,0.528675965253,0.701914983514,0.851063627778,1.),.UNSPECIFIED.);
#2067 = CARTESIAN_POINT('',(78.784419207078,51.996679908779,
    -3.608224830032E-15));
#2068 = CARTESIAN_POINT('',(78.824340167498,51.960702364861,
    1.963929250567E-13));
#2069 = CARTESIAN_POINT('',(78.864948084058,51.924105722746,
    1.500605816528E-03));
#2070 = CARTESIAN_POINT('',(78.906139028089,51.886983644963,
    4.595292088634E-03));
#2071 = CARTESIAN_POINT('',(78.947789331927,51.849447583211,
    9.370678976287E-03));
#2072 = CARTESIAN_POINT('',(78.989757607758,51.811624958933,
    1.590223265031E-02));
#2073 = CARTESIAN_POINT('',(79.031886766471,51.773657343879,
    2.424996578351E-02));
#2074 = CARTESIAN_POINT('',(79.115849039972,51.6979889143,
    4.459137960972E-02));
#2075 = CARTESIAN_POINT('',(79.157682337234,51.660287935326,
    5.656065874667E-02));
#2076 = CARTESIAN_POINT('',(79.19933956382,51.62274563466,
    7.040208621171E-02));
#2077 = CARTESIAN_POINT('',(79.240641377524,51.585523638977,
    8.613560600421E-02));
#2078 = CARTESIAN_POINT('',(79.281401278298,51.54879002574,
    0.103759036308));
#2079 = CARTESIAN_POINT('',(79.321431428132,51.512714078206,
    0.123246110435));
#2080 = CARTESIAN_POINT('',(79.39933647391,51.442504539749,
    0.165663769827));
#2081 = CARTESIAN_POINT('',(79.437226747713,51.408357090002,
    0.188564166053));
#2082 = CARTESIAN_POINT('',(79.474040932028,51.375179432976,
    0.213195343665));
#2083 = CARTESIAN_POINT('',(79.509605445894,51.3431280032,0.239483095505
    ));
#2084 = CARTESIAN_POINT('',(79.543758508336,51.312348600827,
    0.267329878776));
#2085 = CARTESIAN_POINT('',(79.576355913506,51.282971186962,
    0.29661764215));
#2086 = CARTESIAN_POINT('',(79.637910605991,51.227496904058,
    0.357526684338));
#2087 = CARTESIAN_POINT('',(79.666898614651,51.201372348344,
    0.389123977145));
#2088 = CARTESIAN_POINT('',(79.694120783315,51.176839201889,
    0.421875125216));
#2089 = CARTESIAN_POINT('',(79.719479356922,51.153985563449,0.4556352842
    ));
#2090 = CARTESIAN_POINT('',(79.742901552759,51.132877026217,
    0.49024962519));
#2091 = CARTESIAN_POINT('',(79.764340867177,51.113555500184,
    0.525558774284));
#2092 = CARTESIAN_POINT('',(79.800508072618,51.080960913069,
    0.592265674518));
#2093 = CARTESIAN_POINT('',(79.815754643164,51.06722040794,
    0.623524504587));
#2094 = CARTESIAN_POINT('',(79.829501764502,51.054831235524,
    0.655080107316));
#2095 = CARTESIAN_POINT('',(79.841749395973,51.043793432462,
    0.686832018666));
#2096 = CARTESIAN_POINT('',(79.852510628616,51.034095200859,
    0.718682719914));
#2097 = CARTESIAN_POINT('',(79.861810145002,51.025714296299,
    0.750539745807));
#2098 = CARTESIAN_POINT('',(79.877543338238,51.011535237363,
    0.814048884128));
#2099 = CARTESIAN_POINT('',(79.883981098238,51.005733403171,
    0.845701316398));
#2100 = CARTESIAN_POINT('',(79.889029803883,51.001183411709,
    0.877188199577));
#2101 = CARTESIAN_POINT('',(79.89273335748,50.997845697366,
    0.908429731023));
#2102 = CARTESIAN_POINT('',(79.895143532672,50.995673600731,
    0.939353665602));
#2103 = CARTESIAN_POINT('',(79.896317870441,50.994615264753,
    0.969895792434));
#2104 = CARTESIAN_POINT('',(79.896317870442,50.994615264752,1.));
#2105 = PCURVE('',#966,#2106);
#2106 = DEFINITIONAL_REPRESENTATION('',(#2107),#2146);
#2107 = B_SPLINE_CURVE_WITH_KNOTS('',7,(#2108,#2109,#2110,#2111,#2112,
    #2113,#2114,#2115,#2116,#2117,#2118,#2119,#2120,#2121,#2122,#2123,
    #2124,#2125,#2126,#2127,#2128,#2129,#2130,#2131,#2132,#2133,#2134,
    #2135,#2136,#2137,#2138,#2139,#2140,#2141,#2142,#2143,#2144,#2145),
  .UNSPECIFIED.,.F.,.F.,(8,6,6,6,6,6,8),(0.,0.17749588464,0.353827547261
    ,0.528675965253,0.701914983514,0.851063627778,1.),.UNSPECIFIED.);
#2108 = CARTESIAN_POINT('',(-3.581625157232,10.));
#2109 = CARTESIAN_POINT('',(-3.503429576472,10.));
#2110 = CARTESIAN_POINT('',(-3.42232697401,9.998499394183));
#2111 = CARTESIAN_POINT('',(-3.338313013511,9.995404707911));
#2112 = CARTESIAN_POINT('',(-3.251407589566,9.990629321024));
#2113 = CARTESIAN_POINT('',(-3.161659032853,9.98409776735));
#2114 = CARTESIAN_POINT('',(-3.069148315298,9.975750034216));
#2115 = CARTESIAN_POINT('',(-2.879462331435,9.95540862039));
#2116 = CARTESIAN_POINT('',(-2.782321602903,9.943439341253));
#2117 = CARTESIAN_POINT('',(-2.682686283346,9.929597913788));
#2118 = CARTESIAN_POINT('',(-2.580707267239,9.913864393996));
#2119 = CARTESIAN_POINT('',(-2.476573854245,9.896240963692));
#2120 = CARTESIAN_POINT('',(-2.370516473638,9.876753889565));
#2121 = CARTESIAN_POINT('',(-2.156008340603,9.834336230173));
#2122 = CARTESIAN_POINT('',(-2.047585302837,9.811435833947));
#2123 = CARTESIAN_POINT('',(-1.937807361652,9.786804656335));
#2124 = CARTESIAN_POINT('',(-1.826985486543,9.760516904495));
#2125 = CARTESIAN_POINT('',(-1.715474752334,9.732670121224));
#2126 = CARTESIAN_POINT('',(-1.603682968244,9.70338235785));
#2127 = CARTESIAN_POINT('',(-1.381519682741,9.642473315662));
#2128 = CARTESIAN_POINT('',(-1.271144846507,9.610876022855));
#2129 = CARTESIAN_POINT('',(-1.161427356497,9.578124874784));
#2130 = CARTESIAN_POINT('',(-1.052903168979,9.544364715799));
#2131 = CARTESIAN_POINT('',(-0.946193132513,9.50975037481));
#2132 = CARTESIAN_POINT('',(-0.84205303155,9.474441225716));
#2133 = CARTESIAN_POINT('',(-0.654856422126,9.407734325482));
#2134 = CARTESIAN_POINT('',(-0.570882246954,9.376475495413));
#2135 = CARTESIAN_POINT('',(-0.490160725303,9.344919892684));
#2136 = CARTESIAN_POINT('',(-0.413444220691,9.313167981335));
#2137 = CARTESIAN_POINT('',(-0.34163034834,9.281317280085));
#2138 = CARTESIAN_POINT('',(-0.275876542096,9.249460254193));
#2139 = CARTESIAN_POINT('',(-0.15903519384,9.185951115872));
#2140 = CARTESIAN_POINT('',(-0.107925664694,9.154298683672));
#2141 = CARTESIAN_POINT('',(-6.531799707038E-02,9.122811800196));
#2142 = CARTESIAN_POINT('',(-3.247559071339E-02,9.091570269294));
#2143 = CARTESIAN_POINT('',(-1.063728357017E-02,9.060646334183));
#2144 = CARTESIAN_POINT('',(3.276195801316E-06,9.030104207605));
#2145 = CARTESIAN_POINT('',(3.276207560798E-06,9.000000000039));
#2146 = ( GEOMETRIC_REPRESENTATION_CONTEXT(2) 
PARAMETRIC_REPRESENTATION_CONTEXT() REPRESENTATION_CONTEXT('2D SPACE',''
  ) );
#2147 = PCURVE('',#1208,#2148);
#2148 = DEFINITIONAL_REPRESENTATION('',(#2149),#2188);
#2149 = B_SPLINE_CURVE_WITH_KNOTS('',7,(#2150,#2151,#2152,#2153,#2154,
    #2155,#2156,#2157,#2158,#2159,#2160,#2161,#2162,#2163,#2164,#2165,
    #2166,#2167,#2168,#2169,#2170,#2171,#2172,#2173,#2174,#2175,#2176,
    #2177,#2178,#2179,#2180,#2181,#2182,#2183,#2184,#2185,#2186,#2187),
  .UNSPECIFIED.,.F.,.F.,(8,6,6,6,6,6,8),(0.,0.17749588464,0.353827547261
    ,0.528675965253,0.701914983514,0.851063627778,1.),.UNSPECIFIED.);
#2150 = CARTESIAN_POINT('',(0.,102.12968002629));
#2151 = CARTESIAN_POINT('',(3.312090403818,102.16627087425));
#2152 = CARTESIAN_POINT('',(6.624090497649,102.20348301921));
#2153 = CARTESIAN_POINT('',(9.935998058514,102.24122068626));
#2154 = CARTESIAN_POINT('',(13.247812242055,102.2793701332));
#2155 = CARTESIAN_POINT('',(16.559533635235,102.31780154354));
#2156 = CARTESIAN_POINT('',(19.871164309053,102.35637091946));
#2157 = CARTESIAN_POINT('',(26.472530524593,102.43322016796));
#2158 = CARTESIAN_POINT('',(29.762267464854,102.4715003305));
#2159 = CARTESIAN_POINT('',(33.05192220736,102.50961019502));
#2160 = CARTESIAN_POINT('',(36.341500304649,102.54738585738));
#2161 = CARTESIAN_POINT('',(39.631009252915,102.58465709534));
#2162 = CARTESIAN_POINT('',(42.920458398467,102.62125268718));
#2163 = CARTESIAN_POINT('',(49.471589922563,102.6924580304));
#2164 = CARTESIAN_POINT('',(52.733273144983,102.72708196814));
#2165 = CARTESIAN_POINT('',(55.994919480829,102.76071517874));
#2166 = CARTESIAN_POINT('',(59.256541707221,102.79319986136));
#2167 = CARTESIAN_POINT('',(62.518154203464,102.824389153));
#2168 = CARTESIAN_POINT('',(65.779773031519,102.85415234509));
#2169 = CARTESIAN_POINT('',(72.273037638681,102.91034572779));
#2170 = CARTESIAN_POINT('',(75.50468193587,102.93680405527));
#2171 = CARTESIAN_POINT('',(78.736367944768,102.96164641494));
#2172 = CARTESIAN_POINT('',(81.968115007426,102.98478455003));
#2173 = CARTESIAN_POINT('',(85.199943303488,103.00615296862));
#2174 = CARTESIAN_POINT('',(88.431875375712,103.02571008299));
#2175 = CARTESIAN_POINT('',(94.446556285353,103.05869879433));
#2176 = CARTESIAN_POINT('',(97.229267213929,103.07260399435));
#2177 = CARTESIAN_POINT('',(100.01209288075,103.08514053475));
#2178 = CARTESIAN_POINT('',(102.79505070844,103.09630878784));
#2179 = CARTESIAN_POINT('',(105.57815487187,103.10612103348));
#2180 = CARTESIAN_POINT('',(108.3614193515,103.11460005054));
#2181 = CARTESIAN_POINT('',(113.92432569995,103.12894455612));
#2182 = CARTESIAN_POINT('',(116.70397520115,103.1348137683));
#2183 = CARTESIAN_POINT('',(119.48379110275,103.13941641938));
#2184 = CARTESIAN_POINT('',(122.26375414537,103.1427926802));
#2185 = CARTESIAN_POINT('',(125.0438362891,103.14498983676));
#2186 = CARTESIAN_POINT('',(127.82398934163,103.14606038299));
#2187 = CARTESIAN_POINT('',(130.60414532685,103.14606038299));
#2188 = ( GEOMETRIC_REPRESENTATION_CONTEXT(2) 
PARAMETRIC_REPRESENTATION_CONTEXT() REPRESENTATION_CONTEXT('2D SPACE',''
  ) );
#2189 = ADVANCED_FACE('',(#2190),#1051,.T.);
#2190 = FACE_BOUND('',#2191,.T.);
#2191 = EDGE_LOOP('',(#2192,#2260,#2321,#2322));
#2192 = ORIENTED_EDGE('',*,*,#2193,.F.);
#2193 = EDGE_CURVE('',#2194,#1010,#2196,.T.);
#2194 = VERTEX_POINT('',#2195);
#2195 = CARTESIAN_POINT('',(57.405987116391,150.28952135651,10.));
#2196 = SURFACE_CURVE('',#2197,(#2202,#2248),.PCURVE_S1.);
#2197 = CIRCLE('',#2198,1.);
#2198 = AXIS2_PLACEMENT_3D('',#2199,#2200,#2201);
#2199 = CARTESIAN_POINT('',(57.405987116391,150.28952135651,9.));
#2200 = DIRECTION('',(-0.336578219469,0.941655511415,0.));
#2201 = DIRECTION('',(0.941655511415,0.336578219469,0.));
#2202 = PCURVE('',#1051,#2203);
#2203 = DEFINITIONAL_REPRESENTATION('',(#2204),#2247);
#2204 = B_SPLINE_CURVE_WITH_KNOTS('',11,(#2205,#2206,#2207,#2208,#2209,
    #2210,#2211,#2212,#2213,#2214,#2215,#2216,#2217,#2218,#2219,#2220,
    #2221,#2222,#2223,#2224,#2225,#2226,#2227,#2228,#2229,#2230,#2231,
    #2232,#2233,#2234,#2235,#2236,#2237,#2238,#2239,#2240,#2241,#2242,
    #2243,#2244,#2245,#2246),.UNSPECIFIED.,.F.,.F.,(12,10,10,10,12),(
    4.712388980385,4.908738521234,5.105088062083,5.497787143782,
    6.28318530718),.UNSPECIFIED.);
#2205 = CARTESIAN_POINT('',(137.25762379667,1.06294961437));
#2206 = CARTESIAN_POINT('',(135.52518187585,1.062949624027));
#2207 = CARTESIAN_POINT('',(133.80683256832,1.062949633607));
#2208 = CARTESIAN_POINT('',(132.10203284505,1.06294964311));
#2209 = CARTESIAN_POINT('',(130.41014631093,1.062949652543));
#2210 = CARTESIAN_POINT('',(128.73079543013,1.062949661903));
#2211 = CARTESIAN_POINT('',(127.06338231467,1.0629496712));
#2212 = CARTESIAN_POINT('',(125.40737514391,1.06294968043));
#2213 = CARTESIAN_POINT('',(123.76239713396,1.062949689602));
#2214 = CARTESIAN_POINT('',(122.12792580833,1.062949698713));
#2215 = CARTESIAN_POINT('',(120.50349637093,1.062949707768));
#2216 = CARTESIAN_POINT('',(117.27388035275,1.062949725773));
#2217 = CARTESIAN_POINT('',(115.66869056789,1.062949734721));
#2218 = CARTESIAN_POINT('',(114.07269325448,1.062949743619));
#2219 = CARTESIAN_POINT('',(112.48548089885,1.062949752465));
#2220 = CARTESIAN_POINT('',(110.90644207292,1.062949761271));
#2221 = CARTESIAN_POINT('',(109.33553397599,1.062949770025));
#2222 = CARTESIAN_POINT('',(107.77196922671,1.062949778744));
#2223 = CARTESIAN_POINT('',(106.21563922655,1.062949787418));
#2224 = CARTESIAN_POINT('',(104.66601500244,1.062949796057));
#2225 = CARTESIAN_POINT('',(103.12277272927,1.06294980466));
#2226 = CARTESIAN_POINT('',(98.511054477505,1.062949830369));
#2227 = CARTESIAN_POINT('',(95.460591076968,1.062949847374));
#2228 = CARTESIAN_POINT('',(92.431197001614,1.062949864262));
#2229 = CARTESIAN_POINT('',(89.420034094369,1.062949881049));
#2230 = CARTESIAN_POINT('',(86.424354404125,1.062949897748));
#2231 = CARTESIAN_POINT('',(83.441483266194,1.062949914377));
#2232 = CARTESIAN_POINT('',(80.468803211211,1.062949930949));
#2233 = CARTESIAN_POINT('',(77.503738699676,1.062949947478));
#2234 = CARTESIAN_POINT('',(74.543741685164,1.062949963979));
#2235 = CARTESIAN_POINT('',(71.586278003454,1.062949980466));
#2236 = CARTESIAN_POINT('',(62.713887761995,1.062950029926));
#2237 = CARTESIAN_POINT('',(56.798960423037,1.062950062901));
#2238 = CARTESIAN_POINT('',(50.863764506844,1.062950095986));
#2239 = CARTESIAN_POINT('',(44.888026106022,1.062950129301));
#2240 = CARTESIAN_POINT('',(38.851031577489,1.062950162952));
#2241 = CARTESIAN_POINT('',(32.731171807955,1.062950197072));
#2242 = CARTESIAN_POINT('',(26.505455198015,1.062950231775));
#2243 = CARTESIAN_POINT('',(20.148951033662,1.062950267213));
#2244 = CARTESIAN_POINT('',(13.634095995734,1.06295030353));
#2245 = CARTESIAN_POINT('',(6.929767669302,1.062950340905));
#2246 = CARTESIAN_POINT('',(2.195194652463E-14,1.062950379536));
#2247 = ( GEOMETRIC_REPRESENTATION_CONTEXT(2) 
PARAMETRIC_REPRESENTATION_CONTEXT() REPRESENTATION_CONTEXT('2D SPACE',''
  ) );
#2248 = PCURVE('',#2249,#2254);
#2249 = SPHERICAL_SURFACE('',#2250,1.);
#2250 = AXIS2_PLACEMENT_3D('',#2251,#2252,#2253);
#2251 = CARTESIAN_POINT('',(57.405987116391,150.28952135651,9.));
#2252 = DIRECTION('',(-0.,-0.,-1.));
#2253 = DIRECTION('',(-0.3078278,0.951442087332,0.));
#2254 = DEFINITIONAL_REPRESENTATION('',(#2255),#2259);
#2255 = LINE('',#2256,#2257);
#2256 = CARTESIAN_POINT('',(1.540424718461,-6.28318530718));
#2257 = VECTOR('',#2258,1.);
#2258 = DIRECTION('',(0.,1.));
#2259 = ( GEOMETRIC_REPRESENTATION_CONTEXT(2) 
PARAMETRIC_REPRESENTATION_CONTEXT() REPRESENTATION_CONTEXT('2D SPACE',''
  ) );
#2260 = ORIENTED_EDGE('',*,*,#2261,.T.);
#2261 = EDGE_CURVE('',#2194,#1683,#2262,.T.);
#2262 = SURFACE_CURVE('',#2263,(#2287,#2294),.PCURVE_S1.);
#2263 = B_SPLINE_CURVE_WITH_KNOTS('',8,(#2264,#2265,#2266,#2267,#2268,
    #2269,#2270,#2271,#2272,#2273,#2274,#2275,#2276,#2277,#2278,#2279,
    #2280,#2281,#2282,#2283,#2284,#2285,#2286),.UNSPECIFIED.,.F.,.F.,(9,
    7,7,9),(-4.920134503961,-3.668273350821E-02,137.22094106316,
    141.39476873366),.UNSPECIFIED.);
#2264 = CARTESIAN_POINT('',(55.410045330496,155.82460947703,10.));
#2265 = CARTESIAN_POINT('',(55.63611462231,155.19819269416,10.));
#2266 = CARTESIAN_POINT('',(55.856798048845,154.58669963832,10.));
#2267 = CARTESIAN_POINT('',(56.072095610101,153.99013030952,10.));
#2268 = CARTESIAN_POINT('',(56.282007306078,153.40848470774,10.));
#2269 = CARTESIAN_POINT('',(56.486533136776,152.84176283299,10.));
#2270 = CARTESIAN_POINT('',(56.685673102194,152.28996468528,10.));
#2271 = CARTESIAN_POINT('',(56.879427202333,151.7530902646,10.));
#2272 = CARTESIAN_POINT('',(62.362201429292,136.56083763759,10.));
#2273 = CARTESIAN_POINT('',(67.024970307449,121.12528263115,10.));
#2274 = CARTESIAN_POINT('',(71.055529125723,104.9236666311,
    9.999999999999));
#2275 = CARTESIAN_POINT('',(74.453459877471,87.957990337536,
    10.000000000001));
#2276 = CARTESIAN_POINT('',(77.21831799012,70.223143935664,10.));
#2277 = CARTESIAN_POINT('',(79.349676950288,51.72630986509,10.));
#2278 = CARTESIAN_POINT('',(80.847113471177,32.459683683952,10.));
#2279 = CARTESIAN_POINT('',(81.736646144269,11.82382633513,10.));
#2280 = CARTESIAN_POINT('',(81.762908183443,11.214585426409,10.));
#2281 = CARTESIAN_POINT('',(81.78918098567,10.605094830603,10.));
#2282 = CARTESIAN_POINT('',(81.81546455095,9.995354547714,10.));
#2283 = CARTESIAN_POINT('',(81.841758879282,9.38536457774,10.));
#2284 = CARTESIAN_POINT('',(81.868063970667,8.775124920682,10.));
#2285 = CARTESIAN_POINT('',(81.894379825105,8.16463557654,10.));
#2286 = CARTESIAN_POINT('',(81.920706442595,7.553896545314,10.));
#2287 = PCURVE('',#1051,#2288);
#2288 = DEFINITIONAL_REPRESENTATION('',(#2289),#2293);
#2289 = LINE('',#2290,#2291);
#2290 = CARTESIAN_POINT('',(137.25762379667,0.));
#2291 = VECTOR('',#2292,1.);
#2292 = DIRECTION('',(0.,1.));
#2293 = ( GEOMETRIC_REPRESENTATION_CONTEXT(2) 
PARAMETRIC_REPRESENTATION_CONTEXT() REPRESENTATION_CONTEXT('2D SPACE',''
  ) );
#2294 = PCURVE('',#1910,#2295);
#2295 = DEFINITIONAL_REPRESENTATION('',(#2296),#2320);
#2296 = B_SPLINE_CURVE_WITH_KNOTS('',8,(#2297,#2298,#2299,#2300,#2301,
    #2302,#2303,#2304,#2305,#2306,#2307,#2308,#2309,#2310,#2311,#2312,
    #2313,#2314,#2315,#2316,#2317,#2318,#2319),.UNSPECIFIED.,.F.,.F.,(9,
    7,7,9),(-4.920134503961,-3.668273350821E-02,137.22094106316,
    141.39476873366),.UNSPECIFIED.);
#2297 = CARTESIAN_POINT('',(-15.68724067227,74.228036587262));
#2298 = CARTESIAN_POINT('',(-15.46117138046,73.601619804392));
#2299 = CARTESIAN_POINT('',(-15.24048795392,72.990126748553));
#2300 = CARTESIAN_POINT('',(-15.02519039267,72.393557419746));
#2301 = CARTESIAN_POINT('',(-14.81527869669,71.81191181797));
#2302 = CARTESIAN_POINT('',(-14.61075286599,71.245189943225));
#2303 = CARTESIAN_POINT('',(-14.41161290058,70.693391795512));
#2304 = CARTESIAN_POINT('',(-14.21785880044,70.15651737483));
#2305 = CARTESIAN_POINT('',(-8.735084573482,54.964264747822));
#2306 = CARTESIAN_POINT('',(-4.072315695325,39.528709741378));
#2307 = CARTESIAN_POINT('',(-4.175687705144E-02,23.327093741326));
#2308 = CARTESIAN_POINT('',(3.356173874697,6.361417447762));
#2309 = CARTESIAN_POINT('',(6.121031987346,-11.37342895411));
#2310 = CARTESIAN_POINT('',(8.252390947514,-29.87026302468));
#2311 = CARTESIAN_POINT('',(9.749827468403,-49.13688920582));
#2312 = CARTESIAN_POINT('',(10.639360141494,-69.77274655464));
#2313 = CARTESIAN_POINT('',(10.665622180669,-70.38198746336));
#2314 = CARTESIAN_POINT('',(10.691894982896,-70.99147805917));
#2315 = CARTESIAN_POINT('',(10.718178548175,-71.60121834206));
#2316 = CARTESIAN_POINT('',(10.744472876508,-72.21120831203));
#2317 = CARTESIAN_POINT('',(10.770777967893,-72.82144796909));
#2318 = CARTESIAN_POINT('',(10.797093822331,-73.43193731323));
#2319 = CARTESIAN_POINT('',(10.823420439821,-74.04267634446));
#2320 = ( GEOMETRIC_REPRESENTATION_CONTEXT(2) 
PARAMETRIC_REPRESENTATION_CONTEXT() REPRESENTATION_CONTEXT('2D SPACE',''
  ) );
#2321 = ORIENTED_EDGE('',*,*,#1682,.F.);
#2322 = ORIENTED_EDGE('',*,*,#1009,.F.);
#2323 = ADVANCED_FACE('',(#2324),#1208,.T.);
#2324 = FACE_BOUND('',#2325,.T.);
#2325 = EDGE_LOOP('',(#2326,#2399,#2400,#2401));
#2326 = ORIENTED_EDGE('',*,*,#2327,.T.);
#2327 = EDGE_CURVE('',#2328,#1129,#2330,.T.);
#2328 = VERTEX_POINT('',#2329);
#2329 = CARTESIAN_POINT('',(57.405987116391,150.28952135651,
    -3.552713678801E-15));
#2330 = SURFACE_CURVE('',#2331,(#2336,#2387),.PCURVE_S1.);
#2331 = CIRCLE('',#2332,1.);
#2332 = AXIS2_PLACEMENT_3D('',#2333,#2334,#2335);
#2333 = CARTESIAN_POINT('',(57.405987116391,150.28952135651,1.));
#2334 = DIRECTION('',(0.336578219469,-0.941655511415,0.));
#2335 = DIRECTION('',(0.941655511415,0.336578219469,0.));
#2336 = PCURVE('',#1208,#2337);
#2337 = DEFINITIONAL_REPRESENTATION('',(#2338),#2386);
#2338 = B_SPLINE_CURVE_WITH_KNOTS('',10,(#2339,#2340,#2341,#2342,#2343,
    #2344,#2345,#2346,#2347,#2348,#2349,#2350,#2351,#2352,#2353,#2354,
    #2355,#2356,#2357,#2358,#2359,#2360,#2361,#2362,#2363,#2364,#2365,
    #2366,#2367,#2368,#2369,#2370,#2371,#2372,#2373,#2374,#2375,#2376,
    #2377,#2378,#2379,#2380,#2381,#2382,#2383,#2384,#2385),
  .UNSPECIFIED.,.F.,.F.,(11,9,9,9,9,11),(4.712388980385,4.908738521234,
    5.006913291659,5.105088062083,5.497787143782,6.28318530718),
  .UNSPECIFIED.);
#2339 = CARTESIAN_POINT('',(-8.569965426826E-15,1.062949590138));
#2340 = CARTESIAN_POINT('',(1.813309151176,1.062949601045));
#2341 = CARTESIAN_POINT('',(3.610230272463,1.062949611853));
#2342 = CARTESIAN_POINT('',(5.391478436176,1.062949622565));
#2343 = CARTESIAN_POINT('',(7.157870466544,1.062949633191));
#2344 = CARTESIAN_POINT('',(8.90985263503,1.062949643727));
#2345 = CARTESIAN_POINT('',(10.648367254394,1.062949654185));
#2346 = CARTESIAN_POINT('',(12.373844043075,1.062949664562));
#2347 = CARTESIAN_POINT('',(14.086955593157,1.062949674866));
#2348 = CARTESIAN_POINT('',(15.788329572363,1.062949685099));
#2349 = CARTESIAN_POINT('',(18.32360591444,1.062949700347));
#2350 = CARTESIAN_POINT('',(19.165901907937,1.062949705414));
#2351 = CARTESIAN_POINT('',(20.005469572873,1.062949710463));
#2352 = CARTESIAN_POINT('',(20.842381272985,1.062949715497));
#2353 = CARTESIAN_POINT('',(21.676710014815,1.062949720515));
#2354 = CARTESIAN_POINT('',(22.50852693094,1.062949725518));
#2355 = CARTESIAN_POINT('',(23.337900175544,1.062949730506));
#2356 = CARTESIAN_POINT('',(24.16489523216,1.06294973548));
#2357 = CARTESIAN_POINT('',(24.989576633743,1.06294974044));
#2358 = CARTESIAN_POINT('',(26.634445556164,1.062949750334));
#2359 = CARTESIAN_POINT('',(27.454632781596,1.062949755267));
#2360 = CARTESIAN_POINT('',(28.272638056203,1.062949760187));
#2361 = CARTESIAN_POINT('',(29.088525925206,1.062949765094));
#2362 = CARTESIAN_POINT('',(29.902360194291,1.062949769989));
#2363 = CARTESIAN_POINT('',(30.714203929303,1.062949774872));
#2364 = CARTESIAN_POINT('',(31.524119456615,1.062949779743));
#2365 = CARTESIAN_POINT('',(32.332168362775,1.062949784603));
#2366 = CARTESIAN_POINT('',(33.138411494774,1.062949789452));
#2367 = CARTESIAN_POINT('',(37.160898820337,1.062949813646));
#2368 = CARTESIAN_POINT('',(40.350959353836,1.062949832833));
#2369 = CARTESIAN_POINT('',(43.516945040361,1.062949851875));
#2370 = CARTESIAN_POINT('',(46.662548996259,1.062949870795));
#2371 = CARTESIAN_POINT('',(49.791333898172,1.062949889613));
#2372 = CARTESIAN_POINT('',(52.906761187626,1.062949908351));
#2373 = CARTESIAN_POINT('',(56.012218555233,1.062949927029));
#2374 = CARTESIAN_POINT('',(59.111045705713,1.062949945667));
#2375 = CARTESIAN_POINT('',(62.206558402601,1.062949964285));
#2376 = CARTESIAN_POINT('',(71.493095575335,1.06295002014));
#2377 = CARTESIAN_POINT('',(77.68412099208,1.062950057377));
#2378 = CARTESIAN_POINT('',(83.901664521194,1.062950094772));
#2379 = CARTESIAN_POINT('',(90.172252969903,1.062950132488));
#2380 = CARTESIAN_POINT('',(96.523178103737,1.062950170686));
#2381 = CARTESIAN_POINT('',(102.98330010556,1.062950209541));
#2382 = CARTESIAN_POINT('',(109.5839210031,1.062950249241));
#2383 = CARTESIAN_POINT('',(116.35985291873,1.062950289995));
#2384 = CARTESIAN_POINT('',(123.35090871528,1.062950332044));
#2385 = CARTESIAN_POINT('',(130.60414532685,1.062950375669));
#2386 = ( GEOMETRIC_REPRESENTATION_CONTEXT(2) 
PARAMETRIC_REPRESENTATION_CONTEXT() REPRESENTATION_CONTEXT('2D SPACE',''
  ) );
#2387 = PCURVE('',#2388,#2393);
#2388 = SPHERICAL_SURFACE('',#2389,1.);
#2389 = AXIS2_PLACEMENT_3D('',#2390,#2391,#2392);
#2390 = CARTESIAN_POINT('',(57.405987116391,150.28952135651,1.));
#2391 = DIRECTION('',(0.,0.,1.));
#2392 = DIRECTION('',(-0.3078278,0.951442087332,0.));
#2393 = DEFINITIONAL_REPRESENTATION('',(#2394),#2398);
#2394 = LINE('',#2395,#2396);
#2395 = CARTESIAN_POINT('',(-1.540424718461,-6.28318530718));
#2396 = VECTOR('',#2397,1.);
#2397 = DIRECTION('',(-0.,1.));
#2398 = ( GEOMETRIC_REPRESENTATION_CONTEXT(2) 
PARAMETRIC_REPRESENTATION_CONTEXT() REPRESENTATION_CONTEXT('2D SPACE',''
  ) );
#2399 = ORIENTED_EDGE('',*,*,#1168,.T.);
#2400 = ORIENTED_EDGE('',*,*,#2064,.F.);
#2401 = ORIENTED_EDGE('',*,*,#2402,.F.);
#2402 = EDGE_CURVE('',#2328,#2024,#2403,.T.);
#2403 = SURFACE_CURVE('',#2404,(#2428,#2435),.PCURVE_S1.);
#2404 = B_SPLINE_CURVE_WITH_KNOTS('',8,(#2405,#2406,#2407,#2408,#2409,
    #2410,#2411,#2412,#2413,#2414,#2415,#2416,#2417,#2418,#2419,#2420,
    #2421,#2422,#2423,#2424,#2425,#2426,#2427),.UNSPECIFIED.,.F.,.F.,(9,
    7,7,9),(-4.920134503961,-3.66827335082E-02,130.56746259334,
    134.79322580367),.UNSPECIFIED.);
#2405 = CARTESIAN_POINT('',(55.410045330496,155.82460947703,
    -3.552713678801E-15));
#2406 = CARTESIAN_POINT('',(55.63611462231,155.19819269416,
    -3.552713678801E-15));
#2407 = CARTESIAN_POINT('',(55.856798048845,154.58669963832,
    -3.552713678801E-15));
#2408 = CARTESIAN_POINT('',(56.072095610101,153.99013030952,
    -3.552713678801E-15));
#2409 = CARTESIAN_POINT('',(56.282007306078,153.40848470774,
    -3.552713678801E-15));
#2410 = CARTESIAN_POINT('',(56.486533136776,152.84176283299,
    -3.552713678801E-15));
#2411 = CARTESIAN_POINT('',(56.685673102194,152.28996468528,
    -3.552713678801E-15));
#2412 = CARTESIAN_POINT('',(56.879427202333,151.7530902646,
    -3.552713678801E-15));
#2413 = CARTESIAN_POINT('',(62.105558371483,137.27197145559,
    -3.552713678801E-15));
#2414 = CARTESIAN_POINT('',(66.57143283145,122.61992820235,
    -3.5527136788E-15));
#2415 = CARTESIAN_POINT('',(70.464949382406,107.27440798086,
    -3.552713678801E-15));
#2416 = CARTESIAN_POINT('',(73.785667958794,91.23673637049,
    -3.5527136788E-15));
#2417 = CARTESIAN_POINT('',(76.53333969895,74.503577084183,
    -3.552713678801E-15));
#2418 = CARTESIAN_POINT('',(78.707441313237,57.079141127905,
    -3.5527136788E-15));
#2419 = CARTESIAN_POINT('',(80.307724644704,38.95929493745,
    -3.552713678801E-15));
#2420 = CARTESIAN_POINT('',(81.367099760218,19.540449544534,
    -3.552713678801E-15));
#2421 = CARTESIAN_POINT('',(81.400316292923,18.931574837509,
    -3.5527136788E-15));
#2422 = CARTESIAN_POINT('',(81.433547018899,18.322439961131,
    -3.5527136788E-15));
#2423 = CARTESIAN_POINT('',(81.466791938147,17.713044915398,
    -3.5527136788E-15));
#2424 = CARTESIAN_POINT('',(81.500051050665,17.103389700311,
    -3.5527136788E-15));
#2425 = CARTESIAN_POINT('',(81.533324356455,16.49347431587,
    -3.5527136788E-15));
#2426 = CARTESIAN_POINT('',(81.566611855516,15.883298762075,
    -3.5527136788E-15));
#2427 = CARTESIAN_POINT('',(81.599913547849,15.272863038925,
    -3.5527136788E-15));
#2428 = PCURVE('',#1208,#2429);
#2429 = DEFINITIONAL_REPRESENTATION('',(#2430),#2434);
#2430 = LINE('',#2431,#2432);
#2431 = CARTESIAN_POINT('',(0.,0.));
#2432 = VECTOR('',#2433,1.);
#2433 = DIRECTION('',(0.,1.));
#2434 = ( GEOMETRIC_REPRESENTATION_CONTEXT(2) 
PARAMETRIC_REPRESENTATION_CONTEXT() REPRESENTATION_CONTEXT('2D SPACE',''
  ) );
#2435 = PCURVE('',#2009,#2436);
#2436 = DEFINITIONAL_REPRESENTATION('',(#2437),#2461);
#2437 = B_SPLINE_CURVE_WITH_KNOTS('',8,(#2438,#2439,#2440,#2441,#2442,
    #2443,#2444,#2445,#2446,#2447,#2448,#2449,#2450,#2451,#2452,#2453,
    #2454,#2455,#2456,#2457,#2458,#2459,#2460),.UNSPECIFIED.,.F.,.F.,(9,
    7,7,9),(-4.920134503961,-3.66827335082E-02,130.56746259334,
    134.79322580367),.UNSPECIFIED.);
#2438 = CARTESIAN_POINT('',(15.246137714534,70.508999466907));
#2439 = CARTESIAN_POINT('',(15.02006842272,69.882582684037));
#2440 = CARTESIAN_POINT('',(14.799384996184,69.271089628198));
#2441 = CARTESIAN_POINT('',(14.584087434928,68.674520299391));
#2442 = CARTESIAN_POINT('',(14.374175738952,68.092874697615));
#2443 = CARTESIAN_POINT('',(14.169649908254,67.52615282287));
#2444 = CARTESIAN_POINT('',(13.970509942836,66.974354675157));
#2445 = CARTESIAN_POINT('',(13.776755842697,66.437480254475));
#2446 = CARTESIAN_POINT('',(8.550624673547,51.956361445464));
#2447 = CARTESIAN_POINT('',(4.08475021358,37.304318192229));
#2448 = CARTESIAN_POINT('',(0.191233662623,21.958797970738));
#2449 = CARTESIAN_POINT('',(-3.129484913765,5.921126360361));
#2450 = CARTESIAN_POINT('',(-5.877156653921,-10.81203292594));
#2451 = CARTESIAN_POINT('',(-8.051258268207,-28.23646888222));
#2452 = CARTESIAN_POINT('',(-9.651541599675,-46.35631507267));
#2453 = CARTESIAN_POINT('',(-10.71091671518,-65.77516046559));
#2454 = CARTESIAN_POINT('',(-10.74413324789,-66.38403517261));
#2455 = CARTESIAN_POINT('',(-10.77736397386,-66.99317004899));
#2456 = CARTESIAN_POINT('',(-10.81060889311,-67.60256509473));
#2457 = CARTESIAN_POINT('',(-10.84386800563,-68.21222030981));
#2458 = CARTESIAN_POINT('',(-10.87714131142,-68.82213569425));
#2459 = CARTESIAN_POINT('',(-10.91042881048,-69.43231124805));
#2460 = CARTESIAN_POINT('',(-10.94373050281,-70.0427469712));
#2461 = ( GEOMETRIC_REPRESENTATION_CONTEXT(2) 
PARAMETRIC_REPRESENTATION_CONTEXT() REPRESENTATION_CONTEXT('2D SPACE',''
  ) );
#2462 = ADVANCED_FACE('',(#2463),#1145,.F.);
#2463 = FACE_BOUND('',#2464,.F.);
#2464 = EDGE_LOOP('',(#2465,#2466,#2497,#2529));
#2465 = ORIENTED_EDGE('',*,*,#1128,.F.);
#2466 = ORIENTED_EDGE('',*,*,#2467,.F.);
#2467 = EDGE_CURVE('',#2468,#1010,#2470,.T.);
#2468 = VERTEX_POINT('',#2469);
#2469 = CARTESIAN_POINT('',(57.098159316391,151.24096344384,9.));
#2470 = SURFACE_CURVE('',#2471,(#2476,#2490),.PCURVE_S1.);
#2471 = CIRCLE('',#2472,1.);
#2472 = AXIS2_PLACEMENT_3D('',#2473,#2474,#2475);
#2473 = CARTESIAN_POINT('',(57.405987116391,150.28952135651,9.));
#2474 = DIRECTION('',(0.,0.,-1.));
#2475 = DIRECTION('',(-0.3078278,0.951442087332,0.));
#2476 = PCURVE('',#1145,#2477);
#2477 = DEFINITIONAL_REPRESENTATION('',(#2478),#2489);
#2478 = B_SPLINE_CURVE_WITH_KNOTS('',9,(#2479,#2480,#2481,#2482,#2483,
    #2484,#2485,#2486,#2487,#2488),.UNSPECIFIED.,.F.,.F.,(10,10),(0.,
    1.540424718461),.PIECEWISE_BEZIER_KNOTS.);
#2479 = CARTESIAN_POINT('',(10.,1.));
#2480 = CARTESIAN_POINT('',(8.770922511722,1.));
#2481 = CARTESIAN_POINT('',(7.637774382829,1.));
#2482 = CARTESIAN_POINT('',(6.561686910772,1.));
#2483 = CARTESIAN_POINT('',(5.517263824369,1.));
#2484 = CARTESIAN_POINT('',(4.48273617563,1.));
#2485 = CARTESIAN_POINT('',(3.438313089229,1.));
#2486 = CARTESIAN_POINT('',(2.36222561717,1.));
#2487 = CARTESIAN_POINT('',(1.229077488278,1.));
#2488 = CARTESIAN_POINT('',(-1.228095113881E-15,1.));
#2489 = ( GEOMETRIC_REPRESENTATION_CONTEXT(2) 
PARAMETRIC_REPRESENTATION_CONTEXT() REPRESENTATION_CONTEXT('2D SPACE',''
  ) );
#2490 = PCURVE('',#2249,#2491);
#2491 = DEFINITIONAL_REPRESENTATION('',(#2492),#2496);
#2492 = LINE('',#2493,#2494);
#2493 = CARTESIAN_POINT('',(0.,0.));
#2494 = VECTOR('',#2495,1.);
#2495 = DIRECTION('',(1.,0.));
#2496 = ( GEOMETRIC_REPRESENTATION_CONTEXT(2) 
PARAMETRIC_REPRESENTATION_CONTEXT() REPRESENTATION_CONTEXT('2D SPACE',''
  ) );
#2497 = ORIENTED_EDGE('',*,*,#2498,.T.);
#2498 = EDGE_CURVE('',#2468,#2499,#2501,.T.);
#2499 = VERTEX_POINT('',#2500);
#2500 = CARTESIAN_POINT('',(57.098159316391,151.24096344384,1.));
#2501 = SURFACE_CURVE('',#2502,(#2508,#2515),.PCURVE_S1.);
#2502 = B_SPLINE_CURVE_WITH_KNOTS('',2,(#2503,#2504,#2505,#2506,#2507),
  .UNSPECIFIED.,.F.,.F.,(3,1,1,3),(-0.3672,3.594903636673E-15,10.,
    10.3672),.UNSPECIFIED.);
#2503 = CARTESIAN_POINT('',(57.098159316391,151.24096344384,10.3672));
#2504 = CARTESIAN_POINT('',(57.098159316391,151.24096344384,10.1836));
#2505 = CARTESIAN_POINT('',(57.098159316391,151.24096344384,5.));
#2506 = CARTESIAN_POINT('',(57.098159316391,151.24096344384,-0.1836));
#2507 = CARTESIAN_POINT('',(57.098159316391,151.24096344384,-0.3672));
#2508 = PCURVE('',#1145,#2509);
#2509 = DEFINITIONAL_REPRESENTATION('',(#2510),#2514);
#2510 = LINE('',#2511,#2512);
#2511 = CARTESIAN_POINT('',(10.,0.));
#2512 = VECTOR('',#2513,1.);
#2513 = DIRECTION('',(0.,1.));
#2514 = ( GEOMETRIC_REPRESENTATION_CONTEXT(2) 
PARAMETRIC_REPRESENTATION_CONTEXT() REPRESENTATION_CONTEXT('2D SPACE',''
  ) );
#2515 = PCURVE('',#2516,#2521);
#2516 = PLANE('',#2517);
#2517 = AXIS2_PLACEMENT_3D('',#2518,#2519,#2520);
#2518 = CARTESIAN_POINT('',(53.262557563339,150.,10.));
#2519 = DIRECTION('',(0.3078278,-0.951442087332,0.));
#2520 = DIRECTION('',(0.951442087332,0.3078278,0.));
#2521 = DEFINITIONAL_REPRESENTATION('',(#2522),#2528);
#2522 = B_SPLINE_CURVE_WITH_KNOTS('',2,(#2523,#2524,#2525,#2526,#2527),
  .UNSPECIFIED.,.F.,.F.,(3,1,1,3),(-0.3672,3.594903636673E-15,10.,
    10.3672),.UNSPECIFIED.);
#2523 = CARTESIAN_POINT('',(4.0313559849,0.3672));
#2524 = CARTESIAN_POINT('',(4.0313559849,0.1836));
#2525 = CARTESIAN_POINT('',(4.0313559849,-5.));
#2526 = CARTESIAN_POINT('',(4.0313559849,-10.1836));
#2527 = CARTESIAN_POINT('',(4.0313559849,-10.3672));
#2528 = ( GEOMETRIC_REPRESENTATION_CONTEXT(2) 
PARAMETRIC_REPRESENTATION_CONTEXT() REPRESENTATION_CONTEXT('2D SPACE',''
  ) );
#2529 = ORIENTED_EDGE('',*,*,#2530,.T.);
#2530 = EDGE_CURVE('',#2499,#1129,#2531,.T.);
#2531 = SURFACE_CURVE('',#2532,(#2537,#2551),.PCURVE_S1.);
#2532 = CIRCLE('',#2533,1.);
#2533 = AXIS2_PLACEMENT_3D('',#2534,#2535,#2536);
#2534 = CARTESIAN_POINT('',(57.405987116391,150.28952135651,1.));
#2535 = DIRECTION('',(0.,0.,-1.));
#2536 = DIRECTION('',(-0.3078278,0.951442087332,0.));
#2537 = PCURVE('',#1145,#2538);
#2538 = DEFINITIONAL_REPRESENTATION('',(#2539),#2550);
#2539 = B_SPLINE_CURVE_WITH_KNOTS('',9,(#2540,#2541,#2542,#2543,#2544,
    #2545,#2546,#2547,#2548,#2549),.UNSPECIFIED.,.F.,.F.,(10,10),(0.,
    1.540424718461),.PIECEWISE_BEZIER_KNOTS.);
#2540 = CARTESIAN_POINT('',(10.,9.));
#2541 = CARTESIAN_POINT('',(8.770922511722,9.));
#2542 = CARTESIAN_POINT('',(7.637774382829,9.));
#2543 = CARTESIAN_POINT('',(6.561686910774,8.999999999999));
#2544 = CARTESIAN_POINT('',(5.517263824365,9.000000000001));
#2545 = CARTESIAN_POINT('',(4.482736175635,8.999999999999));
#2546 = CARTESIAN_POINT('',(3.438313089225,9.));
#2547 = CARTESIAN_POINT('',(2.362225617171,9.));
#2548 = CARTESIAN_POINT('',(1.229077488278,9.));
#2549 = CARTESIAN_POINT('',(-2.116273533581E-15,9.));
#2550 = ( GEOMETRIC_REPRESENTATION_CONTEXT(2) 
PARAMETRIC_REPRESENTATION_CONTEXT() REPRESENTATION_CONTEXT('2D SPACE',''
  ) );
#2551 = PCURVE('',#2388,#2552);
#2552 = DEFINITIONAL_REPRESENTATION('',(#2553),#2557);
#2553 = LINE('',#2554,#2555);
#2554 = CARTESIAN_POINT('',(-0.,0.));
#2555 = VECTOR('',#2556,1.);
#2556 = DIRECTION('',(-1.,0.));
#2557 = ( GEOMETRIC_REPRESENTATION_CONTEXT(2) 
PARAMETRIC_REPRESENTATION_CONTEXT() REPRESENTATION_CONTEXT('2D SPACE',''
  ) );
#2558 = ADVANCED_FACE('',(#2559),#1424,.F.);
#2559 = FACE_BOUND('',#2560,.T.);
#2560 = EDGE_LOOP('',(#2561,#2584,#2950,#2951));
#2561 = ORIENTED_EDGE('',*,*,#2562,.F.);
#2562 = EDGE_CURVE('',#2563,#1289,#2565,.T.);
#2563 = VERTEX_POINT('',#2564);
#2564 = CARTESIAN_POINT('',(57.988604467305,139.31389499256,7.5));
#2565 = SEAM_CURVE('',#2566,(#2570,#2577),.PCURVE_S1.);
#2566 = LINE('',#2567,#2568);
#2567 = CARTESIAN_POINT('',(53.880815535391,137.96917810523,7.5));
#2568 = VECTOR('',#2569,1.);
#2569 = DIRECTION('',(0.950373216313,0.311112117596,0.));
#2570 = PCURVE('',#1424,#2571);
#2571 = DEFINITIONAL_REPRESENTATION('',(#2572),#2576);
#2572 = LINE('',#2573,#2574);
#2573 = CARTESIAN_POINT('',(-6.28318530718,0.));
#2574 = VECTOR('',#2575,1.);
#2575 = DIRECTION('',(-0.,-1.));
#2576 = ( GEOMETRIC_REPRESENTATION_CONTEXT(2) 
PARAMETRIC_REPRESENTATION_CONTEXT() REPRESENTATION_CONTEXT('2D SPACE',''
  ) );
#2577 = PCURVE('',#1424,#2578);
#2578 = DEFINITIONAL_REPRESENTATION('',(#2579),#2583);
#2579 = LINE('',#2580,#2581);
#2580 = CARTESIAN_POINT('',(-0.,0.));
#2581 = VECTOR('',#2582,1.);
#2582 = DIRECTION('',(-0.,-1.));
#2583 = ( GEOMETRIC_REPRESENTATION_CONTEXT(2) 
PARAMETRIC_REPRESENTATION_CONTEXT() REPRESENTATION_CONTEXT('2D SPACE',''
  ) );
#2584 = ORIENTED_EDGE('',*,*,#2585,.T.);
#2585 = EDGE_CURVE('',#2563,#2563,#2586,.T.);
#2586 = SURFACE_CURVE('',#2587,(#2655,#2741),.PCURVE_S1.);
#2587 = ( BOUNDED_CURVE() B_SPLINE_CURVE(14,(#2588,#2589,#2590,#2591,
    #2592,#2593,#2594,#2595,#2596,#2597,#2598,#2599,#2600,#2601,#2602,
    #2603,#2604,#2605,#2606,#2607,#2608,#2609,#2610,#2611,#2612,#2613,
    #2614,#2615,#2616,#2617,#2618,#2619,#2620,#2621,#2622,#2623,#2624,
    #2625,#2626,#2627,#2628,#2629,#2630,#2631,#2632,#2633,#2634,#2635,
    #2636,#2637,#2638,#2639,#2640,#2641,#2642,#2643,#2644,#2645,#2646,
    #2647,#2648,#2649,#2650,#2651,#2652,#2653,#2654),.UNSPECIFIED.,.T.,
.F.) B_SPLINE_CURVE_WITH_KNOTS((15,13,13,13,13,15),(-7.304105475548,
    -3.374964955774,-0.927851915272,1.085138355214,4.474550099414,
8.403954129479),.UNSPECIFIED.) CURVE() GEOMETRIC_REPRESENTATION_ITEM() 
RATIONAL_B_SPLINE_CURVE((1.,1.000000000001,0.999999999996,1.000000000011
    ,0.999999999979,1.000000000032,0.99999999996,1.000000000041,
    0.999999999965,1.000000000025,0.999999999985,1.000000000007,
    0.999999999997,1.000000000001,0.999999999999,1.000000000004,
    0.999999999989,1.000000000024,0.99999999996,1.000000000052,
    0.999999999944,1.00000000005,0.999999999964,1.000000000021,
    0.999999999991,1.000000000003,1.,1.,1.,0.999999999999,1.000000000003
    ,0.999999999994,1.000000000008,0.99999999999,1.000000000009,
    0.999999999993,1.000000000004,0.999999999998,1.000000000001,1.,
    1.000000000001,0.999999999997,1.000000000009,0.999999999981,
    1.000000000032,0.999999999957,1.000000000048,0.999999999957,
    1.000000000031,0.999999999982,1.000000000008,0.999999999998,1.,1.,
    0.999999999998,1.000000000007,0.999999999985,1.000000000024,
    0.99999999997,1.000000000031,0.999999999974,1.000000000019,
    0.999999999989,1.000000000005,0.999999999998,1.,1.)) 
REPRESENTATION_ITEM('') );
#2588 = CARTESIAN_POINT('',(57.988604467305,139.31389499256,7.5));
#2589 = CARTESIAN_POINT('',(57.885899233517,139.63258363324,7.5));
#2590 = CARTESIAN_POINT('',(57.782531497333,139.95104069654,
    7.451623203895));
#2591 = CARTESIAN_POINT('',(57.683145807076,140.25490110263,
    7.355786144769));
#2592 = CARTESIAN_POINT('',(57.590016766646,140.53731473617,
    7.21412389847));
#2593 = CARTESIAN_POINT('',(57.51250544392,140.77074515435,7.04840518949
    ));
#2594 = CARTESIAN_POINT('',(57.439067213838,140.9910377168,
    6.855286610943));
#2595 = CARTESIAN_POINT('',(57.379201489916,141.16965182284,
    6.648485875924));
#2596 = CARTESIAN_POINT('',(57.329852115461,141.31629412004,
    6.431054643024));
#2597 = CARTESIAN_POINT('',(57.28531644264,141.44861138486,
    6.200775657076));
#2598 = CARTESIAN_POINT('',(57.254110426456,141.54079651334,
    5.967104739786));
#2599 = CARTESIAN_POINT('',(57.22852976462,141.61650435646,
    5.727039135912));
#2600 = CARTESIAN_POINT('',(57.21244025321,141.6640059898,5.484503422787
    ));
#2601 = CARTESIAN_POINT('',(57.204291728914,141.68808073178,
    5.240311139195));
#2602 = CARTESIAN_POINT('',(57.204486699368,141.68750477508,
    4.84410545744));
#2603 = CARTESIAN_POINT('',(57.207751403597,141.67786157905,
    4.692051532383));
#2604 = CARTESIAN_POINT('',(57.214215191283,141.658767083,4.540381807124
    ));
#2605 = CARTESIAN_POINT('',(57.223890021951,141.63017834346,
    4.389471520028));
#2606 = CARTESIAN_POINT('',(57.236798148648,141.59201515827,
    4.239703033723));
#2607 = CARTESIAN_POINT('',(57.252976821643,141.54414507019,
    4.091480689661));
#2608 = CARTESIAN_POINT('',(57.272480155769,141.48637683683,
    3.945248464317));
#2609 = CARTESIAN_POINT('',(57.295378161398,141.41846236778,
    3.801510426311));
#2610 = CARTESIAN_POINT('',(57.321752939109,141.34010712724,
    3.660853994856));
#2611 = CARTESIAN_POINT('',(57.351692037913,141.25098900462,
    3.52397599973));
#2612 = CARTESIAN_POINT('',(57.385278977259,141.15078565019,
    3.391711541916));
#2613 = CARTESIAN_POINT('',(57.422580932533,141.03921027866,3.2650656562
    ));
#2614 = CARTESIAN_POINT('',(57.463633584346,140.91605593836,
    3.145247774377));
#2615 = CARTESIAN_POINT('',(57.54526692275,140.67035571185,2.94195741035
    ));
#2616 = CARTESIAN_POINT('',(57.584688116538,140.55142751404,
    2.855788564419));
#2617 = CARTESIAN_POINT('',(57.626057578387,140.4263425613,
    2.776205690458));
#2618 = CARTESIAN_POINT('',(57.672834078676,140.28435867841,
    2.702733519922));
#2619 = CARTESIAN_POINT('',(57.712005749113,140.16549820438,
    2.642279264589));
#2620 = CARTESIAN_POINT('',(57.776740948551,139.96755782299,
    2.578763784192));
#2621 = CARTESIAN_POINT('',(57.803575186955,139.88564408114,
    2.549818700127));
#2622 = CARTESIAN_POINT('',(57.880667282377,139.64884300998,
    2.49938753233));
#2623 = CARTESIAN_POINT('',(57.916393401012,139.53825872313,
    2.493882207928));
#2624 = CARTESIAN_POINT('',(57.978561683749,139.3460270785,
    2.479701635988));
#2625 = CARTESIAN_POINT('',(58.028716148182,139.18994574592,
    2.489027539426));
#2626 = CARTESIAN_POINT('',(58.081635493225,139.02484733629,
    2.507677823686));
#2627 = CARTESIAN_POINT('',(58.132398363463,138.86586646544,
    2.539000601905));
#2628 = CARTESIAN_POINT('',(58.263967426983,138.45244289504,
    2.652392323062));
#2629 = CARTESIAN_POINT('',(58.34136573197,138.20772104378,
    2.754737550937));
#2630 = CARTESIAN_POINT('',(58.411767892606,137.98375050744,
    2.88354695442));
#2631 = CARTESIAN_POINT('',(58.474707738868,137.78241858511,
    3.033630962761));
#2632 = CARTESIAN_POINT('',(58.530051187559,137.60455752446,
    3.19966207313));
#2633 = CARTESIAN_POINT('',(58.578033093255,137.44974806017,
    3.377582697769));
#2634 = CARTESIAN_POINT('',(58.619146350223,137.31666607721,
    3.564784689738));
#2635 = CARTESIAN_POINT('',(58.653846014989,137.20404692445,
    3.759382913805));
#2636 = CARTESIAN_POINT('',(58.682379584962,137.11124577238,
    3.959601846107));
#2637 = CARTESIAN_POINT('',(58.704891746453,137.03791054075,
    4.163816385122));
#2638 = CARTESIAN_POINT('',(58.721616825937,136.98336854576,
    4.370911959814));
#2639 = CARTESIAN_POINT('',(58.732803765986,136.9468713652,
    4.580130743278));
#2640 = CARTESIAN_POINT('',(58.738355631601,136.92875672611,
    4.790226434939));
#2641 = CARTESIAN_POINT('',(58.738337769095,136.92881499791,
    5.243919210549));
#2642 = CARTESIAN_POINT('',(58.730838568377,136.95327757556,
    5.487416458478));
#2643 = CARTESIAN_POINT('',(58.715845870343,137.00221332107,
    5.729790608864));
#2644 = CARTESIAN_POINT('',(58.693236319828,137.07590258417,
    5.96844920561));
#2645 = CARTESIAN_POINT('',(58.662849951358,137.174835011,6.202717271286
    ));
#2646 = CARTESIAN_POINT('',(58.624281203741,137.30016940749,
    6.43087415063));
#2647 = CARTESIAN_POINT('',(58.577031325912,137.45324162022,
    6.64973516487));
#2648 = CARTESIAN_POINT('',(58.520652440312,137.63520914095,
    6.85603559894));
#2649 = CARTESIAN_POINT('',(58.454597492033,137.84751441026,
    7.046558580736));
#2650 = CARTESIAN_POINT('',(58.3780592966,138.09222878115,7.215996718025
    ));
#2651 = CARTESIAN_POINT('',(58.290514000385,138.3702289911,
    7.354906693559));
#2652 = CARTESIAN_POINT('',(58.193357576349,138.6762809616,
    7.451763162319));
#2653 = CARTESIAN_POINT('',(58.091316589083,138.99518497883,7.5));
#2654 = CARTESIAN_POINT('',(57.988604467305,139.31389499256,7.5));
#2655 = PCURVE('',#1424,#2656);
#2656 = DEFINITIONAL_REPRESENTATION('',(#2657),#2740);
#2657 = B_SPLINE_CURVE_WITH_KNOTS('',11,(#2658,#2659,#2660,#2661,#2662,
    #2663,#2664,#2665,#2666,#2667,#2668,#2669,#2670,#2671,#2672,#2673,
    #2674,#2675,#2676,#2677,#2678,#2679,#2680,#2681,#2682,#2683,#2684,
    #2685,#2686,#2687,#2688,#2689,#2690,#2691,#2692,#2693,#2694,#2695,
    #2696,#2697,#2698,#2699,#2700,#2701,#2702,#2703,#2704,#2705,#2706,
    #2707,#2708,#2709,#2710,#2711,#2712,#2713,#2714,#2715,#2716,#2717,
    #2718,#2719,#2720,#2721,#2722,#2723,#2724,#2725,#2726,#2727,#2728,
    #2729,#2730,#2731,#2732,#2733,#2734,#2735,#2736,#2737,#2738,#2739),
  .UNSPECIFIED.,.F.,.F.,(12,10,10,10,10,10,10,10,12),(-7.304105475548,
    -5.34059802492,-3.377090574291,-1.413583123663,-0.431829398349,
    0.549924326965,2.513431777594,4.476939228222,8.403954129479),
  .UNSPECIFIED.);
#2658 = CARTESIAN_POINT('',(-6.28318530718,-4.322290297543));
#2659 = CARTESIAN_POINT('',(-6.198002980627,-4.323269509465));
#2660 = CARTESIAN_POINT('',(-6.112856130587,-4.323959262135));
#2661 = CARTESIAN_POINT('',(-6.028376131352,-4.324341785957));
#2662 = CARTESIAN_POINT('',(-5.945330049474,-4.324424139396));
#2663 = CARTESIAN_POINT('',(-5.864281134093,-4.324245501465));
#2664 = CARTESIAN_POINT('',(-5.785466662136,-4.323861745533));
#2665 = CARTESIAN_POINT('',(-5.708845235345,-4.32332790697));
#2666 = CARTESIAN_POINT('',(-5.634242892896,-4.32268971465));
#2667 = CARTESIAN_POINT('',(-5.561504675747,-4.32198591888));
#2668 = CARTESIAN_POINT('',(-5.490535545523,-4.3212537056));
#2669 = CARTESIAN_POINT('',(-5.351648119132,-4.319786391695));
#2670 = CARTESIAN_POINT('',(-5.28374428534,-4.319051894271));
#2671 = CARTESIAN_POINT('',(-5.217181723827,-4.318344485155));
#2672 = CARTESIAN_POINT('',(-5.151770154073,-4.317686941812));
#2673 = CARTESIAN_POINT('',(-5.087326998886,-4.317097388809));
#2674 = CARTESIAN_POINT('',(-5.023676761096,-4.316589796185));
#2675 = CARTESIAN_POINT('',(-4.960650400285,-4.316174477874));
#2676 = CARTESIAN_POINT('',(-4.898084709488,-4.315858590091));
#2677 = CARTESIAN_POINT('',(-4.835821691907,-4.315646629724));
#2678 = CARTESIAN_POINT('',(-4.773707937629,-4.315540932749));
#2679 = CARTESIAN_POINT('',(-4.64948006303,-4.315543412469));
#2680 = CARTESIAN_POINT('',(-4.587361711372,-4.31565162167));
#2681 = CARTESIAN_POINT('',(-4.52509356286,-4.315866021322));
#2682 = CARTESIAN_POINT('',(-4.462523419216,-4.316184209823));
#2683 = CARTESIAN_POINT('',(-4.399492438411,-4.316601650413));
#2684 = CARTESIAN_POINT('',(-4.335835307042,-4.317111159139));
#2685 = CARTESIAN_POINT('',(-4.271380412194,-4.317702392227));
#2686 = CARTESIAN_POINT('',(-4.205950013922,-4.31836133415));
#2687 = CARTESIAN_POINT('',(-4.13936041712,-4.319069785025));
#2688 = CARTESIAN_POINT('',(-4.071422143889,-4.319804848541));
#2689 = CARTESIAN_POINT('',(-3.967199086419,-4.320905205048));
#2690 = CARTESIAN_POINT('',(-3.932074892939,-4.321271545113));
#2691 = CARTESIAN_POINT('',(-3.89653923331,-4.321633947207));
#2692 = CARTESIAN_POINT('',(-3.860574871964,-4.321988435527));
#2693 = CARTESIAN_POINT('',(-3.824161491447,-4.32233064574));
#2694 = CARTESIAN_POINT('',(-3.787274222305,-4.322655854753));
#2695 = CARTESIAN_POINT('',(-3.749889481989,-4.322958979981));
#2696 = CARTESIAN_POINT('',(-3.711992763715,-4.323234582349));
#2697 = CARTESIAN_POINT('',(-3.673583016338,-4.323476907596));
#2698 = CARTESIAN_POINT('',(-3.63466825613,-4.32368000009));
#2699 = CARTESIAN_POINT('',(-3.555825846917,-4.323995847248));
#2700 = CARTESIAN_POINT('',(-3.515887836781,-4.324108426417));
#2701 = CARTESIAN_POINT('',(-3.475489733493,-4.324170252585));
#2702 = CARTESIAN_POINT('',(-3.434631805143,-4.324175368138));
#2703 = CARTESIAN_POINT('',(-3.393308702134,-4.324117931338));
#2704 = CARTESIAN_POINT('',(-3.351542508006,-4.323992768374));
#2705 = CARTESIAN_POINT('',(-3.309398014164,-4.323795812297));
#2706 = CARTESIAN_POINT('',(-3.266980218896,-4.323524429149));
#2707 = CARTESIAN_POINT('',(-3.2244140503,-4.323177630983));
#2708 = CARTESIAN_POINT('',(-3.181806313439,-4.322756176023));
#2709 = CARTESIAN_POINT('',(-3.053956957591,-4.321275315322));
#2710 = CARTESIAN_POINT('',(-2.968687643084,-4.319998108741));
#2711 = CARTESIAN_POINT('',(-2.884492634952,-4.318457586714));
#2712 = CARTESIAN_POINT('',(-2.800397115102,-4.316664164308));
#2713 = CARTESIAN_POINT('',(-2.720932778931,-4.314763148963));
#2714 = CARTESIAN_POINT('',(-2.641176004536,-4.3127420067));
#2715 = CARTESIAN_POINT('',(-2.565179553784,-4.310709660984));
#2716 = CARTESIAN_POINT('',(-2.490459659876,-4.308694055258));
#2717 = CARTESIAN_POINT('',(-2.417923687908,-4.306738493978));
#2718 = CARTESIAN_POINT('',(-2.347061526518,-4.304874021087));
#2719 = CARTESIAN_POINT('',(-2.208435514038,-4.301375705466));
#2720 = CARTESIAN_POINT('',(-2.140667309633,-4.299742389464));
#2721 = CARTESIAN_POINT('',(-2.074244579281,-4.298248437884));
#2722 = CARTESIAN_POINT('',(-2.008976159089,-4.296912450767));
#2723 = CARTESIAN_POINT('',(-1.944678525396,-4.295748704267));
#2724 = CARTESIAN_POINT('',(-1.881175271269,-4.294767749771));
#2725 = CARTESIAN_POINT('',(-1.818296582779,-4.293977012393));
#2726 = CARTESIAN_POINT('',(-1.755878715533,-4.293381390198));
#2727 = CARTESIAN_POINT('',(-1.693763470961,-4.292983852732));
#2728 = CARTESIAN_POINT('',(-1.631797672797,-4.292786040089));
#2729 = CARTESIAN_POINT('',(-1.445902584698,-4.292794504754));
#2730 = CARTESIAN_POINT('',(-1.321978624732,-4.293598424261));
#2731 = CARTESIAN_POINT('',(-1.196730950631,-4.295220158812));
#2732 = CARTESIAN_POINT('',(-1.069259564451,-4.297562821234));
#2733 = CARTESIAN_POINT('',(-0.937828674815,-4.300708069633));
#2734 = CARTESIAN_POINT('',(-0.800838731862,-4.304410906024));
#2735 = CARTESIAN_POINT('',(-0.657589599926,-4.308565284666));
#2736 = CARTESIAN_POINT('',(-0.505408758669,-4.313073836674));
#2737 = CARTESIAN_POINT('',(-0.340751140494,-4.317219586753));
#2738 = CARTESIAN_POINT('',(-0.170364653107,-4.320331873708));
#2739 = CARTESIAN_POINT('',(-7.216449660064E-15,-4.322290297543));
#2740 = ( GEOMETRIC_REPRESENTATION_CONTEXT(2) 
PARAMETRIC_REPRESENTATION_CONTEXT() REPRESENTATION_CONTEXT('2D SPACE',''
  ) );
#2741 = PCURVE('',#2742,#2944);
#2742 = ( BOUNDED_SURFACE() B_SPLINE_SURFACE(2,14,(
    (#2743,#2744,#2745,#2746,#2747,#2748,#2749,#2750,#2751,#2752,#2753
      ,#2754,#2755,#2756,#2757,#2758,#2759,#2760,#2761,#2762,#2763,#2764
      ,#2765,#2766,#2767,#2768,#2769,#2770,#2771,#2772,#2773,#2774,#2775
      ,#2776,#2777,#2778,#2779,#2780,#2781,#2782,#2783,#2784,#2785,#2786
      ,#2787,#2788,#2789,#2790,#2791,#2792,#2793,#2794,#2795,#2796,#2797
      ,#2798,#2799,#2800,#2801,#2802,#2803,#2804,#2805,#2806,#2807,#2808
      ,#2809)
    ,(#2810,#2811,#2812,#2813,#2814,#2815,#2816,#2817,#2818,#2819,#2820
      ,#2821,#2822,#2823,#2824,#2825,#2826,#2827,#2828,#2829,#2830,#2831
      ,#2832,#2833,#2834,#2835,#2836,#2837,#2838,#2839,#2840,#2841,#2842
      ,#2843,#2844,#2845,#2846,#2847,#2848,#2849,#2850,#2851,#2852,#2853
      ,#2854,#2855,#2856,#2857,#2858,#2859,#2860,#2861,#2862,#2863,#2864
      ,#2865,#2866,#2867,#2868,#2869,#2870,#2871,#2872,#2873,#2874,#2875
      ,#2876)
    ,(#2877,#2878,#2879,#2880,#2881,#2882,#2883,#2884,#2885,#2886,#2887
      ,#2888,#2889,#2890,#2891,#2892,#2893,#2894,#2895,#2896,#2897,#2898
      ,#2899,#2900,#2901,#2902,#2903,#2904,#2905,#2906,#2907,#2908,#2909
      ,#2910,#2911,#2912,#2913,#2914,#2915,#2916,#2917,#2918,#2919,#2920
      ,#2921,#2922,#2923,#2924,#2925,#2926,#2927,#2928,#2929,#2930,#2931
      ,#2932,#2933,#2934,#2935,#2936,#2937,#2938,#2939,#2940,#2941,#2942
,#2943
    )),.UNSPECIFIED.,.F.,.F.,.F.) B_SPLINE_SURFACE_WITH_KNOTS((3,3),(15,
    13,13,13,13,15),(0.,15.708059605027),(-7.304105475548,
    -3.374964955774,-0.927851915272,1.085138355214,4.474550099414,
8.403954129479),.UNSPECIFIED.) GEOMETRIC_REPRESENTATION_ITEM() 
RATIONAL_B_SPLINE_SURFACE((
    (1.,1.000000000001,0.999999999996,1.000000000011,0.999999999979
      ,1.000000000032,0.99999999996,1.000000000041,0.999999999965
      ,1.000000000025,0.999999999985,1.000000000007,0.999999999997
      ,1.000000000001,0.999999999999,1.000000000004,0.999999999989
      ,1.000000000024,0.99999999996,1.000000000052,0.999999999944
      ,1.00000000005,0.999999999964,1.000000000021,0.999999999991
      ,1.000000000003,1.,1.,1.,0.999999999999,1.000000000003
      ,0.999999999994,1.000000000008,0.99999999999,1.000000000009
      ,0.999999999993,1.000000000004,0.999999999998,1.000000000001,1.
      ,1.000000000001,0.999999999997,1.000000000009,0.999999999981
      ,1.000000000032,0.999999999957,1.000000000048,0.999999999957
      ,1.000000000031,0.999999999982,1.000000000008,0.999999999998,1.,1.
      ,0.999999999998,1.000000000007,0.999999999985,1.000000000024
      ,0.99999999997,1.000000000031,0.999999999974,1.000000000019
      ,0.999999999989,1.000000000005,0.999999999998,1.,1.)
    ,(0.707106782993,0.706951578276,0.706938169138,0.707069557432
      ,0.707341876135,0.707662286598,0.708030877633,0.708385294178
      ,0.708713614732,0.709018885774,0.709257852021,0.709450665742
      ,0.709577258591,0.709640658589,0.709639139467,0.709613623261
      ,0.709563223204,0.709488320962,0.709389645938,0.709268308129
      ,0.709125846391,0.708964295308,0.70878626639,0.708595048506
      ,0.708394722709,0.708190295566,0.707987848,0.70763581956
      ,0.707483258354,0.707340484242,0.707214125465,0.707104338377
      ,0.707020158358,0.706976386233,0.706941405239,0.706979540308
      ,0.70703090524,0.707135453162,0.707270904004,0.707439005082
      ,0.707959778233,0.70836003379,0.708809333446,0.709278932159
      ,0.709742565833,0.7101816604,0.710584552803,0.710942877999
      ,0.711249301847,0.711498089118,0.711686507319,0.71181364049
      ,0.711876740874,0.711876539511,0.711791616386,0.711619994416
      ,0.711367808064,0.711035132837,0.710627354096,0.710156629851
      ,0.709636466749,0.709081659108,0.708517730487,0.707990387059
      ,0.707558139786,0.707261998119,0.707106782993)
    ,(1.,1.000000000001,0.999999999996,1.000000000011,0.999999999979
      ,1.000000000032,0.99999999996,1.000000000041,0.999999999965
      ,1.000000000025,0.999999999985,1.000000000007,0.999999999997
      ,1.000000000001,0.999999999999,1.000000000004,0.999999999989
      ,1.000000000024,0.99999999996,1.000000000052,0.999999999944
      ,1.00000000005,0.999999999964,1.000000000021,0.999999999991
      ,1.000000000003,1.,1.,1.,0.999999999999,1.000000000003
      ,0.999999999994,1.000000000008,0.99999999999,1.000000000009
      ,0.999999999993,1.000000000004,0.999999999998,1.000000000001,1.
      ,1.000000000001,0.999999999997,1.000000000009,0.999999999981
      ,1.000000000032,0.999999999957,1.000000000048,0.999999999957
      ,1.000000000031,0.999999999982,1.000000000008,0.999999999998,1.,1.
      ,0.999999999998,1.000000000007,0.999999999985,1.000000000024
      ,0.99999999997,1.000000000031,0.999999999974,1.000000000019
      ,0.999999999989,1.000000000005,0.999999999998,1.,1.
))) REPRESENTATION_ITEM('') SURFACE() );
#2743 = CARTESIAN_POINT('',(57.036807658713,139.00716289808,
    8.499999123575));
#2744 = CARTESIAN_POINT('',(56.892846522974,139.45186010831,
    8.499821745301));
#2745 = CARTESIAN_POINT('',(56.748177917521,139.89646827156,
    8.431785393936));
#2746 = CARTESIAN_POINT('',(56.61014797911,140.31836422093,
    8.298326849456));
#2747 = CARTESIAN_POINT('',(56.47842372838,140.71869798005,
    8.097243958136));
#2748 = CARTESIAN_POINT('',(56.373946610533,141.03448281875,
    7.869894296078));
#2749 = CARTESIAN_POINT('',(56.268934239815,141.35125562744,
    7.594496979254));
#2750 = CARTESIAN_POINT('',(56.186826553023,141.59782792388,
    7.307027245536));
#2751 = CARTESIAN_POINT('',(56.120144324052,141.79741845326,
    7.005115278659));
#2752 = CARTESIAN_POINT('',(56.055647929494,141.99073750634,
    6.677854028777));
#2753 = CARTESIAN_POINT('',(56.014737563124,142.11257125384,
    6.354972995712));
#2754 = CARTESIAN_POINT('',(55.978264782391,142.22156406255,
    6.017010570813));
#2755 = CARTESIAN_POINT('',(55.956327347492,142.28693513886,
    5.678090576691));
#2756 = CARTESIAN_POINT('',(55.945018260411,142.32066794759,
    5.336296476761));
#2757 = CARTESIAN_POINT('',(55.945287639549,142.31986460521,
    4.781844853875));
#2758 = CARTESIAN_POINT('',(55.949801757933,142.30640347194,
    4.569049998104));
#2759 = CARTESIAN_POINT('',(55.958740028996,142.27974752907,
    4.356786812195));
#2760 = CARTESIAN_POINT('',(55.972120046329,142.23983666472,
    4.145583018822));
#2761 = CARTESIAN_POINT('',(55.989974308328,142.18655944916,
    3.935974950246));
#2762 = CARTESIAN_POINT('',(56.012356981856,142.11973185371,
    3.728528492661));
#2763 = CARTESIAN_POINT('',(56.039346701385,142.03908788163,
    3.523864002574));
#2764 = CARTESIAN_POINT('',(56.071045401771,141.94428211157,
    3.322685194413));
#2765 = CARTESIAN_POINT('',(56.107573187259,141.8349041527,3.12581199968
    ));
#2766 = CARTESIAN_POINT('',(56.149059233591,141.71050501268,
    2.934217398185));
#2767 = CARTESIAN_POINT('',(56.195628726466,141.57063537709,
    2.749068219928));
#2768 = CARTESIAN_POINT('',(56.247385833434,141.4148958018,
    2.571769919626));
#2769 = CARTESIAN_POINT('',(56.30439271148,141.24299881693,
    2.404015321855));
#2770 = CARTESIAN_POINT('',(56.417852785132,140.9000662998,
    2.119365643034));
#2771 = CARTESIAN_POINT('',(56.472667688722,140.73411068192,
    1.998716677389));
#2772 = CARTESIAN_POINT('',(56.530296854569,140.55935376782,
    1.88717415842));
#2773 = CARTESIAN_POINT('',(56.595245359272,140.36185741191,
    1.784630612201));
#2774 = CARTESIAN_POINT('',(56.650165292443,140.19489388336,
    1.699128896905));
#2775 = CARTESIAN_POINT('',(56.740455684432,139.91887998848,
    1.61091916311));
#2776 = CARTESIAN_POINT('',(56.7773082267,139.80638262965,1.570229379662
    ));
#2777 = CARTESIAN_POINT('',(56.886076030279,139.47280863415,
    1.498961519456));
#2778 = CARTESIAN_POINT('',(56.935140315368,139.32150223811,
    1.491833931455));
#2779 = CARTESIAN_POINT('',(57.022873701738,139.05117175982,
    1.471455442938));
#2780 = CARTESIAN_POINT('',(57.092905993545,138.8343844069,
    1.484652122867));
#2781 = CARTESIAN_POINT('',(57.167219552802,138.60394529452,
    1.510552828369));
#2782 = CARTESIAN_POINT('',(57.238573875952,138.3820736516,
    1.554351837271));
#2783 = CARTESIAN_POINT('',(57.423661434355,137.80519756066,
    1.712935544484));
#2784 = CARTESIAN_POINT('',(57.53254044534,137.46434386115,1.85594584022
    ));
#2785 = CARTESIAN_POINT('',(57.632072243916,137.15140544825,
    2.036284509834));
#2786 = CARTESIAN_POINT('',(57.72107400793,136.87048166289,
    2.246509934945));
#2787 = CARTESIAN_POINT('',(57.799317528322,136.6226941723,
    2.478881839709));
#2788 = CARTESIAN_POINT('',(57.867275221523,136.40688807806,
    2.72781605677));
#2789 = CARTESIAN_POINT('',(57.925636871775,136.2211333901,
    2.989922128567));
#2790 = CARTESIAN_POINT('',(57.974924612095,136.06396444744,
    3.26257965319));
#2791 = CARTESIAN_POINT('',(58.015426300439,135.9346176949,
    3.543045304208));
#2792 = CARTESIAN_POINT('',(58.04738963644,135.83242528421,3.82889681487
    ));
#2793 = CARTESIAN_POINT('',(58.07117752561,135.75631712057,
    4.118828250911));
#2794 = CARTESIAN_POINT('',(58.087085767028,135.7054011297,
    4.412027941541));
#2795 = CARTESIAN_POINT('',(58.094973546696,135.68015454753,
    4.706211813196));
#2796 = CARTESIAN_POINT('',(58.094948393351,135.68023505492,
    5.341599836455));
#2797 = CARTESIAN_POINT('',(58.08428105143,135.71437187668,5.68262579777
    ));
#2798 = CARTESIAN_POINT('',(58.062994295109,135.78252578208,
    6.022130835021));
#2799 = CARTESIAN_POINT('',(58.030828020596,135.88539864858,
    6.356352679551));
#2800 = CARTESIAN_POINT('',(57.987648883883,136.02339493939,
    6.684382190998));
#2801 = CARTESIAN_POINT('',(57.932923024074,136.19806484876,
    7.003871110688));
#2802 = CARTESIAN_POINT('',(57.865903161412,136.41150706151,
    7.310349381953));
#2803 = CARTESIAN_POINT('',(57.785963551992,136.66542384915,
    7.599195800169));
#2804 = CARTESIAN_POINT('',(57.692443931881,136.96160052116,
    7.865886315639));
#2805 = CARTESIAN_POINT('',(57.584317743539,137.3027769534,
    8.103013471247));
#2806 = CARTESIAN_POINT('',(57.460850003682,137.69048021838,
    8.297375736727));
#2807 = CARTESIAN_POINT('',(57.324025545604,138.11768341907,
    8.432824480551));
#2808 = CARTESIAN_POINT('',(57.180778449295,138.56243586395,
    8.500176513744));
#2809 = CARTESIAN_POINT('',(57.036807658713,139.00716289808,
    8.499999123575));
#2810 = CARTESIAN_POINT('',(57.03721423463,139.00590698151,7.5));
#2811 = CARTESIAN_POINT('',(56.93437420323,139.32358668688,
    7.499559878655));
#2812 = CARTESIAN_POINT('',(56.831338848677,139.64089743976,
    7.451018944543));
#2813 = CARTESIAN_POINT('',(56.732693503808,139.9436866386,
    7.355392060275));
#2814 = CARTESIAN_POINT('',(56.64063893826,140.22529698809,
    7.214364276259));
#2815 = CARTESIAN_POINT('',(56.564096195936,140.45868768849,
    7.049285352874));
#2816 = CARTESIAN_POINT('',(56.491725444206,140.67906999482,
    6.856762331858));
#2817 = CARTESIAN_POINT('',(56.432759178797,140.85815516345,
    6.650308769378));
#2818 = CARTESIAN_POINT('',(56.384168692031,141.00545779096,
    6.433001645602));
#2819 = CARTESIAN_POINT('',(56.340381362264,141.13825427623,
    6.202711616323));
#2820 = CARTESIAN_POINT('',(56.309672544842,141.23108463372,
    5.968743676693));
#2821 = CARTESIAN_POINT('',(56.28453652017,141.3071790013,5.728337591611
    ));
#2822 = CARTESIAN_POINT('',(56.26872228696,141.35498528128,
    5.485351881052));
#2823 = CARTESIAN_POINT('',(56.260717225447,141.37919553243,
    5.24071017651));
#2824 = CARTESIAN_POINT('',(56.260908762898,141.37861631456,
    4.843846152117));
#2825 = CARTESIAN_POINT('',(56.264116126014,141.36891734724,
    4.691529051761));
#2826 = CARTESIAN_POINT('',(56.270466725024,141.3497125123,
    4.539598834357));
#2827 = CARTESIAN_POINT('',(56.279973260147,141.32096000957,
    4.388444270608));
#2828 = CARTESIAN_POINT('',(56.292658845926,141.28258347974,
    4.238461231673));
#2829 = CARTESIAN_POINT('',(56.308561507248,141.23445795194,
    4.090066857085));
#2830 = CARTESIAN_POINT('',(56.327736071014,141.17640370654,
    3.943716426237));
#2831 = CARTESIAN_POINT('',(56.350253443604,141.10818808257,
    3.799922959844));
#2832 = CARTESIAN_POINT('',(56.376197259499,141.02953527546,
    3.659279573071));
#2833 = CARTESIAN_POINT('',(56.405657880386,140.94014418741,
    3.522484595775));
#2834 = CARTESIAN_POINT('',(56.438723720659,140.83971440585,3.3903694593
    ));
#2835 = CARTESIAN_POINT('',(56.475469870708,140.72798039775,
    3.263929333855));
#2836 = CARTESIAN_POINT('',(56.515943989176,140.60475401063,
    3.144356468032));
#2837 = CARTESIAN_POINT('',(56.596530837975,140.35905157401,
    2.941491638482));
#2838 = CARTESIAN_POINT('',(56.635487131616,140.24015681043,
    2.855508214259));
#2839 = CARTESIAN_POINT('',(56.676397757693,140.11517537638,
    2.776121575022));
#2840 = CARTESIAN_POINT('',(56.7227260082,139.97341208535,2.702834402649
    ));
#2841 = CARTESIAN_POINT('',(56.761502478699,139.85476020605,
    2.642563625533));
#2842 = CARTESIAN_POINT('',(56.825805455378,139.65737672316,
    2.579164756792));
#2843 = CARTESIAN_POINT('',(56.852438562984,139.57567964135,
    2.55029611755));
#2844 = CARTESIAN_POINT('',(56.929162267791,139.33969037902,
    2.499868301762));
#2845 = CARTESIAN_POINT('',(56.964863394181,139.22953310937,
    2.494240781395));
#2846 = CARTESIAN_POINT('',(57.026958427942,139.03799850065,
    2.479872515872));
#2847 = CARTESIAN_POINT('',(57.07724322851,138.88247594414,
    2.488908393553));
#2848 = CARTESIAN_POINT('',(57.13038966395,138.71792163713,
    2.507211854676));
#2849 = CARTESIAN_POINT('',(57.181501013916,138.55940998065,
    2.53814575068));
#2850 = CARTESIAN_POINT('',(57.314218109835,138.14722781866,
    2.650399096191));
#2851 = CARTESIAN_POINT('',(57.392584631851,137.90319478132,
    2.751895179792));
#2852 = CARTESIAN_POINT('',(57.4641860389,137.67964767834,2.87984059818)
  );
#2853 = CARTESIAN_POINT('',(57.528486729019,137.47842096448,
    3.029190874901));
#2854 = CARTESIAN_POINT('',(57.585258214318,137.30039608943,
    3.19472000131));
#2855 = CARTESIAN_POINT('',(57.634652193345,137.14524088006,
    3.372415602738));
#2856 = CARTESIAN_POINT('',(57.677101301468,137.01171219566,
    3.559671126848));
#2857 = CARTESIAN_POINT('',(57.713015494422,136.89861018747,
    3.754578602746));
#2858 = CARTESIAN_POINT('',(57.742604015373,136.80534301842,
    3.955329269777));
#2859 = CARTESIAN_POINT('',(57.765980952642,136.7316023267,
    4.160256658998));
#2860 = CARTESIAN_POINT('',(57.783362939458,136.67674648332,
    4.368192473299));
#2861 = CARTESIAN_POINT('',(57.794991759789,136.64004174885,
    4.578318279247));
#2862 = CARTESIAN_POINT('',(57.800761769379,136.62182777604,
    4.789340347779));
#2863 = CARTESIAN_POINT('',(57.800743209474,136.62188636878,
    5.244949683836));
#2864 = CARTESIAN_POINT('',(57.792950095579,136.64648375623,
    5.489537803184));
#2865 = CARTESIAN_POINT('',(57.777359302276,136.69570432523,
    5.732962596354));
#2866 = CARTESIAN_POINT('',(57.753866893792,136.76982545841,
    5.97258576525));
#2867 = CARTESIAN_POINT('',(57.72232049804,136.86931110935,
    6.207605015202));
#2868 = CARTESIAN_POINT('',(57.682349362674,136.99525920516,
    6.436217253531));
#2869 = CARTESIAN_POINT('',(57.633515713045,137.14892648298,
    6.655203125386));
#2870 = CARTESIAN_POINT('',(57.575439974648,137.33137974762,
    6.861253634645));
#2871 = CARTESIAN_POINT('',(57.507657306057,137.54393860385,
    7.051106604562));
#2872 = CARTESIAN_POINT('',(57.429489459078,137.78850812129,
    7.219497891582));
#2873 = CARTESIAN_POINT('',(57.340595866883,138.06582182385,
    7.357187741127));
#2874 = CARTESIAN_POINT('',(57.242530750515,138.37070188816,
    7.452955205584));
#2875 = CARTESIAN_POINT('',(57.140016023172,138.68834541087,
    7.500439957678));
#2876 = CARTESIAN_POINT('',(57.03721423463,139.00590698151,7.5));
#2877 = CARTESIAN_POINT('',(57.988604467305,139.31389499256,7.5));
#2878 = CARTESIAN_POINT('',(57.885899233517,139.63258363324,7.5));
#2879 = CARTESIAN_POINT('',(57.782531497333,139.95104069654,
    7.451623203895));
#2880 = CARTESIAN_POINT('',(57.683145807076,140.25490110263,
    7.355786144769));
#2881 = CARTESIAN_POINT('',(57.590016766646,140.53731473617,
    7.21412389847));
#2882 = CARTESIAN_POINT('',(57.51250544392,140.77074515435,7.04840518949
    ));
#2883 = CARTESIAN_POINT('',(57.439067213838,140.9910377168,
    6.855286610943));
#2884 = CARTESIAN_POINT('',(57.379201489916,141.16965182284,
    6.648485875924));
#2885 = CARTESIAN_POINT('',(57.329852115461,141.31629412004,
    6.431054643024));
#2886 = CARTESIAN_POINT('',(57.28531644264,141.44861138486,
    6.200775657076));
#2887 = CARTESIAN_POINT('',(57.254110426456,141.54079651334,
    5.967104739786));
#2888 = CARTESIAN_POINT('',(57.22852976462,141.61650435646,
    5.727039135912));
#2889 = CARTESIAN_POINT('',(57.21244025321,141.6640059898,5.484503422787
    ));
#2890 = CARTESIAN_POINT('',(57.204291728914,141.68808073178,
    5.240311139195));
#2891 = CARTESIAN_POINT('',(57.204486699368,141.68750477508,
    4.84410545744));
#2892 = CARTESIAN_POINT('',(57.207751403597,141.67786157905,
    4.692051532383));
#2893 = CARTESIAN_POINT('',(57.214215191283,141.658767083,4.540381807124
    ));
#2894 = CARTESIAN_POINT('',(57.223890021951,141.63017834346,
    4.389471520028));
#2895 = CARTESIAN_POINT('',(57.236798148648,141.59201515827,
    4.239703033723));
#2896 = CARTESIAN_POINT('',(57.252976821643,141.54414507019,
    4.091480689661));
#2897 = CARTESIAN_POINT('',(57.272480155769,141.48637683683,
    3.945248464317));
#2898 = CARTESIAN_POINT('',(57.295378161398,141.41846236778,
    3.801510426311));
#2899 = CARTESIAN_POINT('',(57.321752939109,141.34010712724,
    3.660853994856));
#2900 = CARTESIAN_POINT('',(57.351692037913,141.25098900462,
    3.52397599973));
#2901 = CARTESIAN_POINT('',(57.385278977259,141.15078565019,
    3.391711541916));
#2902 = CARTESIAN_POINT('',(57.422580932533,141.03921027866,3.2650656562
    ));
#2903 = CARTESIAN_POINT('',(57.463633584346,140.91605593836,
    3.145247774377));
#2904 = CARTESIAN_POINT('',(57.54526692275,140.67035571185,2.94195741035
    ));
#2905 = CARTESIAN_POINT('',(57.584688116538,140.55142751404,
    2.855788564419));
#2906 = CARTESIAN_POINT('',(57.626057578387,140.4263425613,
    2.776205690458));
#2907 = CARTESIAN_POINT('',(57.672834078676,140.28435867841,
    2.702733519922));
#2908 = CARTESIAN_POINT('',(57.712005749113,140.16549820438,
    2.642279264589));
#2909 = CARTESIAN_POINT('',(57.776740948551,139.96755782299,
    2.578763784192));
#2910 = CARTESIAN_POINT('',(57.803575186955,139.88564408114,
    2.549818700127));
#2911 = CARTESIAN_POINT('',(57.880667282377,139.64884300998,
    2.49938753233));
#2912 = CARTESIAN_POINT('',(57.916393401012,139.53825872313,
    2.493882207928));
#2913 = CARTESIAN_POINT('',(57.978561683749,139.3460270785,
    2.479701635988));
#2914 = CARTESIAN_POINT('',(58.028716148182,139.18994574592,
    2.489027539426));
#2915 = CARTESIAN_POINT('',(58.081635493225,139.02484733629,
    2.507677823686));
#2916 = CARTESIAN_POINT('',(58.132398363463,138.86586646544,
    2.539000601905));
#2917 = CARTESIAN_POINT('',(58.263967426983,138.45244289504,
    2.652392323062));
#2918 = CARTESIAN_POINT('',(58.34136573197,138.20772104378,
    2.754737550937));
#2919 = CARTESIAN_POINT('',(58.411767892606,137.98375050744,
    2.88354695442));
#2920 = CARTESIAN_POINT('',(58.474707738868,137.78241858511,
    3.033630962761));
#2921 = CARTESIAN_POINT('',(58.530051187559,137.60455752446,
    3.19966207313));
#2922 = CARTESIAN_POINT('',(58.578033093255,137.44974806017,
    3.377582697769));
#2923 = CARTESIAN_POINT('',(58.619146350223,137.31666607721,
    3.564784689738));
#2924 = CARTESIAN_POINT('',(58.653846014989,137.20404692445,
    3.759382913805));
#2925 = CARTESIAN_POINT('',(58.682379584962,137.11124577238,
    3.959601846107));
#2926 = CARTESIAN_POINT('',(58.704891746453,137.03791054075,
    4.163816385122));
#2927 = CARTESIAN_POINT('',(58.721616825937,136.98336854576,
    4.370911959814));
#2928 = CARTESIAN_POINT('',(58.732803765986,136.9468713652,
    4.580130743278));
#2929 = CARTESIAN_POINT('',(58.738355631601,136.92875672611,
    4.790226434939));
#2930 = CARTESIAN_POINT('',(58.738337769095,136.92881499791,
    5.243919210549));
#2931 = CARTESIAN_POINT('',(58.730838568377,136.95327757556,
    5.487416458478));
#2932 = CARTESIAN_POINT('',(58.715845870343,137.00221332107,
    5.729790608864));
#2933 = CARTESIAN_POINT('',(58.693236319828,137.07590258417,
    5.96844920561));
#2934 = CARTESIAN_POINT('',(58.662849951358,137.174835011,6.202717271286
    ));
#2935 = CARTESIAN_POINT('',(58.624281203741,137.30016940749,
    6.43087415063));
#2936 = CARTESIAN_POINT('',(58.577031325912,137.45324162022,
    6.64973516487));
#2937 = CARTESIAN_POINT('',(58.520652440312,137.63520914095,
    6.85603559894));
#2938 = CARTESIAN_POINT('',(58.454597492033,137.84751441026,
    7.046558580736));
#2939 = CARTESIAN_POINT('',(58.3780592966,138.09222878115,7.215996718025
    ));
#2940 = CARTESIAN_POINT('',(58.290514000385,138.3702289911,
    7.354906693559));
#2941 = CARTESIAN_POINT('',(58.193357576349,138.6762809616,
    7.451763162319));
#2942 = CARTESIAN_POINT('',(58.091316589083,138.99518497883,7.5));
#2943 = CARTESIAN_POINT('',(57.988604467305,139.31389499256,7.5));
#2944 = DEFINITIONAL_REPRESENTATION('',(#2945),#2949);
#2945 = LINE('',#2946,#2947);
#2946 = CARTESIAN_POINT('',(15.708059605027,0.));
#2947 = VECTOR('',#2948,1.);
#2948 = DIRECTION('',(0.,1.));
#2949 = ( GEOMETRIC_REPRESENTATION_CONTEXT(2) 
PARAMETRIC_REPRESENTATION_CONTEXT() REPRESENTATION_CONTEXT('2D SPACE',''
  ) );
#2950 = ORIENTED_EDGE('',*,*,#2562,.T.);
#2951 = ORIENTED_EDGE('',*,*,#1311,.T.);
#2952 = ADVANCED_FACE('',(#2953,#3274),#1910,.T.);
#2953 = FACE_BOUND('',#2954,.T.);
#2954 = EDGE_LOOP('',(#2955,#2956,#2957,#2985,#3163,#3191,#3224,#3252,
    #3273));
#2955 = ORIENTED_EDGE('',*,*,#1882,.T.);
#2956 = ORIENTED_EDGE('',*,*,#2261,.F.);
#2957 = ORIENTED_EDGE('',*,*,#2958,.F.);
#2958 = EDGE_CURVE('',#2959,#2194,#2961,.T.);
#2959 = VERTEX_POINT('',#2960);
#2960 = CARTESIAN_POINT('',(54.554961625928,149.36711322759,10.));
#2961 = SURFACE_CURVE('',#2962,(#2966,#2973),.PCURVE_S1.);
#2962 = LINE('',#2963,#2964);
#2963 = CARTESIAN_POINT('',(53.570385363339,149.04855791266,10.));
#2964 = VECTOR('',#2965,1.);
#2965 = DIRECTION('',(0.951442087332,0.3078278,0.));
#2966 = PCURVE('',#1910,#2967);
#2967 = DEFINITIONAL_REPRESENTATION('',(#2968),#2972);
#2968 = LINE('',#2969,#2970);
#2969 = CARTESIAN_POINT('',(-17.52690063943,67.451985022894));
#2970 = VECTOR('',#2971,1.);
#2971 = DIRECTION('',(0.951442087332,0.3078278));
#2972 = ( GEOMETRIC_REPRESENTATION_CONTEXT(2) 
PARAMETRIC_REPRESENTATION_CONTEXT() REPRESENTATION_CONTEXT('2D SPACE',''
  ) );
#2973 = PCURVE('',#2974,#2979);
#2974 = CYLINDRICAL_SURFACE('',#2975,1.);
#2975 = AXIS2_PLACEMENT_3D('',#2976,#2977,#2978);
#2976 = CARTESIAN_POINT('',(53.570385363339,149.04855791266,9.));
#2977 = DIRECTION('',(0.951442087332,0.3078278,0.));
#2978 = DIRECTION('',(-0.3078278,0.951442087332,0.));
#2979 = DEFINITIONAL_REPRESENTATION('',(#2980),#2984);
#2980 = LINE('',#2981,#2982);
#2981 = CARTESIAN_POINT('',(1.570796326795,0.));
#2982 = VECTOR('',#2983,1.);
#2983 = DIRECTION('',(0.,1.));
#2984 = ( GEOMETRIC_REPRESENTATION_CONTEXT(2) 
PARAMETRIC_REPRESENTATION_CONTEXT() REPRESENTATION_CONTEXT('2D SPACE',''
  ) );
#2985 = ORIENTED_EDGE('',*,*,#2986,.F.);
#2986 = EDGE_CURVE('',#2987,#2959,#2989,.T.);
#2987 = VERTEX_POINT('',#2988);
#2988 = CARTESIAN_POINT('',(75.999950570429,50.051719891965,10.));
#2989 = SURFACE_CURVE('',#2990,(#3023,#3059),.PCURVE_S1.);
#2990 = B_SPLINE_CURVE_WITH_KNOTS('',11,(#2991,#2992,#2993,#2994,#2995,
    #2996,#2997,#2998,#2999,#3000,#3001,#3002,#3003,#3004,#3005,#3006,
    #3007,#3008,#3009,#3010,#3011,#3012,#3013,#3014,#3015,#3016,#3017,
    #3018,#3019,#3020,#3021,#3022),.UNSPECIFIED.,.F.,.F.,(12,10,10,12),(
    -28.51705956025,-28.18153812313,102.59057138913,106.91058276413),
  .UNSPECIFIED.);
#2991 = CARTESIAN_POINT('',(78.468084201873,17.793001747933,10.));
#2992 = CARTESIAN_POINT('',(78.466252188436,17.828564923495,10.));
#2993 = CARTESIAN_POINT('',(78.464420175,17.864128099057,10.));
#2994 = CARTESIAN_POINT('',(78.462588161563,17.899691274619,10.));
#2995 = CARTESIAN_POINT('',(78.460756148126,17.935254450181,10.));
#2996 = CARTESIAN_POINT('',(78.458924134689,17.970817625743,10.));
#2997 = CARTESIAN_POINT('',(78.457092121252,18.006380801305,10.));
#2998 = CARTESIAN_POINT('',(78.455260107815,18.041943976867,10.));
#2999 = CARTESIAN_POINT('',(78.453428094378,18.077507152429,10.));
#3000 = CARTESIAN_POINT('',(78.451596080942,18.113070327991,10.));
#3001 = CARTESIAN_POINT('',(78.449764067505,18.148633503553,10.));
#3002 = CARTESIAN_POINT('',(77.733890460042,32.045223053693,10.));
#3003 = CARTESIAN_POINT('',(76.722111941972,45.541109455069,10.));
#3004 = CARTESIAN_POINT('',(75.412208682875,58.668214165225,
    9.999999999999));
#3005 = CARTESIAN_POINT('',(73.805210969629,71.416663092592,
    10.000000000001));
#3006 = CARTESIAN_POINT('',(71.899431150031,83.808519985705,
    9.999999999998));
#3007 = CARTESIAN_POINT('',(69.696162823445,95.817172733456,
    10.000000000003));
#3008 = CARTESIAN_POINT('',(67.194368936568,107.46523661788,
    9.999999999997));
#3009 = CARTESIAN_POINT('',(64.394332099296,118.73831471171,
    10.000000000002));
#3010 = CARTESIAN_POINT('',(61.295773178953,129.64312386104,
    9.999999999999));
#3011 = CARTESIAN_POINT('',(57.898514503837,140.17745637286,10.));
#3012 = CARTESIAN_POINT('',(54.080245944271,150.67752654592,10.));
#3013 = CARTESIAN_POINT('',(53.955721852168,151.01996230834,10.));
#3014 = CARTESIAN_POINT('',(53.828775264279,151.36905982735,10.));
#3015 = CARTESIAN_POINT('',(53.699406180604,151.72481910295,10.));
#3016 = CARTESIAN_POINT('',(53.567614601142,152.08724013515,10.));
#3017 = CARTESIAN_POINT('',(53.433400525894,152.45632292394,10.));
#3018 = CARTESIAN_POINT('',(53.29676395486,152.83206746933,10.));
#3019 = CARTESIAN_POINT('',(53.157704888039,153.2144737713,10.));
#3020 = CARTESIAN_POINT('',(53.016223325432,153.60354182987,10.));
#3021 = CARTESIAN_POINT('',(52.872319267039,153.99927164503,10.));
#3022 = CARTESIAN_POINT('',(52.725992712859,154.40166321679,10.));
#3023 = PCURVE('',#1910,#3024);
#3024 = DEFINITIONAL_REPRESENTATION('',(#3025),#3058);
#3025 = B_SPLINE_CURVE_WITH_KNOTS('',11,(#3026,#3027,#3028,#3029,#3030,
    #3031,#3032,#3033,#3034,#3035,#3036,#3037,#3038,#3039,#3040,#3041,
    #3042,#3043,#3044,#3045,#3046,#3047,#3048,#3049,#3050,#3051,#3052,
    #3053,#3054,#3055,#3056,#3057),.UNSPECIFIED.,.F.,.F.,(12,10,10,12),(
    -28.51705956025,-28.18153812313,102.59057138913,106.91058276413),
  .UNSPECIFIED.);
#3026 = CARTESIAN_POINT('',(7.370798199099,-63.80357114184));
#3027 = CARTESIAN_POINT('',(7.368966185662,-63.76800796627));
#3028 = CARTESIAN_POINT('',(7.367134172225,-63.73244479071));
#3029 = CARTESIAN_POINT('',(7.365302158788,-63.69688161515));
#3030 = CARTESIAN_POINT('',(7.363470145352,-63.66131843959));
#3031 = CARTESIAN_POINT('',(7.361638131915,-63.62575526403));
#3032 = CARTESIAN_POINT('',(7.359806118478,-63.59019208846));
#3033 = CARTESIAN_POINT('',(7.357974105041,-63.5546289129));
#3034 = CARTESIAN_POINT('',(7.356142091604,-63.51906573734));
#3035 = CARTESIAN_POINT('',(7.354310078167,-63.48350256178));
#3036 = CARTESIAN_POINT('',(7.35247806473,-63.44793938622));
#3037 = CARTESIAN_POINT('',(6.636604457268,-49.55134983608));
#3038 = CARTESIAN_POINT('',(5.624825939198,-36.0554634347));
#3039 = CARTESIAN_POINT('',(4.3149226801,-22.92835872454));
#3040 = CARTESIAN_POINT('',(2.707924966855,-10.17990979718));
#3041 = CARTESIAN_POINT('',(0.802145147256,2.211947095931));
#3042 = CARTESIAN_POINT('',(-1.40112317933,14.220599843681));
#3043 = CARTESIAN_POINT('',(-3.902917066207,25.868663728109));
#3044 = CARTESIAN_POINT('',(-6.702953903478,37.141741821936));
#3045 = CARTESIAN_POINT('',(-9.801512823821,48.046550971271));
#3046 = CARTESIAN_POINT('',(-13.19877149893,58.580883483095));
#3047 = CARTESIAN_POINT('',(-17.0170400585,69.080953656149));
#3048 = CARTESIAN_POINT('',(-17.1415641506,69.423389418568));
#3049 = CARTESIAN_POINT('',(-17.26851073849,69.772486937579));
#3050 = CARTESIAN_POINT('',(-17.39787982217,70.128246213184));
#3051 = CARTESIAN_POINT('',(-17.52967140163,70.490667245382));
#3052 = CARTESIAN_POINT('',(-17.66388547688,70.859750034172));
#3053 = CARTESIAN_POINT('',(-17.80052204791,71.235494579556));
#3054 = CARTESIAN_POINT('',(-17.93958111473,71.617900881532));
#3055 = CARTESIAN_POINT('',(-18.08106267734,72.006968940101));
#3056 = CARTESIAN_POINT('',(-18.22496673573,72.402698755263));
#3057 = CARTESIAN_POINT('',(-18.37129328991,72.805090327018));
#3058 = ( GEOMETRIC_REPRESENTATION_CONTEXT(2) 
PARAMETRIC_REPRESENTATION_CONTEXT() REPRESENTATION_CONTEXT('2D SPACE',''
  ) );
#3059 = PCURVE('',#3060,#3157);
#3060 = ( BOUNDED_SURFACE() B_SPLINE_SURFACE(2,11,(
    (#3061,#3062,#3063,#3064,#3065,#3066,#3067,#3068,#3069,#3070,#3071
      ,#3072,#3073,#3074,#3075,#3076,#3077,#3078,#3079,#3080,#3081,#3082
      ,#3083,#3084,#3085,#3086,#3087,#3088,#3089,#3090,#3091,#3092)
    ,(#3093,#3094,#3095,#3096,#3097,#3098,#3099,#3100,#3101,#3102,#3103
      ,#3104,#3105,#3106,#3107,#3108,#3109,#3110,#3111,#3112,#3113,#3114
      ,#3115,#3116,#3117,#3118,#3119,#3120,#3121,#3122,#3123,#3124)
    ,(#3125,#3126,#3127,#3128,#3129,#3130,#3131,#3132,#3133,#3134,#3135
      ,#3136,#3137,#3138,#3139,#3140,#3141,#3142,#3143,#3144,#3145,#3146
      ,#3147,#3148,#3149,#3150,#3151,#3152,#3153,#3154,#3155,#3156
)),.UNSPECIFIED.,.F.,.F.,.F.) B_SPLINE_SURFACE_WITH_KNOTS((3,3),(12,10,
    10,12),(0.,130.77210951227),(-28.51705956025,-28.18153812313,
    102.59057138913,106.91058276413),.UNSPECIFIED.) 
GEOMETRIC_REPRESENTATION_ITEM() RATIONAL_B_SPLINE_SURFACE((
    (1.,1.,1.,1.,1.,1.,1.,1.,1.,1.,1.,1.,1.,1.,1.,1.,1.,1.,1.,1.,1.,1.
      ,1.,1.,1.,1.,1.,1.,1.,1.,1.,1.)
    ,(0.707106781187,0.707106781187,0.707106781187,0.707106781187
      ,0.707106781187,0.707106781187,0.707106781187,0.707106781187
      ,0.707106781187,0.707106781187,0.707106781187,0.707106781187
      ,0.707106781187,0.707106781187,0.707106781186,0.707106781187
      ,0.707106781186,0.707106781187,0.707106781187,0.707106781187
      ,0.707106781187,0.707106781187,0.707106781187,0.707106781187
      ,0.707106781187,0.707106781187,0.707106781187,0.707106781187
      ,0.707106781187,0.707106781187,0.707106781187,0.707106781187)
    ,(1.,1.,1.,1.,1.,1.,1.,1.,1.,1.,1.,1.,1.,1.,1.,1.,1.,1.,1.,1.,1.,1.
,1.,1.,1.,1.,1.,1.,1.,1.,1.,1.))) REPRESENTATION_ITEM('') SURFACE() );
#3061 = CARTESIAN_POINT('',(77.46942383246,17.741254152706,9.));
#3062 = CARTESIAN_POINT('',(77.467589150273,17.776869441303,9.));
#3063 = CARTESIAN_POINT('',(77.465755004988,17.812474307455,9.));
#3064 = CARTESIAN_POINT('',(77.463921396603,17.848068751163,9.));
#3065 = CARTESIAN_POINT('',(77.462088325119,17.883652772426,9.));
#3066 = CARTESIAN_POINT('',(77.460255790535,17.919226371244,9.));
#3067 = CARTESIAN_POINT('',(77.458423792852,17.954789547617,9.));
#3068 = CARTESIAN_POINT('',(77.45659233207,17.990342301546,9.));
#3069 = CARTESIAN_POINT('',(77.454761408189,18.02588463303,9.));
#3070 = CARTESIAN_POINT('',(77.452931021208,18.06141654207,9.));
#3071 = CARTESIAN_POINT('',(77.451101171128,18.096938028664,9.));
#3072 = CARTESIAN_POINT('',(76.736282710484,31.973164636217,9.));
#3073 = CARTESIAN_POINT('',(75.726080677084,45.447413302472,9.));
#3074 = CARTESIAN_POINT('',(74.418388997227,58.551374699321,
    8.999999999999));
#3075 = CARTESIAN_POINT('',(72.814331690564,71.276047496181,
    9.000000000001));
#3076 = CARTESIAN_POINT('',(70.912178158355,83.64308011794,
    8.999999999998));
#3077 = CARTESIAN_POINT('',(68.713679928876,95.624809561863,
    9.000000000003));
#3078 = CARTESIAN_POINT('',(66.217538088443,107.24584321771,
    8.999999999998));
#3079 = CARTESIAN_POINT('',(63.424520580176,118.48980852204,
    9.000000000002));
#3080 = CARTESIAN_POINT('',(60.334329162607,129.36469690612,
    8.999999999999));
#3081 = CARTESIAN_POINT('',(56.947029676325,139.86786366122,9.));
#3082 = CARTESIAN_POINT('',(53.140842302353,150.33471161702,9.));
#3083 = CARTESIAN_POINT('',(53.016627279671,150.67629746882,9.));
#3084 = CARTESIAN_POINT('',(52.889912495292,151.02475755539,9.));
#3085 = CARTESIAN_POINT('',(52.760697949217,151.38009187673,9.));
#3086 = CARTESIAN_POINT('',(52.628983641446,151.74230043285,9.));
#3087 = CARTESIAN_POINT('',(52.494769571979,152.11138322375,9.));
#3088 = CARTESIAN_POINT('',(52.358055740815,152.48734024941,9.));
#3089 = CARTESIAN_POINT('',(52.218842147955,152.87017150985,9.));
#3090 = CARTESIAN_POINT('',(52.077128793398,153.25987700507,9.));
#3091 = CARTESIAN_POINT('',(51.932915677145,153.65645673505,9.));
#3092 = CARTESIAN_POINT('',(51.786202799196,154.05991069981,9.));
#3093 = CARTESIAN_POINT('',(77.46942383246,17.741254152706,10.));
#3094 = CARTESIAN_POINT('',(77.467589150273,17.776869441303,10.));
#3095 = CARTESIAN_POINT('',(77.465755004988,17.812474307455,10.));
#3096 = CARTESIAN_POINT('',(77.463921396603,17.848068751163,10.));
#3097 = CARTESIAN_POINT('',(77.462088325119,17.883652772426,10.));
#3098 = CARTESIAN_POINT('',(77.460255790535,17.919226371244,10.));
#3099 = CARTESIAN_POINT('',(77.458423792852,17.954789547617,10.));
#3100 = CARTESIAN_POINT('',(77.45659233207,17.990342301546,10.));
#3101 = CARTESIAN_POINT('',(77.454761408189,18.02588463303,10.));
#3102 = CARTESIAN_POINT('',(77.452931021208,18.06141654207,10.));
#3103 = CARTESIAN_POINT('',(77.451101171128,18.096938028664,10.));
#3104 = CARTESIAN_POINT('',(76.736282710484,31.973164636219,10.));
#3105 = CARTESIAN_POINT('',(75.726080677083,45.447413302464,10.));
#3106 = CARTESIAN_POINT('',(74.418388997231,58.55137469934,10.));
#3107 = CARTESIAN_POINT('',(72.814331690553,71.276047496147,10.));
#3108 = CARTESIAN_POINT('',(70.912178158372,83.643080117984,10.));
#3109 = CARTESIAN_POINT('',(68.713679928856,95.624809561819,10.));
#3110 = CARTESIAN_POINT('',(66.217538088461,107.24584321774,10.));
#3111 = CARTESIAN_POINT('',(63.424520580165,118.48980852202,10.));
#3112 = CARTESIAN_POINT('',(60.334329162612,129.36469690613,10.));
#3113 = CARTESIAN_POINT('',(56.947029676323,139.86786366122,10.));
#3114 = CARTESIAN_POINT('',(53.140842302353,150.33471161702,10.));
#3115 = CARTESIAN_POINT('',(53.016627279671,150.67629746882,10.));
#3116 = CARTESIAN_POINT('',(52.889912495292,151.02475755539,10.));
#3117 = CARTESIAN_POINT('',(52.760697949218,151.38009187673,10.));
#3118 = CARTESIAN_POINT('',(52.628983641446,151.74230043285,10.));
#3119 = CARTESIAN_POINT('',(52.494769571979,152.11138322375,10.));
#3120 = CARTESIAN_POINT('',(52.358055740815,152.48734024941,10.));
#3121 = CARTESIAN_POINT('',(52.218842147955,152.87017150985,10.));
#3122 = CARTESIAN_POINT('',(52.077128793399,153.25987700507,10.));
#3123 = CARTESIAN_POINT('',(51.932915677146,153.65645673505,10.));
#3124 = CARTESIAN_POINT('',(51.786202799197,154.05991069981,10.));
#3125 = CARTESIAN_POINT('',(78.468084201873,17.793001747933,10.));
#3126 = CARTESIAN_POINT('',(78.466252188436,17.828564923495,10.));
#3127 = CARTESIAN_POINT('',(78.464420175,17.864128099057,10.));
#3128 = CARTESIAN_POINT('',(78.462588161563,17.899691274619,10.));
#3129 = CARTESIAN_POINT('',(78.460756148126,17.935254450181,10.));
#3130 = CARTESIAN_POINT('',(78.458924134689,17.970817625743,10.));
#3131 = CARTESIAN_POINT('',(78.457092121252,18.006380801305,10.));
#3132 = CARTESIAN_POINT('',(78.455260107815,18.041943976867,10.));
#3133 = CARTESIAN_POINT('',(78.453428094378,18.077507152429,10.));
#3134 = CARTESIAN_POINT('',(78.451596080942,18.113070327991,10.));
#3135 = CARTESIAN_POINT('',(78.449764067505,18.148633503553,10.));
#3136 = CARTESIAN_POINT('',(77.733890460042,32.045223053693,10.));
#3137 = CARTESIAN_POINT('',(76.722111941972,45.541109455069,10.));
#3138 = CARTESIAN_POINT('',(75.412208682875,58.668214165225,
    9.999999999999));
#3139 = CARTESIAN_POINT('',(73.805210969629,71.416663092592,
    10.000000000001));
#3140 = CARTESIAN_POINT('',(71.899431150031,83.808519985705,
    9.999999999998));
#3141 = CARTESIAN_POINT('',(69.696162823445,95.817172733456,
    10.000000000003));
#3142 = CARTESIAN_POINT('',(67.194368936568,107.46523661788,
    9.999999999997));
#3143 = CARTESIAN_POINT('',(64.394332099296,118.73831471171,
    10.000000000002));
#3144 = CARTESIAN_POINT('',(61.295773178953,129.64312386104,
    9.999999999999));
#3145 = CARTESIAN_POINT('',(57.898514503837,140.17745637286,10.));
#3146 = CARTESIAN_POINT('',(54.080245944271,150.67752654592,10.));
#3147 = CARTESIAN_POINT('',(53.955721852168,151.01996230834,10.));
#3148 = CARTESIAN_POINT('',(53.828775264279,151.36905982735,10.));
#3149 = CARTESIAN_POINT('',(53.699406180604,151.72481910295,10.));
#3150 = CARTESIAN_POINT('',(53.567614601142,152.08724013515,10.));
#3151 = CARTESIAN_POINT('',(53.433400525894,152.45632292394,10.));
#3152 = CARTESIAN_POINT('',(53.29676395486,152.83206746933,10.));
#3153 = CARTESIAN_POINT('',(53.157704888039,153.2144737713,10.));
#3154 = CARTESIAN_POINT('',(53.016223325432,153.60354182987,10.));
#3155 = CARTESIAN_POINT('',(52.872319267039,153.99927164503,10.));
#3156 = CARTESIAN_POINT('',(52.725992712859,154.40166321679,10.));
#3157 = DEFINITIONAL_REPRESENTATION('',(#3158),#3162);
#3158 = LINE('',#3159,#3160);
#3159 = CARTESIAN_POINT('',(130.77210951227,0.));
#3160 = VECTOR('',#3161,1.);
#3161 = DIRECTION('',(0.,1.));
#3162 = ( GEOMETRIC_REPRESENTATION_CONTEXT(2) 
PARAMETRIC_REPRESENTATION_CONTEXT() REPRESENTATION_CONTEXT('2D SPACE',''
  ) );
#3163 = ORIENTED_EDGE('',*,*,#3164,.F.);
#3164 = EDGE_CURVE('',#3165,#2987,#3167,.T.);
#3165 = VERTEX_POINT('',#3166);
#3166 = CARTESIAN_POINT('',(75.999999999999,15.799995381995,10.));
#3167 = SURFACE_CURVE('',#3168,(#3172,#3179),.PCURVE_S1.);
#3168 = LINE('',#3169,#3170);
#3169 = CARTESIAN_POINT('',(75.999999999999,15.799995381995,10.));
#3170 = VECTOR('',#3171,1.);
#3171 = DIRECTION('',(-1.443126451704E-06,0.999999999999,0.));
#3172 = PCURVE('',#1910,#3173);
#3173 = DEFINITIONAL_REPRESENTATION('',(#3174),#3178);
#3174 = LINE('',#3175,#3176);
#3175 = CARTESIAN_POINT('',(4.902713997225,-65.79657750777));
#3176 = VECTOR('',#3177,1.);
#3177 = DIRECTION('',(-1.443126451704E-06,0.999999999999));
#3178 = ( GEOMETRIC_REPRESENTATION_CONTEXT(2) 
PARAMETRIC_REPRESENTATION_CONTEXT() REPRESENTATION_CONTEXT('2D SPACE',''
  ) );
#3179 = PCURVE('',#3180,#3185);
#3180 = CYLINDRICAL_SURFACE('',#3181,1.);
#3181 = AXIS2_PLACEMENT_3D('',#3182,#3183,#3184);
#3182 = CARTESIAN_POINT('',(75.999999999999,15.799995381995,9.));
#3183 = DIRECTION('',(-1.443126451704E-06,0.999999999999,0.));
#3184 = DIRECTION('',(0.,0.,1.));
#3185 = DEFINITIONAL_REPRESENTATION('',(#3186),#3190);
#3186 = LINE('',#3187,#3188);
#3187 = CARTESIAN_POINT('',(-0.,0.));
#3188 = VECTOR('',#3189,1.);
#3189 = DIRECTION('',(-0.,1.));
#3190 = ( GEOMETRIC_REPRESENTATION_CONTEXT(2) 
PARAMETRIC_REPRESENTATION_CONTEXT() REPRESENTATION_CONTEXT('2D SPACE',''
  ) );
#3191 = ORIENTED_EDGE('',*,*,#3192,.F.);
#3192 = EDGE_CURVE('',#3193,#3165,#3195,.T.);
#3193 = VERTEX_POINT('',#3194);
#3194 = CARTESIAN_POINT('',(82.399999999928,15.800026644797,10.));
#3195 = SURFACE_CURVE('',#3196,(#3201,#3212),.PCURVE_S1.);
#3196 = CIRCLE('',#3197,3.200000000004);
#3197 = AXIS2_PLACEMENT_3D('',#3198,#3199,#3200);
#3198 = CARTESIAN_POINT('',(79.2,15.8,10.));
#3199 = DIRECTION('',(0.,0.,-1.));
#3200 = DIRECTION('',(0.99999999998,6.343999202358E-06,0.));
#3201 = PCURVE('',#1910,#3202);
#3202 = DEFINITIONAL_REPRESENTATION('',(#3203),#3211);
#3203 = ( BOUNDED_CURVE() B_SPLINE_CURVE(2,(#3204,#3205,#3206,#3207,
#3208,#3209,#3210),.UNSPECIFIED.,.T.,.F.) B_SPLINE_CURVE_WITH_KNOTS((1,2
    ,2,2,2,1),(-2.094395102393,0.,2.094395102393,4.188790204786,
6.28318530718,8.377580409573),.UNSPECIFIED.) CURVE() 
GEOMETRIC_REPRESENTATION_ITEM() RATIONAL_B_SPLINE_CURVE((1.,0.5,1.,0.5,
1.,0.5,1.)) REPRESENTATION_ITEM('') );
#3204 = CARTESIAN_POINT('',(11.302713997166,-65.79655258897));
#3205 = CARTESIAN_POINT('',(11.302749159178,-71.33911517309));
#3206 = CARTESIAN_POINT('',(6.502731578262,-68.56786433223));
#3207 = CARTESIAN_POINT('',(1.702713997346,-65.79661349136));
#3208 = CARTESIAN_POINT('',(6.502696416249,-63.02530174811));
#3209 = CARTESIAN_POINT('',(11.302678835153,-60.25399000486));
#3210 = CARTESIAN_POINT('',(11.302713997166,-65.79655258897));
#3211 = ( GEOMETRIC_REPRESENTATION_CONTEXT(2) 
PARAMETRIC_REPRESENTATION_CONTEXT() REPRESENTATION_CONTEXT('2D SPACE',''
  ) );
#3212 = PCURVE('',#3213,#3218);
#3213 = TOROIDAL_SURFACE('',#3214,3.200000000004,1.);
#3214 = AXIS2_PLACEMENT_3D('',#3215,#3216,#3217);
#3215 = CARTESIAN_POINT('',(79.2,15.8,9.));
#3216 = DIRECTION('',(-0.,-0.,-1.));
#3217 = DIRECTION('',(0.99999999998,6.343999202358E-06,0.));
#3218 = DEFINITIONAL_REPRESENTATION('',(#3219),#3223);
#3219 = LINE('',#3220,#3221);
#3220 = CARTESIAN_POINT('',(0.,4.712388980385));
#3221 = VECTOR('',#3222,1.);
#3222 = DIRECTION('',(1.,0.));
#3223 = ( GEOMETRIC_REPRESENTATION_CONTEXT(2) 
PARAMETRIC_REPRESENTATION_CONTEXT() REPRESENTATION_CONTEXT('2D SPACE',''
  ) );
#3224 = ORIENTED_EDGE('',*,*,#3225,.F.);
#3225 = EDGE_CURVE('',#3226,#3193,#3228,.T.);
#3226 = VERTEX_POINT('',#3227);
#3227 = CARTESIAN_POINT('',(82.399999999928,50.,10.));
#3228 = SURFACE_CURVE('',#3229,(#3233,#3240),.PCURVE_S1.);
#3229 = LINE('',#3230,#3231);
#3230 = CARTESIAN_POINT('',(82.399999999928,49.,10.));
#3231 = VECTOR('',#3232,1.);
#3232 = DIRECTION('',(0.,-1.,0.));
#3233 = PCURVE('',#1910,#3234);
#3234 = DEFINITIONAL_REPRESENTATION('',(#3235),#3239);
#3235 = LINE('',#3236,#3237);
#3236 = CARTESIAN_POINT('',(11.302713997154,-32.59657288977));
#3237 = VECTOR('',#3238,1.);
#3238 = DIRECTION('',(0.,-1.));
#3239 = ( GEOMETRIC_REPRESENTATION_CONTEXT(2) 
PARAMETRIC_REPRESENTATION_CONTEXT() REPRESENTATION_CONTEXT('2D SPACE',''
  ) );
#3240 = PCURVE('',#3241,#3246);
#3241 = CYLINDRICAL_SURFACE('',#3242,1.);
#3242 = AXIS2_PLACEMENT_3D('',#3243,#3244,#3245);
#3243 = CARTESIAN_POINT('',(82.399999999928,49.,9.));
#3244 = DIRECTION('',(0.,-1.,0.));
#3245 = DIRECTION('',(0.,0.,1.));
#3246 = DEFINITIONAL_REPRESENTATION('',(#3247),#3251);
#3247 = LINE('',#3248,#3249);
#3248 = CARTESIAN_POINT('',(-0.,0.));
#3249 = VECTOR('',#3250,1.);
#3250 = DIRECTION('',(-0.,1.));
#3251 = ( GEOMETRIC_REPRESENTATION_CONTEXT(2) 
PARAMETRIC_REPRESENTATION_CONTEXT() REPRESENTATION_CONTEXT('2D SPACE',''
  ) );
#3252 = ORIENTED_EDGE('',*,*,#3253,.F.);
#3253 = EDGE_CURVE('',#1929,#3226,#3254,.T.);
#3254 = SURFACE_CURVE('',#3255,(#3259,#3266),.PCURVE_S1.);
#3255 = LINE('',#3256,#3257);
#3256 = CARTESIAN_POINT('',(74.999950645067,50.,10.));
#3257 = VECTOR('',#3258,1.);
#3258 = DIRECTION('',(1.,0.,0.));
#3259 = PCURVE('',#1910,#3260);
#3260 = DEFINITIONAL_REPRESENTATION('',(#3261),#3265);
#3261 = LINE('',#3262,#3263);
#3262 = CARTESIAN_POINT('',(3.902664642292,-31.59657288977));
#3263 = VECTOR('',#3264,1.);
#3264 = DIRECTION('',(1.,0.));
#3265 = ( GEOMETRIC_REPRESENTATION_CONTEXT(2) 
PARAMETRIC_REPRESENTATION_CONTEXT() REPRESENTATION_CONTEXT('2D SPACE',''
  ) );
#3266 = PCURVE('',#1975,#3267);
#3267 = DEFINITIONAL_REPRESENTATION('',(#3268),#3272);
#3268 = LINE('',#3269,#3270);
#3269 = CARTESIAN_POINT('',(4.999993294196,-4.200031383262));
#3270 = VECTOR('',#3271,1.);
#3271 = DIRECTION('',(0.,1.));
#3272 = ( GEOMETRIC_REPRESENTATION_CONTEXT(2) 
PARAMETRIC_REPRESENTATION_CONTEXT() REPRESENTATION_CONTEXT('2D SPACE',''
  ) );
#3273 = ORIENTED_EDGE('',*,*,#1928,.F.);
#3274 = FACE_BOUND('',#3275,.T.);
#3275 = EDGE_LOOP('',(#3276));
#3276 = ORIENTED_EDGE('',*,*,#3277,.F.);
#3277 = EDGE_CURVE('',#3278,#3278,#3280,.T.);
#3278 = VERTEX_POINT('',#3279);
#3279 = CARTESIAN_POINT('',(81.7,15.8,10.));
#3280 = SURFACE_CURVE('',#3281,(#3286,#3293),.PCURVE_S1.);
#3281 = CIRCLE('',#3282,2.5);
#3282 = AXIS2_PLACEMENT_3D('',#3283,#3284,#3285);
#3283 = CARTESIAN_POINT('',(79.2,15.8,10.));
#3284 = DIRECTION('',(0.,0.,1.));
#3285 = DIRECTION('',(1.,0.,0.));
#3286 = PCURVE('',#1910,#3287);
#3287 = DEFINITIONAL_REPRESENTATION('',(#3288),#3292);
#3288 = CIRCLE('',#3289,2.5);
#3289 = AXIS2_PLACEMENT_2D('',#3290,#3291);
#3290 = CARTESIAN_POINT('',(8.102713997226,-65.79657288977));
#3291 = DIRECTION('',(1.,0.));
#3292 = ( GEOMETRIC_REPRESENTATION_CONTEXT(2) 
PARAMETRIC_REPRESENTATION_CONTEXT() REPRESENTATION_CONTEXT('2D SPACE',''
  ) );
#3293 = PCURVE('',#3294,#3299);
#3294 = CYLINDRICAL_SURFACE('',#3295,2.5);
#3295 = AXIS2_PLACEMENT_3D('',#3296,#3297,#3298);
#3296 = CARTESIAN_POINT('',(79.2,15.8,5.));
#3297 = DIRECTION('',(-0.,-0.,-1.));
#3298 = DIRECTION('',(1.,0.,0.));
#3299 = DEFINITIONAL_REPRESENTATION('',(#3300),#3304);
#3300 = LINE('',#3301,#3302);
#3301 = CARTESIAN_POINT('',(-0.,-5.));
#3302 = VECTOR('',#3303,1.);
#3303 = DIRECTION('',(-1.,0.));
#3304 = ( GEOMETRIC_REPRESENTATION_CONTEXT(2) 
PARAMETRIC_REPRESENTATION_CONTEXT() REPRESENTATION_CONTEXT('2D SPACE',''
  ) );
#3305 = ADVANCED_FACE('',(#3306),#2009,.T.);
#3306 = FACE_BOUND('',#3307,.T.);
#3307 = EDGE_LOOP('',(#3308,#3309,#3310,#3333,#3361,#3394,#3422,#3455,
    #3483,#3661,#3687));
#3308 = ORIENTED_EDGE('',*,*,#2023,.F.);
#3309 = ORIENTED_EDGE('',*,*,#1989,.T.);
#3310 = ORIENTED_EDGE('',*,*,#3311,.F.);
#3311 = EDGE_CURVE('',#3312,#1958,#3314,.T.);
#3312 = VERTEX_POINT('',#3313);
#3313 = CARTESIAN_POINT('',(82.399999999989,50.00000000003,
    -3.552713678801E-15));
#3314 = SURFACE_CURVE('',#3315,(#3319,#3326),.PCURVE_S1.);
#3315 = LINE('',#3316,#3317);
#3316 = CARTESIAN_POINT('',(83.4,50.,-3.552713678801E-15));
#3317 = VECTOR('',#3318,1.);
#3318 = DIRECTION('',(-1.,0.,0.));
#3319 = PCURVE('',#2009,#3320);
#3320 = DEFINITIONAL_REPRESENTATION('',(#3321),#3325);
#3321 = LINE('',#3322,#3323);
#3322 = CARTESIAN_POINT('',(-12.74381695497,-35.31561001012));
#3323 = VECTOR('',#3324,1.);
#3324 = DIRECTION('',(1.,0.));
#3325 = ( GEOMETRIC_REPRESENTATION_CONTEXT(2) 
PARAMETRIC_REPRESENTATION_CONTEXT() REPRESENTATION_CONTEXT('2D SPACE',''
  ) );
#3326 = PCURVE('',#1975,#3327);
#3327 = DEFINITIONAL_REPRESENTATION('',(#3328),#3332);
#3328 = LINE('',#3329,#3330);
#3329 = CARTESIAN_POINT('',(-5.000006705804,4.200017971671));
#3330 = VECTOR('',#3331,1.);
#3331 = DIRECTION('',(0.,-1.));
#3332 = ( GEOMETRIC_REPRESENTATION_CONTEXT(2) 
PARAMETRIC_REPRESENTATION_CONTEXT() REPRESENTATION_CONTEXT('2D SPACE',''
  ) );
#3333 = ORIENTED_EDGE('',*,*,#3334,.F.);
#3334 = EDGE_CURVE('',#3335,#3312,#3337,.T.);
#3335 = VERTEX_POINT('',#3336);
#3336 = CARTESIAN_POINT('',(82.399999999957,23.,-3.552713678801E-15));
#3337 = SURFACE_CURVE('',#3338,(#3342,#3349),.PCURVE_S1.);
#3338 = LINE('',#3339,#3340);
#3339 = CARTESIAN_POINT('',(82.399999999989,23.,-3.552713678801E-15));
#3340 = VECTOR('',#3341,1.);
#3341 = DIRECTION('',(0.,1.,0.));
#3342 = PCURVE('',#2009,#3343);
#3343 = DEFINITIONAL_REPRESENTATION('',(#3344),#3348);
#3344 = LINE('',#3345,#3346);
#3345 = CARTESIAN_POINT('',(-11.74381695495,-62.31561001012));
#3346 = VECTOR('',#3347,1.);
#3347 = DIRECTION('',(0.,1.));
#3348 = ( GEOMETRIC_REPRESENTATION_CONTEXT(2) 
PARAMETRIC_REPRESENTATION_CONTEXT() REPRESENTATION_CONTEXT('2D SPACE',''
  ) );
#3349 = PCURVE('',#3350,#3355);
#3350 = CYLINDRICAL_SURFACE('',#3351,1.);
#3351 = AXIS2_PLACEMENT_3D('',#3352,#3353,#3354);
#3352 = CARTESIAN_POINT('',(82.399999999989,23.,1.));
#3353 = DIRECTION('',(0.,1.,0.));
#3354 = DIRECTION('',(0.,0.,-1.));
#3355 = DEFINITIONAL_REPRESENTATION('',(#3356),#3360);
#3356 = LINE('',#3357,#3358);
#3357 = CARTESIAN_POINT('',(-0.,0.));
#3358 = VECTOR('',#3359,1.);
#3359 = DIRECTION('',(-0.,1.));
#3360 = ( GEOMETRIC_REPRESENTATION_CONTEXT(2) 
PARAMETRIC_REPRESENTATION_CONTEXT() REPRESENTATION_CONTEXT('2D SPACE',''
  ) );
#3361 = ORIENTED_EDGE('',*,*,#3362,.F.);
#3362 = EDGE_CURVE('',#3363,#3335,#3365,.T.);
#3363 = VERTEX_POINT('',#3364);
#3364 = CARTESIAN_POINT('',(80.399999999957,21.,-3.774758283726E-15));
#3365 = SURFACE_CURVE('',#3366,(#3371,#3382),.PCURVE_S1.);
#3366 = CIRCLE('',#3367,2.);
#3367 = AXIS2_PLACEMENT_3D('',#3368,#3369,#3370);
#3368 = CARTESIAN_POINT('',(80.399999999957,23.,-3.552713678801E-15));
#3369 = DIRECTION('',(-0.,0.,1.));
#3370 = DIRECTION('',(0.,-1.,0.));
#3371 = PCURVE('',#2009,#3372);
#3372 = DEFINITIONAL_REPRESENTATION('',(#3373),#3381);
#3373 = ( BOUNDED_CURVE() B_SPLINE_CURVE(2,(#3374,#3375,#3376,#3377,
#3378,#3379,#3380),.UNSPECIFIED.,.T.,.F.) B_SPLINE_CURVE_WITH_KNOTS((1,2
    ,2,2,2,1),(-2.094395102393,0.,2.094395102393,4.188790204786,
6.28318530718,8.377580409573),.UNSPECIFIED.) CURVE() 
GEOMETRIC_REPRESENTATION_ITEM() RATIONAL_B_SPLINE_CURVE((1.,0.5,1.,0.5,
1.,0.5,1.)) REPRESENTATION_ITEM('') );
#3374 = CARTESIAN_POINT('',(-9.743816954927,-64.31561001012));
#3375 = CARTESIAN_POINT('',(-13.20791857006,-64.31561001012));
#3376 = CARTESIAN_POINT('',(-11.47586776249,-61.31561001012));
#3377 = CARTESIAN_POINT('',(-9.743816954927,-58.31561001012));
#3378 = CARTESIAN_POINT('',(-8.011766147358,-61.31561001012));
#3379 = CARTESIAN_POINT('',(-6.279715339789,-64.31561001012));
#3380 = CARTESIAN_POINT('',(-9.743816954927,-64.31561001012));
#3381 = ( GEOMETRIC_REPRESENTATION_CONTEXT(2) 
PARAMETRIC_REPRESENTATION_CONTEXT() REPRESENTATION_CONTEXT('2D SPACE',''
  ) );
#3382 = PCURVE('',#3383,#3388);
#3383 = TOROIDAL_SURFACE('',#3384,2.,1.);
#3384 = AXIS2_PLACEMENT_3D('',#3385,#3386,#3387);
#3385 = CARTESIAN_POINT('',(80.399999999957,23.,1.));
#3386 = DIRECTION('',(0.,0.,1.));
#3387 = DIRECTION('',(0.,-1.,0.));
#3388 = DEFINITIONAL_REPRESENTATION('',(#3389),#3393);
#3389 = LINE('',#3390,#3391);
#3390 = CARTESIAN_POINT('',(0.,4.712388980385));
#3391 = VECTOR('',#3392,1.);
#3392 = DIRECTION('',(1.,0.));
#3393 = ( GEOMETRIC_REPRESENTATION_CONTEXT(2) 
PARAMETRIC_REPRESENTATION_CONTEXT() REPRESENTATION_CONTEXT('2D SPACE',''
  ) );
#3394 = ORIENTED_EDGE('',*,*,#3395,.F.);
#3395 = EDGE_CURVE('',#3396,#3363,#3398,.T.);
#3396 = VERTEX_POINT('',#3397);
#3397 = CARTESIAN_POINT('',(78.,21.,-3.552713678801E-15));
#3398 = SURFACE_CURVE('',#3399,(#3403,#3410),.PCURVE_S1.);
#3399 = LINE('',#3400,#3401);
#3400 = CARTESIAN_POINT('',(78.,21.,-3.774758283726E-15));
#3401 = VECTOR('',#3402,1.);
#3402 = DIRECTION('',(1.,0.,0.));
#3403 = PCURVE('',#2009,#3404);
#3404 = DEFINITIONAL_REPRESENTATION('',(#3405),#3409);
#3405 = LINE('',#3406,#3407);
#3406 = CARTESIAN_POINT('',(-7.34381695497,-64.31561001012));
#3407 = VECTOR('',#3408,1.);
#3408 = DIRECTION('',(-1.,0.));
#3409 = ( GEOMETRIC_REPRESENTATION_CONTEXT(2) 
PARAMETRIC_REPRESENTATION_CONTEXT() REPRESENTATION_CONTEXT('2D SPACE',''
  ) );
#3410 = PCURVE('',#3411,#3416);
#3411 = CYLINDRICAL_SURFACE('',#3412,1.);
#3412 = AXIS2_PLACEMENT_3D('',#3413,#3414,#3415);
#3413 = CARTESIAN_POINT('',(78.,21.,1.));
#3414 = DIRECTION('',(1.,0.,0.));
#3415 = DIRECTION('',(0.,0.,-1.));
#3416 = DEFINITIONAL_REPRESENTATION('',(#3417),#3421);
#3417 = LINE('',#3418,#3419);
#3418 = CARTESIAN_POINT('',(-0.,0.));
#3419 = VECTOR('',#3420,1.);
#3420 = DIRECTION('',(-0.,1.));
#3421 = ( GEOMETRIC_REPRESENTATION_CONTEXT(2) 
PARAMETRIC_REPRESENTATION_CONTEXT() REPRESENTATION_CONTEXT('2D SPACE',''
  ) );
#3422 = ORIENTED_EDGE('',*,*,#3423,.F.);
#3423 = EDGE_CURVE('',#3424,#3396,#3426,.T.);
#3424 = VERTEX_POINT('',#3425);
#3425 = CARTESIAN_POINT('',(76.,23.,-3.774758283726E-15));
#3426 = SURFACE_CURVE('',#3427,(#3432,#3443),.PCURVE_S1.);
#3427 = CIRCLE('',#3428,2.);
#3428 = AXIS2_PLACEMENT_3D('',#3429,#3430,#3431);
#3429 = CARTESIAN_POINT('',(78.,23.,-3.552713678801E-15));
#3430 = DIRECTION('',(0.,-0.,1.));
#3431 = DIRECTION('',(-1.,0.,0.));
#3432 = PCURVE('',#2009,#3433);
#3433 = DEFINITIONAL_REPRESENTATION('',(#3434),#3442);
#3434 = ( BOUNDED_CURVE() B_SPLINE_CURVE(2,(#3435,#3436,#3437,#3438,
#3439,#3440,#3441),.UNSPECIFIED.,.T.,.F.) B_SPLINE_CURVE_WITH_KNOTS((1,2
    ,2,2,2,1),(-2.094395102393,0.,2.094395102393,4.188790204786,
6.28318530718,8.377580409573),.UNSPECIFIED.) CURVE() 
GEOMETRIC_REPRESENTATION_ITEM() RATIONAL_B_SPLINE_CURVE((1.,0.5,1.,0.5,
1.,0.5,1.)) REPRESENTATION_ITEM('') );
#3435 = CARTESIAN_POINT('',(-5.34381695497,-62.31561001012));
#3436 = CARTESIAN_POINT('',(-5.34381695497,-65.77971162526));
#3437 = CARTESIAN_POINT('',(-8.34381695497,-64.04766081769));
#3438 = CARTESIAN_POINT('',(-11.34381695497,-62.31561001012));
#3439 = CARTESIAN_POINT('',(-8.34381695497,-60.58355920256));
#3440 = CARTESIAN_POINT('',(-5.34381695497,-58.85150839499));
#3441 = CARTESIAN_POINT('',(-5.34381695497,-62.31561001012));
#3442 = ( GEOMETRIC_REPRESENTATION_CONTEXT(2) 
PARAMETRIC_REPRESENTATION_CONTEXT() REPRESENTATION_CONTEXT('2D SPACE',''
  ) );
#3443 = PCURVE('',#3444,#3449);
#3444 = TOROIDAL_SURFACE('',#3445,2.,1.);
#3445 = AXIS2_PLACEMENT_3D('',#3446,#3447,#3448);
#3446 = CARTESIAN_POINT('',(78.,23.,1.));
#3447 = DIRECTION('',(0.,0.,1.));
#3448 = DIRECTION('',(-1.,0.,0.));
#3449 = DEFINITIONAL_REPRESENTATION('',(#3450),#3454);
#3450 = LINE('',#3451,#3452);
#3451 = CARTESIAN_POINT('',(0.,4.712388980385));
#3452 = VECTOR('',#3453,1.);
#3453 = DIRECTION('',(1.,0.));
#3454 = ( GEOMETRIC_REPRESENTATION_CONTEXT(2) 
PARAMETRIC_REPRESENTATION_CONTEXT() REPRESENTATION_CONTEXT('2D SPACE',''
  ) );
#3455 = ORIENTED_EDGE('',*,*,#3456,.F.);
#3456 = EDGE_CURVE('',#3457,#3424,#3459,.T.);
#3457 = VERTEX_POINT('',#3458);
#3458 = CARTESIAN_POINT('',(76.,50.051242789679,-3.608224830032E-15));
#3459 = SURFACE_CURVE('',#3460,(#3464,#3471),.PCURVE_S1.);
#3460 = LINE('',#3461,#3462);
#3461 = CARTESIAN_POINT('',(76.,50.,-3.774758283726E-15));
#3462 = VECTOR('',#3463,1.);
#3463 = DIRECTION('',(0.,-1.,0.));
#3464 = PCURVE('',#2009,#3465);
#3465 = DEFINITIONAL_REPRESENTATION('',(#3466),#3470);
#3466 = LINE('',#3467,#3468);
#3467 = CARTESIAN_POINT('',(-5.34381695497,-35.31561001012));
#3468 = VECTOR('',#3469,1.);
#3469 = DIRECTION('',(0.,-1.));
#3470 = ( GEOMETRIC_REPRESENTATION_CONTEXT(2) 
PARAMETRIC_REPRESENTATION_CONTEXT() REPRESENTATION_CONTEXT('2D SPACE',''
  ) );
#3471 = PCURVE('',#3472,#3477);
#3472 = CYLINDRICAL_SURFACE('',#3473,1.);
#3473 = AXIS2_PLACEMENT_3D('',#3474,#3475,#3476);
#3474 = CARTESIAN_POINT('',(76.,50.,1.));
#3475 = DIRECTION('',(0.,-1.,0.));
#3476 = DIRECTION('',(0.,0.,-1.));
#3477 = DEFINITIONAL_REPRESENTATION('',(#3478),#3482);
#3478 = LINE('',#3479,#3480);
#3479 = CARTESIAN_POINT('',(-0.,0.));
#3480 = VECTOR('',#3481,1.);
#3481 = DIRECTION('',(-0.,1.));
#3482 = ( GEOMETRIC_REPRESENTATION_CONTEXT(2) 
PARAMETRIC_REPRESENTATION_CONTEXT() REPRESENTATION_CONTEXT('2D SPACE',''
  ) );
#3483 = ORIENTED_EDGE('',*,*,#3484,.T.);
#3484 = EDGE_CURVE('',#3457,#3485,#3487,.T.);
#3485 = VERTEX_POINT('',#3486);
#3486 = CARTESIAN_POINT('',(54.554963942197,149.36710663138,
    -3.552713678801E-15));
#3487 = SURFACE_CURVE('',#3488,(#3521,#3557),.PCURVE_S1.);
#3488 = B_SPLINE_CURVE_WITH_KNOTS('',11,(#3489,#3490,#3491,#3492,#3493,
    #3494,#3495,#3496,#3497,#3498,#3499,#3500,#3501,#3502,#3503,#3504,
    #3505,#3506,#3507,#3508,#3509,#3510,#3511,#3512,#3513,#3514,#3515,
    #3516,#3517,#3518,#3519,#3520),.UNSPECIFIED.,.F.,.F.,(12,10,10,12),(
    -28.29832662635,-26.62170280596,102.59057138913,106.91058276413),
  .UNSPECIFIED.);
#3489 = CARTESIAN_POINT('',(78.457625629136,18.051316184444,
    -3.552713678801E-15));
#3490 = CARTESIAN_POINT('',(78.448015563606,18.228469258586,
    -3.552713678801E-15));
#3491 = CARTESIAN_POINT('',(78.438405498076,18.405622332727,
    -3.552713678801E-15));
#3492 = CARTESIAN_POINT('',(78.428795432546,18.582775406869,
    -3.552713678801E-15));
#3493 = CARTESIAN_POINT('',(78.419185367016,18.75992848101,
    -3.552713678801E-15));
#3494 = CARTESIAN_POINT('',(78.409575301486,18.937081555151,
    -3.552713678801E-15));
#3495 = CARTESIAN_POINT('',(78.399965235956,19.114234629293,
    -3.552713678801E-15));
#3496 = CARTESIAN_POINT('',(78.390355170427,19.291387703434,
    -3.552713678801E-15));
#3497 = CARTESIAN_POINT('',(78.380745104897,19.468540777576,
    -3.552713678801E-15));
#3498 = CARTESIAN_POINT('',(78.371135039367,19.645693851717,
    -3.552713678801E-15));
#3499 = CARTESIAN_POINT('',(78.361524973837,19.822846925859,
    -3.552713678801E-15));
#3500 = CARTESIAN_POINT('',(77.611296525588,33.652646056998,
    -3.5527136788E-15));
#3501 = CARTESIAN_POINT('',(76.579981557505,46.948307458245,
    -3.552713678801E-15));
#3502 = CARTESIAN_POINT('',(75.257640768169,59.883502615158,
    -3.5527136788E-15));
#3503 = CARTESIAN_POINT('',(73.645259313098,72.449793147962,
    -3.552713678801E-15));
#3504 = CARTESIAN_POINT('',(71.741037412733,84.667646726268,
    -3.552713678801E-15));
#3505 = CARTESIAN_POINT('',(69.546595604625,96.510932529008,
    -3.5527136788E-15));
#3506 = CARTESIAN_POINT('',(67.060484504308,108.00299788457,
    -3.552713678801E-15));
#3507 = CARTESIAN_POINT('',(64.283339335434,119.12829353199,
    -3.5527136788E-15));
#3508 = CARTESIAN_POINT('',(61.214684206948,129.89438934555,
    -3.552713678801E-15));
#3509 = CARTESIAN_POINT('',(57.854427031446,140.29869497791,
    -3.5527136788E-15));
#3510 = CARTESIAN_POINT('',(54.080245944271,150.67752654592,
    -3.552713678801E-15));
#3511 = CARTESIAN_POINT('',(53.955721852168,151.01996230834,
    -3.552713678801E-15));
#3512 = CARTESIAN_POINT('',(53.828775264279,151.36905982735,
    -3.552713678801E-15));
#3513 = CARTESIAN_POINT('',(53.699406180604,151.72481910295,
    -3.552713678801E-15));
#3514 = CARTESIAN_POINT('',(53.567614601142,152.08724013515,
    -3.552713678801E-15));
#3515 = CARTESIAN_POINT('',(53.433400525894,152.45632292394,
    -3.552713678801E-15));
#3516 = CARTESIAN_POINT('',(53.29676395486,152.83206746933,
    -3.552713678801E-15));
#3517 = CARTESIAN_POINT('',(53.15770488804,153.2144737713,
    -3.552713678801E-15));
#3518 = CARTESIAN_POINT('',(53.016223325433,153.60354182987,
    -3.552713678801E-15));
#3519 = CARTESIAN_POINT('',(52.87231926704,153.99927164503,
    -3.552713678801E-15));
#3520 = CARTESIAN_POINT('',(52.72599271286,154.40166321679,
    -3.552713678801E-15));
#3521 = PCURVE('',#2009,#3522);
#3522 = DEFINITIONAL_REPRESENTATION('',(#3523),#3556);
#3523 = B_SPLINE_CURVE_WITH_KNOTS('',11,(#3524,#3525,#3526,#3527,#3528,
    #3529,#3530,#3531,#3532,#3533,#3534,#3535,#3536,#3537,#3538,#3539,
    #3540,#3541,#3542,#3543,#3544,#3545,#3546,#3547,#3548,#3549,#3550,
    #3551,#3552,#3553,#3554,#3555),.UNSPECIFIED.,.F.,.F.,(12,10,10,12),(
    -28.29832662635,-26.62170280596,102.59057138913,106.91058276413),
  .UNSPECIFIED.);
#3524 = CARTESIAN_POINT('',(-7.801442584106,-67.26429382568));
#3525 = CARTESIAN_POINT('',(-7.791832518576,-67.08714075154));
#3526 = CARTESIAN_POINT('',(-7.782222453046,-66.9099876774));
#3527 = CARTESIAN_POINT('',(-7.772612387517,-66.73283460326));
#3528 = CARTESIAN_POINT('',(-7.763002321987,-66.55568152911));
#3529 = CARTESIAN_POINT('',(-7.753392256457,-66.37852845497));
#3530 = CARTESIAN_POINT('',(-7.743782190927,-66.20137538083));
#3531 = CARTESIAN_POINT('',(-7.734172125397,-66.02422230669));
#3532 = CARTESIAN_POINT('',(-7.724562059867,-65.84706923255));
#3533 = CARTESIAN_POINT('',(-7.714951994337,-65.66991615841));
#3534 = CARTESIAN_POINT('',(-7.705341928807,-65.49276308427));
#3535 = CARTESIAN_POINT('',(-6.955113480558,-51.66296395313));
#3536 = CARTESIAN_POINT('',(-5.923798512476,-38.36730255188));
#3537 = CARTESIAN_POINT('',(-4.60145772314,-25.43210739497));
#3538 = CARTESIAN_POINT('',(-2.989076268069,-12.86581686216));
#3539 = CARTESIAN_POINT('',(-1.084854367703,-0.647963283861));
#3540 = CARTESIAN_POINT('',(1.109587440405,11.195322518879));
#3541 = CARTESIAN_POINT('',(3.595698540721,22.68738787445));
#3542 = CARTESIAN_POINT('',(6.372843709596,33.812683521869));
#3543 = CARTESIAN_POINT('',(9.441498838082,44.578779335422));
#3544 = CARTESIAN_POINT('',(12.801756013584,54.983084967781));
#3545 = CARTESIAN_POINT('',(16.575937100758,65.361916535794));
#3546 = CARTESIAN_POINT('',(16.700461192861,65.704352298213));
#3547 = CARTESIAN_POINT('',(16.82740778075,66.053449817225));
#3548 = CARTESIAN_POINT('',(16.956776864426,66.40920909283));
#3549 = CARTESIAN_POINT('',(17.088568443887,66.771630125027));
#3550 = CARTESIAN_POINT('',(17.222782519135,67.140712913818));
#3551 = CARTESIAN_POINT('',(17.359419090169,67.516457459201));
#3552 = CARTESIAN_POINT('',(17.49847815699,67.898863761178));
#3553 = CARTESIAN_POINT('',(17.639959719597,68.287931819747));
#3554 = CARTESIAN_POINT('',(17.78386377799,68.683661634909));
#3555 = CARTESIAN_POINT('',(17.930190332169,69.086053206664));
#3556 = ( GEOMETRIC_REPRESENTATION_CONTEXT(2) 
PARAMETRIC_REPRESENTATION_CONTEXT() REPRESENTATION_CONTEXT('2D SPACE',''
  ) );
#3557 = PCURVE('',#3558,#3655);
#3558 = ( BOUNDED_SURFACE() B_SPLINE_SURFACE(2,11,(
    (#3559,#3560,#3561,#3562,#3563,#3564,#3565,#3566,#3567,#3568,#3569
      ,#3570,#3571,#3572,#3573,#3574,#3575,#3576,#3577,#3578,#3579,#3580
      ,#3581,#3582,#3583,#3584,#3585,#3586,#3587,#3588,#3589,#3590)
    ,(#3591,#3592,#3593,#3594,#3595,#3596,#3597,#3598,#3599,#3600,#3601
      ,#3602,#3603,#3604,#3605,#3606,#3607,#3608,#3609,#3610,#3611,#3612
      ,#3613,#3614,#3615,#3616,#3617,#3618,#3619,#3620,#3621,#3622)
    ,(#3623,#3624,#3625,#3626,#3627,#3628,#3629,#3630,#3631,#3632,#3633
      ,#3634,#3635,#3636,#3637,#3638,#3639,#3640,#3641,#3642,#3643,#3644
      ,#3645,#3646,#3647,#3648,#3649,#3650,#3651,#3652,#3653,#3654
)),.UNSPECIFIED.,.F.,.F.,.F.) B_SPLINE_SURFACE_WITH_KNOTS((3,3),(12,10,
    10,12),(0.,129.2122741951),(-28.29832662635,-26.62170280596,
    102.59057138913,106.91058276413),.UNSPECIFIED.) 
GEOMETRIC_REPRESENTATION_ITEM() RATIONAL_B_SPLINE_SURFACE((
    (1.,1.,1.,1.,1.,1.,1.,1.,1.,1.,1.,1.,1.,1.,1.,1.,1.,1.,1.,1.,1.,1.
      ,1.,1.,1.,1.,1.,1.,1.,1.,1.,1.)
    ,(0.707106781187,0.707106781187,0.707106781187,0.707106781187
      ,0.707106781187,0.707106781187,0.707106781187,0.707106781187
      ,0.707106781187,0.707106781187,0.707106781187,0.707106781187
      ,0.707106781187,0.707106781187,0.707106781187,0.707106781187
      ,0.707106781186,0.707106781187,0.707106781186,0.707106781187
      ,0.707106781187,0.707106781187,0.707106781187,0.707106781187
      ,0.707106781187,0.707106781187,0.707106781187,0.707106781187
      ,0.707106781187,0.707106781187,0.707106781187,0.707106781187)
    ,(1.,1.,1.,1.,1.,1.,1.,1.,1.,1.,1.,1.,1.,1.,1.,1.,1.,1.,1.,1.,1.,1.
,1.,1.,1.,1.,1.,1.,1.,1.,1.,1.))) REPRESENTATION_ITEM('') SURFACE() );
#3559 = CARTESIAN_POINT('',(78.457625629136,18.051316184444,
    -3.552713678801E-15));
#3560 = CARTESIAN_POINT('',(78.448015563606,18.228469258586,
    -3.552713678801E-15));
#3561 = CARTESIAN_POINT('',(78.438405498076,18.405622332727,
    -3.552713678801E-15));
#3562 = CARTESIAN_POINT('',(78.428795432546,18.582775406869,
    -3.552713678801E-15));
#3563 = CARTESIAN_POINT('',(78.419185367016,18.75992848101,
    -3.552713678801E-15));
#3564 = CARTESIAN_POINT('',(78.409575301486,18.937081555151,
    -3.552713678801E-15));
#3565 = CARTESIAN_POINT('',(78.399965235956,19.114234629293,
    -3.552713678801E-15));
#3566 = CARTESIAN_POINT('',(78.390355170427,19.291387703434,
    -3.552713678801E-15));
#3567 = CARTESIAN_POINT('',(78.380745104897,19.468540777576,
    -3.552713678801E-15));
#3568 = CARTESIAN_POINT('',(78.371135039367,19.645693851717,
    -3.552713678801E-15));
#3569 = CARTESIAN_POINT('',(78.361524973837,19.822846925859,
    -3.552713678801E-15));
#3570 = CARTESIAN_POINT('',(77.611296525588,33.652646056998,
    -3.5527136788E-15));
#3571 = CARTESIAN_POINT('',(76.579981557505,46.948307458245,
    -3.552713678801E-15));
#3572 = CARTESIAN_POINT('',(75.257640768169,59.883502615158,
    -3.5527136788E-15));
#3573 = CARTESIAN_POINT('',(73.645259313098,72.449793147962,
    -3.552713678801E-15));
#3574 = CARTESIAN_POINT('',(71.741037412733,84.667646726268,
    -3.552713678801E-15));
#3575 = CARTESIAN_POINT('',(69.546595604625,96.510932529008,
    -3.5527136788E-15));
#3576 = CARTESIAN_POINT('',(67.060484504308,108.00299788457,
    -3.552713678801E-15));
#3577 = CARTESIAN_POINT('',(64.283339335434,119.12829353199,
    -3.5527136788E-15));
#3578 = CARTESIAN_POINT('',(61.214684206948,129.89438934555,
    -3.552713678801E-15));
#3579 = CARTESIAN_POINT('',(57.854427031446,140.29869497791,
    -3.5527136788E-15));
#3580 = CARTESIAN_POINT('',(54.080245944271,150.67752654592,
    -3.552713678801E-15));
#3581 = CARTESIAN_POINT('',(53.955721852168,151.01996230834,
    -3.552713678801E-15));
#3582 = CARTESIAN_POINT('',(53.828775264279,151.36905982735,
    -3.552713678801E-15));
#3583 = CARTESIAN_POINT('',(53.699406180604,151.72481910295,
    -3.552713678801E-15));
#3584 = CARTESIAN_POINT('',(53.567614601142,152.08724013515,
    -3.552713678801E-15));
#3585 = CARTESIAN_POINT('',(53.433400525894,152.45632292394,
    -3.552713678801E-15));
#3586 = CARTESIAN_POINT('',(53.29676395486,152.83206746933,
    -3.552713678801E-15));
#3587 = CARTESIAN_POINT('',(53.15770488804,153.2144737713,
    -3.552713678801E-15));
#3588 = CARTESIAN_POINT('',(53.016223325433,153.60354182987,
    -3.552713678801E-15));
#3589 = CARTESIAN_POINT('',(52.87231926704,153.99927164503,
    -3.552713678801E-15));
#3590 = CARTESIAN_POINT('',(52.72599271286,154.40166321679,
    -3.552713678801E-15));
#3591 = CARTESIAN_POINT('',(77.45910692651,17.99689300253,
    -4.036682538044E-15));
#3592 = CARTESIAN_POINT('',(77.449482689306,18.174308564618,
    -4.002728070362E-15));
#3593 = CARTESIAN_POINT('',(77.439861299892,18.351671629846,
    -3.96878364973E-15));
#3594 = CARTESIAN_POINT('',(77.430242758267,18.528982198215,
    -3.934849276147E-15));
#3595 = CARTESIAN_POINT('',(77.420627064433,18.706240269725,
    -3.900924949614E-15));
#3596 = CARTESIAN_POINT('',(77.411014218388,18.883445844375,
    -3.86701067013E-15));
#3597 = CARTESIAN_POINT('',(77.401404220133,19.060598922166,
    -3.833106437695E-15));
#3598 = CARTESIAN_POINT('',(77.391797069668,19.237699503097,
    -3.79921225231E-15));
#3599 = CARTESIAN_POINT('',(77.382192766992,19.41474758717,
    -3.765328113974E-15));
#3600 = CARTESIAN_POINT('',(77.372591312106,19.591743174382,
    -3.731454022688E-15));
#3601 = CARTESIAN_POINT('',(77.362992705011,19.768686264736,
    -3.697589978451E-15));
#3602 = CARTESIAN_POINT('',(76.613881099938,33.577994333863,
    -1.054711873394E-15));
#3603 = CARTESIAN_POINT('',(75.584189802077,46.852145660687,
    -1.365574320289E-14));
#3604 = CARTESIAN_POINT('',(74.264109759257,59.764320335096,
    2.187139358512E-14));
#3605 = CARTESIAN_POINT('',(72.654675991309,72.307230422272,
    -4.440892098501E-14));
#3606 = CARTESIAN_POINT('',(70.754140625441,84.500115047586,
    3.985700658404E-14));
#3607 = CARTESIAN_POINT('',(68.564440653449,96.317094554652,
    -3.341771304122E-14));
#3608 = CARTESIAN_POINT('',(66.083996077155,107.78213472606,
    7.271960811295E-15));
#3609 = CARTESIAN_POINT('',(63.313825640332,118.87874463146,
    -2.831068712794E-15));
#3610 = CARTESIAN_POINT('',(60.25347842296,129.61521375867,
    -5.218048215738E-15));
#3611 = CARTESIAN_POINT('',(56.90308169882,139.98871866737,
    -2.942091015257E-15));
#3612 = CARTESIAN_POINT('',(53.140842302353,150.33471161702,
    -3.687863058054E-15));
#3613 = CARTESIAN_POINT('',(53.016627279671,150.67629746882,
    -3.712485651528E-15));
#3614 = CARTESIAN_POINT('',(52.889912495292,151.02475755539,
    -3.737603761686E-15));
#3615 = CARTESIAN_POINT('',(52.760697949218,151.38009187673,
    -3.763217388526E-15));
#3616 = CARTESIAN_POINT('',(52.628983641446,151.74230043285,
    -3.78932653205E-15));
#3617 = CARTESIAN_POINT('',(52.494769571979,152.11138322375,
    -3.815931192256E-15));
#3618 = CARTESIAN_POINT('',(52.358055740815,152.48734024941,
    -3.843031369146E-15));
#3619 = CARTESIAN_POINT('',(52.218842147955,152.87017150985,
    -3.870627062719E-15));
#3620 = CARTESIAN_POINT('',(52.077128793399,153.25987700507,
    -3.898718272975E-15));
#3621 = CARTESIAN_POINT('',(51.932915677146,153.65645673505,
    -3.927304999914E-15));
#3622 = CARTESIAN_POINT('',(51.786202799197,154.05991069981,
    -3.956387243536E-15));
#3623 = CARTESIAN_POINT('',(77.45910692651,17.99689300253,1.));
#3624 = CARTESIAN_POINT('',(77.449482689306,18.174308564618,1.));
#3625 = CARTESIAN_POINT('',(77.439861299892,18.351671629846,1.));
#3626 = CARTESIAN_POINT('',(77.430242758267,18.528982198215,1.));
#3627 = CARTESIAN_POINT('',(77.420627064433,18.706240269725,1.));
#3628 = CARTESIAN_POINT('',(77.411014218388,18.883445844375,1.));
#3629 = CARTESIAN_POINT('',(77.401404220133,19.060598922166,1.));
#3630 = CARTESIAN_POINT('',(77.391797069668,19.237699503097,1.));
#3631 = CARTESIAN_POINT('',(77.382192766992,19.41474758717,1.));
#3632 = CARTESIAN_POINT('',(77.372591312106,19.591743174382,1.));
#3633 = CARTESIAN_POINT('',(77.362992705011,19.768686264736,1.));
#3634 = CARTESIAN_POINT('',(76.613881099938,33.577994333863,1.));
#3635 = CARTESIAN_POINT('',(75.584189802078,46.852145660689,1.));
#3636 = CARTESIAN_POINT('',(74.264109759254,59.764320335091,1.));
#3637 = CARTESIAN_POINT('',(72.65467599131,72.307230422279,1.));
#3638 = CARTESIAN_POINT('',(70.754140625441,84.50011504758,1.));
#3639 = CARTESIAN_POINT('',(68.564440653448,96.317094554653,1.));
#3640 = CARTESIAN_POINT('',(66.083996077156,107.78213472607,1.));
#3641 = CARTESIAN_POINT('',(63.313825640332,118.87874463146,1.));
#3642 = CARTESIAN_POINT('',(60.253478422959,129.61521375868,1.));
#3643 = CARTESIAN_POINT('',(56.90308169882,139.98871866737,1.));
#3644 = CARTESIAN_POINT('',(53.140842302353,150.33471161702,1.));
#3645 = CARTESIAN_POINT('',(53.016627279671,150.67629746882,1.));
#3646 = CARTESIAN_POINT('',(52.889912495292,151.02475755539,1.));
#3647 = CARTESIAN_POINT('',(52.760697949217,151.38009187673,1.));
#3648 = CARTESIAN_POINT('',(52.628983641446,151.74230043285,1.));
#3649 = CARTESIAN_POINT('',(52.494769571979,152.11138322375,1.));
#3650 = CARTESIAN_POINT('',(52.358055740815,152.48734024941,1.));
#3651 = CARTESIAN_POINT('',(52.218842147955,152.87017150985,1.));
#3652 = CARTESIAN_POINT('',(52.077128793399,153.25987700507,1.));
#3653 = CARTESIAN_POINT('',(51.932915677146,153.65645673505,1.));
#3654 = CARTESIAN_POINT('',(51.786202799197,154.05991069981,1.));
#3655 = DEFINITIONAL_REPRESENTATION('',(#3656),#3660);
#3656 = LINE('',#3657,#3658);
#3657 = CARTESIAN_POINT('',(0.,0.));
#3658 = VECTOR('',#3659,1.);
#3659 = DIRECTION('',(0.,1.));
#3660 = ( GEOMETRIC_REPRESENTATION_CONTEXT(2) 
PARAMETRIC_REPRESENTATION_CONTEXT() REPRESENTATION_CONTEXT('2D SPACE',''
  ) );
#3661 = ORIENTED_EDGE('',*,*,#3662,.T.);
#3662 = EDGE_CURVE('',#3485,#2328,#3663,.T.);
#3663 = SURFACE_CURVE('',#3664,(#3668,#3675),.PCURVE_S1.);
#3664 = LINE('',#3665,#3666);
#3665 = CARTESIAN_POINT('',(53.570385363339,149.04855791266,
    -4.662936703426E-15));
#3666 = VECTOR('',#3667,1.);
#3667 = DIRECTION('',(0.951442087332,0.3078278,0.));
#3668 = PCURVE('',#2009,#3669);
#3669 = DEFINITIONAL_REPRESENTATION('',(#3670),#3674);
#3670 = LINE('',#3671,#3672);
#3671 = CARTESIAN_POINT('',(17.085797681691,63.732947902539));
#3672 = VECTOR('',#3673,1.);
#3673 = DIRECTION('',(-0.951442087332,0.3078278));
#3674 = ( GEOMETRIC_REPRESENTATION_CONTEXT(2) 
PARAMETRIC_REPRESENTATION_CONTEXT() REPRESENTATION_CONTEXT('2D SPACE',''
  ) );
#3675 = PCURVE('',#3676,#3681);
#3676 = CYLINDRICAL_SURFACE('',#3677,1.);
#3677 = AXIS2_PLACEMENT_3D('',#3678,#3679,#3680);
#3678 = CARTESIAN_POINT('',(53.570385363339,149.04855791266,1.));
#3679 = DIRECTION('',(0.951442087332,0.3078278,0.));
#3680 = DIRECTION('',(0.,0.,-1.));
#3681 = DEFINITIONAL_REPRESENTATION('',(#3682),#3686);
#3682 = LINE('',#3683,#3684);
#3683 = CARTESIAN_POINT('',(0.,0.));
#3684 = VECTOR('',#3685,1.);
#3685 = DIRECTION('',(0.,1.));
#3686 = ( GEOMETRIC_REPRESENTATION_CONTEXT(2) 
PARAMETRIC_REPRESENTATION_CONTEXT() REPRESENTATION_CONTEXT('2D SPACE',''
  ) );
#3687 = ORIENTED_EDGE('',*,*,#2402,.T.);
#3688 = ADVANCED_FACE('',(#3689),#1975,.T.);
#3689 = FACE_BOUND('',#3690,.T.);
#3690 = EDGE_LOOP('',(#3691,#3692,#3718,#3719));
#3691 = ORIENTED_EDGE('',*,*,#3253,.T.);
#3692 = ORIENTED_EDGE('',*,*,#3693,.T.);
#3693 = EDGE_CURVE('',#3226,#3312,#3694,.T.);
#3694 = SURFACE_CURVE('',#3695,(#3699,#3706),.PCURVE_S1.);
#3695 = LINE('',#3696,#3697);
#3696 = CARTESIAN_POINT('',(82.39999999992,50.,10.));
#3697 = VECTOR('',#3698,1.);
#3698 = DIRECTION('',(-0.,-0.,-1.));
#3699 = PCURVE('',#1975,#3700);
#3700 = DEFINITIONAL_REPRESENTATION('',(#3701),#3705);
#3701 = LINE('',#3702,#3703);
#3702 = CARTESIAN_POINT('',(4.999993294196,3.200017971592));
#3703 = VECTOR('',#3704,1.);
#3704 = DIRECTION('',(-1.,0.));
#3705 = ( GEOMETRIC_REPRESENTATION_CONTEXT(2) 
PARAMETRIC_REPRESENTATION_CONTEXT() REPRESENTATION_CONTEXT('2D SPACE',''
  ) );
#3706 = PCURVE('',#3707,#3712);
#3707 = PLANE('',#3708);
#3708 = AXIS2_PLACEMENT_3D('',#3709,#3710,#3711);
#3709 = CARTESIAN_POINT('',(82.89999999992,49.5,10.));
#3710 = DIRECTION('',(0.707106781187,0.707106781187,5.633233915197E-12)
  );
#3711 = DIRECTION('',(3.983297901446E-12,3.983297901446E-12,-1.));
#3712 = DEFINITIONAL_REPRESENTATION('',(#3713),#3717);
#3713 = LINE('',#3714,#3715);
#3714 = CARTESIAN_POINT('',(4.038967834732E-28,0.707106781186));
#3715 = VECTOR('',#3716,1.);
#3716 = DIRECTION('',(1.,0.));
#3717 = ( GEOMETRIC_REPRESENTATION_CONTEXT(2) 
PARAMETRIC_REPRESENTATION_CONTEXT() REPRESENTATION_CONTEXT('2D SPACE',''
  ) );
#3718 = ORIENTED_EDGE('',*,*,#3311,.T.);
#3719 = ORIENTED_EDGE('',*,*,#1957,.F.);
#3720 = ADVANCED_FACE('',(#3721),#2249,.T.);
#3721 = FACE_BOUND('',#3722,.T.);
#3722 = EDGE_LOOP('',(#3723,#3744,#3745));
#3723 = ORIENTED_EDGE('',*,*,#3724,.F.);
#3724 = EDGE_CURVE('',#2194,#2468,#3725,.T.);
#3725 = SURFACE_CURVE('',#3726,(#3731,#3738),.PCURVE_S1.);
#3726 = CIRCLE('',#3727,1.);
#3727 = AXIS2_PLACEMENT_3D('',#3728,#3729,#3730);
#3728 = CARTESIAN_POINT('',(57.405987116391,150.28952135651,9.));
#3729 = DIRECTION('',(-0.951442087332,-0.3078278,-0.));
#3730 = DIRECTION('',(-0.3078278,0.951442087332,0.));
#3731 = PCURVE('',#2249,#3732);
#3732 = DEFINITIONAL_REPRESENTATION('',(#3733),#3737);
#3733 = LINE('',#3734,#3735);
#3734 = CARTESIAN_POINT('',(0.,-6.28318530718));
#3735 = VECTOR('',#3736,1.);
#3736 = DIRECTION('',(0.,1.));
#3737 = ( GEOMETRIC_REPRESENTATION_CONTEXT(2) 
PARAMETRIC_REPRESENTATION_CONTEXT() REPRESENTATION_CONTEXT('2D SPACE',''
  ) );
#3738 = PCURVE('',#2974,#3739);
#3739 = DEFINITIONAL_REPRESENTATION('',(#3740),#3743);
#3740 = B_SPLINE_CURVE_WITH_KNOTS('',1,(#3741,#3742),.UNSPECIFIED.,.F.,
  .F.,(2,2),(4.712388980385,6.28318530718),.PIECEWISE_BEZIER_KNOTS.);
#3741 = CARTESIAN_POINT('',(1.570796326795,4.031356032294));
#3742 = CARTESIAN_POINT('',(0.,4.0313559849));
#3743 = ( GEOMETRIC_REPRESENTATION_CONTEXT(2) 
PARAMETRIC_REPRESENTATION_CONTEXT() REPRESENTATION_CONTEXT('2D SPACE',''
  ) );
#3744 = ORIENTED_EDGE('',*,*,#2193,.T.);
#3745 = ORIENTED_EDGE('',*,*,#2467,.F.);
#3746 = ADVANCED_FACE('',(#3747),#2388,.T.);
#3747 = FACE_BOUND('',#3748,.F.);
#3748 = EDGE_LOOP('',(#3749,#3770,#3771));
#3749 = ORIENTED_EDGE('',*,*,#3750,.F.);
#3750 = EDGE_CURVE('',#2328,#2499,#3751,.T.);
#3751 = SURFACE_CURVE('',#3752,(#3757,#3764),.PCURVE_S1.);
#3752 = CIRCLE('',#3753,1.);
#3753 = AXIS2_PLACEMENT_3D('',#3754,#3755,#3756);
#3754 = CARTESIAN_POINT('',(57.405987116391,150.28952135651,1.));
#3755 = DIRECTION('',(0.951442087332,0.3078278,-0.));
#3756 = DIRECTION('',(-0.3078278,0.951442087332,0.));
#3757 = PCURVE('',#2388,#3758);
#3758 = DEFINITIONAL_REPRESENTATION('',(#3759),#3763);
#3759 = LINE('',#3760,#3761);
#3760 = CARTESIAN_POINT('',(-0.,-6.28318530718));
#3761 = VECTOR('',#3762,1.);
#3762 = DIRECTION('',(-0.,1.));
#3763 = ( GEOMETRIC_REPRESENTATION_CONTEXT(2) 
PARAMETRIC_REPRESENTATION_CONTEXT() REPRESENTATION_CONTEXT('2D SPACE',''
  ) );
#3764 = PCURVE('',#3676,#3765);
#3765 = DEFINITIONAL_REPRESENTATION('',(#3766),#3769);
#3766 = B_SPLINE_CURVE_WITH_KNOTS('',1,(#3767,#3768),.UNSPECIFIED.,.F.,
  .F.,(2,2),(4.712388980385,6.28318530718),.PIECEWISE_BEZIER_KNOTS.);
#3767 = CARTESIAN_POINT('',(0.,4.031356017794));
#3768 = CARTESIAN_POINT('',(1.570796326795,4.0313559849));
#3769 = ( GEOMETRIC_REPRESENTATION_CONTEXT(2) 
PARAMETRIC_REPRESENTATION_CONTEXT() REPRESENTATION_CONTEXT('2D SPACE',''
  ) );
#3770 = ORIENTED_EDGE('',*,*,#2327,.T.);
#3771 = ORIENTED_EDGE('',*,*,#2530,.F.);
#3772 = ADVANCED_FACE('',(#3773),#2516,.F.);
#3773 = FACE_BOUND('',#3774,.F.);
#3774 = EDGE_LOOP('',(#3775,#3776,#3799,#3842));
#3775 = ORIENTED_EDGE('',*,*,#2498,.F.);
#3776 = ORIENTED_EDGE('',*,*,#3777,.F.);
#3777 = EDGE_CURVE('',#3778,#2468,#3780,.T.);
#3778 = VERTEX_POINT('',#3779);
#3779 = CARTESIAN_POINT('',(54.247136142197,150.31854871872,9.));
#3780 = SURFACE_CURVE('',#3781,(#3785,#3792),.PCURVE_S1.);
#3781 = LINE('',#3782,#3783);
#3782 = CARTESIAN_POINT('',(53.262557563339,150.,9.));
#3783 = VECTOR('',#3784,1.);
#3784 = DIRECTION('',(0.951442087332,0.3078278,0.));
#3785 = PCURVE('',#2516,#3786);
#3786 = DEFINITIONAL_REPRESENTATION('',(#3787),#3791);
#3787 = LINE('',#3788,#3789);
#3788 = CARTESIAN_POINT('',(0.,-1.));
#3789 = VECTOR('',#3790,1.);
#3790 = DIRECTION('',(1.,0.));
#3791 = ( GEOMETRIC_REPRESENTATION_CONTEXT(2) 
PARAMETRIC_REPRESENTATION_CONTEXT() REPRESENTATION_CONTEXT('2D SPACE',''
  ) );
#3792 = PCURVE('',#2974,#3793);
#3793 = DEFINITIONAL_REPRESENTATION('',(#3794),#3798);
#3794 = LINE('',#3795,#3796);
#3795 = CARTESIAN_POINT('',(0.,0.));
#3796 = VECTOR('',#3797,1.);
#3797 = DIRECTION('',(0.,1.));
#3798 = ( GEOMETRIC_REPRESENTATION_CONTEXT(2) 
PARAMETRIC_REPRESENTATION_CONTEXT() REPRESENTATION_CONTEXT('2D SPACE',''
  ) );
#3799 = ORIENTED_EDGE('',*,*,#3800,.T.);
#3800 = EDGE_CURVE('',#3778,#3801,#3803,.T.);
#3801 = VERTEX_POINT('',#3802);
#3802 = CARTESIAN_POINT('',(54.247136142197,150.31854871872,1.));
#3803 = SURFACE_CURVE('',#3804,(#3810,#3819),.PCURVE_S1.);
#3804 = B_SPLINE_CURVE_WITH_KNOTS('',2,(#3805,#3806,#3807,#3808,#3809),
  .UNSPECIFIED.,.F.,.F.,(3,1,1,3),(-0.3672,9.896597430448E-16,10.,
    10.3672),.UNSPECIFIED.);
#3805 = CARTESIAN_POINT('',(54.247136142197,150.31854871872,10.3672));
#3806 = CARTESIAN_POINT('',(54.247136142197,150.31854871872,10.1836));
#3807 = CARTESIAN_POINT('',(54.247136142197,150.31854871872,5.));
#3808 = CARTESIAN_POINT('',(54.247136142197,150.31854871872,-0.1836));
#3809 = CARTESIAN_POINT('',(54.247136142197,150.31854871872,-0.3672));
#3810 = PCURVE('',#2516,#3811);
#3811 = DEFINITIONAL_REPRESENTATION('',(#3812),#3818);
#3812 = B_SPLINE_CURVE_WITH_KNOTS('',2,(#3813,#3814,#3815,#3816,#3817),
  .UNSPECIFIED.,.F.,.F.,(3,1,1,3),(-0.3672,9.896597430448E-16,10.,
    10.3672),.UNSPECIFIED.);
#3813 = CARTESIAN_POINT('',(1.034827649488,0.3672));
#3814 = CARTESIAN_POINT('',(1.034827649488,0.1836));
#3815 = CARTESIAN_POINT('',(1.034827649488,-5.));
#3816 = CARTESIAN_POINT('',(1.034827649488,-10.1836));
#3817 = CARTESIAN_POINT('',(1.034827649488,-10.3672));
#3818 = ( GEOMETRIC_REPRESENTATION_CONTEXT(2) 
PARAMETRIC_REPRESENTATION_CONTEXT() REPRESENTATION_CONTEXT('2D SPACE',''
  ) );
#3819 = PCURVE('',#3820,#3836);
#3820 = ( BOUNDED_SURFACE() B_SPLINE_SURFACE(2,2,(
    (#3821,#3822,#3823,#3824,#3825)
    ,(#3826,#3827,#3828,#3829,#3830)
    ,(#3831,#3832,#3833,#3834,#3835
)),.UNSPECIFIED.,.F.,.F.,.F.) B_SPLINE_SURFACE_WITH_KNOTS((3,3),(3,1,1,3
    ),(0.,10.),(-0.3672,9.896597430448E-16,10.,10.3672),.UNSPECIFIED.) 
GEOMETRIC_REPRESENTATION_ITEM() RATIONAL_B_SPLINE_SURFACE((
    (1.,1.,1.,1.,1.)
    ,(0.695489223738,0.695489223738,0.695489223738,0.695489223738
      ,0.695489223738)
,(1.,1.,1.,1.,1.))) REPRESENTATION_ITEM('') SURFACE() );
#3821 = CARTESIAN_POINT('',(54.247136142197,150.31854871872,10.3672));
#3822 = CARTESIAN_POINT('',(54.247136142197,150.31854871872,10.1836));
#3823 = CARTESIAN_POINT('',(54.247136142197,150.31854871872,5.));
#3824 = CARTESIAN_POINT('',(54.247136142197,150.31854871872,-0.1836));
#3825 = CARTESIAN_POINT('',(54.247136142197,150.31854871872,-0.3672));
#3826 = CARTESIAN_POINT('',(53.264164919784,150.0005200411,10.3672));
#3827 = CARTESIAN_POINT('',(53.264164919784,150.0005200411,10.1836));
#3828 = CARTESIAN_POINT('',(53.264164919784,150.0005200411,5.));
#3829 = CARTESIAN_POINT('',(53.264164919784,150.0005200411,-0.1836));
#3830 = CARTESIAN_POINT('',(53.264164919784,150.0005200411,-0.3672));
#3831 = CARTESIAN_POINT('',(53.614059187844,149.02843534055,10.3672));
#3832 = CARTESIAN_POINT('',(53.614059187844,149.02843534055,10.1836));
#3833 = CARTESIAN_POINT('',(53.614059187844,149.02843534055,5.));
#3834 = CARTESIAN_POINT('',(53.614059187844,149.02843534055,-0.1836));
#3835 = CARTESIAN_POINT('',(53.614059187844,149.02843534055,-0.3672));
#3836 = DEFINITIONAL_REPRESENTATION('',(#3837),#3841);
#3837 = LINE('',#3838,#3839);
#3838 = CARTESIAN_POINT('',(0.,0.));
#3839 = VECTOR('',#3840,1.);
#3840 = DIRECTION('',(0.,1.));
#3841 = ( GEOMETRIC_REPRESENTATION_CONTEXT(2) 
PARAMETRIC_REPRESENTATION_CONTEXT() REPRESENTATION_CONTEXT('2D SPACE',''
  ) );
#3842 = ORIENTED_EDGE('',*,*,#3843,.T.);
#3843 = EDGE_CURVE('',#3801,#2499,#3844,.T.);
#3844 = SURFACE_CURVE('',#3845,(#3849,#3856),.PCURVE_S1.);
#3845 = LINE('',#3846,#3847);
#3846 = CARTESIAN_POINT('',(53.262557563339,150.,1.));
#3847 = VECTOR('',#3848,1.);
#3848 = DIRECTION('',(0.951442087332,0.3078278,0.));
#3849 = PCURVE('',#2516,#3850);
#3850 = DEFINITIONAL_REPRESENTATION('',(#3851),#3855);
#3851 = LINE('',#3852,#3853);
#3852 = CARTESIAN_POINT('',(0.,-9.));
#3853 = VECTOR('',#3854,1.);
#3854 = DIRECTION('',(1.,0.));
#3855 = ( GEOMETRIC_REPRESENTATION_CONTEXT(2) 
PARAMETRIC_REPRESENTATION_CONTEXT() REPRESENTATION_CONTEXT('2D SPACE',''
  ) );
#3856 = PCURVE('',#3676,#3857);
#3857 = DEFINITIONAL_REPRESENTATION('',(#3858),#3862);
#3858 = LINE('',#3859,#3860);
#3859 = CARTESIAN_POINT('',(1.570796326795,0.));
#3860 = VECTOR('',#3861,1.);
#3861 = DIRECTION('',(0.,1.));
#3862 = ( GEOMETRIC_REPRESENTATION_CONTEXT(2) 
PARAMETRIC_REPRESENTATION_CONTEXT() REPRESENTATION_CONTEXT('2D SPACE',''
  ) );
#3863 = ADVANCED_FACE('',(#3864),#2742,.F.);
#3864 = FACE_BOUND('',#3865,.F.);
#3865 = EDGE_LOOP('',(#3866,#3889,#3890,#3891));
#3866 = ORIENTED_EDGE('',*,*,#3867,.T.);
#3867 = EDGE_CURVE('',#3868,#2563,#3870,.T.);
#3868 = VERTEX_POINT('',#3869);
#3869 = CARTESIAN_POINT('',(57.036807658713,139.00716289808,
    8.499999123575));
#3870 = SEAM_CURVE('',#3871,(#3875,#3882),.PCURVE_S1.);
#3871 = ( BOUNDED_CURVE() B_SPLINE_CURVE(2,(#3872,#3873,#3874),
.UNSPECIFIED.,.F.,.F.) B_SPLINE_CURVE_WITH_KNOTS((3,3),(0.,
15.708059605027),.PIECEWISE_BEZIER_KNOTS.) CURVE() 
GEOMETRIC_REPRESENTATION_ITEM() RATIONAL_B_SPLINE_CURVE((1.,
0.707106782993,1.)) REPRESENTATION_ITEM('') );
#3872 = CARTESIAN_POINT('',(57.036807658713,139.00716289808,
    8.499999123575));
#3873 = CARTESIAN_POINT('',(57.03721423463,139.00590698151,7.5));
#3874 = CARTESIAN_POINT('',(57.988604467305,139.31389499256,7.5));
#3875 = PCURVE('',#2742,#3876);
#3876 = DEFINITIONAL_REPRESENTATION('',(#3877),#3881);
#3877 = LINE('',#3878,#3879);
#3878 = CARTESIAN_POINT('',(0.,-7.304105475548));
#3879 = VECTOR('',#3880,1.);
#3880 = DIRECTION('',(1.,0.));
#3881 = ( GEOMETRIC_REPRESENTATION_CONTEXT(2) 
PARAMETRIC_REPRESENTATION_CONTEXT() REPRESENTATION_CONTEXT('2D SPACE',''
  ) );
#3882 = PCURVE('',#2742,#3883);
#3883 = DEFINITIONAL_REPRESENTATION('',(#3884),#3888);
#3884 = LINE('',#3885,#3886);
#3885 = CARTESIAN_POINT('',(0.,8.403954129479));
#3886 = VECTOR('',#3887,1.);
#3887 = DIRECTION('',(1.,0.));
#3888 = ( GEOMETRIC_REPRESENTATION_CONTEXT(2) 
PARAMETRIC_REPRESENTATION_CONTEXT() REPRESENTATION_CONTEXT('2D SPACE',''
  ) );
#3889 = ORIENTED_EDGE('',*,*,#2585,.T.);
#3890 = ORIENTED_EDGE('',*,*,#3867,.F.);
#3891 = ORIENTED_EDGE('',*,*,#3892,.F.);
#3892 = EDGE_CURVE('',#3868,#3868,#3893,.T.);
#3893 = SURFACE_CURVE('',#3894,(#3962,#3969),.PCURVE_S1.);
#3894 = ( BOUNDED_CURVE() B_SPLINE_CURVE(14,(#3895,#3896,#3897,#3898,
    #3899,#3900,#3901,#3902,#3903,#3904,#3905,#3906,#3907,#3908,#3909,
    #3910,#3911,#3912,#3913,#3914,#3915,#3916,#3917,#3918,#3919,#3920,
    #3921,#3922,#3923,#3924,#3925,#3926,#3927,#3928,#3929,#3930,#3931,
    #3932,#3933,#3934,#3935,#3936,#3937,#3938,#3939,#3940,#3941,#3942,
    #3943,#3944,#3945,#3946,#3947,#3948,#3949,#3950,#3951,#3952,#3953,
    #3954,#3955,#3956,#3957,#3958,#3959,#3960,#3961),.UNSPECIFIED.,.T.,
.F.) B_SPLINE_CURVE_WITH_KNOTS((15,13,13,13,13,15),(-7.304105475548,
    -3.374964955774,-0.927851915272,1.085138355214,4.474550099414,
8.403954129479),.UNSPECIFIED.) CURVE() GEOMETRIC_REPRESENTATION_ITEM() 
RATIONAL_B_SPLINE_CURVE((1.,1.000000000001,0.999999999996,1.000000000011
    ,0.999999999979,1.000000000032,0.99999999996,1.000000000041,
    0.999999999965,1.000000000025,0.999999999985,1.000000000007,
    0.999999999997,1.000000000001,0.999999999999,1.000000000004,
    0.999999999989,1.000000000024,0.99999999996,1.000000000052,
    0.999999999944,1.00000000005,0.999999999964,1.000000000021,
    0.999999999991,1.000000000003,1.,1.,1.,0.999999999999,1.000000000003
    ,0.999999999994,1.000000000008,0.99999999999,1.000000000009,
    0.999999999993,1.000000000004,0.999999999998,1.000000000001,1.,
    1.000000000001,0.999999999997,1.000000000009,0.999999999981,
    1.000000000032,0.999999999957,1.000000000048,0.999999999957,
    1.000000000031,0.999999999982,1.000000000008,0.999999999998,1.,1.,
    0.999999999998,1.000000000007,0.999999999985,1.000000000024,
    0.99999999997,1.000000000031,0.999999999974,1.000000000019,
    0.999999999989,1.000000000005,0.999999999998,1.,1.)) 
REPRESENTATION_ITEM('') );
#3895 = CARTESIAN_POINT('',(57.036807658713,139.00716289808,
    8.499999123575));
#3896 = CARTESIAN_POINT('',(56.892846522974,139.45186010831,
    8.499821745301));
#3897 = CARTESIAN_POINT('',(56.748177917521,139.89646827156,
    8.431785393936));
#3898 = CARTESIAN_POINT('',(56.61014797911,140.31836422093,
    8.298326849456));
#3899 = CARTESIAN_POINT('',(56.47842372838,140.71869798005,
    8.097243958136));
#3900 = CARTESIAN_POINT('',(56.373946610533,141.03448281875,
    7.869894296078));
#3901 = CARTESIAN_POINT('',(56.268934239815,141.35125562744,
    7.594496979254));
#3902 = CARTESIAN_POINT('',(56.186826553023,141.59782792388,
    7.307027245536));
#3903 = CARTESIAN_POINT('',(56.120144324052,141.79741845326,
    7.005115278659));
#3904 = CARTESIAN_POINT('',(56.055647929494,141.99073750634,
    6.677854028777));
#3905 = CARTESIAN_POINT('',(56.014737563124,142.11257125384,
    6.354972995712));
#3906 = CARTESIAN_POINT('',(55.978264782391,142.22156406255,
    6.017010570813));
#3907 = CARTESIAN_POINT('',(55.956327347492,142.28693513886,
    5.678090576691));
#3908 = CARTESIAN_POINT('',(55.945018260411,142.32066794759,
    5.336296476761));
#3909 = CARTESIAN_POINT('',(55.945287639549,142.31986460521,
    4.781844853875));
#3910 = CARTESIAN_POINT('',(55.949801757933,142.30640347194,
    4.569049998104));
#3911 = CARTESIAN_POINT('',(55.958740028996,142.27974752907,
    4.356786812195));
#3912 = CARTESIAN_POINT('',(55.972120046329,142.23983666472,
    4.145583018822));
#3913 = CARTESIAN_POINT('',(55.989974308328,142.18655944916,
    3.935974950246));
#3914 = CARTESIAN_POINT('',(56.012356981856,142.11973185371,
    3.728528492661));
#3915 = CARTESIAN_POINT('',(56.039346701385,142.03908788163,
    3.523864002574));
#3916 = CARTESIAN_POINT('',(56.071045401771,141.94428211157,
    3.322685194413));
#3917 = CARTESIAN_POINT('',(56.107573187259,141.8349041527,3.12581199968
    ));
#3918 = CARTESIAN_POINT('',(56.149059233591,141.71050501268,
    2.934217398185));
#3919 = CARTESIAN_POINT('',(56.195628726466,141.57063537709,
    2.749068219928));
#3920 = CARTESIAN_POINT('',(56.247385833434,141.4148958018,
    2.571769919626));
#3921 = CARTESIAN_POINT('',(56.30439271148,141.24299881693,
    2.404015321855));
#3922 = CARTESIAN_POINT('',(56.417852785132,140.9000662998,
    2.119365643034));
#3923 = CARTESIAN_POINT('',(56.472667688722,140.73411068192,
    1.998716677389));
#3924 = CARTESIAN_POINT('',(56.530296854569,140.55935376782,
    1.88717415842));
#3925 = CARTESIAN_POINT('',(56.595245359272,140.36185741191,
    1.784630612201));
#3926 = CARTESIAN_POINT('',(56.650165292443,140.19489388336,
    1.699128896905));
#3927 = CARTESIAN_POINT('',(56.740455684432,139.91887998848,
    1.61091916311));
#3928 = CARTESIAN_POINT('',(56.7773082267,139.80638262965,1.570229379662
    ));
#3929 = CARTESIAN_POINT('',(56.886076030279,139.47280863415,
    1.498961519456));
#3930 = CARTESIAN_POINT('',(56.935140315368,139.32150223811,
    1.491833931455));
#3931 = CARTESIAN_POINT('',(57.022873701738,139.05117175982,
    1.471455442938));
#3932 = CARTESIAN_POINT('',(57.092905993545,138.8343844069,
    1.484652122867));
#3933 = CARTESIAN_POINT('',(57.167219552802,138.60394529452,
    1.510552828369));
#3934 = CARTESIAN_POINT('',(57.238573875952,138.3820736516,
    1.554351837271));
#3935 = CARTESIAN_POINT('',(57.423661434355,137.80519756066,
    1.712935544484));
#3936 = CARTESIAN_POINT('',(57.53254044534,137.46434386115,1.85594584022
    ));
#3937 = CARTESIAN_POINT('',(57.632072243916,137.15140544825,
    2.036284509834));
#3938 = CARTESIAN_POINT('',(57.72107400793,136.87048166289,
    2.246509934945));
#3939 = CARTESIAN_POINT('',(57.799317528322,136.6226941723,
    2.478881839709));
#3940 = CARTESIAN_POINT('',(57.867275221523,136.40688807806,
    2.72781605677));
#3941 = CARTESIAN_POINT('',(57.925636871775,136.2211333901,
    2.989922128567));
#3942 = CARTESIAN_POINT('',(57.974924612095,136.06396444744,
    3.26257965319));
#3943 = CARTESIAN_POINT('',(58.015426300439,135.9346176949,
    3.543045304208));
#3944 = CARTESIAN_POINT('',(58.04738963644,135.83242528421,3.82889681487
    ));
#3945 = CARTESIAN_POINT('',(58.07117752561,135.75631712057,
    4.118828250911));
#3946 = CARTESIAN_POINT('',(58.087085767028,135.7054011297,
    4.412027941541));
#3947 = CARTESIAN_POINT('',(58.094973546696,135.68015454753,
    4.706211813196));
#3948 = CARTESIAN_POINT('',(58.094948393351,135.68023505492,
    5.341599836455));
#3949 = CARTESIAN_POINT('',(58.08428105143,135.71437187668,5.68262579777
    ));
#3950 = CARTESIAN_POINT('',(58.062994295109,135.78252578208,
    6.022130835021));
#3951 = CARTESIAN_POINT('',(58.030828020596,135.88539864858,
    6.356352679551));
#3952 = CARTESIAN_POINT('',(57.987648883883,136.02339493939,
    6.684382190998));
#3953 = CARTESIAN_POINT('',(57.932923024074,136.19806484876,
    7.003871110688));
#3954 = CARTESIAN_POINT('',(57.865903161412,136.41150706151,
    7.310349381953));
#3955 = CARTESIAN_POINT('',(57.785963551992,136.66542384915,
    7.599195800169));
#3956 = CARTESIAN_POINT('',(57.692443931881,136.96160052116,
    7.865886315639));
#3957 = CARTESIAN_POINT('',(57.584317743539,137.3027769534,
    8.103013471247));
#3958 = CARTESIAN_POINT('',(57.460850003682,137.69048021838,
    8.297375736727));
#3959 = CARTESIAN_POINT('',(57.324025545604,138.11768341907,
    8.432824480551));
#3960 = CARTESIAN_POINT('',(57.180778449295,138.56243586395,
    8.500176513744));
#3961 = CARTESIAN_POINT('',(57.036807658713,139.00716289808,
    8.499999123575));
#3962 = PCURVE('',#2742,#3963);
#3963 = DEFINITIONAL_REPRESENTATION('',(#3964),#3968);
#3964 = LINE('',#3965,#3966);
#3965 = CARTESIAN_POINT('',(0.,0.));
#3966 = VECTOR('',#3967,1.);
#3967 = DIRECTION('',(0.,1.));
#3968 = ( GEOMETRIC_REPRESENTATION_CONTEXT(2) 
PARAMETRIC_REPRESENTATION_CONTEXT() REPRESENTATION_CONTEXT('2D SPACE',''
  ) );
#3969 = PCURVE('',#3970,#3977);
#3970 = SURFACE_OF_LINEAR_EXTRUSION('',#3971,#3975);
#3971 = B_SPLINE_CURVE_WITH_KNOTS('',2,(#3972,#3973,#3974),
  .UNSPECIFIED.,.F.,.F.,(3,3),(0.,1.),.PIECEWISE_BEZIER_KNOTS.);
#3972 = CARTESIAN_POINT('',(74.999950645067,50.,10.));
#3973 = CARTESIAN_POINT('',(69.160143377068,106.28233788106,10.));
#3974 = CARTESIAN_POINT('',(53.262557563339,150.,10.));
#3975 = VECTOR('',#3976,1.);
#3976 = DIRECTION('',(0.,0.,1.));
#3977 = DEFINITIONAL_REPRESENTATION('',(#3978),#4141);
#3978 = B_SPLINE_CURVE_WITH_KNOTS('',11,(#3979,#3980,#3981,#3982,#3983,
    #3984,#3985,#3986,#3987,#3988,#3989,#3990,#3991,#3992,#3993,#3994,
    #3995,#3996,#3997,#3998,#3999,#4000,#4001,#4002,#4003,#4004,#4005,
    #4006,#4007,#4008,#4009,#4010,#4011,#4012,#4013,#4014,#4015,#4016,
    #4017,#4018,#4019,#4020,#4021,#4022,#4023,#4024,#4025,#4026,#4027,
    #4028,#4029,#4030,#4031,#4032,#4033,#4034,#4035,#4036,#4037,#4038,
    #4039,#4040,#4041,#4042,#4043,#4044,#4045,#4046,#4047,#4048,#4049,
    #4050,#4051,#4052,#4053,#4054,#4055,#4056,#4057,#4058,#4059,#4060,
    #4061,#4062,#4063,#4064,#4065,#4066,#4067,#4068,#4069,#4070,#4071,
    #4072,#4073,#4074,#4075,#4076,#4077,#4078,#4079,#4080,#4081,#4082,
    #4083,#4084,#4085,#4086,#4087,#4088,#4089,#4090,#4091,#4092,#4093,
    #4094,#4095,#4096,#4097,#4098,#4099,#4100,#4101,#4102,#4103,#4104,
    #4105,#4106,#4107,#4108,#4109,#4110,#4111,#4112,#4113,#4114,#4115,
    #4116,#4117,#4118,#4119,#4120,#4121,#4122,#4123,#4124,#4125,#4126,
    #4127,#4128,#4129,#4130,#4131,#4132,#4133,#4134,#4135,#4136,#4137,
    #4138,#4139,#4140),.UNSPECIFIED.,.F.,.F.,(12,10,10,10,10,10,10,10,10
    ,10,10,10,10,10,10,10,12),(-7.304105475548,-5.34059802492,
    -3.377090574291,-2.395336848977,-1.413583123663,-1.168144692334,
    -0.922706261006,-0.431829398349,0.549924326965,1.040801189622,
    1.102160797455,1.163520405287,1.286239620951,1.53167805228,
    2.513431777594,4.476939228222,8.403954129479),.UNSPECIFIED.);
#3979 = CARTESIAN_POINT('',(0.876467583296,-1.500000876425));
#3980 = CARTESIAN_POINT('',(0.879591476013,-1.500113692444));
#3981 = CARTESIAN_POINT('',(0.882717927035,-1.528264207887));
#3982 = CARTESIAN_POINT('',(0.88577832464,-1.583790162504));
#3983 = CARTESIAN_POINT('',(0.888752278304,-1.666856200835));
#3984 = CARTESIAN_POINT('',(0.891542285536,-1.772175115339));
#3985 = CARTESIAN_POINT('',(0.894161054557,-1.897513031631));
#3986 = CARTESIAN_POINT('',(0.896584769973,-2.039179358045));
#3987 = CARTESIAN_POINT('',(0.898817277189,-2.194693931145));
#3988 = CARTESIAN_POINT('',(0.900856114205,-2.361642902815));
#3989 = CARTESIAN_POINT('',(0.902705799332,-2.538168336706));
#3990 = CARTESIAN_POINT('',(0.906035593397,-2.907193259596));
#3991 = CARTESIAN_POINT('',(0.907515743977,-3.099694231426));
#3992 = CARTESIAN_POINT('',(0.90881554182,-3.298595657881));
#3993 = CARTESIAN_POINT('',(0.909941539446,-3.50266054921));
#3994 = CARTESIAN_POINT('',(0.910896085051,-3.710751315457));
#3995 = CARTESIAN_POINT('',(0.911688960484,-3.922175018667));
#3996 = CARTESIAN_POINT('',(0.912309222728,-4.135669157932));
#3997 = CARTESIAN_POINT('',(0.912786887154,-4.35153999972));
#3998 = CARTESIAN_POINT('',(0.913093073335,-4.568123521936));
#3999 = CARTESIAN_POINT('',(0.913248975376,-4.785473340592));
#4000 = CARTESIAN_POINT('',(0.913246267244,-5.111428856984));
#4001 = CARTESIAN_POINT('',(0.913206228725,-5.220081255978));
#4002 = CARTESIAN_POINT('',(0.913127210408,-5.328666951802));
#4003 = CARTESIAN_POINT('',(0.913008592418,-5.437088019743));
#4004 = CARTESIAN_POINT('',(0.912851201611,-5.545307216216));
#4005 = CARTESIAN_POINT('',(0.912653679156,-5.653198235899));
#4006 = CARTESIAN_POINT('',(0.912416980945,-5.76073017283));
#4007 = CARTESIAN_POINT('',(0.912139999799,-5.867786716746));
#4008 = CARTESIAN_POINT('',(0.911822855325,-5.97430025247));
#4009 = CARTESIAN_POINT('',(0.91146499495,-6.080172475678));
#4010 = CARTESIAN_POINT('',(0.910667038321,-6.290440662704));
#4011 = CARTESIAN_POINT('',(0.910226937673,-6.394836445082));
#4012 = CARTESIAN_POINT('',(0.909745273615,-6.498395499648));
#4013 = CARTESIAN_POINT('',(0.909221550541,-6.60101247613));
#4014 = CARTESIAN_POINT('',(0.908655223336,-6.702573682834));
#4015 = CARTESIAN_POINT('',(0.908045705954,-6.802955570339));
#4016 = CARTESIAN_POINT('',(0.907392383662,-6.902023107576));
#4017 = CARTESIAN_POINT('',(0.906694628807,-6.999628049147));
#4018 = CARTESIAN_POINT('',(0.905951820264,-7.09560709513));
#4019 = CARTESIAN_POINT('',(0.905163366425,-7.189779942253));
#4020 = CARTESIAN_POINT('',(0.904120073173,-7.30498904852));
#4021 = CARTESIAN_POINT('',(0.903908528342,-7.327905513521));
#4022 = CARTESIAN_POINT('',(0.903694088811,-7.350693518792));
#4023 = CARTESIAN_POINT('',(0.903476746364,-7.373349879184));
#4024 = CARTESIAN_POINT('',(0.903256493121,-7.395871328134));
#4025 = CARTESIAN_POINT('',(0.903033321488,-7.418254517234));
#4026 = CARTESIAN_POINT('',(0.90280722422,-7.440496016798));
#4027 = CARTESIAN_POINT('',(0.902578194353,-7.462592315261));
#4028 = CARTESIAN_POINT('',(0.902346225265,-7.484539819696));
#4029 = CARTESIAN_POINT('',(0.902111310632,-7.506334855455));
#4030 = CARTESIAN_POINT('',(0.901635578276,-7.54961247728));
#4031 = CARTESIAN_POINT('',(0.901394758043,-7.57109506912));
#4032 = CARTESIAN_POINT('',(0.901150990262,-7.592417605782));
#4033 = CARTESIAN_POINT('',(0.900904249171,-7.613576342576));
#4034 = CARTESIAN_POINT('',(0.900654537605,-7.634567288299));
#4035 = CARTESIAN_POINT('',(0.900401864314,-7.655386328203));
#4036 = CARTESIAN_POINT('',(0.90014621895,-7.676029360427));
#4037 = CARTESIAN_POINT('',(0.899887580921,-7.696492244652));
#4038 = CARTESIAN_POINT('',(0.89962595368,-7.716770611093));
#4039 = CARTESIAN_POINT('',(0.899361370948,-7.736859823745));
#4040 = CARTESIAN_POINT('',(0.898558588226,-7.79654727526));
#4041 = CARTESIAN_POINT('',(0.89801134213,-7.835565342083));
#4042 = CARTESIAN_POINT('',(0.897452693348,-7.873770543165));
#4043 = CARTESIAN_POINT('',(0.896881767502,-7.911133495652));
#4044 = CARTESIAN_POINT('',(0.896298793409,-7.947610648363));
#4045 = CARTESIAN_POINT('',(0.895704192375,-7.98315742073));
#4046 = CARTESIAN_POINT('',(0.8950979995,-8.017733796756));
#4047 = CARTESIAN_POINT('',(0.89448019596,-8.051298409441));
#4048 = CARTESIAN_POINT('',(0.893851016985,-8.083804772606));
#4049 = CARTESIAN_POINT('',(0.893210569322,-8.115207771496));
#4050 = CARTESIAN_POINT('',(0.89125629076,-8.205963848451));
#4051 = CARTESIAN_POINT('',(0.889909490822,-8.261864298831));
#4052 = CARTESIAN_POINT('',(0.888520959463,-8.312783410334));
#4053 = CARTESIAN_POINT('',(0.887093245862,-8.358335541953));
#4054 = CARTESIAN_POINT('',(0.885632066432,-8.398129871634));
#4055 = CARTESIAN_POINT('',(0.884135306849,-8.431921833127));
#4056 = CARTESIAN_POINT('',(0.882608050898,-8.459328495337));
#4057 = CARTESIAN_POINT('',(0.881063013374,-8.479927348427));
#4058 = CARTESIAN_POINT('',(0.879505335211,-8.493611012178));
#4059 = CARTESIAN_POINT('',(0.877941854729,-8.500294634524));
#4060 = CARTESIAN_POINT('',(0.875597887178,-8.499838559875));
#4061 = CARTESIAN_POINT('',(0.874816779672,-8.497939401556));
#4062 = CARTESIAN_POINT('',(0.874036701574,-8.494294781701));
#4063 = CARTESIAN_POINT('',(0.873258586613,-8.488908645986));
#4064 = CARTESIAN_POINT('',(0.87248322462,-8.481793641428));
#4065 = CARTESIAN_POINT('',(0.871711592691,-8.472963061929));
#4066 = CARTESIAN_POINT('',(0.870944585965,-8.462437867026));
#4067 = CARTESIAN_POINT('',(0.870182677689,-8.450254448358));
#4068 = CARTESIAN_POINT('',(0.86942633612,-8.436452240937));
#4069 = CARTESIAN_POINT('',(0.868676894493,-8.421050979414));
#4070 = CARTESIAN_POINT('',(0.867842277068,-8.401975958864));
#4071 = CARTESIAN_POINT('',(0.8677496616,-8.399832200392));
#4072 = CARTESIAN_POINT('',(0.86765716042,-8.397664320558));
#4073 = CARTESIAN_POINT('',(0.867564781604,-8.395472316647));
#4074 = CARTESIAN_POINT('',(0.867472528429,-8.393256250426));
#4075 = CARTESIAN_POINT('',(0.867380396525,-8.391016297654));
#4076 = CARTESIAN_POINT('',(0.867288379926,-8.388752675625));
#4077 = CARTESIAN_POINT('',(0.867196479166,-8.386465532324));
#4078 = CARTESIAN_POINT('',(0.867104704807,-8.384154883732));
#4079 = CARTESIAN_POINT('',(0.867013069549,-8.381820682913));
#4080 = CARTESIAN_POINT('',(0.866830054987,-8.377105530897));
#4081 = CARTESIAN_POINT('',(0.866738678621,-8.374724559447));
#4082 = CARTESIAN_POINT('',(0.866647434081,-8.372320275917));
#4083 = CARTESIAN_POINT('',(0.866556322284,-8.369892763722));
#4084 = CARTESIAN_POINT('',(0.866465344134,-8.367442106165));
#4085 = CARTESIAN_POINT('',(0.866374500556,-8.364968386722));
#4086 = CARTESIAN_POINT('',(0.866283792449,-8.36247168866));
#4087 = CARTESIAN_POINT('',(0.866193220737,-8.359952095447));
#4088 = CARTESIAN_POINT('',(0.866102786326,-8.357409690398));
#4089 = CARTESIAN_POINT('',(0.866012490131,-8.35484455692));
#4090 = CARTESIAN_POINT('',(0.865742018929,-8.347081221289));
#4091 = CARTESIAN_POINT('',(0.865562261067,-8.341815090988));
#4092 = CARTESIAN_POINT('',(0.865383066455,-8.336459067514));
#4093 = CARTESIAN_POINT('',(0.865204441911,-8.331013834933));
#4094 = CARTESIAN_POINT('',(0.86502639409,-8.325480081365));
#4095 = CARTESIAN_POINT('',(0.86484892949,-8.319858498949));
#4096 = CARTESIAN_POINT('',(0.864672054448,-8.314149783874));
#4097 = CARTESIAN_POINT('',(0.864495775138,-8.308354636356));
#4098 = CARTESIAN_POINT('',(0.864320097578,-8.302473760653));
#4099 = CARTESIAN_POINT('',(0.864145027623,-8.296507865058));
#4100 = CARTESIAN_POINT('',(0.863621657659,-8.278357255584));
#4101 = CARTESIAN_POINT('',(0.863275197742,-8.265919566468));
#4102 = CARTESIAN_POINT('',(0.862931236571,-8.253150340025));
#4103 = CARTESIAN_POINT('',(0.862589817092,-8.240055326733));
#4104 = CARTESIAN_POINT('',(0.862250979864,-8.226640282251));
#4105 = CARTESIAN_POINT('',(0.861914763024,-8.212910967134));
#4106 = CARTESIAN_POINT('',(0.861581202337,-8.198873147199));
#4107 = CARTESIAN_POINT('',(0.86125033114,-8.184532593145));
#4108 = CARTESIAN_POINT('',(0.860922180388,-8.169895080871));
#4109 = CARTESIAN_POINT('',(0.860596778627,-8.154966391264));
#4110 = CARTESIAN_POINT('',(0.858983645522,-8.078895986496));
#4111 = CARTESIAN_POINT('',(0.857737539651,-8.013472220526));
#4112 = CARTESIAN_POINT('',(0.856537541853,-7.943848839996));
#4113 = CARTESIAN_POINT('',(0.855384766924,-7.870383680965));
#4114 = CARTESIAN_POINT('',(0.854279834828,-7.793416818085));
#4115 = CARTESIAN_POINT('',(0.853222962859,-7.713265079876));
#4116 = CARTESIAN_POINT('',(0.852214051951,-7.630218847737));
#4117 = CARTESIAN_POINT('',(0.851252767381,-7.544541140507));
#4118 = CARTESIAN_POINT('',(0.8503386136,-7.456468982668));
#4119 = CARTESIAN_POINT('',(0.849471003424,-7.366217057845));
#4120 = CARTESIAN_POINT('',(0.847005957399,-7.089516823568));
#4121 = CARTESIAN_POINT('',(0.845546285748,-6.897121295004));
#4122 = CARTESIAN_POINT('',(0.844265317959,-6.698375166653));
#4123 = CARTESIAN_POINT('',(0.843157131091,-6.49452070444));
#4124 = CARTESIAN_POINT('',(0.842216968192,-6.286661727984));
#4125 = CARTESIAN_POINT('',(0.841440008821,-6.075591610927));
#4126 = CARTESIAN_POINT('',(0.840823525778,-5.862232422841));
#4127 = CARTESIAN_POINT('',(0.840362776216,-5.646987479575));
#4128 = CARTESIAN_POINT('',(0.840056245512,-5.430507685628));
#4129 = CARTESIAN_POINT('',(0.839904895901,-5.213582942372));
#4130 = CARTESIAN_POINT('',(0.839911419519,-4.562724972229));
#4131 = CARTESIAN_POINT('',(0.840531815629,-4.129015105959));
#4132 = CARTESIAN_POINT('',(0.841766309845,-3.698646892878));
#4133 = CARTESIAN_POINT('',(0.843640048194,-3.28177868341));
#4134 = CARTESIAN_POINT('',(0.846151388588,-2.873333449161));
#4135 = CARTESIAN_POINT('',(0.849405359412,-2.491820531988));
#4136 = CARTESIAN_POINT('',(0.853396400842,-2.144158393706));
#4137 = CARTESIAN_POINT('',(0.858186123256,-1.835357169385));
#4138 = CARTESIAN_POINT('',(0.863983433917,-1.611144303823));
#4139 = CARTESIAN_POINT('',(0.870219797863,-1.499775244391));
#4140 = CARTESIAN_POINT('',(0.876467583296,-1.500000876425));
#4141 = ( GEOMETRIC_REPRESENTATION_CONTEXT(2) 
PARAMETRIC_REPRESENTATION_CONTEXT() REPRESENTATION_CONTEXT('2D SPACE',''
  ) );
#4142 = ADVANCED_FACE('',(#4143),#2974,.T.);
#4143 = FACE_BOUND('',#4144,.T.);
#4144 = EDGE_LOOP('',(#4145,#4180,#4181,#4182));
#4145 = ORIENTED_EDGE('',*,*,#4146,.F.);
#4146 = EDGE_CURVE('',#2959,#3778,#4147,.T.);
#4147 = SURFACE_CURVE('',#4148,(#4153,#4168),.PCURVE_S1.);
#4148 = CIRCLE('',#4149,1.);
#4149 = AXIS2_PLACEMENT_3D('',#4150,#4151,#4152);
#4150 = CARTESIAN_POINT('',(54.554961574574,149.3671132091,9.));
#4151 = DIRECTION('',(-0.951442157472,-0.30782758321,-0.));
#4152 = DIRECTION('',(-0.30782758321,0.951442157472,0.));
#4153 = PCURVE('',#2974,#4154);
#4154 = DEFINITIONAL_REPRESENTATION('',(#4155),#4167);
#4155 = B_SPLINE_CURVE_WITH_KNOTS('',10,(#4156,#4157,#4158,#4159,#4160,
    #4161,#4162,#4163,#4164,#4165,#4166),.UNSPECIFIED.,.F.,.F.,(11,11),(
    4.712388980385,6.28318530718),.PIECEWISE_BEZIER_KNOTS.);
#4156 = CARTESIAN_POINT('',(1.570796326795,1.034827704074));
#4157 = CARTESIAN_POINT('',(1.413716694115,1.034827698615));
#4158 = CARTESIAN_POINT('',(1.256552012309,1.034827693153));
#4159 = CARTESIAN_POINT('',(1.099764737765,1.034827687706));
#4160 = CARTESIAN_POINT('',(0.942137243714,1.034827682227));
#4161 = CARTESIAN_POINT('',(0.785732016396,1.034827676793));
#4162 = CARTESIAN_POINT('',(0.628088650506,1.034827671314));
#4163 = CARTESIAN_POINT('',(0.471329767028,1.034827665867));
#4164 = CARTESIAN_POINT('',(0.314136218934,1.034827660405));
#4165 = CARTESIAN_POINT('',(0.15707963268,1.034827654947));
#4166 = CARTESIAN_POINT('',(-1.110223024625E-16,1.034827649488));
#4167 = ( GEOMETRIC_REPRESENTATION_CONTEXT(2) 
PARAMETRIC_REPRESENTATION_CONTEXT() REPRESENTATION_CONTEXT('2D SPACE',''
  ) );
#4168 = PCURVE('',#4169,#4174);
#4169 = SPHERICAL_SURFACE('',#4170,1.);
#4170 = AXIS2_PLACEMENT_3D('',#4171,#4172,#4173);
#4171 = CARTESIAN_POINT('',(54.554961574574,149.3671132091,9.));
#4172 = DIRECTION('',(-0.,-0.,-1.));
#4173 = DIRECTION('',(-0.94090238673,-0.338677868551,0.));
#4174 = DEFINITIONAL_REPRESENTATION('',(#4175),#4179);
#4175 = LINE('',#4176,#4177);
#4176 = CARTESIAN_POINT('',(1.603398796329,-6.28318530718));
#4177 = VECTOR('',#4178,1.);
#4178 = DIRECTION('',(0.,1.));
#4179 = ( GEOMETRIC_REPRESENTATION_CONTEXT(2) 
PARAMETRIC_REPRESENTATION_CONTEXT() REPRESENTATION_CONTEXT('2D SPACE',''
  ) );
#4180 = ORIENTED_EDGE('',*,*,#2958,.T.);
#4181 = ORIENTED_EDGE('',*,*,#3724,.T.);
#4182 = ORIENTED_EDGE('',*,*,#3777,.F.);
#4183 = ADVANCED_FACE('',(#4184),#3241,.T.);
#4184 = FACE_BOUND('',#4185,.F.);
#4185 = EDGE_LOOP('',(#4186,#4213,#4241,#4262));
#4186 = ORIENTED_EDGE('',*,*,#4187,.T.);
#4187 = EDGE_CURVE('',#3226,#4188,#4190,.T.);
#4188 = VERTEX_POINT('',#4189);
#4189 = CARTESIAN_POINT('',(83.399999999928,49.,9.000000000008));
#4190 = SURFACE_CURVE('',#4191,(#4196,#4206),.PCURVE_S1.);
#4191 = ELLIPSE('',#4192,1.414213562373,1.);
#4192 = AXIS2_PLACEMENT_3D('',#4193,#4194,#4195);
#4193 = CARTESIAN_POINT('',(82.399999999928,50.,9.));
#4194 = DIRECTION('',(0.707106781187,0.707106781187,5.633233915197E-12)
  );
#4195 = DIRECTION('',(0.707106781187,-0.707106781187,5.633233915197E-12)
  );
#4196 = PCURVE('',#3241,#4197);
#4197 = DEFINITIONAL_REPRESENTATION('',(#4198),#4205);
#4198 = B_SPLINE_CURVE_WITH_KNOTS('',5,(#4199,#4200,#4201,#4202,#4203,
    #4204),.UNSPECIFIED.,.F.,.F.,(6,6),(4.712388980393,6.28318530718),
  .PIECEWISE_BEZIER_KNOTS.);
#4199 = CARTESIAN_POINT('',(1.432187701766E-14,-0.999999999992));
#4200 = CARTESIAN_POINT('',(-0.314159265357,-0.685840734635));
#4201 = CARTESIAN_POINT('',(-0.628315954617,-0.371405851329));
#4202 = CARTESIAN_POINT('',(-0.942493187782,-0.12301277939));
#4203 = CARTESIAN_POINT('',(-1.25663706143,1.561167861652E-13));
#4204 = CARTESIAN_POINT('',(-1.570796326787,1.563749130185E-13));
#4205 = ( GEOMETRIC_REPRESENTATION_CONTEXT(2) 
PARAMETRIC_REPRESENTATION_CONTEXT() REPRESENTATION_CONTEXT('2D SPACE',''
  ) );
#4206 = PCURVE('',#3707,#4207);
#4207 = DEFINITIONAL_REPRESENTATION('',(#4208),#4212);
#4208 = ELLIPSE('',#4209,1.414213562373,1.);
#4209 = AXIS2_PLACEMENT_2D('',#4210,#4211);
#4210 = CARTESIAN_POINT('',(1.,0.707106781181));
#4211 = DIRECTION('',(-5.633233915197E-12,-1.));
#4212 = ( GEOMETRIC_REPRESENTATION_CONTEXT(2) 
PARAMETRIC_REPRESENTATION_CONTEXT() REPRESENTATION_CONTEXT('2D SPACE',''
  ) );
#4213 = ORIENTED_EDGE('',*,*,#4214,.T.);
#4214 = EDGE_CURVE('',#4188,#4215,#4217,.T.);
#4215 = VERTEX_POINT('',#4216);
#4216 = CARTESIAN_POINT('',(83.399999999928,15.800026644797,
    9.000000000008));
#4217 = SURFACE_CURVE('',#4218,(#4222,#4229),.PCURVE_S1.);
#4218 = LINE('',#4219,#4220);
#4219 = CARTESIAN_POINT('',(83.399999999928,49.,9.000000000008));
#4220 = VECTOR('',#4221,1.);
#4221 = DIRECTION('',(0.,-1.,0.));
#4222 = PCURVE('',#3241,#4223);
#4223 = DEFINITIONAL_REPRESENTATION('',(#4224),#4228);
#4224 = LINE('',#4225,#4226);
#4225 = CARTESIAN_POINT('',(-1.570796326787,0.));
#4226 = VECTOR('',#4227,1.);
#4227 = DIRECTION('',(-0.,1.));
#4228 = ( GEOMETRIC_REPRESENTATION_CONTEXT(2) 
PARAMETRIC_REPRESENTATION_CONTEXT() REPRESENTATION_CONTEXT('2D SPACE',''
  ) );
#4229 = PCURVE('',#4230,#4235);
#4230 = PLANE('',#4231);
#4231 = AXIS2_PLACEMENT_3D('',#4232,#4233,#4234);
#4232 = CARTESIAN_POINT('',(83.399999999956,33.13756851963,
    5.237555197231));
#4233 = DIRECTION('',(1.,-1.302403465426E-13,7.967086549815E-12));
#4234 = DIRECTION('',(-7.967086549815E-12,0.,1.));
#4235 = DEFINITIONAL_REPRESENTATION('',(#4236),#4240);
#4236 = LINE('',#4237,#4238);
#4237 = CARTESIAN_POINT('',(3.762444802777,-15.86243148037));
#4238 = VECTOR('',#4239,1.);
#4239 = DIRECTION('',(0.,1.));
#4240 = ( GEOMETRIC_REPRESENTATION_CONTEXT(2) 
PARAMETRIC_REPRESENTATION_CONTEXT() REPRESENTATION_CONTEXT('2D SPACE',''
  ) );
#4241 = ORIENTED_EDGE('',*,*,#4242,.F.);
#4242 = EDGE_CURVE('',#3193,#4215,#4243,.T.);
#4243 = SURFACE_CURVE('',#4244,(#4249,#4256),.PCURVE_S1.);
#4244 = CIRCLE('',#4245,1.);
#4245 = AXIS2_PLACEMENT_3D('',#4246,#4247,#4248);
#4246 = CARTESIAN_POINT('',(82.399999999928,15.800026644797,9.));
#4247 = DIRECTION('',(0.,1.,0.));
#4248 = DIRECTION('',(0.,0.,1.));
#4249 = PCURVE('',#3241,#4250);
#4250 = DEFINITIONAL_REPRESENTATION('',(#4251),#4255);
#4251 = LINE('',#4252,#4253);
#4252 = CARTESIAN_POINT('',(-0.,33.199973355203));
#4253 = VECTOR('',#4254,1.);
#4254 = DIRECTION('',(-1.,0.));
#4255 = ( GEOMETRIC_REPRESENTATION_CONTEXT(2) 
PARAMETRIC_REPRESENTATION_CONTEXT() REPRESENTATION_CONTEXT('2D SPACE',''
  ) );
#4256 = PCURVE('',#3213,#4257);
#4257 = DEFINITIONAL_REPRESENTATION('',(#4258),#4261);
#4258 = B_SPLINE_CURVE_WITH_KNOTS('',1,(#4259,#4260),.UNSPECIFIED.,.F.,
  .F.,(2,2),(0.,1.570796326787),.PIECEWISE_BEZIER_KNOTS.);
#4259 = CARTESIAN_POINT('',(0.,4.712388980385));
#4260 = CARTESIAN_POINT('',(0.,6.283185307172));
#4261 = ( GEOMETRIC_REPRESENTATION_CONTEXT(2) 
PARAMETRIC_REPRESENTATION_CONTEXT() REPRESENTATION_CONTEXT('2D SPACE',''
  ) );
#4262 = ORIENTED_EDGE('',*,*,#3225,.F.);
#4263 = ADVANCED_FACE('',(#4264),#3060,.T.);
#4264 = FACE_BOUND('',#4265,.T.);
#4265 = EDGE_LOOP('',(#4266,#4346,#4347,#4379));
#4266 = ORIENTED_EDGE('',*,*,#4267,.T.);
#4267 = EDGE_CURVE('',#4268,#2987,#4270,.T.);
#4268 = VERTEX_POINT('',#4269);
#4269 = CARTESIAN_POINT('',(74.999950645067,50.,9.));
#4270 = SURFACE_CURVE('',#4271,(#4294,#4320),.PCURVE_S1.);
#4271 = B_SPLINE_CURVE_WITH_KNOTS('',6,(#4272,#4273,#4274,#4275,#4276,
    #4277,#4278,#4279,#4280,#4281,#4282,#4283,#4284,#4285,#4286,#4287,
    #4288,#4289,#4290,#4291,#4292,#4293),.UNSPECIFIED.,.F.,.F.,(7,5,5,5,
    7),(0.,0.249630286605,0.499633132155,0.749636043722,1.),
  .UNSPECIFIED.);
#4272 = CARTESIAN_POINT('',(74.999950645064,50.000001544194,9.));
#4273 = CARTESIAN_POINT('',(74.999950645064,50.000001544194,
    9.058840063822));
#4274 = CARTESIAN_POINT('',(75.004105364399,50.000216514453,
    9.119400628332));
#4275 = CARTESIAN_POINT('',(75.01286942766,50.000669977707,
    9.181225865359));
#4276 = CARTESIAN_POINT('',(75.026638681157,50.001382409928,
    9.243709057604));
#4277 = CARTESIAN_POINT('',(75.045656390106,50.002366380869,
    9.306088861982));
#4278 = CARTESIAN_POINT('',(75.0942759028,50.004881857961,9.429108647529
    ));
#4279 = CARTESIAN_POINT('',(75.123893628474,50.006414187781,
    9.489745700877));
#4280 = CARTESIAN_POINT('',(75.158827581052,50.008221509714,
    9.548649259819));
#4281 = CARTESIAN_POINT('',(75.198890665131,50.010294107125,
    9.604946919006));
#4282 = CARTESIAN_POINT('',(75.243628634289,50.01260843608,
    9.657831978781));
#4283 = CARTESIAN_POINT('',(75.341199909829,50.017655587032,
    9.755521921376));
#4284 = CARTESIAN_POINT('',(75.394033017562,50.020388398717,
    9.800326600383));
#4285 = CARTESIAN_POINT('',(75.450287618058,50.023298025652,
    9.840462238744));
#4286 = CARTESIAN_POINT('',(75.509158011633,50.026342755321,
    9.875472516267));
#4287 = CARTESIAN_POINT('',(75.56977192786,50.029477450567,
    9.905168149417));
#4288 = CARTESIAN_POINT('',(75.692945203657,50.035847029148,
    9.95401437643));
#4289 = CARTESIAN_POINT('',(75.755507051396,50.039082040603,
    9.973149811232));
#4290 = CARTESIAN_POINT('',(75.818179659634,50.042322559376,
    9.987003945311));
#4291 = CARTESIAN_POINT('',(75.880194005015,50.045528825117,
    9.995820708181));
#4292 = CARTESIAN_POINT('',(75.940937607365,50.048669186835,
    10.000000055284));
#4293 = CARTESIAN_POINT('',(75.999950570424,50.051719892021,10.));
#4294 = PCURVE('',#3060,#4295);
#4295 = DEFINITIONAL_REPRESENTATION('',(#4296),#4319);
#4296 = B_SPLINE_CURVE_WITH_KNOTS('',6,(#4297,#4298,#4299,#4300,#4301,
    #4302,#4303,#4304,#4305,#4306,#4307,#4308,#4309,#4310,#4311,#4312,
    #4313,#4314,#4315,#4316,#4317,#4318),.UNSPECIFIED.,.F.,.F.,(7,5,5,5,
    7),(0.,0.249630286605,0.499633132155,0.749636043722,1.),
  .UNSPECIFIED.);
#4297 = CARTESIAN_POINT('',(0.,-3.242079457344E-06));
#4298 = CARTESIAN_POINT('',(5.44093160648,-3.242079444077E-06));
#4299 = CARTESIAN_POINT('',(10.881826248789,-1.981031155561E-04));
#4300 = CARTESIAN_POINT('',(16.322684046719,-6.091473298438E-04));
#4301 = CARTESIAN_POINT('',(21.763506784026,-1.254924632772E-03));
#4302 = CARTESIAN_POINT('',(27.204298258022,-2.146796445997E-03));
#4303 = CARTESIAN_POINT('',(38.093947899836,-4.42666867077E-03));
#4304 = CARTESIAN_POINT('',(43.542806402254,-5.815415413621E-03));
#4305 = CARTESIAN_POINT('',(48.991642841415,-7.453285899167E-03));
#4306 = CARTESIAN_POINT('',(54.440463877664,-9.331403825852E-03));
#4307 = CARTESIAN_POINT('',(59.88927743682,-1.14283503871E-02));
#4308 = CARTESIAN_POINT('',(70.786904876661,-1.600088652165E-02));
#4309 = CARTESIAN_POINT('',(76.235719234532,-1.847646668788E-02));
#4310 = CARTESIAN_POINT('',(81.684540440127,-2.1111909787E-02));
#4311 = CARTESIAN_POINT('',(87.133376482457,-2.386935857585E-02));
#4312 = CARTESIAN_POINT('',(92.582234134944,-2.670788921399E-02));
#4313 = CARTESIAN_POINT('',(103.48787055995,-3.247487136956E-02));
#4314 = CARTESIAN_POINT('',(108.94464991033,-3.540343765926E-02));
#4315 = CARTESIAN_POINT('',(114.40146050299,-3.83365727417E-02));
#4316 = CARTESIAN_POINT('',(119.85830628108,-4.12382894586E-02));
#4317 = CARTESIAN_POINT('',(125.31518921053,-4.407997734716E-02));
#4318 = CARTESIAN_POINT('',(130.77210951227,-4.684018299843E-02));
#4319 = ( GEOMETRIC_REPRESENTATION_CONTEXT(2) 
PARAMETRIC_REPRESENTATION_CONTEXT() REPRESENTATION_CONTEXT('2D SPACE',''
  ) );
#4320 = PCURVE('',#3180,#4321);
#4321 = DEFINITIONAL_REPRESENTATION('',(#4322),#4345);
#4322 = B_SPLINE_CURVE_WITH_KNOTS('',6,(#4323,#4324,#4325,#4326,#4327,
    #4328,#4329,#4330,#4331,#4332,#4333,#4334,#4335,#4336,#4337,#4338,
    #4339,#4340,#4341,#4342,#4343,#4344),.UNSPECIFIED.,.F.,.F.,(7,5,5,5,
    7),(0.,0.249630286605,0.499633132155,0.749636043722,1.),
  .UNSPECIFIED.);
#4323 = CARTESIAN_POINT('',(-1.570796326795,34.200007605361));
#4324 = CARTESIAN_POINT('',(-1.511956262973,34.200007605361));
#4325 = CARTESIAN_POINT('',(-1.451395702475,34.200222569624));
#4326 = CARTESIAN_POINT('',(-1.389203741493,34.20067602023));
#4327 = CARTESIAN_POINT('',(-1.325513496633,34.201388432581));
#4328 = CARTESIAN_POINT('',(-1.260510138908,34.202372376076));
#4329 = CARTESIAN_POINT('',(-1.128231172313,34.204887783004));
#4330 = CARTESIAN_POINT('',(-1.060952322066,34.206420070082));
#4331 = CARTESIAN_POINT('',(-0.992810551872,34.208227341601));
#4332 = CARTESIAN_POINT('',(-0.924074651523,34.210299881196));
#4333 = CARTESIAN_POINT('',(-0.85504113282,34.212614145589));
#4334 = CARTESIAN_POINT('',(-0.71697057073,34.217661155732));
#4335 = CARTESIAN_POINT('',(-0.647933566538,34.220393891173));
#4336 = CARTESIAN_POINT('',(-0.579190713007,34.223303436926));
#4337 = CARTESIAN_POINT('',(-0.5110386718,34.226348081637));
#4338 = CARTESIAN_POINT('',(-0.443746524823,34.22948268941));
#4339 = CARTESIAN_POINT('',(-0.311241385193,34.235852090235));
#4340 = CARTESIAN_POINT('',(-0.246031542533,34.239087011406));
#4341 = CARTESIAN_POINT('',(-0.182140884668,34.242327439734));
#4342 = CARTESIAN_POINT('',(-0.119756572293,34.245533615981));
#4343 = CARTESIAN_POINT('',(-5.901296661933E-02,34.248673890038));
#4344 = CARTESIAN_POINT('',(0.,34.251724510061));
#4345 = ( GEOMETRIC_REPRESENTATION_CONTEXT(2) 
PARAMETRIC_REPRESENTATION_CONTEXT() REPRESENTATION_CONTEXT('2D SPACE',''
  ) );
#4346 = ORIENTED_EDGE('',*,*,#2986,.T.);
#4347 = ORIENTED_EDGE('',*,*,#4348,.T.);
#4348 = EDGE_CURVE('',#2959,#4349,#4351,.T.);
#4349 = VERTEX_POINT('',#4350);
#4350 = CARTESIAN_POINT('',(53.614059187844,149.02843534055,9.));
#4351 = SURFACE_CURVE('',#4352,(#4357,#4372),.PCURVE_S1.);
#4352 = CIRCLE('',#4353,1.);
#4353 = AXIS2_PLACEMENT_3D('',#4354,#4355,#4356);
#4354 = CARTESIAN_POINT('',(54.554961574574,149.3671132091,9.));
#4355 = DIRECTION('',(0.338677868551,-0.94090238673,0.));
#4356 = DIRECTION('',(-0.94090238673,-0.338677868551,0.));
#4357 = PCURVE('',#3060,#4358);
#4358 = DEFINITIONAL_REPRESENTATION('',(#4359),#4371);
#4359 = B_SPLINE_CURVE_WITH_KNOTS('',10,(#4360,#4361,#4362,#4363,#4364,
    #4365,#4366,#4367,#4368,#4369,#4370),.UNSPECIFIED.,.F.,.F.,(11,11),(
    4.712388980385,6.28318530718),.PIECEWISE_BEZIER_KNOTS.);
#4360 = CARTESIAN_POINT('',(130.77210951227,101.45240834575));
#4361 = CARTESIAN_POINT('',(116.24698000087,101.4524091978));
#4362 = CARTESIAN_POINT('',(102.77186388384,101.45240998822));
#4363 = CARTESIAN_POINT('',(89.970148155662,101.45241073925));
#4364 = CARTESIAN_POINT('',(77.580095834022,101.45241146592));
#4365 = CARTESIAN_POINT('',(65.386293557228,101.45241218137));
#4366 = CARTESIAN_POINT('',(53.19160599237,101.45241289656));
#4367 = CARTESIAN_POINT('',(40.802174500911,101.45241362342));
#4368 = CARTESIAN_POINT('',(28.000168531754,101.45241437434));
#4369 = CARTESIAN_POINT('',(14.525129353301,101.45241516481));
#4370 = CARTESIAN_POINT('',(2.84217094304E-14,101.45241601685));
#4371 = ( GEOMETRIC_REPRESENTATION_CONTEXT(2) 
PARAMETRIC_REPRESENTATION_CONTEXT() REPRESENTATION_CONTEXT('2D SPACE',''
  ) );
#4372 = PCURVE('',#4169,#4373);
#4373 = DEFINITIONAL_REPRESENTATION('',(#4374),#4378);
#4374 = LINE('',#4375,#4376);
#4375 = CARTESIAN_POINT('',(0.,-6.28318530718));
#4376 = VECTOR('',#4377,1.);
#4377 = DIRECTION('',(0.,1.));
#4378 = ( GEOMETRIC_REPRESENTATION_CONTEXT(2) 
PARAMETRIC_REPRESENTATION_CONTEXT() REPRESENTATION_CONTEXT('2D SPACE',''
  ) );
#4379 = ORIENTED_EDGE('',*,*,#4380,.F.);
#4380 = EDGE_CURVE('',#4268,#4349,#4381,.T.);
#4381 = SURFACE_CURVE('',#4382,(#4415,#4422),.PCURVE_S1.);
#4382 = B_SPLINE_CURVE_WITH_KNOTS('',11,(#4383,#4384,#4385,#4386,#4387,
    #4388,#4389,#4390,#4391,#4392,#4393,#4394,#4395,#4396,#4397,#4398,
    #4399,#4400,#4401,#4402,#4403,#4404,#4405,#4406,#4407,#4408,#4409,
    #4410,#4411,#4412,#4413,#4414),.UNSPECIFIED.,.F.,.F.,(12,10,10,12),(
    -28.51705956025,-28.18153812313,102.59057138913,106.91058276413),
  .UNSPECIFIED.);
#4383 = CARTESIAN_POINT('',(77.46942383246,17.741254152706,9.));
#4384 = CARTESIAN_POINT('',(77.467589150273,17.776869441303,9.));
#4385 = CARTESIAN_POINT('',(77.465755004988,17.812474307455,9.));
#4386 = CARTESIAN_POINT('',(77.463921396603,17.848068751163,9.));
#4387 = CARTESIAN_POINT('',(77.462088325119,17.883652772426,9.));
#4388 = CARTESIAN_POINT('',(77.460255790535,17.919226371244,9.));
#4389 = CARTESIAN_POINT('',(77.458423792852,17.954789547617,9.));
#4390 = CARTESIAN_POINT('',(77.45659233207,17.990342301546,9.));
#4391 = CARTESIAN_POINT('',(77.454761408189,18.02588463303,9.));
#4392 = CARTESIAN_POINT('',(77.452931021208,18.06141654207,9.));
#4393 = CARTESIAN_POINT('',(77.451101171128,18.096938028664,9.));
#4394 = CARTESIAN_POINT('',(76.736282710484,31.973164636217,9.));
#4395 = CARTESIAN_POINT('',(75.726080677084,45.447413302472,9.));
#4396 = CARTESIAN_POINT('',(74.418388997227,58.551374699321,
    8.999999999999));
#4397 = CARTESIAN_POINT('',(72.814331690564,71.276047496181,
    9.000000000001));
#4398 = CARTESIAN_POINT('',(70.912178158355,83.64308011794,
    8.999999999998));
#4399 = CARTESIAN_POINT('',(68.713679928876,95.624809561863,
    9.000000000003));
#4400 = CARTESIAN_POINT('',(66.217538088443,107.24584321771,
    8.999999999998));
#4401 = CARTESIAN_POINT('',(63.424520580176,118.48980852204,
    9.000000000002));
#4402 = CARTESIAN_POINT('',(60.334329162607,129.36469690612,
    8.999999999999));
#4403 = CARTESIAN_POINT('',(56.947029676325,139.86786366122,9.));
#4404 = CARTESIAN_POINT('',(53.140842302353,150.33471161702,9.));
#4405 = CARTESIAN_POINT('',(53.016627279671,150.67629746882,9.));
#4406 = CARTESIAN_POINT('',(52.889912495292,151.02475755539,9.));
#4407 = CARTESIAN_POINT('',(52.760697949217,151.38009187673,9.));
#4408 = CARTESIAN_POINT('',(52.628983641446,151.74230043285,9.));
#4409 = CARTESIAN_POINT('',(52.494769571979,152.11138322375,9.));
#4410 = CARTESIAN_POINT('',(52.358055740815,152.48734024941,9.));
#4411 = CARTESIAN_POINT('',(52.218842147955,152.87017150985,9.));
#4412 = CARTESIAN_POINT('',(52.077128793398,153.25987700507,9.));
#4413 = CARTESIAN_POINT('',(51.932915677145,153.65645673505,9.));
#4414 = CARTESIAN_POINT('',(51.786202799196,154.05991069981,9.));
#4415 = PCURVE('',#3060,#4416);
#4416 = DEFINITIONAL_REPRESENTATION('',(#4417),#4421);
#4417 = LINE('',#4418,#4419);
#4418 = CARTESIAN_POINT('',(0.,0.));
#4419 = VECTOR('',#4420,1.);
#4420 = DIRECTION('',(0.,1.));
#4421 = ( GEOMETRIC_REPRESENTATION_CONTEXT(2) 
PARAMETRIC_REPRESENTATION_CONTEXT() REPRESENTATION_CONTEXT('2D SPACE',''
  ) );
#4422 = PCURVE('',#3970,#4423);
#4423 = DEFINITIONAL_REPRESENTATION('',(#4424),#4437);
#4424 = B_SPLINE_CURVE_WITH_KNOTS('',11,(#4425,#4426,#4427,#4428,#4429,
    #4430,#4431,#4432,#4433,#4434,#4435,#4436),.UNSPECIFIED.,.F.,.F.,(12
    ,12),(-4.487954317296E-06,101.45241601685),
  .PIECEWISE_BEZIER_KNOTS.);
#4425 = CARTESIAN_POINT('',(2.220445966686E-16,-1.));
#4426 = CARTESIAN_POINT('',(8.990068541379E-02,-1.));
#4427 = CARTESIAN_POINT('',(0.179801599379,-1.));
#4428 = CARTESIAN_POINT('',(0.269701810727,-1.));
#4429 = CARTESIAN_POINT('',(0.359603981834,-1.));
#4430 = CARTESIAN_POINT('',(0.449506777548,-0.999999999999));
#4431 = CARTESIAN_POINT('',(0.539402733203,-1.000000000001));
#4432 = CARTESIAN_POINT('',(0.629309440276,-1.));
#4433 = CARTESIAN_POINT('',(0.719205110907,-1.));
#4434 = CARTESIAN_POINT('',(0.809106175796,-1.));
#4435 = CARTESIAN_POINT('',(0.899005631517,-1.));
#4436 = CARTESIAN_POINT('',(0.988905877422,-1.));
#4437 = ( GEOMETRIC_REPRESENTATION_CONTEXT(2) 
PARAMETRIC_REPRESENTATION_CONTEXT() REPRESENTATION_CONTEXT('2D SPACE',''
  ) );
#4438 = ADVANCED_FACE('',(#4439),#3213,.T.);
#4439 = FACE_BOUND('',#4440,.T.);
#4440 = EDGE_LOOP('',(#4441,#4442,#4443,#4467));
#4441 = ORIENTED_EDGE('',*,*,#4242,.F.);
#4442 = ORIENTED_EDGE('',*,*,#3192,.T.);
#4443 = ORIENTED_EDGE('',*,*,#4444,.T.);
#4444 = EDGE_CURVE('',#3165,#4445,#4447,.T.);
#4445 = VERTEX_POINT('',#4446);
#4446 = CARTESIAN_POINT('',(75.,15.799993938869,9.));
#4447 = SURFACE_CURVE('',#4448,(#4453,#4460),.PCURVE_S1.);
#4448 = CIRCLE('',#4449,1.);
#4449 = AXIS2_PLACEMENT_3D('',#4450,#4451,#4452);
#4450 = CARTESIAN_POINT('',(75.999999999999,15.799995381995,9.));
#4451 = DIRECTION('',(1.443126452232E-06,-0.999999999999,0.));
#4452 = DIRECTION('',(-0.999999999999,-1.443126452232E-06,0.));
#4453 = PCURVE('',#3213,#4454);
#4454 = DEFINITIONAL_REPRESENTATION('',(#4455),#4459);
#4455 = LINE('',#4456,#4457);
#4456 = CARTESIAN_POINT('',(3.141597554463,0.));
#4457 = VECTOR('',#4458,1.);
#4458 = DIRECTION('',(0.,1.));
#4459 = ( GEOMETRIC_REPRESENTATION_CONTEXT(2) 
PARAMETRIC_REPRESENTATION_CONTEXT() REPRESENTATION_CONTEXT('2D SPACE',''
  ) );
#4460 = PCURVE('',#3180,#4461);
#4461 = DEFINITIONAL_REPRESENTATION('',(#4462),#4466);
#4462 = LINE('',#4463,#4464);
#4463 = CARTESIAN_POINT('',(4.712388980385,5.329070518201E-15));
#4464 = VECTOR('',#4465,1.);
#4465 = DIRECTION('',(-1.,0.));
#4466 = ( GEOMETRIC_REPRESENTATION_CONTEXT(2) 
PARAMETRIC_REPRESENTATION_CONTEXT() REPRESENTATION_CONTEXT('2D SPACE',''
  ) );
#4467 = ORIENTED_EDGE('',*,*,#4468,.F.);
#4468 = EDGE_CURVE('',#4215,#4445,#4469,.T.);
#4469 = SURFACE_CURVE('',#4470,(#4475,#4482),.PCURVE_S1.);
#4470 = CIRCLE('',#4471,4.200000000004);
#4471 = AXIS2_PLACEMENT_3D('',#4472,#4473,#4474);
#4472 = CARTESIAN_POINT('',(79.2,15.8,9.));
#4473 = DIRECTION('',(0.,0.,-1.));
#4474 = DIRECTION('',(0.99999999998,6.343999202358E-06,0.));
#4475 = PCURVE('',#3213,#4476);
#4476 = DEFINITIONAL_REPRESENTATION('',(#4477),#4481);
#4477 = LINE('',#4478,#4479);
#4478 = CARTESIAN_POINT('',(0.,6.28318530718));
#4479 = VECTOR('',#4480,1.);
#4480 = DIRECTION('',(1.,0.));
#4481 = ( GEOMETRIC_REPRESENTATION_CONTEXT(2) 
PARAMETRIC_REPRESENTATION_CONTEXT() REPRESENTATION_CONTEXT('2D SPACE',''
  ) );
#4482 = PCURVE('',#4483,#4488);
#4483 = CYLINDRICAL_SURFACE('',#4484,4.200000000004);
#4484 = AXIS2_PLACEMENT_3D('',#4485,#4486,#4487);
#4485 = CARTESIAN_POINT('',(79.2,15.8,5.));
#4486 = DIRECTION('',(-0.,-0.,-1.));
#4487 = DIRECTION('',(1.,0.,0.));
#4488 = DEFINITIONAL_REPRESENTATION('',(#4489),#4493);
#4489 = LINE('',#4490,#4491);
#4490 = CARTESIAN_POINT('',(-6.283191651179,-4.));
#4491 = VECTOR('',#4492,1.);
#4492 = DIRECTION('',(1.,-0.));
#4493 = ( GEOMETRIC_REPRESENTATION_CONTEXT(2) 
PARAMETRIC_REPRESENTATION_CONTEXT() REPRESENTATION_CONTEXT('2D SPACE',''
  ) );
#4494 = ADVANCED_FACE('',(#4495),#3180,.T.);
#4495 = FACE_BOUND('',#4496,.F.);
#4496 = EDGE_LOOP('',(#4497,#4498,#4524,#4525));
#4497 = ORIENTED_EDGE('',*,*,#4444,.T.);
#4498 = ORIENTED_EDGE('',*,*,#4499,.T.);
#4499 = EDGE_CURVE('',#4445,#4268,#4500,.T.);
#4500 = SURFACE_CURVE('',#4501,(#4505,#4512),.PCURVE_S1.);
#4501 = LINE('',#4502,#4503);
#4502 = CARTESIAN_POINT('',(75.,15.799993938869,9.));
#4503 = VECTOR('',#4504,1.);
#4504 = DIRECTION('',(-1.443126451704E-06,0.999999999999,0.));
#4505 = PCURVE('',#3180,#4506);
#4506 = DEFINITIONAL_REPRESENTATION('',(#4507),#4511);
#4507 = LINE('',#4508,#4509);
#4508 = CARTESIAN_POINT('',(-1.570796326795,0.));
#4509 = VECTOR('',#4510,1.);
#4510 = DIRECTION('',(-0.,1.));
#4511 = ( GEOMETRIC_REPRESENTATION_CONTEXT(2) 
PARAMETRIC_REPRESENTATION_CONTEXT() REPRESENTATION_CONTEXT('2D SPACE',''
  ) );
#4512 = PCURVE('',#4513,#4518);
#4513 = PLANE('',#4514);
#4514 = AXIS2_PLACEMENT_3D('',#4515,#4516,#4517);
#4515 = CARTESIAN_POINT('',(75.,15.799993938869,5.));
#4516 = DIRECTION('',(-0.999999999999,-1.443126451704E-06,0.));
#4517 = DIRECTION('',(-1.443126451704E-06,0.999999999999,0.));
#4518 = DEFINITIONAL_REPRESENTATION('',(#4519),#4523);
#4519 = LINE('',#4520,#4521);
#4520 = CARTESIAN_POINT('',(-5.329070518195E-15,-4.));
#4521 = VECTOR('',#4522,1.);
#4522 = DIRECTION('',(1.,0.));
#4523 = ( GEOMETRIC_REPRESENTATION_CONTEXT(2) 
PARAMETRIC_REPRESENTATION_CONTEXT() REPRESENTATION_CONTEXT('2D SPACE',''
  ) );
#4524 = ORIENTED_EDGE('',*,*,#4267,.T.);
#4525 = ORIENTED_EDGE('',*,*,#3164,.F.);
#4526 = ADVANCED_FACE('',(#4527),#3294,.F.);
#4527 = FACE_BOUND('',#4528,.T.);
#4528 = EDGE_LOOP('',(#4529,#4552,#4553,#4554));
#4529 = ORIENTED_EDGE('',*,*,#4530,.T.);
#4530 = EDGE_CURVE('',#4531,#3278,#4533,.T.);
#4531 = VERTEX_POINT('',#4532);
#4532 = CARTESIAN_POINT('',(81.7,15.8,5.));
#4533 = SEAM_CURVE('',#4534,(#4538,#4545),.PCURVE_S1.);
#4534 = LINE('',#4535,#4536);
#4535 = CARTESIAN_POINT('',(81.7,15.8,5.));
#4536 = VECTOR('',#4537,1.);
#4537 = DIRECTION('',(0.,0.,1.));
#4538 = PCURVE('',#3294,#4539);
#4539 = DEFINITIONAL_REPRESENTATION('',(#4540),#4544);
#4540 = LINE('',#4541,#4542);
#4541 = CARTESIAN_POINT('',(-0.,0.));
#4542 = VECTOR('',#4543,1.);
#4543 = DIRECTION('',(-0.,-1.));
#4544 = ( GEOMETRIC_REPRESENTATION_CONTEXT(2) 
PARAMETRIC_REPRESENTATION_CONTEXT() REPRESENTATION_CONTEXT('2D SPACE',''
  ) );
#4545 = PCURVE('',#3294,#4546);
#4546 = DEFINITIONAL_REPRESENTATION('',(#4547),#4551);
#4547 = LINE('',#4548,#4549);
#4548 = CARTESIAN_POINT('',(-6.28318530718,0.));
#4549 = VECTOR('',#4550,1.);
#4550 = DIRECTION('',(-0.,-1.));
#4551 = ( GEOMETRIC_REPRESENTATION_CONTEXT(2) 
PARAMETRIC_REPRESENTATION_CONTEXT() REPRESENTATION_CONTEXT('2D SPACE',''
  ) );
#4552 = ORIENTED_EDGE('',*,*,#3277,.T.);
#4553 = ORIENTED_EDGE('',*,*,#4530,.F.);
#4554 = ORIENTED_EDGE('',*,*,#4555,.F.);
#4555 = EDGE_CURVE('',#4531,#4531,#4556,.T.);
#4556 = SURFACE_CURVE('',#4557,(#4562,#4569),.PCURVE_S1.);
#4557 = CIRCLE('',#4558,2.5);
#4558 = AXIS2_PLACEMENT_3D('',#4559,#4560,#4561);
#4559 = CARTESIAN_POINT('',(79.2,15.8,5.));
#4560 = DIRECTION('',(0.,0.,1.));
#4561 = DIRECTION('',(1.,0.,0.));
#4562 = PCURVE('',#3294,#4563);
#4563 = DEFINITIONAL_REPRESENTATION('',(#4564),#4568);
#4564 = LINE('',#4565,#4566);
#4565 = CARTESIAN_POINT('',(-0.,0.));
#4566 = VECTOR('',#4567,1.);
#4567 = DIRECTION('',(-1.,0.));
#4568 = ( GEOMETRIC_REPRESENTATION_CONTEXT(2) 
PARAMETRIC_REPRESENTATION_CONTEXT() REPRESENTATION_CONTEXT('2D SPACE',''
  ) );
#4569 = PCURVE('',#4570,#4575);
#4570 = PLANE('',#4571);
#4571 = AXIS2_PLACEMENT_3D('',#4572,#4573,#4574);
#4572 = CARTESIAN_POINT('',(79.199989553045,29.730680423759,5.));
#4573 = DIRECTION('',(0.,0.,1.));
#4574 = DIRECTION('',(1.,0.,0.));
#4575 = DEFINITIONAL_REPRESENTATION('',(#4576),#4580);
#4576 = CIRCLE('',#4577,2.5);
#4577 = AXIS2_PLACEMENT_2D('',#4578,#4579);
#4578 = CARTESIAN_POINT('',(1.044695450503E-05,-13.93068042375));
#4579 = DIRECTION('',(1.,0.));
#4580 = ( GEOMETRIC_REPRESENTATION_CONTEXT(2) 
PARAMETRIC_REPRESENTATION_CONTEXT() REPRESENTATION_CONTEXT('2D SPACE',''
  ) );
#4581 = ADVANCED_FACE('',(#4582),#3676,.T.);
#4582 = FACE_BOUND('',#4583,.T.);
#4583 = EDGE_LOOP('',(#4584,#4610,#4611,#4612));
#4584 = ORIENTED_EDGE('',*,*,#4585,.T.);
#4585 = EDGE_CURVE('',#3485,#3801,#4586,.T.);
#4586 = SURFACE_CURVE('',#4587,(#4592,#4598),.PCURVE_S1.);
#4587 = CIRCLE('',#4588,1.);
#4588 = AXIS2_PLACEMENT_3D('',#4589,#4590,#4591);
#4589 = CARTESIAN_POINT('',(54.554963942197,149.36710663138,1.));
#4590 = DIRECTION('',(0.951442087332,0.3078278,-0.));
#4591 = DIRECTION('',(-0.3078278,0.951442087332,0.));
#4592 = PCURVE('',#3676,#4593);
#4593 = DEFINITIONAL_REPRESENTATION('',(#4594),#4597);
#4594 = B_SPLINE_CURVE_WITH_KNOTS('',1,(#4595,#4596),.UNSPECIFIED.,.F.,
  .F.,(2,2),(4.712388980385,6.28318530718),.PIECEWISE_BEZIER_KNOTS.);
#4595 = CARTESIAN_POINT('',(0.,1.03482771243));
#4596 = CARTESIAN_POINT('',(1.570796326795,1.034827649488));
#4597 = ( GEOMETRIC_REPRESENTATION_CONTEXT(2) 
PARAMETRIC_REPRESENTATION_CONTEXT() REPRESENTATION_CONTEXT('2D SPACE',''
  ) );
#4598 = PCURVE('',#4599,#4604);
#4599 = SPHERICAL_SURFACE('',#4600,1.);
#4600 = AXIS2_PLACEMENT_3D('',#4601,#4602,#4603);
#4601 = CARTESIAN_POINT('',(54.554963942197,149.36710663138,1.));
#4602 = DIRECTION('',(0.,0.,1.));
#4603 = DIRECTION('',(-0.3078278,0.951442087332,0.));
#4604 = DEFINITIONAL_REPRESENTATION('',(#4605),#4609);
#4605 = LINE('',#4606,#4607);
#4606 = CARTESIAN_POINT('',(0.,-6.28318530718));
#4607 = VECTOR('',#4608,1.);
#4608 = DIRECTION('',(0.,1.));
#4609 = ( GEOMETRIC_REPRESENTATION_CONTEXT(2) 
PARAMETRIC_REPRESENTATION_CONTEXT() REPRESENTATION_CONTEXT('2D SPACE',''
  ) );
#4610 = ORIENTED_EDGE('',*,*,#3843,.T.);
#4611 = ORIENTED_EDGE('',*,*,#3750,.F.);
#4612 = ORIENTED_EDGE('',*,*,#3662,.F.);
#4613 = ADVANCED_FACE('',(#4614),#3350,.T.);
#4614 = FACE_BOUND('',#4615,.F.);
#4615 = EDGE_LOOP('',(#4616,#4640,#4663,#4692));
#4616 = ORIENTED_EDGE('',*,*,#4617,.T.);
#4617 = EDGE_CURVE('',#3335,#4618,#4620,.T.);
#4618 = VERTEX_POINT('',#4619);
#4619 = CARTESIAN_POINT('',(83.399999999957,23.,1.));
#4620 = SURFACE_CURVE('',#4621,(#4626,#4633),.PCURVE_S1.);
#4621 = CIRCLE('',#4622,1.);
#4622 = AXIS2_PLACEMENT_3D('',#4623,#4624,#4625);
#4623 = CARTESIAN_POINT('',(82.399999999957,23.,1.));
#4624 = DIRECTION('',(-1.30179370826E-13,-1.,0.));
#4625 = DIRECTION('',(1.,-1.30179370826E-13,0.));
#4626 = PCURVE('',#3350,#4627);
#4627 = DEFINITIONAL_REPRESENTATION('',(#4628),#4632);
#4628 = LINE('',#4629,#4630);
#4629 = CARTESIAN_POINT('',(4.712388980385,-1.314504061198E-13));
#4630 = VECTOR('',#4631,1.);
#4631 = DIRECTION('',(-1.,0.));
#4632 = ( GEOMETRIC_REPRESENTATION_CONTEXT(2) 
PARAMETRIC_REPRESENTATION_CONTEXT() REPRESENTATION_CONTEXT('2D SPACE',''
  ) );
#4633 = PCURVE('',#3383,#4634);
#4634 = DEFINITIONAL_REPRESENTATION('',(#4635),#4639);
#4635 = LINE('',#4636,#4637);
#4636 = CARTESIAN_POINT('',(1.570796326795,0.));
#4637 = VECTOR('',#4638,1.);
#4638 = DIRECTION('',(0.,1.));
#4639 = ( GEOMETRIC_REPRESENTATION_CONTEXT(2) 
PARAMETRIC_REPRESENTATION_CONTEXT() REPRESENTATION_CONTEXT('2D SPACE',''
  ) );
#4640 = ORIENTED_EDGE('',*,*,#4641,.T.);
#4641 = EDGE_CURVE('',#4618,#4642,#4644,.T.);
#4642 = VERTEX_POINT('',#4643);
#4643 = CARTESIAN_POINT('',(83.399999999989,49.,1.000000000008));
#4644 = SURFACE_CURVE('',#4645,(#4649,#4656),.PCURVE_S1.);
#4645 = LINE('',#4646,#4647);
#4646 = CARTESIAN_POINT('',(83.399999999989,23.,1.000000000008));
#4647 = VECTOR('',#4648,1.);
#4648 = DIRECTION('',(0.,1.,0.));
#4649 = PCURVE('',#3350,#4650);
#4650 = DEFINITIONAL_REPRESENTATION('',(#4651),#4655);
#4651 = LINE('',#4652,#4653);
#4652 = CARTESIAN_POINT('',(-1.570796326803,0.));
#4653 = VECTOR('',#4654,1.);
#4654 = DIRECTION('',(-0.,1.));
#4655 = ( GEOMETRIC_REPRESENTATION_CONTEXT(2) 
PARAMETRIC_REPRESENTATION_CONTEXT() REPRESENTATION_CONTEXT('2D SPACE',''
  ) );
#4656 = PCURVE('',#4230,#4657);
#4657 = DEFINITIONAL_REPRESENTATION('',(#4658),#4662);
#4658 = LINE('',#4659,#4660);
#4659 = CARTESIAN_POINT('',(-4.237555197223,10.13756851963));
#4660 = VECTOR('',#4661,1.);
#4661 = DIRECTION('',(0.,-1.));
#4662 = ( GEOMETRIC_REPRESENTATION_CONTEXT(2) 
PARAMETRIC_REPRESENTATION_CONTEXT() REPRESENTATION_CONTEXT('2D SPACE',''
  ) );
#4663 = ORIENTED_EDGE('',*,*,#4664,.F.);
#4664 = EDGE_CURVE('',#3312,#4642,#4665,.T.);
#4665 = SURFACE_CURVE('',#4666,(#4671,#4681),.PCURVE_S1.);
#4666 = ELLIPSE('',#4667,1.414213562373,1.);
#4667 = AXIS2_PLACEMENT_3D('',#4668,#4669,#4670);
#4668 = CARTESIAN_POINT('',(82.399999999989,50.000000000004,1.));
#4669 = DIRECTION('',(-0.707106781187,-0.707106781187,
    -5.633233915197E-12));
#4670 = DIRECTION('',(-0.707106781187,0.707106781187,-5.633233915197E-12
    ));
#4671 = PCURVE('',#3350,#4672);
#4672 = DEFINITIONAL_REPRESENTATION('',(#4673),#4680);
#4673 = B_SPLINE_CURVE_WITH_KNOTS('',5,(#4674,#4675,#4676,#4677,#4678,
    #4679),.UNSPECIFIED.,.F.,.F.,(6,6),(1.570796326787,3.14159265359),
  .PIECEWISE_BEZIER_KNOTS.);
#4674 = CARTESIAN_POINT('',(0.,27.000000000012));
#4675 = CARTESIAN_POINT('',(-0.314159265361,26.685840734651));
#4676 = CARTESIAN_POINT('',(-0.628315954624,26.371405851341));
#4677 = CARTESIAN_POINT('',(-0.942493187792,26.123012779397));
#4678 = CARTESIAN_POINT('',(-1.256637061442,26.000000000004));
#4679 = CARTESIAN_POINT('',(-1.570796326803,26.000000000004));
#4680 = ( GEOMETRIC_REPRESENTATION_CONTEXT(2) 
PARAMETRIC_REPRESENTATION_CONTEXT() REPRESENTATION_CONTEXT('2D SPACE',''
  ) );
#4681 = PCURVE('',#3707,#4682);
#4682 = DEFINITIONAL_REPRESENTATION('',(#4683),#4691);
#4683 = ( BOUNDED_CURVE() B_SPLINE_CURVE(2,(#4684,#4685,#4686,#4687,
#4688,#4689,#4690),.UNSPECIFIED.,.T.,.F.) B_SPLINE_CURVE_WITH_KNOTS((1,2
    ,2,2,2,1),(-2.094395102393,0.,2.094395102393,4.188790204786,
6.28318530718,8.377580409573),.UNSPECIFIED.) CURVE() 
GEOMETRIC_REPRESENTATION_ITEM() RATIONAL_B_SPLINE_CURVE((1.,0.5,1.,0.5,
1.,0.5,1.)) REPRESENTATION_ITEM('') );
#4684 = CARTESIAN_POINT('',(9.000000000008,2.121320343514));
#4685 = CARTESIAN_POINT('',(10.732050807577,2.121320343504));
#4686 = CARTESIAN_POINT('',(9.86602540378,-5.070976971666E-11));
#4687 = CARTESIAN_POINT('',(8.999999999984,-2.121320343606));
#4688 = CARTESIAN_POINT('',(8.133974596212,-4.095368488777E-11));
#4689 = CARTESIAN_POINT('',(7.267949192439,2.121320343524));
#4690 = CARTESIAN_POINT('',(9.000000000008,2.121320343514));
#4691 = ( GEOMETRIC_REPRESENTATION_CONTEXT(2) 
PARAMETRIC_REPRESENTATION_CONTEXT() REPRESENTATION_CONTEXT('2D SPACE',''
  ) );
#4692 = ORIENTED_EDGE('',*,*,#3334,.F.);
#4693 = ADVANCED_FACE('',(#4694),#3558,.T.);
#4694 = FACE_BOUND('',#4695,.T.);
#4695 = EDGE_LOOP('',(#4696,#4776,#4837,#4885));
#4696 = ORIENTED_EDGE('',*,*,#4697,.T.);
#4697 = EDGE_CURVE('',#3457,#4698,#4700,.T.);
#4698 = VERTEX_POINT('',#4699);
#4699 = CARTESIAN_POINT('',(74.999950645067,50.,1.));
#4700 = SURFACE_CURVE('',#4701,(#4724,#4750),.PCURVE_S1.);
#4701 = B_SPLINE_CURVE_WITH_KNOTS('',6,(#4702,#4703,#4704,#4705,#4706,
    #4707,#4708,#4709,#4710,#4711,#4712,#4713,#4714,#4715,#4716,#4717,
    #4718,#4719,#4720,#4721,#4722,#4723),.UNSPECIFIED.,.F.,.F.,(7,5,5,5,
    7),(0.,0.250363878542,0.500366860808,0.750369775454,1.),
  .UNSPECIFIED.);
#4702 = CARTESIAN_POINT('',(76.000000000298,50.051242786804,
    -3.608224830032E-15));
#4703 = CARTESIAN_POINT('',(75.940987010696,50.048192156221,
    -5.528301157479E-08));
#4704 = CARTESIAN_POINT('',(75.880243393308,50.045051842025,
    4.179294791586E-03));
#4705 = CARTESIAN_POINT('',(75.818229038957,50.0418456635,
    1.299606152277E-02));
#4706 = CARTESIAN_POINT('',(75.755556435439,50.038605203248,
    2.68501973245E-02));
#4707 = CARTESIAN_POINT('',(75.69299460012,50.035370264277,
    4.598562866019E-02));
#4708 = CARTESIAN_POINT('',(75.569821326224,50.029000821848,
    9.483184918613E-02));
#4709 = CARTESIAN_POINT('',(75.509207400138,50.025866193044,
    0.124527485662));
#4710 = CARTESIAN_POINT('',(75.450337003137,50.022821528221,
    0.159537764066));
#4711 = CARTESIAN_POINT('',(75.394082403057,50.019911963442,
    0.199673399776));
#4712 = CARTESIAN_POINT('',(75.341249296684,50.01717921018,
    0.244478073666));
#4713 = CARTESIAN_POINT('',(75.24367802288,50.012132167084,
    0.342168004245));
#4714 = CARTESIAN_POINT('',(75.198940053937,50.009817887552,
    0.395053057179));
#4715 = CARTESIAN_POINT('',(75.15887696765,50.007745334274,
    0.451350710583));
#4716 = CARTESIAN_POINT('',(75.123943009537,50.005938050637,
    0.510254267808));
#4717 = CARTESIAN_POINT('',(75.094325276227,50.004405753132,
    0.57089132614));
#4718 = CARTESIAN_POINT('',(75.045705760536,50.001890329582,
    0.693911104814));
#4719 = CARTESIAN_POINT('',(75.026688050649,50.000906379596,
    0.756290896468));
#4720 = CARTESIAN_POINT('',(75.012918792272,50.00019396233,
    0.818774085287));
#4721 = CARTESIAN_POINT('',(75.004154723204,49.999740508454,
    0.88059932946));
#4722 = CARTESIAN_POINT('',(75.,49.999525542584,0.941159910957));
#4723 = CARTESIAN_POINT('',(75.,49.999525542584,1.));
#4724 = PCURVE('',#3558,#4725);
#4725 = DEFINITIONAL_REPRESENTATION('',(#4726),#4749);
#4726 = B_SPLINE_CURVE_WITH_KNOTS('',6,(#4727,#4728,#4729,#4730,#4731,
    #4732,#4733,#4734,#4735,#4736,#4737,#4738,#4739,#4740,#4741,#4742,
    #4743,#4744,#4745,#4746,#4747,#4748),.UNSPECIFIED.,.F.,.F.,(7,5,5,5,
    7),(0.,0.250363878542,0.500366860808,0.750369775454,1.),
  .UNSPECIFIED.);
#4727 = CARTESIAN_POINT('',(0.,-4.72746682938E-02));
#4728 = CARTESIAN_POINT('',(5.391832678785,-4.451443050963E-02));
#4729 = CARTESIAN_POINT('',(10.783627534376,-4.167273703401E-02));
#4730 = CARTESIAN_POINT('',(16.175384790242,-3.877098037816E-02));
#4731 = CARTESIAN_POINT('',(21.567106436258,-3.58378328789E-02));
#4732 = CARTESIAN_POINT('',(26.95879646303,-3.290924225391E-02));
#4733 = CARTESIAN_POINT('',(37.734350657622,-2.714221598293E-02));
#4734 = CARTESIAN_POINT('',(43.118215410186,-2.430366313032E-02));
#4735 = CARTESIAN_POINT('',(48.502058291993,-2.15461930567E-02));
#4736 = CARTESIAN_POINT('',(53.885886157939,-1.891072979058E-02));
#4737 = CARTESIAN_POINT('',(59.269707093669,-1.643513073148E-02));
#4738 = CARTESIAN_POINT('',(70.037347673741,-1.186255967032E-02));
#4739 = CARTESIAN_POINT('',(75.421167801034,-9.765597068057E-03));
#4740 = CARTESIAN_POINT('',(80.804995495744,-7.887464665051E-03));
#4741 = CARTESIAN_POINT('',(86.188838779006,-6.249581387323E-03));
#4742 = CARTESIAN_POINT('',(91.572704391858,-4.860823661437E-03));
#4743 = CARTESIAN_POINT('',(102.33246292071,-2.580933854549E-03));
#4744 = CARTESIAN_POINT('',(107.70835617537,-1.68905517507E-03));
#4745 = CARTESIAN_POINT('',(113.08428107059,-1.04327270389E-03));
#4746 = CARTESIAN_POINT('',(118.46024144933,-6.32225073913E-04));
#4747 = CARTESIAN_POINT('',(123.83623911713,-4.37362365447E-04));
#4748 = CARTESIAN_POINT('',(129.2122741951,-4.373623654314E-04));
#4749 = ( GEOMETRIC_REPRESENTATION_CONTEXT(2) 
PARAMETRIC_REPRESENTATION_CONTEXT() REPRESENTATION_CONTEXT('2D SPACE',''
  ) );
#4750 = PCURVE('',#3472,#4751);
#4751 = DEFINITIONAL_REPRESENTATION('',(#4752),#4775);
#4752 = B_SPLINE_CURVE_WITH_KNOTS('',6,(#4753,#4754,#4755,#4756,#4757,
    #4758,#4759,#4760,#4761,#4762,#4763,#4764,#4765,#4766,#4767,#4768,
    #4769,#4770,#4771,#4772,#4773,#4774),.UNSPECIFIED.,.F.,.F.,(7,5,5,5,
    7),(0.,0.250363878542,0.500366860808,0.750369775454,1.),
  .UNSPECIFIED.);
#4753 = CARTESIAN_POINT('',(2.981153102155E-10,-5.124278680368E-02));
#4754 = CARTESIAN_POINT('',(-5.901298844109E-02,-4.819215622101E-02));
#4755 = CARTESIAN_POINT('',(-0.11975660466,-4.505184202543E-02));
#4756 = CARTESIAN_POINT('',(-0.182140921728,-4.184566350027E-02));
#4757 = CARTESIAN_POINT('',(-0.246031570963,-3.860520324809E-02));
#4758 = CARTESIAN_POINT('',(-0.311241396553,-3.53702642766E-02));
#4759 = CARTESIAN_POINT('',(-0.443746523479,-2.900082184816E-02));
#4760 = CARTESIAN_POINT('',(-0.511038676562,-2.586619304373E-02));
#4761 = CARTESIAN_POINT('',(-0.579190717365,-2.282152822079E-02));
#4762 = CARTESIAN_POINT('',(-0.64793356576,-1.991196344188E-02));
#4763 = CARTESIAN_POINT('',(-0.716970562668,-1.717921018019E-02));
#4764 = CARTESIAN_POINT('',(-0.855041109884,-1.213216708444E-02));
#4765 = CARTESIAN_POINT('',(-0.924074621144,-9.817887552037E-03));
#4766 = CARTESIAN_POINT('',(-0.992810516489,-7.745334273568E-03));
#4767 = CARTESIAN_POINT('',(-1.060952286668,-5.938050636876E-03));
#4768 = CARTESIAN_POINT('',(-1.128231143617,-4.405753132454E-03));
#4769 = CARTESIAN_POINT('',(-1.260510103588,-1.890329582061E-03));
#4770 = CARTESIAN_POINT('',(-1.325513449226,-9.063795963589E-04));
#4771 = CARTESIAN_POINT('',(-1.389203691672,-1.939623296877E-04));
#4772 = CARTESIAN_POINT('',(-1.451395660266,2.594915464985E-04));
#4773 = CARTESIAN_POINT('',(-1.511956237752,4.744574163968E-04));
#4774 = CARTESIAN_POINT('',(-1.570796326795,4.744574163809E-04));
#4775 = ( GEOMETRIC_REPRESENTATION_CONTEXT(2) 
PARAMETRIC_REPRESENTATION_CONTEXT() REPRESENTATION_CONTEXT('2D SPACE',''
  ) );
#4776 = ORIENTED_EDGE('',*,*,#4777,.T.);
#4777 = EDGE_CURVE('',#4698,#4778,#4780,.T.);
#4778 = VERTEX_POINT('',#4779);
#4779 = CARTESIAN_POINT('',(53.614059187844,149.02843534055,1.));
#4780 = SURFACE_CURVE('',#4781,(#4814,#4821),.PCURVE_S1.);
#4781 = B_SPLINE_CURVE_WITH_KNOTS('',11,(#4782,#4783,#4784,#4785,#4786,
    #4787,#4788,#4789,#4790,#4791,#4792,#4793,#4794,#4795,#4796,#4797,
    #4798,#4799,#4800,#4801,#4802,#4803,#4804,#4805,#4806,#4807,#4808,
    #4809,#4810,#4811,#4812,#4813),.UNSPECIFIED.,.F.,.F.,(12,10,10,12),(
    -28.29832662635,-26.62170280596,102.59057138913,106.91058276413),
  .UNSPECIFIED.);
#4782 = CARTESIAN_POINT('',(77.45910692651,17.99689300253,1.));
#4783 = CARTESIAN_POINT('',(77.449482689306,18.174308564618,1.));
#4784 = CARTESIAN_POINT('',(77.439861299892,18.351671629846,1.));
#4785 = CARTESIAN_POINT('',(77.430242758267,18.528982198215,1.));
#4786 = CARTESIAN_POINT('',(77.420627064433,18.706240269725,1.));
#4787 = CARTESIAN_POINT('',(77.411014218388,18.883445844375,1.));
#4788 = CARTESIAN_POINT('',(77.401404220133,19.060598922166,1.));
#4789 = CARTESIAN_POINT('',(77.391797069668,19.237699503097,1.));
#4790 = CARTESIAN_POINT('',(77.382192766992,19.41474758717,1.));
#4791 = CARTESIAN_POINT('',(77.372591312106,19.591743174382,1.));
#4792 = CARTESIAN_POINT('',(77.362992705011,19.768686264736,1.));
#4793 = CARTESIAN_POINT('',(76.613881099938,33.577994333863,1.));
#4794 = CARTESIAN_POINT('',(75.584189802078,46.852145660689,1.));
#4795 = CARTESIAN_POINT('',(74.264109759254,59.764320335091,1.));
#4796 = CARTESIAN_POINT('',(72.65467599131,72.307230422279,1.));
#4797 = CARTESIAN_POINT('',(70.754140625441,84.50011504758,1.));
#4798 = CARTESIAN_POINT('',(68.564440653448,96.317094554653,1.));
#4799 = CARTESIAN_POINT('',(66.083996077156,107.78213472607,1.));
#4800 = CARTESIAN_POINT('',(63.313825640332,118.87874463146,1.));
#4801 = CARTESIAN_POINT('',(60.253478422959,129.61521375868,1.));
#4802 = CARTESIAN_POINT('',(56.90308169882,139.98871866737,1.));
#4803 = CARTESIAN_POINT('',(53.140842302353,150.33471161702,1.));
#4804 = CARTESIAN_POINT('',(53.016627279671,150.67629746882,1.));
#4805 = CARTESIAN_POINT('',(52.889912495292,151.02475755539,1.));
#4806 = CARTESIAN_POINT('',(52.760697949217,151.38009187673,1.));
#4807 = CARTESIAN_POINT('',(52.628983641446,151.74230043285,1.));
#4808 = CARTESIAN_POINT('',(52.494769571979,152.11138322375,1.));
#4809 = CARTESIAN_POINT('',(52.358055740815,152.48734024941,1.));
#4810 = CARTESIAN_POINT('',(52.218842147955,152.87017150985,1.));
#4811 = CARTESIAN_POINT('',(52.077128793399,153.25987700507,1.));
#4812 = CARTESIAN_POINT('',(51.932915677146,153.65645673505,1.));
#4813 = CARTESIAN_POINT('',(51.786202799197,154.05991069981,1.));
#4814 = PCURVE('',#3558,#4815);
#4815 = DEFINITIONAL_REPRESENTATION('',(#4816),#4820);
#4816 = LINE('',#4817,#4818);
#4817 = CARTESIAN_POINT('',(129.2122741951,0.));
#4818 = VECTOR('',#4819,1.);
#4819 = DIRECTION('',(0.,1.));
#4820 = ( GEOMETRIC_REPRESENTATION_CONTEXT(2) 
PARAMETRIC_REPRESENTATION_CONTEXT() REPRESENTATION_CONTEXT('2D SPACE',''
  ) );
#4821 = PCURVE('',#3970,#4822);
#4822 = DEFINITIONAL_REPRESENTATION('',(#4823),#4836);
#4823 = B_SPLINE_CURVE_WITH_KNOTS('',11,(#4824,#4825,#4826,#4827,#4828,
    #4829,#4830,#4831,#4832,#4833,#4834,#4835),.UNSPECIFIED.,.F.,.F.,(12
    ,12),(-4.819636163295E-06,101.45241598796),
  .PIECEWISE_BEZIER_KNOTS.);
#4824 = CARTESIAN_POINT('',(-8.256454221147E-24,-9.));
#4825 = CARTESIAN_POINT('',(8.99006854389E-02,-9.));
#4826 = CARTESIAN_POINT('',(0.179801582488,-9.000000000001));
#4827 = CARTESIAN_POINT('',(0.269701803122,-8.999999999999));
#4828 = CARTESIAN_POINT('',(0.359603975835,-9.000000000002));
#4829 = CARTESIAN_POINT('',(0.449506932936,-8.999999999999));
#4830 = CARTESIAN_POINT('',(0.539402377538,-9.000000000001));
#4831 = CARTESIAN_POINT('',(0.629309796831,-9.));
#4832 = CARTESIAN_POINT('',(0.719204929376,-9.));
#4833 = CARTESIAN_POINT('',(0.809106208046,-9.));
#4834 = CARTESIAN_POINT('',(0.899005635617,-9.));
#4835 = CARTESIAN_POINT('',(0.988905877422,-9.));
#4836 = ( GEOMETRIC_REPRESENTATION_CONTEXT(2) 
PARAMETRIC_REPRESENTATION_CONTEXT() REPRESENTATION_CONTEXT('2D SPACE',''
  ) );
#4837 = ORIENTED_EDGE('',*,*,#4838,.F.);
#4838 = EDGE_CURVE('',#3485,#4778,#4839,.T.);
#4839 = SURFACE_CURVE('',#4840,(#4845,#4878),.PCURVE_S1.);
#4840 = CIRCLE('',#4841,1.);
#4841 = AXIS2_PLACEMENT_3D('',#4842,#4843,#4844);
#4842 = CARTESIAN_POINT('',(54.554963942197,149.36710663138,1.));
#4843 = DIRECTION('',(-0.338671290835,0.940904754353,0.));
#4844 = DIRECTION('',(-0.940904754353,-0.338671290835,-0.));
#4845 = PCURVE('',#3558,#4846);
#4846 = DEFINITIONAL_REPRESENTATION('',(#4847),#4877);
#4847 = B_SPLINE_CURVE_WITH_KNOTS('',10,(#4848,#4849,#4850,#4851,#4852,
    #4853,#4854,#4855,#4856,#4857,#4858,#4859,#4860,#4861,#4862,#4863,
    #4864,#4865,#4866,#4867,#4868,#4869,#4870,#4871,#4872,#4873,#4874,
    #4875,#4876),.UNSPECIFIED.,.F.,.F.,(11,9,9,11),(4.712388980385,
    5.105088062083,5.497787143782,6.28318530718),.UNSPECIFIED.);
#4848 = CARTESIAN_POINT('',(-2.187860925028E-14,101.45240829609));
#4849 = CARTESIAN_POINT('',(3.587968825704,101.4524085097));
#4850 = CARTESIAN_POINT('',(7.11114380441,101.45240871934));
#4851 = CARTESIAN_POINT('',(10.575077802308,101.45240892577));
#4852 = CARTESIAN_POINT('',(13.985789129908,101.45240912841));
#4853 = CARTESIAN_POINT('',(17.34725882909,101.45240932901));
#4854 = CARTESIAN_POINT('',(20.665281406383,101.45240952607));
#4855 = CARTESIAN_POINT('',(23.94335212521,101.45240972153));
#4856 = CARTESIAN_POINT('',(27.186164987074,101.45240991441));
#4857 = CARTESIAN_POINT('',(30.397485934961,101.45241010563));
#4858 = CARTESIAN_POINT('',(36.764875767531,101.45241048466));
#4859 = CARTESIAN_POINT('',(39.920940871802,101.45241067255));
#4860 = CARTESIAN_POINT('',(43.053185274486,101.45241085899));
#4861 = CARTESIAN_POINT('',(46.165263850854,101.45241104428));
#4862 = CARTESIAN_POINT('',(49.260703623776,101.45241122851));
#4863 = CARTESIAN_POINT('',(52.34293014674,101.45241141202));
#4864 = CARTESIAN_POINT('',(55.415293886578,101.4524115949));
#4865 = CARTESIAN_POINT('',(58.481096606438,101.45241177741));
#4866 = CARTESIAN_POINT('',(61.5436177486,101.45241195972));
#4867 = CARTESIAN_POINT('',(70.731186954891,101.45241250664));
#4868 = CARTESIAN_POINT('',(76.8562275829,101.45241287126));
#4869 = CARTESIAN_POINT('',(83.007520678248,101.45241323743));
#4870 = CARTESIAN_POINT('',(89.211276667836,101.45241360675));
#4871 = CARTESIAN_POINT('',(95.494510239307,101.45241398077));
#4872 = CARTESIAN_POINT('',(101.88579140902,101.45241436125));
#4873 = CARTESIAN_POINT('',(108.41607457875,101.45241474998));
#4874 = CARTESIAN_POINT('',(115.1197843161,101.45241514904));
#4875 = CARTESIAN_POINT('',(122.03633658991,101.45241556078));
#4876 = CARTESIAN_POINT('',(129.2122741951,101.45241598796));
#4877 = ( GEOMETRIC_REPRESENTATION_CONTEXT(2) 
PARAMETRIC_REPRESENTATION_CONTEXT() REPRESENTATION_CONTEXT('2D SPACE',''
  ) );
#4878 = PCURVE('',#4599,#4879);
#4879 = DEFINITIONAL_REPRESENTATION('',(#4880),#4884);
#4880 = LINE('',#4881,#4882);
#4881 = CARTESIAN_POINT('',(1.603391577624,-6.28318530718));
#4882 = VECTOR('',#4883,1.);
#4883 = DIRECTION('',(0.,1.));
#4884 = ( GEOMETRIC_REPRESENTATION_CONTEXT(2) 
PARAMETRIC_REPRESENTATION_CONTEXT() REPRESENTATION_CONTEXT('2D SPACE',''
  ) );
#4885 = ORIENTED_EDGE('',*,*,#3484,.F.);
#4886 = ADVANCED_FACE('',(#4887),#3383,.T.);
#4887 = FACE_BOUND('',#4888,.T.);
#4888 = EDGE_LOOP('',(#4889,#4913,#4914,#4915));
#4889 = ORIENTED_EDGE('',*,*,#4890,.F.);
#4890 = EDGE_CURVE('',#3363,#4891,#4893,.T.);
#4891 = VERTEX_POINT('',#4892);
#4892 = CARTESIAN_POINT('',(80.399999999957,20.,1.));
#4893 = SURFACE_CURVE('',#4894,(#4899,#4906),.PCURVE_S1.);
#4894 = CIRCLE('',#4895,1.);
#4895 = AXIS2_PLACEMENT_3D('',#4896,#4897,#4898);
#4896 = CARTESIAN_POINT('',(80.399999999957,21.,1.));
#4897 = DIRECTION('',(-1.,-0.,-0.));
#4898 = DIRECTION('',(0.,0.,-1.));
#4899 = PCURVE('',#3383,#4900);
#4900 = DEFINITIONAL_REPRESENTATION('',(#4901),#4905);
#4901 = LINE('',#4902,#4903);
#4902 = CARTESIAN_POINT('',(0.,4.712388980385));
#4903 = VECTOR('',#4904,1.);
#4904 = DIRECTION('',(0.,1.));
#4905 = ( GEOMETRIC_REPRESENTATION_CONTEXT(2) 
PARAMETRIC_REPRESENTATION_CONTEXT() REPRESENTATION_CONTEXT('2D SPACE',''
  ) );
#4906 = PCURVE('',#3411,#4907);
#4907 = DEFINITIONAL_REPRESENTATION('',(#4908),#4912);
#4908 = LINE('',#4909,#4910);
#4909 = CARTESIAN_POINT('',(-0.,2.399999999957));
#4910 = VECTOR('',#4911,1.);
#4911 = DIRECTION('',(-1.,0.));
#4912 = ( GEOMETRIC_REPRESENTATION_CONTEXT(2) 
PARAMETRIC_REPRESENTATION_CONTEXT() REPRESENTATION_CONTEXT('2D SPACE',''
  ) );
#4913 = ORIENTED_EDGE('',*,*,#3362,.T.);
#4914 = ORIENTED_EDGE('',*,*,#4617,.T.);
#4915 = ORIENTED_EDGE('',*,*,#4916,.F.);
#4916 = EDGE_CURVE('',#4891,#4618,#4917,.T.);
#4917 = SURFACE_CURVE('',#4918,(#4923,#4930),.PCURVE_S1.);
#4918 = CIRCLE('',#4919,3.);
#4919 = AXIS2_PLACEMENT_3D('',#4920,#4921,#4922);
#4920 = CARTESIAN_POINT('',(80.399999999957,23.,1.));
#4921 = DIRECTION('',(-0.,0.,1.));
#4922 = DIRECTION('',(0.,-1.,0.));
#4923 = PCURVE('',#3383,#4924);
#4924 = DEFINITIONAL_REPRESENTATION('',(#4925),#4929);
#4925 = LINE('',#4926,#4927);
#4926 = CARTESIAN_POINT('',(0.,6.28318530718));
#4927 = VECTOR('',#4928,1.);
#4928 = DIRECTION('',(1.,0.));
#4929 = ( GEOMETRIC_REPRESENTATION_CONTEXT(2) 
PARAMETRIC_REPRESENTATION_CONTEXT() REPRESENTATION_CONTEXT('2D SPACE',''
  ) );
#4930 = PCURVE('',#4931,#4936);
#4931 = CYLINDRICAL_SURFACE('',#4932,3.);
#4932 = AXIS2_PLACEMENT_3D('',#4933,#4934,#4935);
#4933 = CARTESIAN_POINT('',(80.399999999957,23.,4.999999999976));
#4934 = DIRECTION('',(-0.,-0.,-1.));
#4935 = DIRECTION('',(0.,-1.,0.));
#4936 = DEFINITIONAL_REPRESENTATION('',(#4937),#4941);
#4937 = LINE('',#4938,#4939);
#4938 = CARTESIAN_POINT('',(-0.,3.999999999976));
#4939 = VECTOR('',#4940,1.);
#4940 = DIRECTION('',(-1.,0.));
#4941 = ( GEOMETRIC_REPRESENTATION_CONTEXT(2) 
PARAMETRIC_REPRESENTATION_CONTEXT() REPRESENTATION_CONTEXT('2D SPACE',''
  ) );
#4942 = ADVANCED_FACE('',(#4943),#3472,.T.);
#4943 = FACE_BOUND('',#4944,.F.);
#4944 = EDGE_LOOP('',(#4945,#4946,#4974,#4996));
#4945 = ORIENTED_EDGE('',*,*,#4697,.T.);
#4946 = ORIENTED_EDGE('',*,*,#4947,.T.);
#4947 = EDGE_CURVE('',#4698,#4948,#4950,.T.);
#4948 = VERTEX_POINT('',#4949);
#4949 = CARTESIAN_POINT('',(75.,23.,1.));
#4950 = SURFACE_CURVE('',#4951,(#4955,#4962),.PCURVE_S1.);
#4951 = LINE('',#4952,#4953);
#4952 = CARTESIAN_POINT('',(75.,50.,1.));
#4953 = VECTOR('',#4954,1.);
#4954 = DIRECTION('',(0.,-1.,0.));
#4955 = PCURVE('',#3472,#4956);
#4956 = DEFINITIONAL_REPRESENTATION('',(#4957),#4961);
#4957 = LINE('',#4958,#4959);
#4958 = CARTESIAN_POINT('',(-1.570796326795,0.));
#4959 = VECTOR('',#4960,1.);
#4960 = DIRECTION('',(-0.,1.));
#4961 = ( GEOMETRIC_REPRESENTATION_CONTEXT(2) 
PARAMETRIC_REPRESENTATION_CONTEXT() REPRESENTATION_CONTEXT('2D SPACE',''
  ) );
#4962 = PCURVE('',#4963,#4968);
#4963 = PLANE('',#4964);
#4964 = AXIS2_PLACEMENT_3D('',#4965,#4966,#4967);
#4965 = CARTESIAN_POINT('',(75.,50.,5.));
#4966 = DIRECTION('',(-1.,0.,0.));
#4967 = DIRECTION('',(0.,-1.,0.));
#4968 = DEFINITIONAL_REPRESENTATION('',(#4969),#4973);
#4969 = LINE('',#4970,#4971);
#4970 = CARTESIAN_POINT('',(0.,-4.));
#4971 = VECTOR('',#4972,1.);
#4972 = DIRECTION('',(1.,0.));
#4973 = ( GEOMETRIC_REPRESENTATION_CONTEXT(2) 
PARAMETRIC_REPRESENTATION_CONTEXT() REPRESENTATION_CONTEXT('2D SPACE',''
  ) );
#4974 = ORIENTED_EDGE('',*,*,#4975,.F.);
#4975 = EDGE_CURVE('',#3424,#4948,#4976,.T.);
#4976 = SURFACE_CURVE('',#4977,(#4982,#4989),.PCURVE_S1.);
#4977 = CIRCLE('',#4978,1.);
#4978 = AXIS2_PLACEMENT_3D('',#4979,#4980,#4981);
#4979 = CARTESIAN_POINT('',(76.,23.,1.));
#4980 = DIRECTION('',(-0.,1.,0.));
#4981 = DIRECTION('',(0.,0.,-1.));
#4982 = PCURVE('',#3472,#4983);
#4983 = DEFINITIONAL_REPRESENTATION('',(#4984),#4988);
#4984 = LINE('',#4985,#4986);
#4985 = CARTESIAN_POINT('',(-0.,27.));
#4986 = VECTOR('',#4987,1.);
#4987 = DIRECTION('',(-1.,0.));
#4988 = ( GEOMETRIC_REPRESENTATION_CONTEXT(2) 
PARAMETRIC_REPRESENTATION_CONTEXT() REPRESENTATION_CONTEXT('2D SPACE',''
  ) );
#4989 = PCURVE('',#3444,#4990);
#4990 = DEFINITIONAL_REPRESENTATION('',(#4991),#4995);
#4991 = LINE('',#4992,#4993);
#4992 = CARTESIAN_POINT('',(0.,4.712388980385));
#4993 = VECTOR('',#4994,1.);
#4994 = DIRECTION('',(0.,1.));
#4995 = ( GEOMETRIC_REPRESENTATION_CONTEXT(2) 
PARAMETRIC_REPRESENTATION_CONTEXT() REPRESENTATION_CONTEXT('2D SPACE',''
  ) );
#4996 = ORIENTED_EDGE('',*,*,#3456,.F.);
#4997 = ADVANCED_FACE('',(#4998),#3411,.T.);
#4998 = FACE_BOUND('',#4999,.F.);
#4999 = EDGE_LOOP('',(#5000,#5024,#5050,#5051));
#5000 = ORIENTED_EDGE('',*,*,#5001,.T.);
#5001 = EDGE_CURVE('',#3396,#5002,#5004,.T.);
#5002 = VERTEX_POINT('',#5003);
#5003 = CARTESIAN_POINT('',(78.,20.,1.));
#5004 = SURFACE_CURVE('',#5005,(#5010,#5017),.PCURVE_S1.);
#5005 = CIRCLE('',#5006,1.);
#5006 = AXIS2_PLACEMENT_3D('',#5007,#5008,#5009);
#5007 = CARTESIAN_POINT('',(78.,21.,1.));
#5008 = DIRECTION('',(-1.,6.123233995737E-17,0.));
#5009 = DIRECTION('',(-6.123233995737E-17,-1.,0.));
#5010 = PCURVE('',#3411,#5011);
#5011 = DEFINITIONAL_REPRESENTATION('',(#5012),#5016);
#5012 = LINE('',#5013,#5014);
#5013 = CARTESIAN_POINT('',(4.712388980385,-0.));
#5014 = VECTOR('',#5015,1.);
#5015 = DIRECTION('',(-1.,0.));
#5016 = ( GEOMETRIC_REPRESENTATION_CONTEXT(2) 
PARAMETRIC_REPRESENTATION_CONTEXT() REPRESENTATION_CONTEXT('2D SPACE',''
  ) );
#5017 = PCURVE('',#3444,#5018);
#5018 = DEFINITIONAL_REPRESENTATION('',(#5019),#5023);
#5019 = LINE('',#5020,#5021);
#5020 = CARTESIAN_POINT('',(1.570796326795,0.));
#5021 = VECTOR('',#5022,1.);
#5022 = DIRECTION('',(0.,1.));
#5023 = ( GEOMETRIC_REPRESENTATION_CONTEXT(2) 
PARAMETRIC_REPRESENTATION_CONTEXT() REPRESENTATION_CONTEXT('2D SPACE',''
  ) );
#5024 = ORIENTED_EDGE('',*,*,#5025,.T.);
#5025 = EDGE_CURVE('',#5002,#4891,#5026,.T.);
#5026 = SURFACE_CURVE('',#5027,(#5031,#5038),.PCURVE_S1.);
#5027 = LINE('',#5028,#5029);
#5028 = CARTESIAN_POINT('',(78.,20.,1.));
#5029 = VECTOR('',#5030,1.);
#5030 = DIRECTION('',(1.,0.,0.));
#5031 = PCURVE('',#3411,#5032);
#5032 = DEFINITIONAL_REPRESENTATION('',(#5033),#5037);
#5033 = LINE('',#5034,#5035);
#5034 = CARTESIAN_POINT('',(-1.570796326795,0.));
#5035 = VECTOR('',#5036,1.);
#5036 = DIRECTION('',(-0.,1.));
#5037 = ( GEOMETRIC_REPRESENTATION_CONTEXT(2) 
PARAMETRIC_REPRESENTATION_CONTEXT() REPRESENTATION_CONTEXT('2D SPACE',''
  ) );
#5038 = PCURVE('',#5039,#5044);
#5039 = PLANE('',#5040);
#5040 = AXIS2_PLACEMENT_3D('',#5041,#5042,#5043);
#5041 = CARTESIAN_POINT('',(75.,20.,5.));
#5042 = DIRECTION('',(0.,-1.,0.));
#5043 = DIRECTION('',(1.,0.,0.));
#5044 = DEFINITIONAL_REPRESENTATION('',(#5045),#5049);
#5045 = LINE('',#5046,#5047);
#5046 = CARTESIAN_POINT('',(3.,-4.));
#5047 = VECTOR('',#5048,1.);
#5048 = DIRECTION('',(1.,0.));
#5049 = ( GEOMETRIC_REPRESENTATION_CONTEXT(2) 
PARAMETRIC_REPRESENTATION_CONTEXT() REPRESENTATION_CONTEXT('2D SPACE',''
  ) );
#5050 = ORIENTED_EDGE('',*,*,#4890,.F.);
#5051 = ORIENTED_EDGE('',*,*,#3395,.F.);
#5052 = ADVANCED_FACE('',(#5053),#3444,.T.);
#5053 = FACE_BOUND('',#5054,.T.);
#5054 = EDGE_LOOP('',(#5055,#5056,#5057,#5058));
#5055 = ORIENTED_EDGE('',*,*,#4975,.F.);
#5056 = ORIENTED_EDGE('',*,*,#3423,.T.);
#5057 = ORIENTED_EDGE('',*,*,#5001,.T.);
#5058 = ORIENTED_EDGE('',*,*,#5059,.F.);
#5059 = EDGE_CURVE('',#4948,#5002,#5060,.T.);
#5060 = SURFACE_CURVE('',#5061,(#5066,#5073),.PCURVE_S1.);
#5061 = CIRCLE('',#5062,3.);
#5062 = AXIS2_PLACEMENT_3D('',#5063,#5064,#5065);
#5063 = CARTESIAN_POINT('',(78.,23.,1.));
#5064 = DIRECTION('',(0.,-0.,1.));
#5065 = DIRECTION('',(-1.,0.,0.));
#5066 = PCURVE('',#3444,#5067);
#5067 = DEFINITIONAL_REPRESENTATION('',(#5068),#5072);
#5068 = LINE('',#5069,#5070);
#5069 = CARTESIAN_POINT('',(0.,6.28318530718));
#5070 = VECTOR('',#5071,1.);
#5071 = DIRECTION('',(1.,0.));
#5072 = ( GEOMETRIC_REPRESENTATION_CONTEXT(2) 
PARAMETRIC_REPRESENTATION_CONTEXT() REPRESENTATION_CONTEXT('2D SPACE',''
  ) );
#5073 = PCURVE('',#5074,#5079);
#5074 = CYLINDRICAL_SURFACE('',#5075,3.);
#5075 = AXIS2_PLACEMENT_3D('',#5076,#5077,#5078);
#5076 = CARTESIAN_POINT('',(78.,23.,5.));
#5077 = DIRECTION('',(-0.,-0.,-1.));
#5078 = DIRECTION('',(0.,-1.,0.));
#5079 = DEFINITIONAL_REPRESENTATION('',(#5080),#5084);
#5080 = LINE('',#5081,#5082);
#5081 = CARTESIAN_POINT('',(1.570796326795,4.));
#5082 = VECTOR('',#5083,1.);
#5083 = DIRECTION('',(-1.,-0.));
#5084 = ( GEOMETRIC_REPRESENTATION_CONTEXT(2) 
PARAMETRIC_REPRESENTATION_CONTEXT() REPRESENTATION_CONTEXT('2D SPACE',''
  ) );
#5085 = ADVANCED_FACE('',(#5086),#3707,.T.);
#5086 = FACE_BOUND('',#5087,.T.);
#5087 = EDGE_LOOP('',(#5088,#5109,#5110,#5111));
#5088 = ORIENTED_EDGE('',*,*,#5089,.T.);
#5089 = EDGE_CURVE('',#4188,#4642,#5090,.T.);
#5090 = SURFACE_CURVE('',#5091,(#5095,#5102),.PCURVE_S1.);
#5091 = LINE('',#5092,#5093);
#5092 = CARTESIAN_POINT('',(83.39999999992,49.,10.));
#5093 = VECTOR('',#5094,1.);
#5094 = DIRECTION('',(-0.,-0.,-1.));
#5095 = PCURVE('',#3707,#5096);
#5096 = DEFINITIONAL_REPRESENTATION('',(#5097),#5101);
#5097 = LINE('',#5098,#5099);
#5098 = CARTESIAN_POINT('',(2.786887805965E-26,-0.707106781187));
#5099 = VECTOR('',#5100,1.);
#5100 = DIRECTION('',(1.,0.));
#5101 = ( GEOMETRIC_REPRESENTATION_CONTEXT(2) 
PARAMETRIC_REPRESENTATION_CONTEXT() REPRESENTATION_CONTEXT('2D SPACE',''
  ) );
#5102 = PCURVE('',#4230,#5103);
#5103 = DEFINITIONAL_REPRESENTATION('',(#5104),#5108);
#5104 = LINE('',#5105,#5106);
#5105 = CARTESIAN_POINT('',(4.762444802769,-15.86243148037));
#5106 = VECTOR('',#5107,1.);
#5107 = DIRECTION('',(-1.,1.037636113183E-24));
#5108 = ( GEOMETRIC_REPRESENTATION_CONTEXT(2) 
PARAMETRIC_REPRESENTATION_CONTEXT() REPRESENTATION_CONTEXT('2D SPACE',''
  ) );
#5109 = ORIENTED_EDGE('',*,*,#4664,.F.);
#5110 = ORIENTED_EDGE('',*,*,#3693,.F.);
#5111 = ORIENTED_EDGE('',*,*,#4187,.T.);
#5112 = ADVANCED_FACE('',(#5113),#3820,.F.);
#5113 = FACE_BOUND('',#5114,.F.);
#5114 = EDGE_LOOP('',(#5115,#5116,#5143,#5165));
#5115 = ORIENTED_EDGE('',*,*,#3800,.F.);
#5116 = ORIENTED_EDGE('',*,*,#5117,.F.);
#5117 = EDGE_CURVE('',#4349,#3778,#5118,.T.);
#5118 = SURFACE_CURVE('',#5119,(#5124,#5136),.PCURVE_S1.);
#5119 = CIRCLE('',#5120,1.);
#5120 = AXIS2_PLACEMENT_3D('',#5121,#5122,#5123);
#5121 = CARTESIAN_POINT('',(54.554961574574,149.3671132091,9.));
#5122 = DIRECTION('',(-0.,0.,-1.));
#5123 = DIRECTION('',(-0.94090238673,-0.338677868551,0.));
#5124 = PCURVE('',#3820,#5125);
#5125 = DEFINITIONAL_REPRESENTATION('',(#5126),#5135);
#5126 = B_SPLINE_CURVE_WITH_KNOTS('',7,(#5127,#5128,#5129,#5130,#5131,
    #5132,#5133,#5134),.UNSPECIFIED.,.F.,.F.,(8,8),(0.,1.603398796329),
  .PIECEWISE_BEZIER_KNOTS.);
#5127 = CARTESIAN_POINT('',(10.,1.));
#5128 = CARTESIAN_POINT('',(8.406086799267,1.));
#5129 = CARTESIAN_POINT('',(6.992665798621,1.));
#5130 = CARTESIAN_POINT('',(5.654900775153,1.));
#5131 = CARTESIAN_POINT('',(4.3450921112,1.));
#5132 = CARTESIAN_POINT('',(3.007295048483,1.));
#5133 = CARTESIAN_POINT('',(1.593913200734,1.));
#5134 = CARTESIAN_POINT('',(-8.881784197001E-16,1.));
#5135 = ( GEOMETRIC_REPRESENTATION_CONTEXT(2) 
PARAMETRIC_REPRESENTATION_CONTEXT() REPRESENTATION_CONTEXT('2D SPACE',''
  ) );
#5136 = PCURVE('',#4169,#5137);
#5137 = DEFINITIONAL_REPRESENTATION('',(#5138),#5142);
#5138 = LINE('',#5139,#5140);
#5139 = CARTESIAN_POINT('',(0.,0.));
#5140 = VECTOR('',#5141,1.);
#5141 = DIRECTION('',(1.,0.));
#5142 = ( GEOMETRIC_REPRESENTATION_CONTEXT(2) 
PARAMETRIC_REPRESENTATION_CONTEXT() REPRESENTATION_CONTEXT('2D SPACE',''
  ) );
#5143 = ORIENTED_EDGE('',*,*,#5144,.T.);
#5144 = EDGE_CURVE('',#4349,#4778,#5145,.T.);
#5145 = SURFACE_CURVE('',#5146,(#5152,#5159),.PCURVE_S1.);
#5146 = B_SPLINE_CURVE_WITH_KNOTS('',2,(#5147,#5148,#5149,#5150,#5151),
  .UNSPECIFIED.,.F.,.F.,(3,1,1,3),(-0.3672,9.896597430448E-16,10.,
    10.3672),.UNSPECIFIED.);
#5147 = CARTESIAN_POINT('',(53.614059187844,149.02843534055,10.3672));
#5148 = CARTESIAN_POINT('',(53.614059187844,149.02843534055,10.1836));
#5149 = CARTESIAN_POINT('',(53.614059187844,149.02843534055,5.));
#5150 = CARTESIAN_POINT('',(53.614059187844,149.02843534055,-0.1836));
#5151 = CARTESIAN_POINT('',(53.614059187844,149.02843534055,-0.3672));
#5152 = PCURVE('',#3820,#5153);
#5153 = DEFINITIONAL_REPRESENTATION('',(#5154),#5158);
#5154 = LINE('',#5155,#5156);
#5155 = CARTESIAN_POINT('',(10.,0.));
#5156 = VECTOR('',#5157,1.);
#5157 = DIRECTION('',(0.,1.));
#5158 = ( GEOMETRIC_REPRESENTATION_CONTEXT(2) 
PARAMETRIC_REPRESENTATION_CONTEXT() REPRESENTATION_CONTEXT('2D SPACE',''
  ) );
#5159 = PCURVE('',#3970,#5160);
#5160 = DEFINITIONAL_REPRESENTATION('',(#5161),#5164);
#5161 = B_SPLINE_CURVE_WITH_KNOTS('',1,(#5162,#5163),.UNSPECIFIED.,.F.,
  .F.,(2,2),(9.896597430448E-16,10.),.PIECEWISE_BEZIER_KNOTS.);
#5162 = CARTESIAN_POINT('',(0.988905877422,5.17270769127E-15));
#5163 = CARTESIAN_POINT('',(0.988905877422,-10.));
#5164 = ( GEOMETRIC_REPRESENTATION_CONTEXT(2) 
PARAMETRIC_REPRESENTATION_CONTEXT() REPRESENTATION_CONTEXT('2D SPACE',''
  ) );
#5165 = ORIENTED_EDGE('',*,*,#5166,.F.);
#5166 = EDGE_CURVE('',#3801,#4778,#5167,.T.);
#5167 = SURFACE_CURVE('',#5168,(#5173,#5187),.PCURVE_S1.);
#5168 = CIRCLE('',#5169,1.);
#5169 = AXIS2_PLACEMENT_3D('',#5170,#5171,#5172);
#5170 = CARTESIAN_POINT('',(54.554963942197,149.36710663138,1.));
#5171 = DIRECTION('',(0.,-0.,1.));
#5172 = DIRECTION('',(-0.3078278,0.951442087332,0.));
#5173 = PCURVE('',#3820,#5174);
#5174 = DEFINITIONAL_REPRESENTATION('',(#5175),#5186);
#5175 = B_SPLINE_CURVE_WITH_KNOTS('',9,(#5176,#5177,#5178,#5179,#5180,
    #5181,#5182,#5183,#5184,#5185),.UNSPECIFIED.,.F.,.F.,(10,10),(0.,
    1.603391577624),.PIECEWISE_BEZIER_KNOTS.);
#5176 = CARTESIAN_POINT('',(-8.881784197001E-16,9.));
#5177 = CARTESIAN_POINT('',(1.239704685904,9.));
#5178 = CARTESIAN_POINT('',(2.374112150595,9.));
#5179 = CARTESIAN_POINT('',(3.447001158959,8.999999999999));
#5180 = CARTESIAN_POINT('',(4.485843596068,9.000000000001));
#5181 = CARTESIAN_POINT('',(5.514156403932,8.999999999999));
#5182 = CARTESIAN_POINT('',(6.552998841042,9.000000000001));
#5183 = CARTESIAN_POINT('',(7.625887849405,9.));
#5184 = CARTESIAN_POINT('',(8.760295314096,9.));
#5185 = CARTESIAN_POINT('',(10.,9.));
#5186 = ( GEOMETRIC_REPRESENTATION_CONTEXT(2) 
PARAMETRIC_REPRESENTATION_CONTEXT() REPRESENTATION_CONTEXT('2D SPACE',''
  ) );
#5187 = PCURVE('',#4599,#5188);
#5188 = DEFINITIONAL_REPRESENTATION('',(#5189),#5193);
#5189 = LINE('',#5190,#5191);
#5190 = CARTESIAN_POINT('',(0.,0.));
#5191 = VECTOR('',#5192,1.);
#5192 = DIRECTION('',(1.,0.));
#5193 = ( GEOMETRIC_REPRESENTATION_CONTEXT(2) 
PARAMETRIC_REPRESENTATION_CONTEXT() REPRESENTATION_CONTEXT('2D SPACE',''
  ) );
#5194 = ADVANCED_FACE('',(#5195,#5198),#3970,.F.);
#5195 = FACE_BOUND('',#5196,.F.);
#5196 = EDGE_LOOP('',(#5197));
#5197 = ORIENTED_EDGE('',*,*,#3892,.T.);
#5198 = FACE_BOUND('',#5199,.F.);
#5199 = EDGE_LOOP('',(#5200,#5223,#5243,#5244,#5245));
#5200 = ORIENTED_EDGE('',*,*,#5201,.F.);
#5201 = EDGE_CURVE('',#5202,#4268,#5204,.T.);
#5202 = VERTEX_POINT('',#5203);
#5203 = CARTESIAN_POINT('',(75.,50.,5.));
#5204 = SURFACE_CURVE('',#5205,(#5209,#5216),.PCURVE_S1.);
#5205 = LINE('',#5206,#5207);
#5206 = CARTESIAN_POINT('',(74.999950645067,50.,5.));
#5207 = VECTOR('',#5208,1.);
#5208 = DIRECTION('',(0.,0.,1.));
#5209 = PCURVE('',#3970,#5210);
#5210 = DEFINITIONAL_REPRESENTATION('',(#5211),#5215);
#5211 = LINE('',#5212,#5213);
#5212 = CARTESIAN_POINT('',(0.,-5.));
#5213 = VECTOR('',#5214,1.);
#5214 = DIRECTION('',(-0.,1.));
#5215 = ( GEOMETRIC_REPRESENTATION_CONTEXT(2) 
PARAMETRIC_REPRESENTATION_CONTEXT() REPRESENTATION_CONTEXT('2D SPACE',''
  ) );
#5216 = PCURVE('',#4513,#5217);
#5217 = DEFINITIONAL_REPRESENTATION('',(#5218),#5222);
#5218 = LINE('',#5219,#5220);
#5219 = CARTESIAN_POINT('',(34.200006061167,0.));
#5220 = VECTOR('',#5221,1.);
#5221 = DIRECTION('',(0.,-1.));
#5222 = ( GEOMETRIC_REPRESENTATION_CONTEXT(2) 
PARAMETRIC_REPRESENTATION_CONTEXT() REPRESENTATION_CONTEXT('2D SPACE',''
  ) );
#5223 = ORIENTED_EDGE('',*,*,#5224,.T.);
#5224 = EDGE_CURVE('',#5202,#4698,#5225,.T.);
#5225 = SURFACE_CURVE('',#5226,(#5230,#5236),.PCURVE_S1.);
#5226 = LINE('',#5227,#5228);
#5227 = CARTESIAN_POINT('',(75.,50.,5.));
#5228 = VECTOR('',#5229,1.);
#5229 = DIRECTION('',(-0.,-0.,-1.));
#5230 = PCURVE('',#3970,#5231);
#5231 = DEFINITIONAL_REPRESENTATION('',(#5232),#5235);
#5232 = B_SPLINE_CURVE_WITH_KNOTS('',1,(#5233,#5234),.UNSPECIFIED.,.F.,
  .F.,(2,2),(0.,5.),.PIECEWISE_BEZIER_KNOTS.);
#5233 = CARTESIAN_POINT('',(0.,-5.));
#5234 = CARTESIAN_POINT('',(0.,-10.));
#5235 = ( GEOMETRIC_REPRESENTATION_CONTEXT(2) 
PARAMETRIC_REPRESENTATION_CONTEXT() REPRESENTATION_CONTEXT('2D SPACE',''
  ) );
#5236 = PCURVE('',#4963,#5237);
#5237 = DEFINITIONAL_REPRESENTATION('',(#5238),#5242);
#5238 = LINE('',#5239,#5240);
#5239 = CARTESIAN_POINT('',(0.,0.));
#5240 = VECTOR('',#5241,1.);
#5241 = DIRECTION('',(0.,-1.));
#5242 = ( GEOMETRIC_REPRESENTATION_CONTEXT(2) 
PARAMETRIC_REPRESENTATION_CONTEXT() REPRESENTATION_CONTEXT('2D SPACE',''
  ) );
#5243 = ORIENTED_EDGE('',*,*,#4777,.T.);
#5244 = ORIENTED_EDGE('',*,*,#5144,.F.);
#5245 = ORIENTED_EDGE('',*,*,#4380,.F.);
#5246 = ADVANCED_FACE('',(#5247),#4169,.T.);
#5247 = FACE_BOUND('',#5248,.T.);
#5248 = EDGE_LOOP('',(#5249,#5250,#5251));
#5249 = ORIENTED_EDGE('',*,*,#4348,.F.);
#5250 = ORIENTED_EDGE('',*,*,#4146,.T.);
#5251 = ORIENTED_EDGE('',*,*,#5117,.F.);
#5252 = ADVANCED_FACE('',(#5253),#4230,.T.);
#5253 = FACE_BOUND('',#5254,.T.);
#5254 = EDGE_LOOP('',(#5255,#5256,#5257,#5280,#5303,#5324));
#5255 = ORIENTED_EDGE('',*,*,#5089,.F.);
#5256 = ORIENTED_EDGE('',*,*,#4214,.T.);
#5257 = ORIENTED_EDGE('',*,*,#5258,.F.);
#5258 = EDGE_CURVE('',#5259,#4215,#5261,.T.);
#5259 = VERTEX_POINT('',#5260);
#5260 = CARTESIAN_POINT('',(83.39999999992,15.800026644797,5.));
#5261 = SURFACE_CURVE('',#5262,(#5266,#5273),.PCURVE_S1.);
#5262 = LINE('',#5263,#5264);
#5263 = CARTESIAN_POINT('',(83.39999999992,15.800026644797,5.));
#5264 = VECTOR('',#5265,1.);
#5265 = DIRECTION('',(0.,0.,1.));
#5266 = PCURVE('',#4230,#5267);
#5267 = DEFINITIONAL_REPRESENTATION('',(#5268),#5272);
#5268 = LINE('',#5269,#5270);
#5269 = CARTESIAN_POINT('',(-0.237555197231,17.337541874833));
#5270 = VECTOR('',#5271,1.);
#5271 = DIRECTION('',(1.,-1.037636113183E-24));
#5272 = ( GEOMETRIC_REPRESENTATION_CONTEXT(2) 
PARAMETRIC_REPRESENTATION_CONTEXT() REPRESENTATION_CONTEXT('2D SPACE',''
  ) );
#5273 = PCURVE('',#4483,#5274);
#5274 = DEFINITIONAL_REPRESENTATION('',(#5275),#5279);
#5275 = LINE('',#5276,#5277);
#5276 = CARTESIAN_POINT('',(-6.283191651179,0.));
#5277 = VECTOR('',#5278,1.);
#5278 = DIRECTION('',(-0.,-1.));
#5279 = ( GEOMETRIC_REPRESENTATION_CONTEXT(2) 
PARAMETRIC_REPRESENTATION_CONTEXT() REPRESENTATION_CONTEXT('2D SPACE',''
  ) );
#5280 = ORIENTED_EDGE('',*,*,#5281,.T.);
#5281 = EDGE_CURVE('',#5259,#5282,#5284,.T.);
#5282 = VERTEX_POINT('',#5283);
#5283 = CARTESIAN_POINT('',(83.399999999957,23.,5.));
#5284 = SURFACE_CURVE('',#5285,(#5289,#5296),.PCURVE_S1.);
#5285 = LINE('',#5286,#5287);
#5286 = CARTESIAN_POINT('',(83.399999999958,31.434124471694,5.));
#5287 = VECTOR('',#5288,1.);
#5288 = DIRECTION('',(1.302403465426E-13,1.,0.));
#5289 = PCURVE('',#4230,#5290);
#5290 = DEFINITIONAL_REPRESENTATION('',(#5291),#5295);
#5291 = LINE('',#5292,#5293);
#5292 = CARTESIAN_POINT('',(-0.237555197231,1.703444047936));
#5293 = VECTOR('',#5294,1.);
#5294 = DIRECTION('',(-1.037636113183E-24,-1.));
#5295 = ( GEOMETRIC_REPRESENTATION_CONTEXT(2) 
PARAMETRIC_REPRESENTATION_CONTEXT() REPRESENTATION_CONTEXT('2D SPACE',''
  ) );
#5296 = PCURVE('',#4570,#5297);
#5297 = DEFINITIONAL_REPRESENTATION('',(#5298),#5302);
#5298 = LINE('',#5299,#5300);
#5299 = CARTESIAN_POINT('',(4.200010446912,1.703444047935));
#5300 = VECTOR('',#5301,1.);
#5301 = DIRECTION('',(1.302403465426E-13,1.));
#5302 = ( GEOMETRIC_REPRESENTATION_CONTEXT(2) 
PARAMETRIC_REPRESENTATION_CONTEXT() REPRESENTATION_CONTEXT('2D SPACE',''
  ) );
#5303 = ORIENTED_EDGE('',*,*,#5304,.T.);
#5304 = EDGE_CURVE('',#5282,#4618,#5305,.T.);
#5305 = SURFACE_CURVE('',#5306,(#5310,#5317),.PCURVE_S1.);
#5306 = LINE('',#5307,#5308);
#5307 = CARTESIAN_POINT('',(83.399999999957,23.,4.999999999976));
#5308 = VECTOR('',#5309,1.);
#5309 = DIRECTION('',(-0.,-0.,-1.));
#5310 = PCURVE('',#4230,#5311);
#5311 = DEFINITIONAL_REPRESENTATION('',(#5312),#5316);
#5312 = LINE('',#5313,#5314);
#5313 = CARTESIAN_POINT('',(-0.237555197255,10.13756851963));
#5314 = VECTOR('',#5315,1.);
#5315 = DIRECTION('',(-1.,1.037636113183E-24));
#5316 = ( GEOMETRIC_REPRESENTATION_CONTEXT(2) 
PARAMETRIC_REPRESENTATION_CONTEXT() REPRESENTATION_CONTEXT('2D SPACE',''
  ) );
#5317 = PCURVE('',#4931,#5318);
#5318 = DEFINITIONAL_REPRESENTATION('',(#5319),#5323);
#5319 = LINE('',#5320,#5321);
#5320 = CARTESIAN_POINT('',(-1.570796326795,0.));
#5321 = VECTOR('',#5322,1.);
#5322 = DIRECTION('',(-0.,1.));
#5323 = ( GEOMETRIC_REPRESENTATION_CONTEXT(2) 
PARAMETRIC_REPRESENTATION_CONTEXT() REPRESENTATION_CONTEXT('2D SPACE',''
  ) );
#5324 = ORIENTED_EDGE('',*,*,#4641,.T.);
#5325 = ADVANCED_FACE('',(#5326),#4483,.T.);
#5326 = FACE_BOUND('',#5327,.F.);
#5327 = EDGE_LOOP('',(#5328,#5351,#5352,#5353));
#5328 = ORIENTED_EDGE('',*,*,#5329,.T.);
#5329 = EDGE_CURVE('',#5330,#4445,#5332,.T.);
#5330 = VERTEX_POINT('',#5331);
#5331 = CARTESIAN_POINT('',(75.,15.799993938869,5.));
#5332 = SURFACE_CURVE('',#5333,(#5337,#5344),.PCURVE_S1.);
#5333 = LINE('',#5334,#5335);
#5334 = CARTESIAN_POINT('',(75.,15.799993938869,5.));
#5335 = VECTOR('',#5336,1.);
#5336 = DIRECTION('',(0.,0.,1.));
#5337 = PCURVE('',#4483,#5338);
#5338 = DEFINITIONAL_REPRESENTATION('',(#5339),#5343);
#5339 = LINE('',#5340,#5341);
#5340 = CARTESIAN_POINT('',(-3.141594096716,0.));
#5341 = VECTOR('',#5342,1.);
#5342 = DIRECTION('',(-0.,-1.));
#5343 = ( GEOMETRIC_REPRESENTATION_CONTEXT(2) 
PARAMETRIC_REPRESENTATION_CONTEXT() REPRESENTATION_CONTEXT('2D SPACE',''
  ) );
#5344 = PCURVE('',#4513,#5345);
#5345 = DEFINITIONAL_REPRESENTATION('',(#5346),#5350);
#5346 = LINE('',#5347,#5348);
#5347 = CARTESIAN_POINT('',(0.,0.));
#5348 = VECTOR('',#5349,1.);
#5349 = DIRECTION('',(0.,-1.));
#5350 = ( GEOMETRIC_REPRESENTATION_CONTEXT(2) 
PARAMETRIC_REPRESENTATION_CONTEXT() REPRESENTATION_CONTEXT('2D SPACE',''
  ) );
#5351 = ORIENTED_EDGE('',*,*,#4468,.F.);
#5352 = ORIENTED_EDGE('',*,*,#5258,.F.);
#5353 = ORIENTED_EDGE('',*,*,#5354,.F.);
#5354 = EDGE_CURVE('',#5330,#5259,#5355,.T.);
#5355 = SURFACE_CURVE('',#5356,(#5361,#5368),.PCURVE_S1.);
#5356 = CIRCLE('',#5357,4.200000000004);
#5357 = AXIS2_PLACEMENT_3D('',#5358,#5359,#5360);
#5358 = CARTESIAN_POINT('',(79.2,15.8,5.));
#5359 = DIRECTION('',(0.,0.,1.));
#5360 = DIRECTION('',(1.,0.,0.));
#5361 = PCURVE('',#4483,#5362);
#5362 = DEFINITIONAL_REPRESENTATION('',(#5363),#5367);
#5363 = LINE('',#5364,#5365);
#5364 = CARTESIAN_POINT('',(-0.,0.));
#5365 = VECTOR('',#5366,1.);
#5366 = DIRECTION('',(-1.,0.));
#5367 = ( GEOMETRIC_REPRESENTATION_CONTEXT(2) 
PARAMETRIC_REPRESENTATION_CONTEXT() REPRESENTATION_CONTEXT('2D SPACE',''
  ) );
#5368 = PCURVE('',#4570,#5369);
#5369 = DEFINITIONAL_REPRESENTATION('',(#5370),#5374);
#5370 = CIRCLE('',#5371,4.200000000004);
#5371 = AXIS2_PLACEMENT_2D('',#5372,#5373);
#5372 = CARTESIAN_POINT('',(1.044695450503E-05,-13.93068042375));
#5373 = DIRECTION('',(1.,0.));
#5374 = ( GEOMETRIC_REPRESENTATION_CONTEXT(2) 
PARAMETRIC_REPRESENTATION_CONTEXT() REPRESENTATION_CONTEXT('2D SPACE',''
  ) );
#5375 = ADVANCED_FACE('',(#5376),#4513,.T.);
#5376 = FACE_BOUND('',#5377,.T.);
#5377 = EDGE_LOOP('',(#5378,#5379,#5380,#5381,#5409,#5531));
#5378 = ORIENTED_EDGE('',*,*,#5329,.T.);
#5379 = ORIENTED_EDGE('',*,*,#4499,.T.);
#5380 = ORIENTED_EDGE('',*,*,#5201,.F.);
#5381 = ORIENTED_EDGE('',*,*,#5382,.F.);
#5382 = EDGE_CURVE('',#5383,#5202,#5385,.T.);
#5383 = VERTEX_POINT('',#5384);
#5384 = CARTESIAN_POINT('',(74.999989609481,22.999999999988,5.));
#5385 = SURFACE_CURVE('',#5386,(#5390,#5397),.PCURVE_S1.);
#5386 = LINE('',#5387,#5388);
#5387 = CARTESIAN_POINT('',(75.,15.799993938869,5.));
#5388 = VECTOR('',#5389,1.);
#5389 = DIRECTION('',(-1.443126451704E-06,0.999999999999,0.));
#5390 = PCURVE('',#4513,#5391);
#5391 = DEFINITIONAL_REPRESENTATION('',(#5392),#5396);
#5392 = LINE('',#5393,#5394);
#5393 = CARTESIAN_POINT('',(0.,0.));
#5394 = VECTOR('',#5395,1.);
#5395 = DIRECTION('',(1.,0.));
#5396 = ( GEOMETRIC_REPRESENTATION_CONTEXT(2) 
PARAMETRIC_REPRESENTATION_CONTEXT() REPRESENTATION_CONTEXT('2D SPACE',''
  ) );
#5397 = PCURVE('',#5398,#5403);
#5398 = PLANE('',#5399);
#5399 = AXIS2_PLACEMENT_3D('',#5400,#5401,#5402);
#5400 = CARTESIAN_POINT('',(79.199989553045,29.730680423759,5.));
#5401 = DIRECTION('',(0.,0.,1.));
#5402 = DIRECTION('',(1.,0.,0.));
#5403 = DEFINITIONAL_REPRESENTATION('',(#5404),#5408);
#5404 = LINE('',#5405,#5406);
#5405 = CARTESIAN_POINT('',(-4.199989553045,-13.93068648489));
#5406 = VECTOR('',#5407,1.);
#5407 = DIRECTION('',(-1.443126451704E-06,0.999999999999));
#5408 = ( GEOMETRIC_REPRESENTATION_CONTEXT(2) 
PARAMETRIC_REPRESENTATION_CONTEXT() REPRESENTATION_CONTEXT('2D SPACE',''
  ) );
#5409 = ORIENTED_EDGE('',*,*,#5410,.T.);
#5410 = EDGE_CURVE('',#5383,#5411,#5413,.T.);
#5411 = VERTEX_POINT('',#5412);
#5412 = CARTESIAN_POINT('',(74.99999826824,16.999999999994,5.));
#5413 = SURFACE_CURVE('',#5414,(#5425,#5439),.PCURVE_S1.);
#5414 = B_SPLINE_CURVE_WITH_KNOTS('',9,(#5415,#5416,#5417,#5418,#5419,
    #5420,#5421,#5422,#5423,#5424),.UNSPECIFIED.,.F.,.F.,(10,10),(0.,1.)
  ,.PIECEWISE_BEZIER_KNOTS.);
#5415 = CARTESIAN_POINT('',(74.999989609481,22.999999999988,5.));
#5416 = CARTESIAN_POINT('',(74.999990571565,22.333333333322,5.));
#5417 = CARTESIAN_POINT('',(74.999991533649,21.666666666656,5.));
#5418 = CARTESIAN_POINT('',(74.999992495734,20.99999999999,5.));
#5419 = CARTESIAN_POINT('',(74.999993457818,20.333333333324,5.));
#5420 = CARTESIAN_POINT('',(74.999994419902,19.666666666658,5.));
#5421 = CARTESIAN_POINT('',(74.999995381987,18.999999999992,5.));
#5422 = CARTESIAN_POINT('',(74.999996344071,18.333333333326,5.));
#5423 = CARTESIAN_POINT('',(74.999997306155,17.66666666666,5.));
#5424 = CARTESIAN_POINT('',(74.99999826824,16.999999999994,5.));
#5425 = PCURVE('',#4513,#5426);
#5426 = DEFINITIONAL_REPRESENTATION('',(#5427),#5438);
#5427 = B_SPLINE_CURVE_WITH_KNOTS('',9,(#5428,#5429,#5430,#5431,#5432,
    #5433,#5434,#5435,#5436,#5437),.UNSPECIFIED.,.F.,.F.,(10,10),(0.,1.)
  ,.PIECEWISE_BEZIER_KNOTS.);
#5428 = CARTESIAN_POINT('',(7.200006061127,0.));
#5429 = CARTESIAN_POINT('',(6.53333939446,0.));
#5430 = CARTESIAN_POINT('',(5.866672727793,0.));
#5431 = CARTESIAN_POINT('',(5.200006061127,0.));
#5432 = CARTESIAN_POINT('',(4.53333939446,0.));
#5433 = CARTESIAN_POINT('',(3.866672727793,0.));
#5434 = CARTESIAN_POINT('',(3.200006061127,0.));
#5435 = CARTESIAN_POINT('',(2.53333939446,0.));
#5436 = CARTESIAN_POINT('',(1.866672727793,0.));
#5437 = CARTESIAN_POINT('',(1.200006061127,0.));
#5438 = ( GEOMETRIC_REPRESENTATION_CONTEXT(2) 
PARAMETRIC_REPRESENTATION_CONTEXT() REPRESENTATION_CONTEXT('2D SPACE',''
  ) );
#5439 = PCURVE('',#5440,#5522);
#5440 = B_SPLINE_SURFACE_WITH_KNOTS('',8,8,(
    (#5441,#5442,#5443,#5444,#5445,#5446,#5447,#5448,#5449)
    ,(#5450,#5451,#5452,#5453,#5454,#5455,#5456,#5457,#5458)
    ,(#5459,#5460,#5461,#5462,#5463,#5464,#5465,#5466,#5467)
    ,(#5468,#5469,#5470,#5471,#5472,#5473,#5474,#5475,#5476)
    ,(#5477,#5478,#5479,#5480,#5481,#5482,#5483,#5484,#5485)
    ,(#5486,#5487,#5488,#5489,#5490,#5491,#5492,#5493,#5494)
    ,(#5495,#5496,#5497,#5498,#5499,#5500,#5501,#5502,#5503)
    ,(#5504,#5505,#5506,#5507,#5508,#5509,#5510,#5511,#5512)
    ,(#5513,#5514,#5515,#5516,#5517,#5518,#5519,#5520,#5521
  )),.UNSPECIFIED.,.F.,.F.,.F.,(9,9),(9,9),(-4.00014682675,
    2.532041245201),(-1.181256512312,2.556680010828),
  .PIECEWISE_BEZIER_KNOTS.);
#5441 = CARTESIAN_POINT('',(74.945780318081,16.624684727732,5.));
#5442 = CARTESIAN_POINT('',(75.407626410633,16.691894328235,5.));
#5443 = CARTESIAN_POINT('',(75.869743475055,16.758921997327,5.));
#5444 = CARTESIAN_POINT('',(76.332530638031,16.825556167725,5.));
#5445 = CARTESIAN_POINT('',(76.794087066148,16.892946911313,5.));
#5446 = CARTESIAN_POINT('',(77.257019461004,16.959513360097,5.));
#5447 = CARTESIAN_POINT('',(77.719015054198,17.026791633635,5.));
#5448 = CARTESIAN_POINT('',(78.181307138625,17.093867216339,5.));
#5449 = CARTESIAN_POINT('',(78.643554705981,17.160952303164,5.));
#5450 = CARTESIAN_POINT('',(74.829147796666,17.432742779698,5.));
#5451 = CARTESIAN_POINT('',(75.291200238274,17.499808293237,5.));
#5452 = CARTESIAN_POINT('',(75.753687645767,17.566589666265,
    5.000000000001));
#5453 = CARTESIAN_POINT('',(76.216403542971,17.633209592992,
    4.999999999999));
#5454 = CARTESIAN_POINT('',(76.677788853851,17.70074108095,
    5.000000000001));
#5455 = CARTESIAN_POINT('',(77.141100190663,17.766944124117,
    4.999999999999));
#5456 = CARTESIAN_POINT('',(77.602946684906,17.834343825033,5.));
#5457 = CARTESIAN_POINT('',(78.065306412381,17.901345670083,5.));
#5458 = CARTESIAN_POINT('',(78.527590873762,17.968372205086,5.));
#5459 = CARTESIAN_POINT('',(74.712278091978,18.240929102988,5.));
#5460 = CARTESIAN_POINT('',(75.174883276521,18.307656619694,
    5.000000000001));
#5461 = CARTESIAN_POINT('',(75.64025033511,18.372772665759,
    4.999999999998));
#5462 = CARTESIAN_POINT('',(76.095258351406,18.443936542281,
    5.000000000004));
#5463 = CARTESIAN_POINT('',(76.565998980519,18.505476604839,
    4.999999999997));
#5464 = CARTESIAN_POINT('',(77.022324274917,18.576668478039,
    5.000000000001));
#5465 = CARTESIAN_POINT('',(77.487214324277,18.641728071192,5.));
#5466 = CARTESIAN_POINT('',(77.949102212756,18.708980854972,5.));
#5467 = CARTESIAN_POINT('',(78.411435027242,18.775939096449,5.));
#5468 = CARTESIAN_POINT('',(74.595069162531,19.04944607576,5.));
#5469 = CARTESIAN_POINT('',(75.05756128081,19.116193944474,
    4.999999999999));
#5470 = CARTESIAN_POINT('',(75.51703019037,19.184432932475,
    5.000000000004));
#5471 = CARTESIAN_POINT('',(75.988213086689,19.245976138691,
    4.999999999994));
#5472 = CARTESIAN_POINT('',(76.43958268804,19.321697154993,
    5.000000000005));
#5473 = CARTESIAN_POINT('',(76.911841260482,19.378070786041,
    4.999999999999));
#5474 = CARTESIAN_POINT('',(77.369774286024,19.450274237518,
    4.999999999999));
#5475 = CARTESIAN_POINT('',(77.83264895317,19.516810831955,
    5.000000000001));
#5476 = CARTESIAN_POINT('',(78.295026064088,19.583665442219,5.));
#5477 = CARTESIAN_POINT('',(74.47912979204,19.856954513994,5.));
#5478 = CARTESIAN_POINT('',(74.941342914444,19.923908704913,
    5.000000000001));
#5479 = CARTESIAN_POINT('',(75.406097286574,19.98973959701,
    4.999999999996));
#5480 = CARTESIAN_POINT('',(75.861470614177,20.060638175304,
    5.000000000006));
#5481 = CARTESIAN_POINT('',(76.333684381753,20.120067265343,
    4.999999999996));
#5482 = CARTESIAN_POINT('',(76.787569582184,20.195060430156,5.));
#5483 = CARTESIAN_POINT('',(77.253721947953,20.257995925552,
    5.000000000002));
#5484 = CARTESIAN_POINT('',(77.715896928121,20.324831552902,
    4.999999999999));
#5485 = CARTESIAN_POINT('',(78.178424785623,20.391510976625,5.));
#5486 = CARTESIAN_POINT('',(74.361730959613,20.665588559011,5.));
#5487 = CARTESIAN_POINT('',(74.824282377246,20.732335133286,
    4.999999999999));
#5488 = CARTESIAN_POINT('',(75.285886306241,20.799365973701,
    5.000000000003));
#5489 = CARTESIAN_POINT('',(75.751104236428,20.865135680493,
    4.999999999995));
#5490 = CARTESIAN_POINT('',(76.210012923568,20.93297411565,
    5.000000000004));
#5491 = CARTESIAN_POINT('',(76.674818229314,20.999646275168,5.));
#5492 = CARTESIAN_POINT('',(77.136343738808,21.066277922606,
    4.999999999999));
#5493 = CARTESIAN_POINT('',(77.599092498328,21.132880907037,
    5.000000000001));
#5494 = CARTESIAN_POINT('',(78.061750092912,21.199410240796,5.));
#5495 = CARTESIAN_POINT('',(74.245292147943,21.473466418238,5.));
#5496 = CARTESIAN_POINT('',(74.707706992963,21.54025846004,
    5.000000000001));
#5497 = CARTESIAN_POINT('',(75.170615150393,21.606790115259,
    4.999999999998));
#5498 = CARTESIAN_POINT('',(75.631304955963,21.674848098361,
    5.000000000003));
#5499 = CARTESIAN_POINT('',(76.096081638499,21.740198413365,
    4.999999999998));
#5500 = CARTESIAN_POINT('',(76.556790632413,21.807835457718,5.));
#5501 = CARTESIAN_POINT('',(77.019955127571,21.874260607941,
    5.000000000001));
#5502 = CARTESIAN_POINT('',(77.482449487396,21.940828004557,5.));
#5503 = CARTESIAN_POINT('',(77.945115182723,22.007300120301,5.));
#5504 = CARTESIAN_POINT('',(74.128421528484,22.281741972863,5.));
#5505 = CARTESIAN_POINT('',(74.590890645612,22.348491291437,5.));
#5506 = CARTESIAN_POINT('',(75.053410450071,22.415229496029,
    5.000000000001));
#5507 = CARTESIAN_POINT('',(75.515863384624,22.482037345148,
    4.999999999999));
#5508 = CARTESIAN_POINT('',(75.978261443379,22.548870406987,
    5.000000000001));
#5509 = CARTESIAN_POINT('',(76.440680811665,22.615636128653,5.));
#5510 = CARTESIAN_POINT('',(76.903201678064,22.68225829924,5.));
#5511 = CARTESIAN_POINT('',(77.36585321705,22.748728905726,5.));
#5512 = CARTESIAN_POINT('',(77.828563743612,22.815147382796,5.));
#5513 = CARTESIAN_POINT('',(74.011568836834,23.090010387825,5.));
#5514 = CARTESIAN_POINT('',(74.474069682455,23.15672023487,5.));
#5515 = CARTESIAN_POINT('',(74.936619838928,23.223412422234,5.));
#5516 = CARTESIAN_POINT('',(75.399115463849,23.290150986853,5.));
#5517 = CARTESIAN_POINT('',(75.861562248701,23.356907046007,5.));
#5518 = CARTESIAN_POINT('',(76.32402537682,23.423607008562,5.));
#5519 = CARTESIAN_POINT('',(76.786579481533,23.490180786236,5.));
#5520 = CARTESIAN_POINT('',(77.24925860412,23.556610004848,5.));
#5521 = CARTESIAN_POINT('',(77.712006151908,23.622976215575,5.));
#5522 = DEFINITIONAL_REPRESENTATION('',(#5523),#5530);
#5523 = B_SPLINE_CURVE_WITH_KNOTS('',5,(#5524,#5525,#5526,#5527,#5528,
    #5529),.UNSPECIFIED.,.F.,.F.,(6,6),(0.,1.),
  .PIECEWISE_BEZIER_KNOTS.);
#5524 = CARTESIAN_POINT('',(2.301855677456,-0.215984885127));
#5525 = CARTESIAN_POINT('',(1.114186791773,-0.387561577762));
#5526 = CARTESIAN_POINT('',(-7.349460933009E-02,-0.559140078438));
#5527 = CARTESIAN_POINT('',(-1.261140825264,-0.730713496086));
#5528 = CARTESIAN_POINT('',(-2.448827183468,-0.902292712891));
#5529 = CARTESIAN_POINT('',(-3.636497115228,-1.073869556647));
#5530 = ( GEOMETRIC_REPRESENTATION_CONTEXT(2) 
PARAMETRIC_REPRESENTATION_CONTEXT() REPRESENTATION_CONTEXT('2D SPACE',''
  ) );
#5531 = ORIENTED_EDGE('',*,*,#5532,.F.);
#5532 = EDGE_CURVE('',#5330,#5411,#5533,.T.);
#5533 = SURFACE_CURVE('',#5534,(#5538,#5545),.PCURVE_S1.);
#5534 = LINE('',#5535,#5536);
#5535 = CARTESIAN_POINT('',(75.,15.799993938869,5.));
#5536 = VECTOR('',#5537,1.);
#5537 = DIRECTION('',(-1.443126451704E-06,0.999999999999,0.));
#5538 = PCURVE('',#4513,#5539);
#5539 = DEFINITIONAL_REPRESENTATION('',(#5540),#5544);
#5540 = LINE('',#5541,#5542);
#5541 = CARTESIAN_POINT('',(0.,0.));
#5542 = VECTOR('',#5543,1.);
#5543 = DIRECTION('',(1.,0.));
#5544 = ( GEOMETRIC_REPRESENTATION_CONTEXT(2) 
PARAMETRIC_REPRESENTATION_CONTEXT() REPRESENTATION_CONTEXT('2D SPACE',''
  ) );
#5545 = PCURVE('',#4570,#5546);
#5546 = DEFINITIONAL_REPRESENTATION('',(#5547),#5551);
#5547 = LINE('',#5548,#5549);
#5548 = CARTESIAN_POINT('',(-4.199989553045,-13.93068648489));
#5549 = VECTOR('',#5550,1.);
#5550 = DIRECTION('',(-1.443126451704E-06,0.999999999999));
#5551 = ( GEOMETRIC_REPRESENTATION_CONTEXT(2) 
PARAMETRIC_REPRESENTATION_CONTEXT() REPRESENTATION_CONTEXT('2D SPACE',''
  ) );
#5552 = ADVANCED_FACE('',(#5553,#5645),#4570,.F.);
#5553 = FACE_BOUND('',#5554,.F.);
#5554 = EDGE_LOOP('',(#5555,#5556,#5557,#5558,#5582,#5605));
#5555 = ORIENTED_EDGE('',*,*,#5532,.F.);
#5556 = ORIENTED_EDGE('',*,*,#5354,.T.);
#5557 = ORIENTED_EDGE('',*,*,#5281,.T.);
#5558 = ORIENTED_EDGE('',*,*,#5559,.F.);
#5559 = EDGE_CURVE('',#5560,#5282,#5562,.T.);
#5560 = VERTEX_POINT('',#5561);
#5561 = CARTESIAN_POINT('',(80.399999999957,20.,5.));
#5562 = SURFACE_CURVE('',#5563,(#5568,#5575),.PCURVE_S1.);
#5563 = CIRCLE('',#5564,3.);
#5564 = AXIS2_PLACEMENT_3D('',#5565,#5566,#5567);
#5565 = CARTESIAN_POINT('',(80.399999999957,23.,5.));
#5566 = DIRECTION('',(0.,-0.,1.));
#5567 = DIRECTION('',(0.,1.,0.));
#5568 = PCURVE('',#4570,#5569);
#5569 = DEFINITIONAL_REPRESENTATION('',(#5570),#5574);
#5570 = CIRCLE('',#5571,3.);
#5571 = AXIS2_PLACEMENT_2D('',#5572,#5573);
#5572 = CARTESIAN_POINT('',(1.200010446911,-6.730680423759));
#5573 = DIRECTION('',(0.,1.));
#5574 = ( GEOMETRIC_REPRESENTATION_CONTEXT(2) 
PARAMETRIC_REPRESENTATION_CONTEXT() REPRESENTATION_CONTEXT('2D SPACE',''
  ) );
#5575 = PCURVE('',#4931,#5576);
#5576 = DEFINITIONAL_REPRESENTATION('',(#5577),#5581);
#5577 = LINE('',#5578,#5579);
#5578 = CARTESIAN_POINT('',(3.14159265359,-2.390088127413E-11));
#5579 = VECTOR('',#5580,1.);
#5580 = DIRECTION('',(-1.,0.));
#5581 = ( GEOMETRIC_REPRESENTATION_CONTEXT(2) 
PARAMETRIC_REPRESENTATION_CONTEXT() REPRESENTATION_CONTEXT('2D SPACE',''
  ) );
#5582 = ORIENTED_EDGE('',*,*,#5583,.F.);
#5583 = EDGE_CURVE('',#5584,#5560,#5586,.T.);
#5584 = VERTEX_POINT('',#5585);
#5585 = CARTESIAN_POINT('',(78.,20.,5.));
#5586 = SURFACE_CURVE('',#5587,(#5591,#5598),.PCURVE_S1.);
#5587 = LINE('',#5588,#5589);
#5588 = CARTESIAN_POINT('',(75.,20.,5.));
#5589 = VECTOR('',#5590,1.);
#5590 = DIRECTION('',(1.,0.,0.));
#5591 = PCURVE('',#4570,#5592);
#5592 = DEFINITIONAL_REPRESENTATION('',(#5593),#5597);
#5593 = LINE('',#5594,#5595);
#5594 = CARTESIAN_POINT('',(-4.199989553045,-9.730680423759));
#5595 = VECTOR('',#5596,1.);
#5596 = DIRECTION('',(1.,0.));
#5597 = ( GEOMETRIC_REPRESENTATION_CONTEXT(2) 
PARAMETRIC_REPRESENTATION_CONTEXT() REPRESENTATION_CONTEXT('2D SPACE',''
  ) );
#5598 = PCURVE('',#5039,#5599);
#5599 = DEFINITIONAL_REPRESENTATION('',(#5600),#5604);
#5600 = LINE('',#5601,#5602);
#5601 = CARTESIAN_POINT('',(0.,0.));
#5602 = VECTOR('',#5603,1.);
#5603 = DIRECTION('',(1.,0.));
#5604 = ( GEOMETRIC_REPRESENTATION_CONTEXT(2) 
PARAMETRIC_REPRESENTATION_CONTEXT() REPRESENTATION_CONTEXT('2D SPACE',''
  ) );
#5605 = ORIENTED_EDGE('',*,*,#5606,.F.);
#5606 = EDGE_CURVE('',#5411,#5584,#5607,.T.);
#5607 = SURFACE_CURVE('',#5608,(#5619,#5633),.PCURVE_S1.);
#5608 = B_SPLINE_CURVE_WITH_KNOTS('',9,(#5609,#5610,#5611,#5612,#5613,
    #5614,#5615,#5616,#5617,#5618),.UNSPECIFIED.,.F.,.F.,(10,10),(0.,1.)
  ,.PIECEWISE_BEZIER_KNOTS.);
#5609 = CARTESIAN_POINT('',(74.99999826824,16.999999999994,5.));
#5610 = CARTESIAN_POINT('',(74.999997508797,17.526248101364,5.));
#5611 = CARTESIAN_POINT('',(75.091914258775,18.05250208291,5.));
#5612 = CARTESIAN_POINT('',(75.284978061946,18.560373268635,5.));
#5613 = CARTESIAN_POINT('',(75.581681095362,19.025238453381,5.));
#5614 = CARTESIAN_POINT('',(75.974761299562,19.41831782741,5.));
#5615 = CARTESIAN_POINT('',(76.439626855093,19.71501995577,5.));
#5616 = CARTESIAN_POINT('',(76.947498050117,19.908083206556,5.));
#5617 = CARTESIAN_POINT('',(77.47375189859,20.,5.));
#5618 = CARTESIAN_POINT('',(78.,20.,5.));
#5619 = PCURVE('',#4570,#5620);
#5620 = DEFINITIONAL_REPRESENTATION('',(#5621),#5632);
#5621 = B_SPLINE_CURVE_WITH_KNOTS('',9,(#5622,#5623,#5624,#5625,#5626,
    #5627,#5628,#5629,#5630,#5631),.UNSPECIFIED.,.F.,.F.,(10,10),(0.,1.)
  ,.PIECEWISE_BEZIER_KNOTS.);
#5622 = CARTESIAN_POINT('',(-4.199991284806,-12.73068042376));
#5623 = CARTESIAN_POINT('',(-4.199992044249,-12.20443232239));
#5624 = CARTESIAN_POINT('',(-4.10807529427,-11.67817834084));
#5625 = CARTESIAN_POINT('',(-3.915011491099,-11.17030715512));
#5626 = CARTESIAN_POINT('',(-3.618308457684,-10.70544197037));
#5627 = CARTESIAN_POINT('',(-3.225228253483,-10.31236259634));
#5628 = CARTESIAN_POINT('',(-2.760362697952,-10.01566046798));
#5629 = CARTESIAN_POINT('',(-2.252491502929,-9.822597217203));
#5630 = CARTESIAN_POINT('',(-1.726237654456,-9.730680423759));
#5631 = CARTESIAN_POINT('',(-1.199989553045,-9.730680423759));
#5632 = ( GEOMETRIC_REPRESENTATION_CONTEXT(2) 
PARAMETRIC_REPRESENTATION_CONTEXT() REPRESENTATION_CONTEXT('2D SPACE',''
  ) );
#5633 = PCURVE('',#5440,#5634);
#5634 = DEFINITIONAL_REPRESENTATION('',(#5635),#5644);
#5635 = B_SPLINE_CURVE_WITH_KNOTS('',7,(#5636,#5637,#5638,#5639,#5640,
    #5641,#5642,#5643),.UNSPECIFIED.,.F.,.F.,(8,8),(0.,1.),
  .PIECEWISE_BEZIER_KNOTS.);
#5636 = CARTESIAN_POINT('',(-3.636497115228,-1.073869556647));
#5637 = CARTESIAN_POINT('',(-2.966844565253,-0.977128140648));
#5638 = CARTESIAN_POINT('',(-2.31991578706,-0.724181469744));
#5639 = CARTESIAN_POINT('',(-1.741132455615,-0.301404261917));
#5640 = CARTESIAN_POINT('',(-1.300724942343,0.287783625737));
#5641 = CARTESIAN_POINT('',(-1.059026967954,0.962507624864));
#5642 = CARTESIAN_POINT('',(-0.999527656542,1.654614831368));
#5643 = CARTESIAN_POINT('',(-1.096268206169,2.324254555298));
#5644 = ( GEOMETRIC_REPRESENTATION_CONTEXT(2) 
PARAMETRIC_REPRESENTATION_CONTEXT() REPRESENTATION_CONTEXT('2D SPACE',''
  ) );
#5645 = FACE_BOUND('',#5646,.F.);
#5646 = EDGE_LOOP('',(#5647));
#5647 = ORIENTED_EDGE('',*,*,#4555,.F.);
#5648 = ADVANCED_FACE('',(#5649),#4599,.T.);
#5649 = FACE_BOUND('',#5650,.T.);
#5650 = EDGE_LOOP('',(#5651,#5652,#5653));
#5651 = ORIENTED_EDGE('',*,*,#4585,.F.);
#5652 = ORIENTED_EDGE('',*,*,#4838,.T.);
#5653 = ORIENTED_EDGE('',*,*,#5166,.F.);
#5654 = ADVANCED_FACE('',(#5655),#4931,.T.);
#5655 = FACE_BOUND('',#5656,.F.);
#5656 = EDGE_LOOP('',(#5657,#5678,#5679,#5680));
#5657 = ORIENTED_EDGE('',*,*,#5658,.F.);
#5658 = EDGE_CURVE('',#5560,#4891,#5659,.T.);
#5659 = SURFACE_CURVE('',#5660,(#5664,#5671),.PCURVE_S1.);
#5660 = LINE('',#5661,#5662);
#5661 = CARTESIAN_POINT('',(80.399999999957,20.,4.999999999976));
#5662 = VECTOR('',#5663,1.);
#5663 = DIRECTION('',(-0.,-0.,-1.));
#5664 = PCURVE('',#4931,#5665);
#5665 = DEFINITIONAL_REPRESENTATION('',(#5666),#5670);
#5666 = LINE('',#5667,#5668);
#5667 = CARTESIAN_POINT('',(-0.,0.));
#5668 = VECTOR('',#5669,1.);
#5669 = DIRECTION('',(-0.,1.));
#5670 = ( GEOMETRIC_REPRESENTATION_CONTEXT(2) 
PARAMETRIC_REPRESENTATION_CONTEXT() REPRESENTATION_CONTEXT('2D SPACE',''
  ) );
#5671 = PCURVE('',#5039,#5672);
#5672 = DEFINITIONAL_REPRESENTATION('',(#5673),#5677);
#5673 = LINE('',#5674,#5675);
#5674 = CARTESIAN_POINT('',(5.399999999957,-2.390088127413E-11));
#5675 = VECTOR('',#5676,1.);
#5676 = DIRECTION('',(0.,-1.));
#5677 = ( GEOMETRIC_REPRESENTATION_CONTEXT(2) 
PARAMETRIC_REPRESENTATION_CONTEXT() REPRESENTATION_CONTEXT('2D SPACE',''
  ) );
#5678 = ORIENTED_EDGE('',*,*,#5559,.T.);
#5679 = ORIENTED_EDGE('',*,*,#5304,.T.);
#5680 = ORIENTED_EDGE('',*,*,#4916,.F.);
#5681 = ADVANCED_FACE('',(#5682),#4963,.T.);
#5682 = FACE_BOUND('',#5683,.T.);
#5683 = EDGE_LOOP('',(#5684,#5707,#5728,#5729));
#5684 = ORIENTED_EDGE('',*,*,#5685,.F.);
#5685 = EDGE_CURVE('',#5686,#4948,#5688,.T.);
#5686 = VERTEX_POINT('',#5687);
#5687 = CARTESIAN_POINT('',(75.,23.,5.));
#5688 = SURFACE_CURVE('',#5689,(#5693,#5700),.PCURVE_S1.);
#5689 = LINE('',#5690,#5691);
#5690 = CARTESIAN_POINT('',(75.,23.,5.));
#5691 = VECTOR('',#5692,1.);
#5692 = DIRECTION('',(-0.,-0.,-1.));
#5693 = PCURVE('',#4963,#5694);
#5694 = DEFINITIONAL_REPRESENTATION('',(#5695),#5699);
#5695 = LINE('',#5696,#5697);
#5696 = CARTESIAN_POINT('',(27.,0.));
#5697 = VECTOR('',#5698,1.);
#5698 = DIRECTION('',(0.,-1.));
#5699 = ( GEOMETRIC_REPRESENTATION_CONTEXT(2) 
PARAMETRIC_REPRESENTATION_CONTEXT() REPRESENTATION_CONTEXT('2D SPACE',''
  ) );
#5700 = PCURVE('',#5074,#5701);
#5701 = DEFINITIONAL_REPRESENTATION('',(#5702),#5706);
#5702 = LINE('',#5703,#5704);
#5703 = CARTESIAN_POINT('',(1.570796326795,0.));
#5704 = VECTOR('',#5705,1.);
#5705 = DIRECTION('',(0.,1.));
#5706 = ( GEOMETRIC_REPRESENTATION_CONTEXT(2) 
PARAMETRIC_REPRESENTATION_CONTEXT() REPRESENTATION_CONTEXT('2D SPACE',''
  ) );
#5707 = ORIENTED_EDGE('',*,*,#5708,.F.);
#5708 = EDGE_CURVE('',#5202,#5686,#5709,.T.);
#5709 = SURFACE_CURVE('',#5710,(#5714,#5721),.PCURVE_S1.);
#5710 = LINE('',#5711,#5712);
#5711 = CARTESIAN_POINT('',(75.,50.,5.));
#5712 = VECTOR('',#5713,1.);
#5713 = DIRECTION('',(0.,-1.,0.));
#5714 = PCURVE('',#4963,#5715);
#5715 = DEFINITIONAL_REPRESENTATION('',(#5716),#5720);
#5716 = LINE('',#5717,#5718);
#5717 = CARTESIAN_POINT('',(0.,0.));
#5718 = VECTOR('',#5719,1.);
#5719 = DIRECTION('',(1.,0.));
#5720 = ( GEOMETRIC_REPRESENTATION_CONTEXT(2) 
PARAMETRIC_REPRESENTATION_CONTEXT() REPRESENTATION_CONTEXT('2D SPACE',''
  ) );
#5721 = PCURVE('',#5398,#5722);
#5722 = DEFINITIONAL_REPRESENTATION('',(#5723),#5727);
#5723 = LINE('',#5724,#5725);
#5724 = CARTESIAN_POINT('',(-4.199989553045,20.269319576241));
#5725 = VECTOR('',#5726,1.);
#5726 = DIRECTION('',(0.,-1.));
#5727 = ( GEOMETRIC_REPRESENTATION_CONTEXT(2) 
PARAMETRIC_REPRESENTATION_CONTEXT() REPRESENTATION_CONTEXT('2D SPACE',''
  ) );
#5728 = ORIENTED_EDGE('',*,*,#5224,.T.);
#5729 = ORIENTED_EDGE('',*,*,#4947,.T.);
#5730 = ADVANCED_FACE('',(#5731),#5039,.T.);
#5731 = FACE_BOUND('',#5732,.T.);
#5732 = EDGE_LOOP('',(#5733,#5754,#5755,#5756));
#5733 = ORIENTED_EDGE('',*,*,#5734,.T.);
#5734 = EDGE_CURVE('',#5584,#5002,#5735,.T.);
#5735 = SURFACE_CURVE('',#5736,(#5740,#5747),.PCURVE_S1.);
#5736 = LINE('',#5737,#5738);
#5737 = CARTESIAN_POINT('',(78.,20.,5.));
#5738 = VECTOR('',#5739,1.);
#5739 = DIRECTION('',(-0.,-0.,-1.));
#5740 = PCURVE('',#5039,#5741);
#5741 = DEFINITIONAL_REPRESENTATION('',(#5742),#5746);
#5742 = LINE('',#5743,#5744);
#5743 = CARTESIAN_POINT('',(3.,0.));
#5744 = VECTOR('',#5745,1.);
#5745 = DIRECTION('',(0.,-1.));
#5746 = ( GEOMETRIC_REPRESENTATION_CONTEXT(2) 
PARAMETRIC_REPRESENTATION_CONTEXT() REPRESENTATION_CONTEXT('2D SPACE',''
  ) );
#5747 = PCURVE('',#5074,#5748);
#5748 = DEFINITIONAL_REPRESENTATION('',(#5749),#5753);
#5749 = LINE('',#5750,#5751);
#5750 = CARTESIAN_POINT('',(0.,0.));
#5751 = VECTOR('',#5752,1.);
#5752 = DIRECTION('',(0.,1.));
#5753 = ( GEOMETRIC_REPRESENTATION_CONTEXT(2) 
PARAMETRIC_REPRESENTATION_CONTEXT() REPRESENTATION_CONTEXT('2D SPACE',''
  ) );
#5754 = ORIENTED_EDGE('',*,*,#5025,.T.);
#5755 = ORIENTED_EDGE('',*,*,#5658,.F.);
#5756 = ORIENTED_EDGE('',*,*,#5583,.F.);
#5757 = ADVANCED_FACE('',(#5758),#5074,.T.);
#5758 = FACE_BOUND('',#5759,.T.);
#5759 = EDGE_LOOP('',(#5760,#5761,#5796,#5797));
#5760 = ORIENTED_EDGE('',*,*,#5734,.F.);
#5761 = ORIENTED_EDGE('',*,*,#5762,.T.);
#5762 = EDGE_CURVE('',#5584,#5686,#5763,.T.);
#5763 = SURFACE_CURVE('',#5764,(#5772,#5784),.PCURVE_S1.);
#5764 = ( BOUNDED_CURVE() B_SPLINE_CURVE(6,(#5765,#5766,#5767,#5768,
#5769,#5770,#5771),.UNSPECIFIED.,.F.,.F.) B_SPLINE_CURVE_WITH_KNOTS((7,7
),(0.,1.570796326795),.PIECEWISE_BEZIER_KNOTS.) CURVE() 
GEOMETRIC_REPRESENTATION_ITEM() RATIONAL_B_SPLINE_CURVE((1.031393471788,
    1.010025407661,0.997924642725,0.993958444137,0.997924642725,
1.010025407661,1.031393471788)) REPRESENTATION_ITEM('') );
#5765 = CARTESIAN_POINT('',(78.,20.,5.));
#5766 = CARTESIAN_POINT('',(77.197989650541,20.,5.));
#5767 = CARTESIAN_POINT('',(76.416874282253,20.255013051901,5.));
#5768 = CARTESIAN_POINT('',(75.744241460393,20.744241460393,5.));
#5769 = CARTESIAN_POINT('',(75.255013051901,21.416874282253,5.));
#5770 = CARTESIAN_POINT('',(75.,22.197989650541,5.));
#5771 = CARTESIAN_POINT('',(75.,23.,5.));
#5772 = PCURVE('',#5074,#5773);
#5773 = DEFINITIONAL_REPRESENTATION('',(#5774),#5783);
#5774 = B_SPLINE_CURVE_WITH_KNOTS('',7,(#5775,#5776,#5777,#5778,#5779,
    #5780,#5781,#5782),.UNSPECIFIED.,.F.,.F.,(8,8),(0.,1.570796326795),
  .PIECEWISE_BEZIER_KNOTS.);
#5775 = CARTESIAN_POINT('',(-1.110223024625E-16,0.));
#5776 = CARTESIAN_POINT('',(0.224398447986,0.));
#5777 = CARTESIAN_POINT('',(0.448800631196,0.));
#5778 = CARTESIAN_POINT('',(0.673196509689,0.));
#5779 = CARTESIAN_POINT('',(0.897599817106,0.));
#5780 = CARTESIAN_POINT('',(1.121995695599,0.));
#5781 = CARTESIAN_POINT('',(1.346397878809,0.));
#5782 = CARTESIAN_POINT('',(1.570796326795,0.));
#5783 = ( GEOMETRIC_REPRESENTATION_CONTEXT(2) 
PARAMETRIC_REPRESENTATION_CONTEXT() REPRESENTATION_CONTEXT('2D SPACE',''
  ) );
#5784 = PCURVE('',#5440,#5785);
#5785 = DEFINITIONAL_REPRESENTATION('',(#5786),#5795);
#5786 = B_SPLINE_CURVE_WITH_KNOTS('',7,(#5787,#5788,#5789,#5790,#5791,
    #5792,#5793,#5794),.UNSPECIFIED.,.F.,.F.,(8,8),(0.,1.570796326795),
  .PIECEWISE_BEZIER_KNOTS.);
#5787 = CARTESIAN_POINT('',(-1.096268206169,2.324254555298));
#5788 = CARTESIAN_POINT('',(-1.00001512456,1.657989093248));
#5789 = CARTESIAN_POINT('',(-0.72934966452,1.01688315367));
#5790 = CARTESIAN_POINT('',(-0.292056927793,0.455756458645));
#5791 = CARTESIAN_POINT('',(0.282115543531,2.651563858303E-02));
#5792 = CARTESIAN_POINT('',(0.944124471139,-0.234080414865));
#5793 = CARTESIAN_POINT('',(1.635576692698,-0.312229421928));
#5794 = CARTESIAN_POINT('',(2.301854191808,-0.215974601366));
#5795 = ( GEOMETRIC_REPRESENTATION_CONTEXT(2) 
PARAMETRIC_REPRESENTATION_CONTEXT() REPRESENTATION_CONTEXT('2D SPACE',''
  ) );
#5796 = ORIENTED_EDGE('',*,*,#5685,.T.);
#5797 = ORIENTED_EDGE('',*,*,#5059,.T.);
#5798 = ADVANCED_FACE('',(#5799),#5440,.T.);
#5799 = FACE_BOUND('',#5800,.T.);
#5800 = EDGE_LOOP('',(#5801,#5802,#5803,#5804));
#5801 = ORIENTED_EDGE('',*,*,#5762,.F.);
#5802 = ORIENTED_EDGE('',*,*,#5606,.F.);
#5803 = ORIENTED_EDGE('',*,*,#5410,.F.);
#5804 = ORIENTED_EDGE('',*,*,#5805,.F.);
#5805 = EDGE_CURVE('',#5686,#5383,#5806,.T.);
#5806 = SURFACE_CURVE('',#5807,(#5818,#5829),.PCURVE_S1.);
#5807 = B_SPLINE_CURVE_WITH_KNOTS('',9,(#5808,#5809,#5810,#5811,#5812,
    #5813,#5814,#5815,#5816,#5817),.UNSPECIFIED.,.F.,.F.,(10,10),(0.,1.)
  ,.PIECEWISE_BEZIER_KNOTS.);
#5808 = CARTESIAN_POINT('',(75.,23.,5.));
#5809 = CARTESIAN_POINT('',(75.,22.999997622324,5.));
#5810 = CARTESIAN_POINT('',(74.999999862888,22.999995170478,5.));
#5811 = CARTESIAN_POINT('',(74.999999150449,22.999993134443,5.));
#5812 = CARTESIAN_POINT('',(74.999997723522,22.999989877196,5.));
#5813 = CARTESIAN_POINT('',(74.99999188598,22.999989877187,5.));
#5814 = CARTESIAN_POINT('',(74.999990459043,22.999993134433,5.));
#5815 = CARTESIAN_POINT('',(74.999989746601,22.999995170466,5.));
#5816 = CARTESIAN_POINT('',(74.999989609484,22.999997622312,5.));
#5817 = CARTESIAN_POINT('',(74.999989609481,22.999999999988,5.));
#5818 = PCURVE('',#5440,#5819);
#5819 = DEFINITIONAL_REPRESENTATION('',(#5820),#5828);
#5820 = B_SPLINE_CURVE_WITH_KNOTS('',6,(#5821,#5822,#5823,#5824,#5825,
    #5826,#5827),.UNSPECIFIED.,.F.,.F.,(7,7),(0.,1.),
  .PIECEWISE_BEZIER_KNOTS.);
#5821 = CARTESIAN_POINT('',(2.301854191808,-0.215974601366));
#5822 = CARTESIAN_POINT('',(2.301850661944,-0.215975111313));
#5823 = CARTESIAN_POINT('',(2.301840926443,-0.215984052316));
#5824 = CARTESIAN_POINT('',(2.301863841423,-0.215975204665));
#5825 = CARTESIAN_POINT('',(2.301837973464,-0.215977632891));
#5826 = CARTESIAN_POINT('',(2.301852147591,-0.215985395069));
#5827 = CARTESIAN_POINT('',(2.301855677456,-0.215984885127));
#5828 = ( GEOMETRIC_REPRESENTATION_CONTEXT(2) 
PARAMETRIC_REPRESENTATION_CONTEXT() REPRESENTATION_CONTEXT('2D SPACE',''
  ) );
#5829 = PCURVE('',#5398,#5830);
#5830 = DEFINITIONAL_REPRESENTATION('',(#5831),#5842);
#5831 = B_SPLINE_CURVE_WITH_KNOTS('',9,(#5832,#5833,#5834,#5835,#5836,
    #5837,#5838,#5839,#5840,#5841),.UNSPECIFIED.,.F.,.F.,(10,10),(0.,1.)
  ,.PIECEWISE_BEZIER_KNOTS.);
#5832 = CARTESIAN_POINT('',(-4.199989553045,-6.730680423759));
#5833 = CARTESIAN_POINT('',(-4.199989553045,-6.730682801435));
#5834 = CARTESIAN_POINT('',(-4.199989690157,-6.730685253281));
#5835 = CARTESIAN_POINT('',(-4.199990402597,-6.730687289316));
#5836 = CARTESIAN_POINT('',(-4.199991829523,-6.730690546562));
#5837 = CARTESIAN_POINT('',(-4.199997667065,-6.730690546572));
#5838 = CARTESIAN_POINT('',(-4.199999094002,-6.730687289326));
#5839 = CARTESIAN_POINT('',(-4.199999806445,-6.730685253292));
#5840 = CARTESIAN_POINT('',(-4.199999943561,-6.730682801447));
#5841 = CARTESIAN_POINT('',(-4.199999943565,-6.730680423771));
#5842 = ( GEOMETRIC_REPRESENTATION_CONTEXT(2) 
PARAMETRIC_REPRESENTATION_CONTEXT() REPRESENTATION_CONTEXT('2D SPACE',''
  ) );
#5843 = ADVANCED_FACE('',(#5844),#5398,.F.);
#5844 = FACE_BOUND('',#5845,.F.);
#5845 = EDGE_LOOP('',(#5846,#5847,#5848));
#5846 = ORIENTED_EDGE('',*,*,#5382,.F.);
#5847 = ORIENTED_EDGE('',*,*,#5805,.F.);
#5848 = ORIENTED_EDGE('',*,*,#5708,.F.);
#5849 = ( GEOMETRIC_REPRESENTATION_CONTEXT(3) 
GLOBAL_UNCERTAINTY_ASSIGNED_CONTEXT((#5853)) 
GLOBAL_UNIT_ASSIGNED_CONTEXT((#5850,#5851,#5852)) REPRESENTATION_CONTEXT
('Context #1','3D Context with UNIT and UNCERTAINTY') );
#5850 = ( LENGTH_UNIT() NAMED_UNIT(*) SI_UNIT(.MILLI.,.METRE.) );
#5851 = ( NAMED_UNIT(*) PLANE_ANGLE_UNIT() SI_UNIT($,.RADIAN.) );
#5852 = ( NAMED_UNIT(*) SI_UNIT($,.STERADIAN.) SOLID_ANGLE_UNIT() );
#5853 = UNCERTAINTY_MEASURE_WITH_UNIT(LENGTH_MEASURE(5.E-02),#5850,
  'distance_accuracy_value','confusion accuracy');
#5854 = PRODUCT_RELATED_PRODUCT_CATEGORY('part',$,(#7));
#5855 = MECHANICAL_DESIGN_GEOMETRIC_PRESENTATION_REPRESENTATION('',(
    #5856),#5849);
#5856 = STYLED_ITEM('color',(#5857),#15);
#5857 = PRESENTATION_STYLE_ASSIGNMENT((#5858,#5864));
#5858 = SURFACE_STYLE_USAGE(.BOTH.,#5859);
#5859 = SURFACE_SIDE_STYLE('',(#5860));
#5860 = SURFACE_STYLE_FILL_AREA(#5861);
#5861 = FILL_AREA_STYLE('',(#5862));
#5862 = FILL_AREA_STYLE_COLOUR('',#5863);
#5863 = COLOUR_RGB('',0.447058818107,0.474509808674,0.501960817233);
#5864 = CURVE_STYLE('',#5865,POSITIVE_LENGTH_MEASURE(0.1),#5866);
#5865 = DRAUGHTING_PRE_DEFINED_CURVE_FONT('continuous');
#5866 = COLOUR_RGB('',9.803921802644E-02,9.803921802644E-02,
  9.803921802644E-02);
ENDSEC;
END-ISO-10303-21;
